# Blender 3.6.5
# www.blender.org
o exteriorp1
v -0.735110 0.359204 0.594811
v -0.736641 0.345174 0.332988
v -0.620254 0.703107 0.867810
v -0.613780 0.681232 0.862768
v -0.790765 0.288737 0.269379
v -0.607020 0.679092 0.337445
v -0.678912 0.394009 1.002471
v -0.562775 0.642954 0.824511
v -0.563577 0.645942 0.853838
v -0.566267 0.649957 0.347183
v -0.560394 0.673283 0.353834
v -0.662496 0.436029 1.057930
v -0.662568 0.432332 1.035762
v -0.777120 -0.401569 0.524705
v -0.599568 0.689843 0.851715
v -0.604951 0.701391 0.313124
v -0.701871 -0.363711 0.486826
v -0.704023 -0.363197 0.856048
v -0.698149 0.210360 1.145930
v -0.699293 0.076507 1.116235
v -0.701056 -0.091237 1.006393
v -0.705973 -0.321055 0.934136
v -0.551558 0.671975 0.856372
v -0.597331 0.677219 0.867597
v -0.695485 0.365301 1.105130
v -0.697355 0.214323 1.116419
v -0.702776 -0.313504 0.899588
v -0.700799 -0.329661 0.496092
v -0.686239 0.376312 1.013029
v -0.682001 -0.289545 0.888929
v -0.680971 -0.309260 0.837786
v -0.675744 0.254455 0.397087
v -0.670624 0.306170 1.097503
v -0.674251 0.359957 1.057976
v -0.674815 -0.307643 0.482228
v -0.665670 0.329447 0.373509
v -0.698435 -0.128059 0.730744
v -0.696671 -0.137285 0.465332
v -0.691532 0.280183 0.468033
v -0.696003 0.287957 0.825040
v -0.695360 0.121027 0.837194
v -0.693997 0.110343 0.494978
v -0.691130 0.263858 0.490498
v -0.699947 -0.287904 0.413702
v -0.695676 0.077309 1.078357
v -0.676282 0.075521 1.058305
v -0.700756 -0.103058 0.975523
v -0.701328 0.128837 0.496098
v -0.701519 0.116764 0.507044
v -0.696838 0.254897 0.503497
v -0.697150 0.273234 0.817436
v -0.698839 0.266802 0.519400
v -0.702304 0.133934 0.832658
v -0.702476 0.122834 0.822722
v -0.672144 0.220085 1.100942
v -0.700734 0.262122 0.825410
v -0.449681 0.762133 0.743271
v -0.495580 0.774864 0.311405
v -0.574832 0.746144 -0.321513
v -0.555058 0.691486 0.672182
v -0.557146 0.682971 0.850174
v -0.551019 0.680251 0.671807
v -0.714013 -0.331312 0.494684
v -0.714701 -0.330577 0.848909
v -0.685560 -0.330578 0.848911
v -0.685591 -0.358571 0.854955
v -0.713983 -0.305012 0.443435
v -0.685670 -0.331296 0.494692
v -0.685660 -0.304907 0.443603
v -0.685756 -0.359319 0.487906
v -0.685754 -0.326949 0.425052
v -0.685695 -0.280551 0.389730
v -0.581852 0.660573 0.338860
v -0.556486 0.649751 0.350493
v -0.542449 0.675825 0.335901
v -0.578344 0.654650 0.839945
v -0.559679 0.677597 0.851365
v -0.553032 0.640309 0.839050
v -0.538417 0.666211 0.839271
v -0.544233 0.654168 0.865120
v -0.668993 0.469002 1.028228
v -0.712604 0.348009 1.114870
v -0.644733 0.457426 1.026450
v -0.635928 0.473427 1.047565
v -0.684907 0.340944 1.110235
v -0.673854 0.361832 1.130647
v -0.684693 0.331600 1.139272
v -0.714790 0.205758 1.114273
v -0.686828 0.206275 1.109708
v -0.714990 0.082157 1.087006
v -0.681562 0.203125 1.137070
v -0.687819 0.083905 1.082841
v -0.683130 0.072425 1.108582
v -0.688930 -0.076827 0.975222
v -0.681757 0.021504 1.072080
v -0.717156 -0.094226 0.972645
v -0.684684 -0.079567 1.007166
v -0.684728 -0.139051 0.981379
v -0.715385 -0.305960 0.905863
v -0.687727 -0.302271 0.903899
v -0.683146 -0.266273 0.946686
v -0.684054 -0.326549 0.919352
v 0.383851 -0.106259 -2.251057
v 0.455109 -0.104807 -2.254257
v 0.547187 -0.108043 -2.249866
v 0.495649 -0.132983 -2.250053
v 0.418754 -0.133527 -2.255171
v 0.581376 -0.133844 -2.252419
v 0.649274 -0.132586 -2.251314
v 0.645053 -0.105333 -2.253814
v 0.731952 0.343437 0.333055
v 0.692140 0.451188 0.330301
v 0.736641 0.345174 0.332988
v 0.719447 0.318808 -0.099131
v 0.727231 0.337258 0.176055
v 0.722510 0.335587 0.176189
v 0.640590 0.561556 0.177398
v 0.683017 0.445075 0.176794
v 0.579309 0.653144 -0.398559
v 0.582499 0.639400 -0.463629
v 0.587157 0.641247 -0.463830
v 0.616058 0.532199 -0.612637
v 0.653318 0.389440 -0.790924
v 0.685760 0.273333 -0.832692
v 0.681039 0.271794 -0.832088
v 0.582595 0.670472 -0.008880
v 0.583424 0.665414 -0.290580
v 0.588624 0.674122 0.149530
v 0.584062 0.672055 0.149597
v 0.596248 0.646349 0.178069
v 0.653605 0.355971 -0.828798
v 0.453941 0.266582 -1.057515
v 0.595897 0.367384 -0.919519
v 0.608498 0.270034 -1.040526
v 0.608083 0.266230 -1.037302
v 0.535701 0.698399 -0.504658
v 0.535255 0.694353 -0.501703
v 0.557165 0.600169 -0.637925
v -0.410102 -0.198720 -2.123235
v -0.397747 0.099749 -2.225891
v -0.748733 -0.191722 -2.124493
v 0.720129 0.116747 -2.128224
v 0.788122 -0.094766 -2.127050
v 0.408324 -0.198207 -2.124542
v 0.726011 0.071289 -2.256094
v 0.708124 0.095965 -2.233978
v 0.411159 0.117677 -2.131045
v 0.397304 0.099543 -2.227163
v 0.376850 0.093573 -2.126770
v 0.657775 0.114537 -2.125572
v 0.771365 -0.086815 -2.123339
v 0.741729 0.092988 -2.121310
v 0.676225 0.047311 -2.158572
v 0.778382 -0.168016 -2.125704
v 0.746193 0.101883 -2.129497
v 0.731153 0.048639 -2.169502
v 0.664038 0.048350 -2.241236
v 0.667354 0.057310 -2.205406
v 0.731123 0.056842 -2.147582
v 0.731093 -0.069249 -2.169446
v 0.731123 -0.080288 -2.147582
v 0.667354 -0.080288 -2.205333
v 0.658071 -0.080320 -2.208761
v -0.136907 0.048673 -2.241361
v -0.705436 0.096280 -2.236516
v -0.722970 0.072305 -2.259123
v -0.735700 -0.085882 -2.259121
v -0.689934 0.049994 -2.185787
v -0.688218 -0.066324 -2.185767
v 0.746610 0.020264 -2.259675
v 0.750828 -0.097531 -2.257243
v 0.735643 -0.085834 -2.258896
v 0.693182 -0.150940 -2.256802
v 0.404449 -0.151569 -2.257268
v 0.689934 0.049994 -2.185787
v 0.688218 -0.066324 -2.185767
v 0.693631 -0.069094 -2.234492
v 0.343993 -0.111069 -2.256661
v 0.657785 -0.099491 -2.259995
v 0.513929 -0.100839 -2.261830
v 0.554930 -0.140902 -2.262085
v -0.683732 -0.230616 -2.187828
v -0.765621 -0.209433 -2.124814
v 0.802957 -0.349166 -1.675896
v 0.810470 -0.214439 -1.649968
v 0.776097 -0.348334 -2.106864
v 0.683732 -0.230616 -2.187828
v 0.749753 -0.348924 -2.153286
v 0.747108 -0.217641 -2.159534
v 0.758698 -0.200017 -2.116950
v 0.790452 -0.216589 -1.963255
v 0.765241 -0.206675 -2.118199
v 0.744052 -0.154936 -2.102552
v 0.785064 -0.211625 -1.963027
v 0.792647 -0.211063 -1.805274
v 0.770695 -0.210934 -2.117774
v 0.798954 -0.212962 -1.644134
v -0.766329 -0.214643 -2.116491
v -0.725977 -0.177627 -2.110474
v 0.802856 -0.210024 -1.655326
v 0.785745 -0.223002 -1.882324
v 0.775512 -0.348239 -1.968544
v 0.765919 -0.348878 -2.096546
v 0.791123 -0.336646 -1.817804
v 0.765045 -0.213078 -2.117334
v 0.677331 -0.232784 -2.178909
v 0.742901 -0.229234 -2.154010
v 0.790182 -0.345932 -1.667567
v 0.709094 -0.166974 -2.100400
v -0.655185 -0.269024 -2.141626
v 0.742223 -0.342221 -2.145677
v 0.655185 -0.269024 -2.141619
v 0.678714 -0.336484 -2.173851
v 0.655327 -0.321780 -2.141652
v -0.677331 -0.232817 -2.178900
v 0.603758 0.706257 0.266597
v 0.766141 0.330699 0.316920
v 0.774704 0.310396 0.269704
v 0.704228 0.492540 0.268358
v 0.601394 0.702498 0.263312
v 0.788808 0.286626 0.264382
v 0.774912 0.299687 0.264604
v 0.742214 0.352293 0.334121
v 0.617927 0.664514 0.320945
v 0.746705 0.343787 0.343945
v 0.562216 0.650599 0.355484
v 0.644225 0.475053 0.354704
v 0.600046 0.700503 0.493203
v 0.615824 0.672298 0.263644
v 0.812922 0.175906 0.291054
v 0.766387 0.305011 0.264492
v 0.837385 0.196068 0.264545
v 0.714362 0.448052 0.263200
v 0.850028 0.156176 0.264746
v 0.557211 0.690692 0.492385
v 0.607135 0.672380 0.299479
v 0.622088 0.560762 0.303176
v 0.754408 0.308705 0.318608
v 0.668941 0.448925 0.307520
v 0.701468 -0.279768 0.368161
v 0.556591 0.685348 0.316983
v 0.560770 0.671708 0.346914
v 0.654396 0.470467 0.314702
v 0.710192 0.053877 0.350935
v 0.712672 0.448038 0.296905
v 0.813757 -0.220256 0.326019
v 0.676120 -0.250721 0.414343
v 0.697152 0.258064 0.381077
v 0.697005 0.202342 0.359294
v 0.780563 -0.057500 0.310865
v 0.780473 0.067480 0.310716
v 0.780624 0.026624 0.291682
v 0.763783 -0.019950 0.188701
v 0.759389 -0.054066 0.188027
v 0.794617 0.026445 0.292406
v 0.797392 0.075233 0.309351
v 0.797952 -0.064750 0.309455
v 0.777405 0.072401 0.241281
v 0.793554 -0.018356 0.289636
v 0.776866 -0.062075 0.239663
v 0.779341 0.073042 0.193002
v 0.779356 -0.062794 0.193063
v 0.780315 -0.016353 0.290195
v 0.777488 -0.017243 0.193652
v 0.774720 -0.106821 0.317538
v 0.825020 0.089823 0.308761
v 0.775280 0.089483 0.317035
v 0.759725 0.064766 0.188202
v 0.771421 0.026328 0.191097
v 0.781920 0.090992 0.356486
v 0.829547 -0.107938 0.355729
v 0.839391 0.091150 0.349914
v 0.738447 0.054803 0.314058
v 0.733934 -0.099988 0.315820
v 0.767877 -0.097358 0.315112
v 0.795143 -0.058611 0.355792
v 0.737046 0.106155 0.317707
v 0.731604 0.134964 0.354494
v 0.769944 0.099197 0.314219
v 0.793520 0.132176 0.359892
v 0.765485 0.115620 0.334110
v 0.755738 0.121881 0.335517
v 0.742086 0.114350 0.337463
v 0.759929 0.102434 0.334790
v 0.725333 0.107857 0.290767
v 0.729052 0.077408 0.281086
v 0.717086 0.064185 0.283647
v 0.717678 0.081860 0.278588
v 0.744552 0.024082 0.265522
v 0.743951 0.017585 0.274705
v 0.737713 0.016230 0.263160
v 0.769614 0.004093 0.241582
v 0.757536 0.001669 0.237680
v 0.763820 -0.004313 0.245624
v 0.758632 0.137028 0.353751
v 0.768131 0.131579 0.352075
v 0.751747 0.122924 0.354147
v 0.741846 0.130119 0.315948
v 0.742190 0.123058 0.286191
v 0.741903 0.116447 0.304081
v 0.740832 0.109660 0.276982
v 0.731613 0.087806 0.277846
v 0.740686 0.037665 0.248018
v 0.726841 0.098227 0.271393
v 0.742326 0.054310 0.255581
v 0.755423 0.031544 0.251613
v 0.738688 0.032899 0.258207
v 0.765120 0.023048 0.224414
v 0.758600 0.014447 0.234778
v 0.777011 0.010757 0.191038
v 0.733004 0.101448 0.299240
v 0.767370 -0.047882 0.193136
v 0.767476 -0.085101 0.193205
v 0.791200 -0.086757 0.188342
v 0.791237 -0.046791 0.188349
v 0.774382 -0.046890 0.241190
v 0.739008 0.091063 0.316216
v 0.742127 0.093043 0.256030
v 0.767457 0.092170 0.193173
v 0.791266 0.093509 0.188363
v 0.774374 0.053546 0.241207
v 0.796439 0.052885 0.326319
v 0.743063 0.053877 0.316808
v 0.796329 0.093442 0.326355
v 0.774357 0.093325 0.242259
v 0.699157 0.291105 0.325701
v 0.816568 -0.105655 0.315554
v 0.777323 -0.004852 0.190594
v 0.779893 0.054241 0.190310
v 0.782252 0.225368 -0.872848
v 0.747408 0.261545 -0.653635
v 0.845038 0.102665 -0.872203
v 0.771918 0.310026 0.258416
v 0.846347 -0.156591 -0.865142
v 0.614144 0.664064 -0.476341
v 0.764241 0.327651 0.215053
v 0.723090 0.252266 -0.864973
v 0.616593 0.689637 0.220277
v 0.609481 0.707153 0.256953
v 0.784278 -0.406376 -0.804759
v 0.743819 -0.415723 0.257442
v 0.609514 0.677099 -0.355991
v 0.793869 0.289792 0.255404
v 0.723110 0.456627 0.254124
v 0.725269 0.451443 0.220922
v 0.850878 0.164904 -0.053148
v 0.861125 0.134990 0.200560
v 0.861034 0.029908 0.255108
v 0.848572 0.190375 0.220504
v 0.858362 0.178256 0.256330
v 0.834087 0.198394 -0.023665
v 0.822269 0.151991 -0.013461
v 0.822705 0.162585 0.184194
v 0.833474 0.204707 0.168927
v 0.833378 0.213224 0.171994
v 0.858800 0.128794 -0.030118
v 0.852810 -0.095968 0.262144
v 0.614235 0.642058 -0.521068
v 0.717797 0.240815 -0.872009
v 0.740560 -0.413868 -0.774202
v 0.737895 -0.411482 0.257441
v 0.855482 0.030059 0.260575
v 0.837147 -0.127237 -0.871780
v 0.847411 0.177016 0.261127
v 0.601659 0.667366 -0.326559
v 0.680544 0.380258 -0.852328
v 0.781104 -0.403917 0.262413
v 0.833331 0.187836 -0.024526
v 0.877660 0.181670 0.014968
v 0.837957 0.178402 -0.035875
v 0.846633 0.160194 -0.042724
v 0.850047 0.133609 -0.015998
v 0.849696 0.141393 -0.032651
v 0.882112 0.158724 0.017209
v 0.877819 0.186789 0.146788
v 0.881984 0.165191 0.159042
v 0.832294 0.192874 -0.008199
v 0.829394 0.186977 0.000895
v 0.850077 0.129457 0.000210
v 0.866094 0.160481 0.019604
v 0.818477 0.152389 -0.004417
v 0.857875 0.182845 0.015328
v 0.832348 0.200792 0.187390
v 0.865004 0.149380 0.178749
v 0.849281 0.154851 0.205467
v 0.847069 0.175384 0.212812
v 0.849575 0.145738 0.196070
v 0.849402 0.193419 0.155818
v 0.827493 0.195686 0.158931
v 0.837191 0.192667 0.204018
v 0.819295 0.161800 0.175786
v 0.837669 0.147770 0.172764
v 0.860466 0.152250 0.167275
v 0.851272 0.188513 0.197337
v 0.866106 0.166615 0.153903
v 0.753356 0.336762 0.187397
v 0.615542 0.647041 -0.476845
v 0.684082 0.362809 -0.834872
v 0.612355 0.677329 0.187471
v 0.709821 0.269909 -0.837663
v 0.601809 0.671273 0.170203
v 0.670878 0.357970 -0.827141
v 0.717834 0.295960 -0.582437
v 0.600285 0.637448 -0.468102
v 0.667342 0.263093 -0.815368
v 0.739767 0.341618 0.174078
v 0.696598 0.278075 -0.831624
v 0.680004 0.334777 0.167522
v 0.586610 0.649076 0.166254
v 0.652360 0.346678 -0.819302
v 0.589348 0.581145 -0.521469
v 0.572194 0.645925 -0.352021
v 0.581681 0.657630 0.154066
v 0.672003 0.307559 0.144457
v 0.679555 0.254108 -0.815812
v 0.569288 0.658673 -0.353267
v 0.577492 0.678153 -0.347313
v 0.674093 0.327188 0.145481
v 0.649382 0.339327 -0.804113
v 0.619714 0.607744 -0.560309
v 0.598500 0.675740 -0.406902
v 0.600546 0.679763 -0.439251
v 0.673985 0.367550 -0.855753
v 0.613061 0.668561 0.209282
v 0.789460 -0.382176 -0.819887
v 0.792093 -0.379477 0.053493
v 0.809877 -0.252535 0.229302
v 0.803945 -0.339060 0.151262
v 0.599187 0.692146 0.166101
v 0.599589 0.707821 0.254278
v 0.597126 0.683390 -0.350772
v 0.666918 0.559846 0.259970
v 0.648141 0.488676 -0.711634
v 0.809447 0.181784 0.222726
v 0.780208 0.218083 -0.864164
v 0.828487 0.128213 -0.863602
v 0.835059 -0.127270 -0.862588
v 0.789132 -0.361048 0.042785
v 0.705199 -0.359824 0.042332
v 0.702669 -0.361122 -0.723230
v 0.709271 -0.006094 0.185187
v 0.783983 0.191022 0.185008
v 0.779586 0.206817 -0.857123
v 0.821708 0.128644 -0.856580
v 0.834049 0.092339 -0.855514
v 0.726726 -0.209250 -0.812998
v 0.709345 -0.311249 -0.801221
v 0.789738 -0.362129 -0.827100
v 0.709203 -0.348074 -0.782165
v 0.709255 -0.329264 0.133219
v 0.710061 -0.221870 0.185020
v 0.789270 -0.329916 0.133412
v 0.614947 0.602799 -0.556921
v 0.706352 0.248390 -0.857433
v 0.580778 0.689727 0.162814
v 0.590745 0.664448 0.203694
v 0.596113 0.688583 -0.002966
v 0.696286 -0.319648 -0.681795
v 0.688549 0.288121 0.121069
v 0.694581 0.189466 0.175237
v 0.693241 0.124295 -0.794728
v 0.690395 0.136595 -0.741210
v 0.695100 -0.298181 -0.724426
v 0.699647 -0.334550 -0.787357
v 0.698302 -0.314000 0.015334
v 0.703296 -0.260985 0.170927
v 0.695875 -0.259127 0.097933
v 0.700859 -0.324254 0.124684
v 0.580638 0.650467 -0.477174
v 0.597896 0.605728 -0.551886
v 0.694317 0.210755 -0.856973
v 0.695940 0.305770 0.204289
v 0.602480 0.640107 -0.500188
v 0.769943 0.263352 0.203568
v 0.722898 0.229826 -0.857841
v 0.829686 -0.127228 -0.855935
v 0.791574 -0.221570 0.185065
v 0.807371 -0.293967 0.185746
v 0.677128 -0.297185 0.005550
v 0.675649 -0.265446 0.065500
v 0.673895 -0.302499 -0.672367
v 0.670407 -0.275686 -0.711014
v 0.667895 0.137352 -0.721377
v 0.662939 0.238083 -0.783612
v 0.667460 0.210174 -0.697191
v 0.668185 0.281193 0.099445
v 0.677890 -0.205179 0.091510
v 0.692726 -0.156892 -0.122675
v 0.691394 -0.149496 -0.657713
v 0.688839 0.178930 -0.635282
v 0.687381 0.231237 -0.112080
v 0.689269 0.023826 -0.629389
v 0.687880 0.207463 -0.128451
v 0.690210 0.041143 -0.120809
v 0.692711 0.032195 -0.617529
v 0.694629 0.152608 -0.629358
v 0.694692 0.169672 -0.619621
v 0.693512 0.178204 -0.603706
v 0.691459 0.196263 -0.138623
v 0.696766 0.057655 -0.123776
v 0.696894 0.046506 -0.133781
v 0.742105 -0.017335 -0.854704
v 0.738453 -0.124396 -0.854283
v 0.734982 -0.169891 -0.854140
v 0.742967 0.032824 -0.855691
v 0.778194 -0.180878 -0.849431
v 0.730123 0.059651 -0.817139
v 0.802475 0.038431 -0.843353
v 0.799191 -0.202412 -0.843432
v 0.772302 0.026933 -0.854843
v 0.978600 0.266339 -0.742393
v 0.827032 0.264676 -0.798287
v 0.815148 0.297791 -0.801536
v 0.976839 0.296449 -0.740227
v 0.842229 0.295429 -0.684505
v 0.746905 -0.120299 -0.925685
v 0.747351 -0.156219 -0.928649
v 0.810977 -0.119984 -1.019776
v 0.799947 -0.117913 -0.842480
v 0.777659 -0.158427 -0.935379
v 0.799635 -0.158851 -0.842391
v 0.778172 -0.118964 -0.935803
v 0.826837 -0.118880 -1.008262
v 0.743551 -0.156911 -0.852463
v 0.811373 -0.158054 -1.019482
v 0.742691 0.018873 -0.852555
v 0.748196 0.018757 -0.930094
v 0.744073 -0.017874 -0.914617
v 0.810965 -0.017671 -1.019784
v 0.778434 0.020852 -0.937180
v 0.826881 -0.018728 -1.008234
v 0.800104 -0.019342 -0.842802
v 0.799981 0.021066 -0.842471
v 0.778336 -0.018689 -0.935876
v 0.818600 0.022038 -1.014369
v 0.746471 -0.018649 -0.852029
v 0.784130 -0.129977 -0.857577
v 0.783841 -0.004792 -0.858029
v 0.783691 -0.046283 -0.875254
v 0.781148 -0.090507 -0.961989
v 0.781192 -0.043460 -0.962876
v 0.808610 -0.005705 -1.001451
v 0.767541 -0.005896 -0.938524
v 0.776360 -0.091443 -0.935847
v 0.766944 -0.128269 -0.938584
v 0.809453 -0.128657 -1.000841
v 0.798191 -0.046125 -0.876605
v 0.800426 0.001756 -0.859503
v 0.801378 -0.135940 -0.859199
v 0.819951 -0.000534 -0.992732
v 0.792336 -0.043842 -0.954276
v 0.792855 -0.090308 -0.954650
v 0.778832 0.000901 -0.936009
v 0.798417 -0.088129 -0.876713
v 0.780263 -0.135223 -0.935362
v 0.820387 -0.133655 -0.992398
v 0.783889 -0.087651 -0.875203
v 0.781140 -0.175505 -0.854225
v 0.779918 0.013169 -0.853926
v 0.825498 0.014803 -0.860785
v 0.775691 -0.174095 -0.838802
v 0.775679 0.012890 -0.838806
v 0.834461 0.019966 -0.847400
v 0.824292 -0.179504 -0.839271
v 0.785144 -0.183588 -0.840222
v 0.785187 0.022469 -0.840338
v 0.775607 -0.043912 -0.934446
v 0.746022 0.040830 -0.831435
v 0.767630 0.043106 -0.834303
v 0.735431 0.031802 -0.883717
v 0.733115 0.036134 -0.865236
v 0.732465 0.002838 -0.886917
v 0.720424 -0.008547 -0.885348
v 0.721088 0.009500 -0.890241
v 0.747366 -0.047738 -0.903455
v 0.747015 -0.055415 -0.894796
v 0.740478 -0.053159 -0.904148
v 0.783452 -0.084843 -0.925845
v 0.773031 -0.078902 -0.931691
v 0.793324 -0.077533 -0.933187
v 0.825298 -0.088167 -0.974575
v 0.753208 0.062206 -0.821658
v 0.769580 0.059054 -0.824729
v 0.760076 0.049589 -0.833633
v 0.756200 0.045684 -0.821904
v 0.737713 0.042634 -0.877488
v 0.746257 0.059895 -0.861212
v 0.751513 0.047745 -0.873763
v 0.748772 0.047425 -0.847459
v 0.740191 0.037888 -0.894442
v 0.726852 0.004564 -0.902805
v 0.736713 0.008224 -0.892749
v 0.753700 -0.033839 -0.914278
v 0.746400 -0.039307 -0.908510
v 0.742069 -0.036064 -0.919504
v 0.780696 -0.067484 -0.934829
v 0.817728 -0.075012 -0.971477
v 0.819977 -0.074353 -0.963066
v 1.039992 0.249537 -0.663050
v 0.846731 0.248411 -0.732552
v 0.843243 0.358240 -0.733774
v 0.843793 0.299844 -0.772786
v 1.039824 0.358166 -0.667301
v 1.039588 0.249781 -0.608939
v 1.040753 0.358454 -0.609452
v 1.034674 0.350334 -0.604868
v 1.033670 0.257602 -0.606610
v 0.845129 0.250169 -0.667430
v 0.867177 0.347226 -0.660988
v 0.865175 0.259583 -0.660804
v 0.806355 0.258603 -0.718881
v 0.760916 0.268126 -0.817655
v 0.771260 0.282580 -0.816154
v 0.793409 0.253212 -0.727275
v 0.801450 0.260407 -0.806406
v 0.792946 0.292957 -0.736801
v 0.781103 0.240286 -0.814402
v 0.773609 0.238069 -0.806876
v 0.776471 0.241137 -0.737385
v 0.748559 0.261793 -0.754091
v 0.745009 0.248555 -0.757783
v 0.769938 0.281222 -0.747719
v 0.822839 0.260612 -0.704877
v 0.793300 0.295371 -0.810519
v 0.747228 0.259126 -0.825064
v 0.789291 0.252230 -0.810366
v 0.813278 0.295697 -0.717267
v 0.743208 0.244097 -0.821467
v 0.810735 -0.354250 -0.865833
v 0.837974 0.139127 0.005527
v 0.850363 0.138812 0.181178
v 0.713049 0.247634 -0.864430
v 0.709271 0.140755 -0.812413
v 0.653912 0.368395 -0.846266
v 0.826740 -0.158995 -1.008322
v 0.817222 -0.173851 -0.854672
v 0.763365 0.030093 -0.833984
v 0.844744 0.359560 -0.673509
v 0.684155 0.215960 -1.158991
v 0.661588 0.231067 -1.099215
v 0.652967 0.110233 -2.116021
v 0.647767 0.108355 -2.121367
v 0.651882 0.199996 -1.181073
v 0.679253 0.232080 -1.091158
v 0.683304 0.222140 -1.116608
v -0.000000 0.236662 -1.144893
v 0.297038 0.102547 -1.152230
v 0.297023 0.137079 -1.163973
v 0.321027 0.136631 -1.164214
v 0.397905 -0.103094 -2.094667
v 0.394319 0.051843 -2.094491
v 0.632272 0.052316 -2.093986
v 0.631041 -0.099968 -2.094557
v 0.632864 0.052160 -1.938343
v 0.629012 -0.100076 -1.939395
v 0.321919 0.102748 -1.149704
v 0.638405 0.183088 -1.177700
v 0.610638 0.187816 -1.128533
v 0.548940 -0.311161 -2.153089
v 0.548685 -0.278901 -2.153693
v 0.567506 -0.278901 -2.151209
v 0.632264 -0.311161 -2.142344
v 0.632008 -0.278901 -2.142949
v 0.650830 -0.278901 -2.140532
v 0.633147 -0.116983 -1.920646
v 0.648936 -0.116052 -1.876971
v 0.385670 -0.090629 -2.083725
v 0.399429 -0.107427 -2.093716
v 0.367097 -0.121154 -2.108373
v 0.633192 -0.116795 -2.071743
v 0.638751 0.033157 -1.895864
v 0.650252 0.047352 -1.918260
v 0.623903 0.063947 -1.909477
v 0.624173 0.064047 -2.083113
v 0.650786 -0.099616 -1.920545
v 0.650775 -0.099569 -2.071951
v 0.650326 0.047421 -2.074272
v 0.638803 0.033054 -2.096608
v 0.656925 0.041140 -2.115225
v 0.639024 -0.130487 -1.916478
v 0.639249 -0.130891 -1.890495
v 0.629486 -0.119422 -1.896155
v 0.392577 -0.122479 -2.091378
v 0.629505 -0.119539 -2.096207
v 0.639025 -0.130470 -2.076021
v 0.653251 -0.095865 -2.096235
v 0.656994 0.054496 -1.905183
v 0.637977 0.064382 -1.912419
v 0.638290 0.064078 -2.080094
v 0.663993 -0.105422 -1.916546
v 0.652466 -0.095507 -1.900278
v 0.662989 0.054959 -2.079021
v 0.664036 -0.105422 -2.075999
v 0.653405 0.032571 -2.092831
v 0.662973 0.094836 -2.100225
v 0.639236 -0.130817 -2.102224
v 0.665144 -0.106143 -1.889744
v 0.666366 0.090712 -1.893646
v 0.655991 0.096935 -1.884606
v 0.665267 -0.106126 -2.102880
v 0.657086 -0.102390 -2.115219
v 0.294699 -0.289306 -2.128290
v 0.072146 -0.306128 -2.127523
v 0.279311 -0.309400 -2.128035
v 0.456807 -0.238278 -2.103512
v 0.175377 -0.306453 -2.133197
v 0.282551 -0.261826 -2.128149
v 0.179495 -0.260582 -2.128042
v 0.071033 -0.262848 -2.123168
v 0.410972 0.101551 -2.105967
v 0.415936 0.085788 -2.105932
v 0.368463 0.054500 -2.106125
v 0.576442 0.091736 -2.082300
v 0.365126 0.070087 -2.106236
v 0.635195 0.094968 -2.104652
v 0.462616 -0.254220 -2.134333
v 0.599251 -0.202195 -1.788796
v 0.619492 0.112054 -1.120427
v 0.452601 0.020888 -1.120436
v 0.365781 -0.051671 -1.132379
v 0.621024 0.220597 -1.122945
v 0.619548 0.084239 -2.101924
v 0.636423 0.178126 -1.324941
v 0.624682 0.118100 -2.090836
v 0.619944 0.126559 -1.910740
v 0.628894 0.141640 -1.600561
v 0.689045 0.061120 -2.076783
v 0.630893 0.080182 -1.921708
v 0.777970 -0.336681 -1.968286
v 0.745370 -0.342306 -2.122051
v 0.767266 -0.336112 -2.100828
v 0.784648 -0.348919 -1.817757
v 0.795255 -0.344509 -1.675297
v 0.743882 -0.226556 -2.124363
v 0.690547 -0.017761 -2.076223
v 0.626122 -0.222702 -1.831916
v 0.684748 -0.199802 -2.086673
v 0.660327 -0.201202 -1.830131
v 0.503063 -0.223012 -2.134152
v 0.659205 -0.223254 -2.115552
v 0.489459 -0.253849 -2.161053
v 0.462800 -0.304602 -2.133947
v 0.488792 -0.339672 -2.158257
v 0.656900 -0.063606 -1.779956
v 0.636237 -0.040516 -1.892657
v 0.684551 -0.068919 -2.076283
v 0.713537 -0.241391 -2.129131
v 0.698018 0.230175 -1.101379
v 0.677063 0.080111 -2.106056
v 0.717130 0.057965 -2.105368
v 0.743765 -0.156976 -2.100274
v 0.763781 -0.209214 -2.105891
v 0.769698 -0.084496 -2.101831
v 0.571659 0.020007 -1.284247
v 0.495658 -0.106560 -1.632352
v 0.709205 -0.106061 -1.632912
v 0.691972 -0.180852 -1.683135
v 0.733796 0.020881 -1.284231
v 0.729977 0.004609 -1.424153
v 0.720962 -0.039578 -1.544157
v 0.584297 0.005196 -1.149256
v 0.499025 -0.039479 -1.544358
v 0.770814 -0.206250 -1.632465
v 0.715132 -0.471299 -0.913421
v 0.695657 -0.469523 -0.439527
v 0.731040 -0.454274 -0.942830
v 0.576271 0.010530 -1.362153
v 0.563043 0.004380 -1.424256
v 0.435905 0.153847 -1.174719
v 0.441304 0.155454 -1.184784
v 0.446137 0.161338 -1.176330
v 0.556410 0.167712 -1.117349
v 0.568062 0.170032 -1.121835
v 0.558243 0.160806 -1.122225
v 0.598459 0.181444 -1.072326
v 0.214942 0.774112 0.789321
v 0.163357 0.765708 -0.396233
v 0.449235 0.752970 0.743323
v 0.491929 0.741494 -0.415811
v 0.495580 0.774864 0.311405
v 0.653340 0.278317 -1.057401
v 0.676671 0.227242 -1.102931
v 0.502209 0.784851 0.088958
v 0.580533 0.731901 -0.444931
v 0.572507 0.714175 -0.500244
v -0.014611 0.283051 -1.077644
v 0.531951 0.696419 -0.517887
v 0.519613 0.678329 -0.515926
v 0.570925 0.496137 -0.783633
v 0.595096 0.293933 -1.026417
v 0.581682 0.288393 -1.028581
v 0.580455 0.280845 -1.014752
v 0.226058 0.283477 -1.051223
v 0.581413 0.649975 -0.604708
v 0.485979 0.731236 -0.503043
v 0.519770 0.722905 -0.478113
v 0.204516 0.719215 -0.519337
v 0.547591 0.715130 -0.508561
v 0.616474 0.277768 -1.073160
v 0.851954 0.104899 -0.887321
v 0.783027 0.023685 -2.121821
v 0.805671 0.035821 -1.905564
v 0.818291 0.050457 -1.726651
v 0.844025 -0.173499 -0.882024
v 0.808367 -0.347628 -0.875075
v 0.838927 -0.213292 -1.001761
v 0.847006 -0.062113 -1.061898
v 0.846091 0.010182 -1.227409
v 0.834089 -0.033069 -1.519356
v 0.860203 -0.123474 -1.067978
v 0.872120 -0.039001 -1.405252
v 0.836986 0.011346 -1.410086
v 0.879007 -0.032292 -1.261082
v 0.872471 -0.066928 -1.153853
v 0.862281 -0.066827 -1.493806
v 0.824181 -0.106106 -1.605799
v 0.824843 -0.204137 -1.632349
v 0.845174 -0.133776 -1.592891
v 0.779610 -0.203587 -2.120035
v 0.787610 -0.093013 -2.118320
v 0.765420 0.026913 -2.117263
v 0.750373 -0.156705 -2.122806
v 0.743303 -0.159702 -2.113780
v 0.841243 0.088992 -0.878536
v 0.841793 0.109483 -0.884754
v 0.829818 0.097565 -1.082580
v 0.846609 -0.039204 -0.878565
v 0.837904 0.097604 -1.082587
v 0.803178 0.055060 -1.729863
v 0.772734 0.209989 -1.181796
v 0.778386 0.227056 -0.883612
v 0.738863 0.112562 -2.115269
v 0.822131 0.074263 -1.544517
v 0.685586 0.240772 -1.073534
v 0.717983 0.243789 -0.882731
v 0.770263 0.048263 -2.119796
v 0.719740 0.113886 -2.120632
v 0.742849 0.100704 -2.120651
v 0.728519 0.093424 -2.117568
v 0.659674 0.117777 -2.115095
v 0.670311 0.159600 -1.725618
v 0.821795 0.072422 -1.498222
v 0.815537 0.070706 -1.498912
v 0.779810 0.032134 -2.116957
v 0.840923 0.115046 -0.880342
v 0.645057 0.095376 -2.109785
v 0.831273 0.086014 -1.290781
v 0.789641 0.042755 -1.905466
v 0.734516 -0.480698 -0.947921
v 0.792590 -0.391522 -0.847668
v 0.773052 -0.421181 -0.782237
v 0.712798 -0.471888 0.905821
v 0.771423 -0.404187 -0.807514
v 0.721992 -0.481019 -0.945238
v 0.811510 -0.349184 -0.975999
v 0.620408 0.676982 -0.502984
v 0.635613 0.635386 -0.572685
v 0.595923 0.704866 0.871375
v 0.604453 0.735152 -0.212662
v 0.611410 0.708131 -0.423234
v 0.600170 0.675080 -0.463716
v 0.593345 0.697956 -0.330710
v 0.507563 0.300699 -1.086501
v 0.499216 0.277521 -1.090613
v 0.517860 0.284211 -1.105188
v 0.541215 0.288101 -1.086697
v 0.531448 0.296847 -1.066825
v 0.506938 0.295446 -1.069291
v 0.520880 0.268232 -1.101779
v 0.539107 0.271218 -1.096051
v 0.511446 0.278730 -1.046651
v 0.494743 0.260636 -1.067311
v 0.511332 0.248159 -1.081625
v 0.532974 0.248709 -1.081062
v 0.546014 0.268696 -1.058821
v 0.713418 -0.333666 -0.706601
v 0.713951 -0.361584 -0.714139
v 0.700617 -0.362423 -0.713234
v 0.713017 -0.302426 -0.752108
v 0.687512 -0.302324 -0.749185
v 0.687573 -0.334161 -0.705805
v 0.713863 -0.334565 -0.760702
v 0.687750 -0.334576 -0.760699
v 0.687655 -0.362372 -0.713021
v 0.713826 -0.283539 -0.785020
v 0.700354 -0.334576 -0.760688
v 0.688078 -0.283536 -0.784866
v 0.700216 -0.283551 -0.784787
v 0.685749 0.126036 -0.759154
v 0.669118 0.202980 -0.836167
v 0.683709 0.140191 -0.793896
v 0.687770 0.232997 -0.817811
v 0.662858 0.221249 -0.816028
v 0.650680 0.245547 -0.845518
v 0.660463 0.223614 -0.843772
v 0.644568 0.355121 -0.804644
v 0.640221 0.366175 -0.834682
v 0.683695 0.236203 -0.846387
v 0.627330 0.362658 -0.835327
v 0.621230 0.342869 -0.806844
v 0.618698 0.353725 -0.836119
v 0.615581 0.365344 -0.828860
v 0.580697 0.607552 -0.488401
v 0.550726 0.611603 -0.470021
v 0.564939 0.651447 -0.472301
v 0.544593 0.631070 -0.487120
v 0.574914 0.630639 -0.441847
v 0.539819 0.647808 -0.450734
v 0.572430 0.640581 -0.395508
v 0.560631 0.677102 -0.339158
v 0.544425 0.638902 -0.346747
v 0.536011 0.665654 -0.349532
v 0.581676 0.661023 0.144231
v 0.562278 0.685733 0.166131
v 0.550896 0.647592 0.153996
v 0.541018 0.677622 0.168654
v 0.579468 0.666079 0.183559
v 0.566861 0.660958 0.185879
v 0.552782 0.655193 0.188157
v 0.681572 0.338478 0.158971
v 0.711879 0.334348 0.158402
v 0.714586 0.330424 0.181350
v 0.700332 0.330682 0.183906
v 0.682901 0.342098 0.186634
v 0.709620 0.209559 0.130172
v 0.681386 0.208926 0.134709
v 0.714779 0.206813 0.157365
v 0.686396 0.206172 0.162572
v 0.687405 0.310483 0.183584
v 0.683288 -0.259285 0.124478
v 0.716792 -0.267253 0.147317
v 0.711591 -0.256560 0.120634
v 0.690304 -0.220181 0.158394
v 0.703076 -0.269320 0.148011
v 0.688404 -0.284298 0.143336
v 0.711786 -0.302343 0.084475
v 0.684014 -0.306327 0.087532
v 0.716856 -0.324358 0.101884
v 0.689456 -0.328299 0.104962
v 0.711273 -0.329713 0.032017
v 0.682757 -0.334909 0.033327
v 0.709773 -0.358557 0.039579
v 0.686954 -0.362102 0.040066
v 0.685788 -0.254188 0.408818
v 0.686051 -0.217527 0.374623
v 0.699081 -0.217533 0.374598
v 0.685560 0.206269 0.399367
v 0.713719 0.206146 0.398627
v 0.713738 0.195708 0.372783
v 0.699515 0.193617 0.372665
v 0.685670 0.201294 0.371062
v 0.685679 0.160788 0.374823
v 0.685207 0.336583 0.354055
v 0.712637 0.341829 0.324639
v 0.712022 0.350243 0.347901
v 0.698998 0.330880 0.326861
v 0.685466 0.318170 0.330501
v 0.680186 0.347129 0.325081
v 0.582164 0.660382 0.340991
v 0.577447 0.667399 0.315696
v 0.553457 0.655342 0.317231
v 0.559461 0.688705 0.336379
v 0.713598 0.129907 -0.759841
v 0.686692 0.112368 -0.785420
v 0.776034 -0.400024 0.524704
v 0.607428 0.652231 -0.512371
v 0.606843 0.645621 -0.503175
v 0.673471 0.376588 -0.850585
v 0.602372 0.690669 0.199919
v 0.601525 0.663939 -0.462250
v 0.790512 -0.377919 0.038812
v 0.812625 -0.221252 0.206339
v 0.597864 0.690765 -0.197215
v 0.734265 0.381393 0.210629
v 0.662027 0.557661 0.214133
v 0.612787 0.678085 0.290539
v 0.812720 0.157692 0.325589
v 0.812540 0.153800 0.206174
v 0.806261 0.193164 0.206234
v 0.780926 0.198255 0.349086
v 0.709129 0.199790 0.349694
v 0.709282 0.160545 0.349763
v 0.722546 0.236582 -0.864264
v 0.771893 0.224185 -0.864344
v 0.840755 0.091990 -0.863271
v 0.844491 -0.017781 -0.861822
v 0.807793 -0.333867 -0.860342
v 0.803861 -0.348408 -0.857299
v 0.709256 -0.375187 0.042731
v 0.708680 0.151063 0.185309
v 0.708993 0.189806 0.185276
v 0.765140 0.224048 -0.857050
v 0.677106 0.234247 -0.857984
v 0.773227 0.218505 -0.857237
v 0.708896 0.110905 -0.804937
v 0.722656 0.059707 -0.813352
v 0.722027 -0.199258 -0.811083
v 0.802022 -0.326966 -0.853103
v 0.818448 -0.236666 -0.853157
v 0.709058 -0.236632 -0.802173
v 0.708969 -0.376597 -0.731272
v 0.787069 -0.376766 -0.818255
v 0.790396 -0.285277 0.168646
v 0.708822 -0.285181 0.168469
v 0.747436 0.347753 0.304161
v 0.558115 0.693169 0.316095
v 0.706595 0.338663 0.307719
v 0.705442 0.448559 0.304049
v 0.568275 0.630826 -0.517615
v 0.629758 0.369362 -0.848291
v 0.667379 0.373903 -0.844733
v 0.669110 0.364699 -0.849707
v 0.558575 0.691501 0.189421
v 0.701961 0.206526 0.159729
v 0.708310 0.333422 0.204522
v 0.673733 0.230332 -0.845882
v 0.699478 0.126222 -0.787176
v 0.699542 -0.280541 0.389746
v 0.563858 0.660824 0.316885
v 0.597061 0.657148 -0.461304
v 0.643547 0.486828 -0.704558
v 0.599987 0.695569 -0.002514
v 0.594282 0.683892 -0.197699
v 0.592802 0.678083 -0.350640
v 0.659245 0.559351 0.207191
v 0.791422 0.152273 0.185219
v 0.797424 -0.348418 -0.849954
v 0.805838 0.197112 0.325424
v 0.788313 0.159225 0.348921
v 0.788630 -0.219869 0.349163
v 0.810806 0.049246 -0.847002
v 0.732584 0.023733 -0.858500
v 0.764369 -0.160694 -0.864122
v 0.720398 0.073130 -0.810506
v 0.769450 0.024379 -0.864465
v 0.809833 0.125933 0.322476
v 0.787850 0.127530 0.347201
v 0.755471 0.124296 0.347606
v 0.756559 -0.127705 0.347481
v 0.770472 -0.122294 0.290423
v 0.808601 -0.094741 0.232687
v 0.807388 0.093446 0.235113
v 0.769186 0.120057 0.291245
v 0.774438 -0.084686 0.224828
v 0.772609 0.079505 0.223112
v 0.746526 -0.101065 0.260720
v 0.643513 0.217357 -1.142325
v 0.567761 -0.311161 -2.150604
v 0.651117 -0.311161 -2.139927
v 0.633968 -0.099343 -1.896115
v 0.375038 -0.131444 -2.097794
v 0.635543 -0.122890 -2.114384
v 0.456605 -0.334873 -2.102620
v 0.576432 0.104213 -2.083452
v 0.000000 0.186850 -1.174709
v 0.460866 0.186732 -1.151904
v 0.711060 -0.183191 -2.099882
v 0.834112 0.109709 -0.879944
v 0.728050 0.093866 -2.106043
v 0.763410 0.028051 -2.107813
v 0.713312 0.131769 -0.788203
v 0.567399 0.673683 0.298297
v 0.702803 -0.326296 0.103318
v 0.567222 0.673909 0.208125
v 0.802244 -0.196523 -0.846583
v 0.370412 0.093780 -1.089587
v 0.361748 0.093155 -1.089295
v 0.370412 0.079431 -1.097981
v 0.370412 0.050944 -1.068341
v 0.361748 0.050944 -1.068341
v 0.361748 0.079431 -1.097981
v 0.370412 0.003524 -1.071171
v 0.361748 0.003524 -1.071171
v 0.704124 -0.301773 -2.102328
v 0.704095 -0.303157 -2.123674
v 0.703949 -0.322924 -2.147978
v 0.362844 0.170466 -1.124993
v 0.371781 0.164382 -1.125865
v 0.362374 0.184431 -1.134233
v 0.719292 -0.303888 -2.104292
v 0.723752 -0.322640 -2.148192
v 0.729621 -0.274757 -2.166430
v 0.704446 -0.264934 -2.141757
v 0.725240 -0.266610 -2.102414
v 0.705727 -0.301778 -2.102377
v 0.704534 -0.328344 -2.158666
v 0.705622 -0.301489 -2.102605
v 0.730797 -0.304546 -2.120091
v 0.729977 -0.315433 -2.177082
v 0.703714 -0.297539 -2.181523
v 0.727900 -0.303552 -2.102328
v 0.671246 -0.299172 -2.148793
v 0.761713 -0.307978 -2.157998
v 0.670694 -0.288331 -2.161994
v 0.670835 -0.294745 -2.143669
v 0.670898 -0.310668 -2.146564
v 0.670748 -0.306671 -2.168359
v 0.762111 -0.310536 -2.146435
v 0.762188 -0.288661 -2.149778
v 0.762199 -0.294481 -2.168359
v 0.762129 -0.313019 -2.162508
v 0.677913 0.231460 -1.124298
v 0.665426 0.242281 -1.107581
v 0.677474 0.242160 -1.093830
v 0.124898 0.192376 -1.337608
v 0.521005 0.231558 -1.187682
v 0.497711 0.211480 -1.378633
v 0.506897 0.227866 -1.211682
v 0.661192 0.236642 -1.100933
v 0.415920 0.121177 -2.117758
v 0.360157 0.182007 -1.419110
v 0.294755 0.165217 -1.600930
v 0.350389 0.183522 -1.397680
v 0.266988 0.163565 -1.619796
v 0.492619 0.232695 -1.178891
v 0.498322 0.230487 -1.189363
v 0.532580 0.118234 -1.918029
v 0.528423 0.116698 -1.932229
v 0.522010 0.115993 -1.938667
v 0.508140 0.115571 -1.942514
v 0.428071 0.115544 -1.942511
v 0.411025 0.115995 -1.938300
v 0.401353 0.116913 -1.929797
v 0.394648 0.118715 -1.913136
v 0.547266 0.170527 -1.435750
v 0.468325 0.169471 -1.445298
v 0.443425 0.168489 -1.454134
v 0.505403 0.172706 -1.415526
v 0.527295 0.173448 -1.408753
v 0.539411 0.172819 -1.414586
v 0.218363 0.115429 -1.943918
v 0.232463 0.115900 -1.939509
v 0.238082 0.116634 -1.932690
v 0.331228 0.161315 -1.520037
v 0.354833 0.168468 -1.454132
v 0.039720 0.215266 -1.206351
v 0.683321 0.214291 -1.155176
v 0.622424 0.100010 -2.089221
v 0.649089 0.198327 -1.186246
v 0.681300 0.230735 -1.092758
v 0.364827 0.175164 -1.405228
v -0.000098 0.194326 -1.227167
v 0.240784 -0.153974 -2.238705
v 0.240784 -0.154121 -2.273779
v 0.419633 -0.153933 -2.273837
v 0.419626 -0.153738 -2.238196
v 0.491075 -0.154064 -2.251234
v 0.491076 -0.153916 -2.216160
v 0.659931 0.106044 -2.174356
v 0.527783 -0.082230 -2.382432
v 0.527761 -0.081884 -2.379363
v 0.613667 -0.082231 -2.382432
v 0.613648 -0.081885 -2.379362
v 0.524462 -0.154619 -2.290192
v 0.526260 -0.151112 -2.291145
v 0.617843 -0.152575 -2.287218
v 0.437236 -0.241850 -2.253676
v 0.493889 -0.152829 -2.252384
v 0.419545 -0.151565 -2.275402
v 0.239539 -0.158345 -2.276619
v 0.491973 -0.154635 -2.216453
v 0.439145 -0.241379 -2.254774
v 0.240120 -0.154628 -2.239921
v 0.419297 -0.239348 -2.261703
v 0.419605 -0.239669 -2.222876
v 0.438462 -0.241461 -2.216640
v 0.261335 -0.190045 -2.268835
v 0.437266 -0.242338 -2.215545
v 0.261372 -0.190230 -2.230865
v 0.654280 0.106024 -2.175975
v 0.653349 0.096646 -2.216743
v 0.727949 0.056207 -2.213638
v 0.414059 0.086346 -2.254072
v 0.411981 0.096294 -2.170939
v 0.729336 0.066312 -2.175988
v 0.653066 0.101496 -2.170859
v 0.414056 0.087264 -2.243692
v 0.423361 -0.241752 -2.245060
v 0.724089 -0.241887 -2.214470
v 0.729539 -0.247131 -2.176154
v 0.729320 -0.244652 -2.211014
v 0.729360 -0.246762 -2.176559
v 0.727743 -0.239753 -2.211872
v 0.419240 -0.242240 -2.245111
v -0.113818 -0.241486 -2.256893
v 0.730453 0.357423 0.594878
v 0.614202 0.695118 0.309184
v 0.858663 0.180027 0.269562
v 0.607020 0.679092 0.337445
v 0.561261 0.641972 0.830019
v 0.678354 0.357317 0.367136
v 0.678824 0.393550 1.007022
v 0.661314 0.439438 1.058241
v 0.662953 0.431796 1.040599
v 0.685685 0.376012 1.012165
v 0.596585 0.697516 0.863508
v 0.557807 0.681179 0.849580
v 0.596742 0.690447 0.316762
v 0.703087 -0.337937 0.924040
v 0.703249 -0.091183 1.006328
v 0.698912 0.347317 1.148232
v 0.701706 0.111590 1.135326
v 0.700105 -0.325427 0.402109
v 0.551296 0.671818 0.856366
v 0.556688 0.656868 0.844261
v 0.700659 0.214423 1.116461
v 0.699597 -0.252390 0.390834
v 0.686777 0.337310 0.362481
v 0.702480 0.077037 1.081264
v 0.702143 -0.313045 0.898320
v 0.691612 0.364187 1.103811
v 0.683500 -0.291915 0.890040
v 0.680971 -0.309260 0.837786
v 0.674815 -0.307643 0.482228
v 0.673311 0.298859 0.427429
v 0.665875 0.329579 0.373823
v 0.675606 0.252875 0.397076
v 0.679488 -0.059956 0.981615
v 0.674251 0.359957 1.057976
v 0.698435 -0.128059 0.730744
v 0.696670 -0.137285 0.465332
v 0.691532 0.280183 0.468033
v 0.695360 0.121027 0.837194
v 0.693997 0.110343 0.494978
v 0.691130 0.263858 0.490498
v 0.696003 0.287957 0.825040
v 0.699776 -0.325572 0.472248
v 0.670017 0.276456 1.102324
v 0.676040 0.082528 1.063865
v 0.702776 -0.103520 0.976317
v 0.701519 0.116764 0.507044
v 0.701328 0.128837 0.496098
v 0.696838 0.254897 0.503497
v 0.698839 0.266802 0.519400
v 0.697150 0.273234 0.817436
v 0.700734 0.262122 0.825410
v 0.702304 0.133934 0.832658
v 0.702476 0.122834 0.822722
v 0.585603 0.767914 0.350925
v 0.714155 -0.331303 0.494688
v 0.685735 -0.331296 0.494692
v 0.685092 -0.330578 0.848909
v 0.685835 -0.359318 0.487906
v 0.684875 -0.358573 0.854952
v 0.685753 -0.304906 0.443603
v 0.714131 -0.305012 0.443434
v 0.686051 -0.326949 0.425053
v 0.714115 -0.253416 0.407722
v 0.714153 -0.264311 0.381992
v 0.686068 -0.280550 0.389732
v 0.556287 0.649657 0.350999
v 0.542178 0.675675 0.335896
v 0.578950 0.653330 0.851698
v 0.553047 0.640389 0.839118
v 0.565133 0.678523 0.851341
v 0.538508 0.666263 0.839273
v 0.553223 0.671226 0.850167
v 0.544142 0.654120 0.865118
v 0.668683 0.469300 1.037742
v 0.645200 0.457510 1.026257
v 0.636033 0.473476 1.047570
v 0.711399 0.354537 1.116086
v 0.684783 0.341054 1.110726
v 0.673750 0.361789 1.130638
v 0.688015 0.331349 1.139798
v 0.714614 0.205752 1.114483
v 0.686802 0.206295 1.109490
v 0.680507 0.203224 1.136882
v 0.715083 0.081931 1.087351
v 0.685620 0.084210 1.082196
v 0.679049 0.072676 1.107939
v 0.689470 -0.077031 0.975565
v 0.717264 -0.093984 0.972305
v 0.684378 -0.079510 1.007091
v 0.685926 -0.139112 0.981572
v 0.715126 -0.305997 0.905809
v 0.688509 -0.302334 0.904075
v 0.684541 -0.266380 0.946910
v 0.685257 -0.326642 0.919610
v 0.714268 -0.330577 0.848911
v 0.598284 0.690587 0.851939
v 0.601069 0.700975 0.312759
v 0.700150 -0.359293 0.487910
v 0.555513 0.691343 0.672171
v 0.550379 0.680099 0.671791
v 0.595641 0.681171 0.864478
v 0.590046 0.714482 0.494746
v -0.375122 0.092473 -2.126141
v 0.748317 -0.194117 -2.125233
v 0.410378 0.108283 -2.121652
v 0.658071 0.056532 -2.208707
v 0.664146 -0.069396 -2.241111
v -0.132227 -0.080299 -2.208754
v -0.161576 0.048445 -2.220100
v -0.161671 -0.069198 -2.220211
v -0.132227 0.056910 -2.208802
v -0.142742 -0.080164 -2.204075
v -0.343986 -0.111013 -2.256758
v 0.361182 -0.095577 -2.260220
v -0.365562 -0.101887 -2.260608
v 0.693404 -0.347031 -2.176925
v 0.767883 -0.210103 -2.128394
v -0.652428 -0.321919 -2.141665
v -0.410377 0.108271 -2.121634
v -0.231787 0.194991 -1.220483
v 0.622566 0.100673 -2.088684
v 0.231787 0.194991 -1.220483
v 0.190817 0.102748 -1.149705
v 0.215666 0.102547 -1.152230
v 0.215697 0.137078 -1.163977
v 0.191705 0.136634 -1.164218
v -0.165593 -0.277733 -2.133149
v 0.433780 -0.232525 -2.133145
v 0.165593 -0.277733 -2.133165
v 0.072714 -0.263532 -2.133139
v -0.429697 -0.232525 -2.123152
v -0.071033 -0.262848 -2.123168
v -0.429378 -0.335615 -2.123207
v 0.429378 -0.335615 -2.123207
v 0.429697 -0.232525 -2.123152
v -0.178284 -0.308444 -2.123206
v -0.083260 -0.284935 -2.128209
v -0.179495 -0.260582 -2.128042
v -0.072714 -0.263532 -2.133139
v -0.175377 -0.306453 -2.133197
v 0.433525 -0.335680 -2.133214
v 0.083260 -0.284935 -2.128209
v 0.164829 -0.284993 -2.123196
v 0.178284 -0.308444 -2.123206
v -0.365126 0.070863 -2.105885
v -0.367231 0.053592 -2.105896
v 0.463129 0.216150 -1.150309
v 0.596837 0.148386 -1.081143
v 0.229433 0.241464 -1.147479
v -0.226058 0.283335 -1.051233
v 0.200460 0.699605 -0.522776
v -0.240695 0.272497 -1.118989
v -0.234025 0.253004 -1.120193
v -0.518088 0.723550 -0.478070
v 0.079905 0.745062 -0.489058
v 0.252749 0.270212 -1.123708
v -0.515013 0.235221 -1.165317
v -0.009071 0.254360 -1.144890
v -0.651948 0.112730 -2.120627
v -0.408466 0.119678 -2.117682
v 0.514873 0.235139 -1.165338
v 0.045783 0.179372 -1.485113
v 0.389420 0.195426 -1.306546
v -0.191709 0.181880 -1.440193
v 0.193540 0.187845 -1.334993
v 0.056606 0.178455 -1.469884
v -0.158729 0.184442 -2.047678
v -0.136702 0.185725 -1.867417
v -0.139594 0.216349 -1.894719
v -0.137804 0.161785 -1.571504
v -0.103355 0.164000 -1.539769
v -0.104383 0.149991 -1.874659
v 0.158901 0.184620 -2.048028
v 0.136443 0.186107 -1.867528
v 0.198334 0.128840 -2.074417
v 0.163834 0.203617 -2.039966
v 0.167875 0.138906 -1.899392
v 0.139083 0.216417 -1.894771
v 0.104742 0.163841 -1.541379
v 0.137460 0.161779 -1.571720
v 0.219478 0.131113 -2.068590
v 0.221371 0.114601 -2.066406
v 0.207187 0.115867 -2.066704
v 0.105641 0.204062 -1.585528
v 0.104158 0.149937 -1.874384
v -0.498597 0.231003 -1.167111
v 0.498335 0.230809 -1.167146
v -0.146324 0.167778 -1.460074
v -0.124327 0.168362 -1.454789
v -0.159839 0.166534 -1.471506
v -0.168696 0.164271 -1.492388
v -0.058881 0.168399 -1.454793
v -0.058400 0.115497 -1.943926
v 0.056052 0.115494 -1.943925
v 0.240004 0.118261 -1.917631
v 0.184814 0.153745 -1.589418
v 0.057577 0.161340 -1.519552
v -0.000090 0.232683 -1.144580
v 0.043156 0.164273 -1.504051
v 0.054837 0.174584 -1.510440
v 0.053605 0.177547 -1.477025
v 0.280818 0.150904 -1.627613
v 0.118880 0.187806 -1.346169
v 0.138601 0.186530 -1.335295
v -0.178762 0.182130 -1.339916
v 0.020012 -0.086584 -2.351514
v 0.020554 -0.133674 -2.351534
v -0.014411 -0.123987 -2.320644
v -0.014546 -0.096221 -2.320796
v -0.691836 -0.242060 -2.174847
v -0.392032 -0.241649 -2.232731
v -0.221385 -0.290926 -2.341135
v -0.216456 -0.288433 -2.350402
v 0.216527 -0.287984 -2.349746
v -0.671565 0.000943 -2.265349
v -0.661389 0.028387 -2.265336
v -0.638899 0.046858 -2.265325
v -0.582595 0.041734 -2.265304
v -0.558989 -0.009480 -2.265334
v -0.569133 -0.036924 -2.265366
v -0.620492 -0.060563 -2.265387
v -0.647927 -0.050404 -2.265366
v -0.666719 -0.027756 -2.266269
v -0.543997 0.034438 -2.265008
v -0.503004 0.052971 -2.264981
v -0.455146 0.055297 -2.265332
v -0.429222 0.052973 -2.265107
v -0.420623 0.042810 -2.264676
v -0.423008 0.017055 -2.264895
v -0.383851 -0.106259 -2.251057
v -0.463242 -0.104221 -2.253112
v -0.580758 -0.133809 -2.251970
v -0.648204 -0.133331 -2.249234
v -0.554228 -0.104112 -2.252917
v -0.692140 0.451188 0.330301
v -0.731952 0.343437 0.333055
v -0.722510 0.335587 0.176189
v -0.683017 0.445075 0.176794
v -0.584062 0.672055 0.149597
v -0.582595 0.670472 -0.008880
v -0.640590 0.561556 0.177398
v -0.582499 0.639400 -0.463629
v -0.587157 0.641247 -0.463830
v -0.620716 0.533936 -0.612973
v -0.681039 0.271794 -0.832088
v -0.685760 0.273333 -0.832692
v -0.724168 0.320435 -0.099333
v -0.583903 0.655035 -0.398760
v -0.588624 0.674122 0.149530
v -0.596248 0.646349 0.178069
v -0.727231 0.337258 0.176055
v -0.658294 0.357533 -0.829469
v -0.454292 0.270386 -1.060738
v -0.557202 0.600214 -0.637953
v -0.595897 0.367384 -0.919519
v -0.608083 0.266230 -1.037302
v -0.608498 0.270034 -1.040526
v -0.535255 0.694353 -0.501703
v -0.535701 0.698399 -0.504658
v 0.000000 0.719290 -0.512582
v -0.513467 0.029772 -2.266977
v -0.506871 0.008594 -2.268499
v -0.500802 0.017634 -2.265444
v -0.497096 0.041633 -2.265488
v -0.537906 0.043483 -2.265030
v -0.509828 0.051215 -2.265376
v -0.529385 0.010113 -2.266977
v -0.494212 0.031207 -2.265218
v -0.523101 0.036015 -2.265162
v -0.518273 0.038467 -2.264958
v -0.520777 0.027769 -2.263994
v -0.502307 0.046324 -2.265399
v -0.538700 0.036303 -2.265433
v -0.460299 0.015462 -2.264541
v -0.422312 0.023592 -2.267262
v -0.442131 0.054513 -2.265425
v -0.448709 0.054480 -2.265338
v -0.464211 0.043470 -2.265494
v -0.449410 0.028279 -2.265318
v -0.444726 0.025857 -2.265040
v -0.436217 0.012777 -2.265356
v -0.438214 0.030125 -2.265266
v -0.428644 0.046330 -2.265433
v -0.436175 0.051210 -2.265340
v -0.465041 0.036305 -2.265318
v -0.442716 0.009069 -2.264703
v -0.449152 0.002659 -2.263322
v -0.430889 0.005548 -2.263773
v -0.414922 0.027496 -2.263792
v -0.455727 0.010113 -2.266977
v -0.446688 0.036696 -2.265303
v -0.428790 0.017720 -2.265227
v -0.658294 -0.028875 -2.264694
v -0.644476 -0.044075 -2.268666
v -0.624671 -0.053306 -2.264694
v -0.610327 -0.053368 -2.264597
v -0.598630 -0.049528 -2.264792
v -0.569771 -0.024829 -2.264694
v -0.565342 -0.011190 -2.264738
v -0.565337 0.003118 -2.264795
v -0.569771 0.016732 -2.264694
v -0.610362 0.045072 -2.264557
v -0.623882 0.044200 -2.265861
v -0.638293 0.040679 -2.264694
v -0.649873 0.032367 -2.264694
v -0.658294 0.020800 -2.264694
v -0.601894 -0.008447 -2.264694
v -0.580674 0.025538 -2.265758
v -0.601364 -0.000294 -2.265389
v -0.621711 0.008355 -2.265139
v -0.604961 -0.069434 -2.263069
v -0.678106 0.004930 -2.266812
v -0.662062 -0.016858 -2.265454
v -0.629305 -0.061932 -2.266820
v -0.592792 -0.052571 -2.268157
v -0.568516 -0.048413 -2.265909
v -0.563926 0.019465 -2.265646
v -0.568164 0.041241 -2.264791
v -0.597930 0.038149 -2.265069
v -0.610173 0.051788 -2.265189
v -0.653763 0.046644 -2.267510
v -0.621303 -0.016078 -2.267945
v -0.577981 -0.034393 -2.265942
v -0.660081 0.005011 -2.264694
v -0.787426 -0.094801 -2.126102
v -0.778268 -0.168028 -2.125507
v -0.692874 -0.151222 -2.256360
v -0.720214 0.116950 -2.128271
v -0.740799 0.094621 -2.121819
v -0.657764 0.114512 -2.125463
v -0.695726 -0.130766 -2.158003
v -0.411157 0.117461 -2.131006
v -0.746154 0.101944 -2.129502
v 0.695826 -0.130852 -2.158309
v -0.684239 0.058648 -2.262714
v -0.717759 0.045647 -2.210895
v -0.703396 0.063174 -2.211118
v -0.681793 -0.071217 -2.262300
v -0.701780 -0.074120 -2.211088
v -0.714690 -0.058278 -2.210122
v -0.337037 -0.073315 -2.210748
v -0.396487 -0.076024 -2.262698
v -0.336957 0.066071 -2.211042
v -0.394665 0.067540 -2.261697
v -0.400118 -0.011488 -2.263048
v -0.544761 0.018590 -2.265298
v -0.539287 0.026455 -2.262921
v -0.513667 0.058563 -2.264985
v -0.466147 0.026253 -2.264184
v -0.488586 0.027506 -2.263609
v -0.496844 0.021605 -2.265584
v -0.504568 0.005527 -2.264283
v -0.522799 0.002616 -2.264063
v -0.471138 0.018605 -2.263666
v -0.474006 0.036787 -2.263620
v -0.491509 0.045571 -2.262262
v -0.417809 0.018581 -2.263755
v -0.348609 -0.077114 -2.208692
v -0.393042 -0.077467 -2.208777
v -0.393040 -0.069334 -2.242615
v -0.393047 0.048419 -2.242245
v -0.393043 0.059655 -2.208801
v -0.348607 0.059393 -2.208714
v -0.142769 0.056655 -2.204037
v -0.161656 0.056808 -2.186482
v -0.137128 -0.069200 -2.241505
v -0.161682 -0.080456 -2.186579
v -0.321589 0.050086 -2.227565
v -0.322328 -0.069169 -2.226344
v -0.343634 -0.069228 -2.241690
v -0.322187 -0.077587 -2.192826
v -0.337397 0.059446 -2.204769
v -0.322205 0.059603 -2.192801
v -0.337404 -0.077455 -2.204878
v -0.749185 0.014760 -2.256653
v -0.404458 -0.151556 -2.257584
v -0.693813 0.054118 -2.235554
v -0.751688 -0.098583 -2.257040
v -0.694069 -0.067366 -2.234445
v -0.715949 0.084767 -2.257981
v 0.703493 0.083679 -2.261210
v 0.692708 0.055748 -2.235344
v -0.645100 -0.105742 -2.253822
v -0.658328 -0.100102 -2.260132
v -0.541095 -0.139408 -2.263716
v -0.500309 -0.101560 -2.262344
v -0.658888 -0.136617 -2.260298
v -0.419515 -0.131715 -2.254845
v -0.495673 -0.131978 -2.248860
v -0.802771 -0.349158 -1.675884
v -0.803038 -0.210146 -1.647813
v -0.693404 -0.347031 -2.176925
v -0.776163 -0.348337 -2.106871
v -0.749751 -0.348924 -2.153285
v -0.713970 -0.173292 -2.120138
v -0.747108 -0.217641 -2.159534
v -0.790786 -0.216321 -1.963279
v -0.714558 -0.165369 -2.102291
v -0.790322 -0.345694 -1.667682
v -0.744052 -0.154936 -2.102552
v -0.784557 -0.211330 -1.962951
v -0.798718 -0.211234 -1.805479
v 0.713970 -0.173271 -2.120126
v -0.789404 -0.336620 -1.817662
v -0.765664 -0.348956 -2.096614
v -0.742186 -0.342224 -2.145662
v -0.742974 -0.229238 -2.154052
v -0.778427 -0.336994 -1.968387
v -0.765033 -0.206928 -2.118170
v 0.725977 -0.177963 -2.110262
v -0.678713 -0.336526 -2.173825
v -0.766582 0.321070 0.305576
v -0.602297 0.705218 0.265437
v -0.608401 0.689247 0.311815
v -0.857973 0.179764 0.269491
v -0.771536 0.306144 0.269917
v -0.856616 -0.096221 0.265545
v -0.788765 0.286660 0.264488
v -0.767348 0.305492 0.264585
v -0.667410 0.560111 0.263818
v -0.714908 0.448242 0.263910
v -0.858673 0.030195 0.264849
v -0.745843 0.342486 0.345039
v -0.616465 0.665043 0.321564
v -0.743520 0.352475 0.334021
v -0.678880 0.357649 0.359144
v -0.651977 0.453129 0.352272
v -0.618148 0.673165 0.263741
v -0.813746 0.176054 0.290933
v -0.837084 0.195854 0.264757
v -0.709458 0.446751 0.296745
v -0.849788 0.156172 0.264747
v -0.709774 -0.219353 0.351498
v -0.702448 0.291296 0.326147
v -0.789332 -0.219690 0.350944
v -0.596815 0.690765 0.317016
v -0.568201 0.672821 0.300397
v -0.668926 0.448914 0.307333
v -0.701500 0.202395 0.359140
v -0.699823 -0.263601 0.379549
v -0.555390 0.684803 0.316940
v -0.660044 0.450756 0.316384
v -0.559601 0.690839 0.316960
v -0.614526 0.678352 0.291437
v -0.752415 0.336336 0.307740
v -0.813877 0.157831 0.326161
v -0.847872 0.177435 0.264773
v -0.700803 -0.212751 0.385359
v -0.684488 0.337597 0.364301
v -0.676016 -0.251116 0.414480
v -0.673311 0.298859 0.427429
v -0.700453 0.258679 0.380841
v -0.782518 -0.062719 0.311269
v -0.764906 -0.020113 0.242339
v -0.794765 0.026443 0.292295
v -0.785909 -0.017440 0.290497
v -0.801276 -0.060457 0.307556
v -0.777138 0.072393 0.241373
v -0.780688 0.026494 0.291976
v -0.776844 -0.061947 0.239690
v -0.779332 0.073054 0.193014
v -0.774318 0.028451 0.192382
v -0.774476 -0.019594 0.191848
v -0.774682 -0.106759 0.317517
v -0.780471 0.067459 0.310802
v -0.775297 0.089500 0.317044
v -0.796528 0.075307 0.309612
v -0.759660 0.065785 0.188329
v -0.769265 -0.058302 0.190151
v -0.825020 0.089823 0.308761
v -0.839391 0.091150 0.349914
v -0.816568 -0.105655 0.315554
v -0.737093 0.106130 0.316922
v -0.739149 0.054077 0.315326
v -0.733938 -0.100063 0.316589
v -0.767865 -0.097268 0.314975
v -0.795163 -0.058611 0.355779
v -0.770134 0.099196 0.314454
v -0.731548 0.134965 0.354486
v -0.765485 0.115620 0.334110
v -0.759929 0.102434 0.334790
v -0.742194 0.114283 0.337404
v -0.733004 0.101448 0.299240
v -0.725469 0.107986 0.290795
v -0.729052 0.077408 0.281086
v -0.717678 0.081860 0.278588
v -0.717086 0.064185 0.283647
v -0.744552 0.024082 0.265522
v -0.743951 0.017585 0.274705
v -0.769614 0.004093 0.241582
v -0.764116 -0.003949 0.245663
v -0.743282 0.010005 0.258809
v -0.778396 -0.007323 0.193198
v -0.751747 0.122924 0.354147
v -0.768131 0.131579 0.352075
v -0.755738 0.121881 0.335517
v -0.741846 0.130119 0.315948
v -0.726841 0.098227 0.271393
v -0.742190 0.123058 0.286191
v -0.741903 0.116447 0.304081
v -0.740832 0.109660 0.276982
v -0.731613 0.087806 0.277846
v -0.740686 0.037665 0.248018
v -0.742334 0.054310 0.255582
v -0.755423 0.031544 0.251613
v -0.738688 0.032899 0.258207
v -0.765120 0.023048 0.224414
v -0.758600 0.014447 0.234778
v -0.777011 0.010757 0.191038
v -0.758632 0.137028 0.353751
v -0.739110 -0.049339 0.316262
v -0.767498 -0.085108 0.193214
v -0.774383 -0.046690 0.241182
v -0.791201 -0.086746 0.188342
v -0.791211 -0.046157 0.188347
v -0.767331 -0.047612 0.193130
v -0.742127 0.093043 0.256030
v -0.767457 0.092170 0.193174
v -0.774374 0.053546 0.241207
v -0.791266 0.093509 0.188363
v -0.779893 0.054241 0.190310
v -0.739024 0.091062 0.316217
v -0.605662 0.672921 0.300488
v -0.781920 0.090992 0.356486
v -0.829547 -0.107938 0.355729
v -0.793491 0.132190 0.359905
v -0.796328 0.093442 0.326355
v -0.796439 0.052885 0.326319
v -0.774357 0.093325 0.242259
v -0.785696 0.223153 -0.873661
v -0.845140 0.106099 -0.872496
v -0.747408 0.261545 -0.653635
v -0.843421 -0.144784 -0.869151
v -0.602736 0.683510 -0.430039
v -0.609726 0.668608 -0.352806
v -0.681737 0.375806 -0.853878
v -0.723074 0.251452 -0.865368
v -0.608085 0.706566 0.255428
v -0.794876 0.290284 0.255286
v -0.706545 0.507192 0.221099
v -0.773166 0.310819 0.259012
v -0.851193 0.165073 -0.053110
v -0.858436 0.128750 -0.030162
v -0.861045 0.134992 0.200561
v -0.858550 0.177377 0.255187
v -0.834206 0.198478 -0.023673
v -0.850940 0.160290 -0.042630
v -0.822807 0.151795 -0.013451
v -0.841753 0.178307 -0.035968
v -0.853747 0.141393 -0.032651
v -0.854130 0.133609 -0.015998
v -0.854270 0.129580 0.000204
v -0.854905 0.138802 0.181154
v -0.822419 0.162786 0.184160
v -0.854293 0.145633 0.196124
v -0.853907 0.154851 0.205467
v -0.851482 0.175390 0.212652
v -0.841780 0.192654 0.204021
v -0.836949 0.200769 0.187373
v -0.833379 0.213178 0.171967
v -0.741139 -0.412644 0.261101
v -0.775719 0.298621 0.260531
v -0.616909 0.641341 -0.522535
v -0.785474 -0.404892 -0.805958
v -0.807391 -0.362361 -0.863794
v -0.601500 0.704301 0.259318
v -0.833331 0.187836 -0.024526
v -0.877723 0.181681 0.014967
v -0.882080 0.158724 0.017209
v -0.878102 0.186907 0.146789
v -0.882037 0.165242 0.158987
v -0.857875 0.182845 0.015328
v -0.829394 0.186977 0.000895
v -0.866093 0.160476 0.019604
v -0.837974 0.139127 0.005527
v -0.866107 0.166625 0.153902
v -0.818477 0.152389 -0.004417
v -0.851086 0.188362 0.197125
v -0.864779 0.149294 0.177672
v -0.830130 0.204441 0.168968
v -0.837669 0.147770 0.172764
v -0.827493 0.195686 0.158931
v -0.819295 0.161800 0.175786
v -0.860466 0.152250 0.167275
v -0.850077 0.193012 0.154948
v -0.755366 0.335811 0.189499
v -0.615744 0.647456 -0.475341
v -0.684574 0.362877 -0.834879
v -0.615676 0.681055 0.194029
v -0.756915 0.296597 -0.370972
v -0.710736 0.270630 -0.838546
v -0.600921 0.668940 0.168590
v -0.717834 0.295960 -0.582437
v -0.696676 0.277677 -0.831331
v -0.694511 0.340897 0.156331
v -0.587502 0.581022 -0.521708
v -0.672069 0.358369 -0.827633
v -0.600782 0.637752 -0.467968
v -0.740335 0.343019 0.171298
v -0.597241 0.662447 -0.350071
v -0.740414 0.337086 0.175572
v -0.682000 0.314072 0.155084
v -0.676201 0.328792 0.150064
v -0.578415 0.655433 0.142383
v -0.587287 0.652669 0.167194
v -0.569881 0.644005 -0.449787
v -0.657796 0.345303 -0.821225
v -0.665632 0.262277 -0.814404
v -0.581208 0.688702 0.155879
v -0.684864 0.332132 0.169841
v -0.583318 0.646582 0.157238
v -0.579883 0.615848 -0.472512
v -0.573179 0.649739 -0.289112
v -0.607033 0.645673 -0.503190
v -0.648534 0.488910 -0.711757
v -0.717797 0.240815 -0.872009
v -0.613096 0.668598 0.209284
v -0.598731 0.691919 0.166149
v -0.788125 -0.399565 0.263564
v -0.789631 -0.382114 -0.819904
v -0.810038 -0.252544 0.229198
v -0.803049 -0.338879 0.151264
v -0.598582 0.690474 -0.197167
v -0.661801 0.557550 0.214143
v -0.808650 0.181478 0.223553
v -0.771893 0.224185 -0.864344
v -0.780208 0.218083 -0.864165
v -0.841047 0.091934 -0.862878
v -0.836744 -0.127459 -0.862393
v -0.789132 -0.361048 0.042785
v -0.709271 -0.006094 0.185187
v -0.708680 0.151063 0.185309
v -0.769943 0.263352 0.203568
v -0.783969 0.191020 0.185022
v -0.779584 0.206816 -0.857125
v -0.709271 0.140733 -0.812413
v -0.708898 0.110905 -0.804934
v -0.709022 -0.236627 -0.802255
v -0.726726 -0.209250 -0.812998
v -0.818788 -0.236657 -0.853038
v -0.789738 -0.362129 -0.827100
v -0.709203 -0.348074 -0.782165
v -0.708822 -0.285181 0.168469
v -0.655979 0.368530 -0.846972
v -0.706365 0.248396 -0.857422
v -0.590745 0.664448 0.203694
v -0.597024 0.657194 -0.461328
v -0.594465 0.683777 -0.197696
v -0.693365 0.210832 -0.857188
v -0.696286 -0.319648 -0.681795
v -0.698302 -0.314000 0.015334
v -0.705199 -0.359824 0.042332
v -0.688549 0.288121 0.121069
v -0.694582 0.189466 0.175237
v -0.693671 0.124299 -0.794716
v -0.691966 0.136809 -0.741198
v -0.699432 -0.334552 -0.787363
v -0.695243 -0.298179 -0.724422
v -0.702669 -0.361122 -0.723230
v -0.700859 -0.324254 0.124684
v -0.703295 -0.260985 0.170927
v -0.581347 0.645996 -0.484568
v -0.579234 0.657888 -0.457602
v -0.577493 0.678131 -0.347309
v -0.677303 0.253859 -0.816121
v -0.675030 0.378314 -0.851853
v -0.695940 0.305770 0.204289
v -0.614930 0.602807 -0.556930
v -0.667404 0.373893 -0.844713
v -0.659245 0.559351 0.207191
v -0.643548 0.486830 -0.704559
v -0.791559 -0.221571 0.185080
v -0.812188 -0.221235 0.206325
v -0.790400 -0.285276 0.168642
v -0.675649 -0.265446 0.065500
v -0.673895 -0.302499 -0.672367
v -0.668083 0.137491 -0.721175
v -0.662564 0.237804 -0.784015
v -0.667460 0.210174 -0.697191
v -0.677890 -0.205179 0.091510
v -0.677128 -0.297185 0.005550
v -0.670407 -0.275686 -0.711014
v -0.692726 -0.156892 -0.122675
v -0.691394 -0.149496 -0.657713
v -0.668185 0.281193 0.099445
v -0.687381 0.231237 -0.112080
v -0.689270 0.023826 -0.629389
v -0.688839 0.178930 -0.635282
v -0.687880 0.207463 -0.128451
v -0.690210 0.041143 -0.120809
v -0.695875 -0.259127 0.097933
v -0.692711 0.032195 -0.617529
v -0.694629 0.152608 -0.629358
v -0.694692 0.169672 -0.619621
v -0.693512 0.178204 -0.603706
v -0.691459 0.196263 -0.138623
v -0.696766 0.057655 -0.123776
v -0.696894 0.046506 -0.133781
v -0.800109 -0.018899 -0.842719
v -0.740882 0.033788 -0.851244
v -0.730123 0.059651 -0.817139
v -0.778194 -0.180878 -0.849431
v -0.772317 0.026932 -0.854775
v -0.799281 -0.202422 -0.843222
v -0.802466 0.038431 -0.843346
v -0.976754 0.296534 -0.740262
v -0.817280 0.297456 -0.800466
v -0.978600 0.266339 -0.742393
v -0.742616 -0.121567 -0.852649
v -0.743369 -0.156760 -0.852465
v -0.747303 -0.156460 -0.928323
v -0.747719 -0.120884 -0.927816
v -0.811371 -0.158067 -1.019483
v -0.810952 -0.119440 -1.019775
v -0.799921 -0.118786 -0.842455
v -0.826815 -0.118302 -1.008264
v -0.826739 -0.158982 -1.008323
v -0.799687 -0.158771 -0.842405
v -0.778171 -0.118944 -0.935806
v -0.777663 -0.158460 -0.935379
v -0.742682 -0.016153 -0.852512
v -0.744139 -0.017556 -0.914666
v -0.748001 0.018757 -0.929706
v -0.810941 -0.018206 -1.019783
v -0.778338 -0.018729 -0.935879
v -0.826861 -0.019290 -1.008235
v -0.799928 0.021068 -0.842488
v -0.742916 0.018785 -0.852513
v -0.818600 0.022038 -1.014369
v -0.783826 -0.129995 -0.857520
v -0.783762 -0.090306 -0.876741
v -0.783519 -0.046499 -0.875261
v -0.780956 -0.090387 -0.961920
v -0.809450 -0.128657 -1.000843
v -0.808613 -0.005705 -1.001449
v -0.767465 -0.005908 -0.938506
v -0.767880 -0.092750 -0.934660
v -0.767069 -0.128227 -0.938803
v -0.781196 -0.043671 -0.963096
v -0.798405 -0.045848 -0.876617
v -0.798489 -0.088150 -0.876770
v -0.800662 -0.135988 -0.858982
v -0.819907 -0.000534 -0.992759
v -0.820431 -0.133654 -0.992372
v -0.788287 -0.091929 -0.949747
v -0.779660 0.000901 -0.935582
v -0.779437 -0.135261 -0.935157
v -0.793587 -0.046144 -0.956152
v -0.781140 -0.175505 -0.854225
v -0.783920 -0.004784 -0.858041
v -0.817222 -0.173851 -0.854672
v -0.775691 -0.174095 -0.838802
v -0.779904 0.013158 -0.853929
v -0.834466 0.019970 -0.847401
v -0.825494 0.014807 -0.860810
v -0.824292 -0.179504 -0.839271
v -0.785179 0.022477 -0.840341
v -0.785144 -0.183588 -0.840222
v -0.775687 0.012884 -0.838803
v -0.800435 0.001828 -0.859558
v -0.776397 -0.044478 -0.931635
v -0.763365 0.030093 -0.833984
v -0.746057 0.040832 -0.831455
v -0.735431 0.031802 -0.883717
v -0.767630 0.043106 -0.834303
v -0.743470 0.032260 -0.865261
v -0.733196 0.036205 -0.865185
v -0.721088 0.009500 -0.890241
v -0.732465 0.002838 -0.886917
v -0.720424 -0.008547 -0.885348
v -0.747366 -0.047738 -0.903455
v -0.747015 -0.055415 -0.894796
v -0.740478 -0.053159 -0.904148
v -0.793324 -0.077533 -0.933187
v -0.783452 -0.084843 -0.925845
v -0.773031 -0.078902 -0.931691
v -0.825298 -0.088167 -0.974575
v -0.753208 0.062206 -0.821658
v -0.769580 0.059054 -0.824729
v -0.756200 0.045684 -0.821904
v -0.760076 0.049589 -0.833633
v -0.740181 0.037850 -0.894481
v -0.751513 0.047745 -0.873763
v -0.748772 0.047425 -0.847459
v -0.737713 0.042634 -0.877488
v -0.736713 0.008224 -0.892749
v -0.726852 0.004564 -0.902805
v -0.753700 -0.033839 -0.914278
v -0.746400 -0.039307 -0.908510
v -0.742070 -0.036052 -0.919539
v -0.819977 -0.074353 -0.963066
v -0.780696 -0.067484 -0.934829
v -0.817728 -0.075012 -0.971477
v -0.746257 0.059896 -0.861213
v -0.843249 0.358102 -0.733847
v -1.039992 0.249537 -0.663050
v -0.846731 0.248411 -0.732552
v -0.843793 0.299844 -0.772786
v -1.039940 0.358321 -0.666965
v -1.039588 0.249781 -0.608939
v -1.041092 0.357297 -0.609823
v -0.845465 0.358002 -0.668376
v -1.033670 0.257602 -0.606610
v -0.845129 0.250169 -0.667430
v -0.865175 0.259583 -0.660804
v -0.867177 0.347226 -0.660988
v -1.034539 0.350688 -0.604571
v -0.788719 0.249622 -0.810933
v -0.774023 0.284747 -0.743177
v -0.789723 0.249980 -0.729266
v -0.765703 0.276112 -0.816092
v -0.842230 0.295417 -0.684505
v -0.773609 0.238069 -0.806876
v -0.775146 0.242293 -0.742324
v -0.745179 0.248510 -0.757785
v -0.754347 0.265498 -0.753085
v -0.741279 0.244578 -0.822716
v -0.789458 0.291138 -0.809166
v -0.793287 0.293239 -0.735338
v -0.823502 0.264211 -0.798698
v -0.803401 0.260813 -0.806353
v -0.807698 0.258210 -0.718437
v -0.820763 0.261012 -0.707610
v -0.814894 0.296277 -0.715859
v -0.830568 0.193271 -0.008217
v -0.669077 0.364705 -0.849733
v -0.778435 0.020856 -0.937179
v -0.684155 0.215960 -1.158991
v -0.652967 0.110233 -2.116021
v -0.622566 0.100673 -2.088684
v -0.647767 0.108355 -2.121367
v -0.679253 0.232080 -1.091158
v -0.683304 0.222140 -1.116608
v -0.661588 0.231067 -1.099215
v -0.651882 0.199996 -1.181073
v -0.667882 -0.090227 -2.094568
v -0.649209 -0.090636 -1.782487
v -0.622778 -0.090774 -2.069928
v -0.633605 -0.233036 -1.774288
v -0.583576 -0.232994 -2.097984
v -0.661354 -0.232868 -2.092715
v -0.462873 0.215648 -1.148320
v -0.643513 0.217357 -1.142325
v -0.621024 0.220597 -1.122945
v -0.610638 0.187816 -1.128533
v -0.548940 -0.311161 -2.153089
v -0.567761 -0.311161 -2.150604
v -0.567506 -0.278901 -2.151209
v -0.632264 -0.311161 -2.142344
v -0.651117 -0.311161 -2.139927
v -0.650830 -0.278901 -2.140532
v -0.456807 -0.238278 -2.103512
v -0.456605 -0.334873 -2.102620
v -0.433780 -0.232525 -2.133145
v -0.164829 -0.284993 -2.123196
v -0.294699 -0.289306 -2.128290
v -0.279311 -0.309400 -2.128035
v -0.072146 -0.306128 -2.127523
v -0.282551 -0.261826 -2.128149
v -0.433525 -0.335680 -2.133213
v -0.661901 0.095502 -2.105165
v -0.411659 0.101163 -2.105925
v -0.415814 0.083945 -2.105787
v -0.462616 -0.254220 -2.134333
v -0.596534 -0.019385 -1.721533
v -0.619492 0.112054 -1.120427
v -0.452601 0.020888 -1.120436
v -0.333494 -0.027483 -1.084022
v -0.460866 0.186732 -1.151904
v -0.596837 0.148386 -1.081143
v 0.000000 0.218763 -1.171794
v -0.624682 0.118100 -2.090836
v -0.625266 -0.025895 -1.766905
v -0.636423 0.178126 -1.324941
v -0.365781 -0.051671 -1.132379
v -0.717130 0.057966 -2.105296
v -0.767633 -0.336106 -2.100902
v -0.745329 -0.342328 -2.122013
v -0.795604 -0.344580 -1.675316
v -0.784571 -0.348771 -1.817750
v -0.744006 -0.226558 -2.124494
v -0.677063 0.080112 -2.105975
v -0.689045 0.061120 -2.076783
v -0.713537 -0.241391 -2.129131
v -0.690547 -0.017761 -2.076223
v -0.626122 -0.222702 -1.831916
v -0.599251 -0.202195 -1.788796
v -0.660327 -0.201202 -1.830131
v -0.462800 -0.304602 -2.133947
v -0.659205 -0.223254 -2.115552
v -0.489459 -0.253849 -2.161053
v -0.503063 -0.223012 -2.134152
v -0.488792 -0.339659 -2.158255
v -0.656900 -0.063606 -1.779956
v -0.684551 -0.068919 -2.076283
v -0.645057 0.095376 -2.109785
v -0.619548 0.084239 -2.101924
v -0.742683 -0.159813 -2.100368
v -0.711060 -0.183193 -2.100002
v 0.333494 -0.027483 -1.084022
v -0.731040 -0.454274 -0.942830
v -0.695657 -0.469523 -0.439527
v -0.496672 0.755091 -0.316821
v -0.499497 0.739862 -0.427159
v -0.600368 0.674520 -0.464060
v -0.637217 0.630817 -0.579127
v -0.674584 0.374534 -0.868958
v -0.595449 0.704573 0.870553
v -0.620395 0.677363 -0.502876
v -0.602895 0.758066 0.474493
v -0.607015 0.717132 -0.396203
v -0.596593 0.698594 -0.327929
v -0.850934 0.101789 -0.886159
v -0.794837 0.042773 -1.908842
v -0.783883 0.023576 -2.121229
v -0.817169 0.052113 -1.726209
v -0.809082 0.025807 -1.893146
v -0.807437 -0.351447 -0.875072
v -0.841078 -0.171789 -0.880273
v -0.845526 0.010841 -1.225282
v -0.834089 -0.033069 -1.519356
v -0.847242 -0.083087 -1.034832
v -0.845174 -0.133776 -1.592891
v -0.824117 -0.106101 -1.605795
v -0.824843 -0.204137 -1.632349
v -0.860568 -0.122200 -1.069363
v -0.872920 -0.067115 -1.153043
v -0.872120 -0.039001 -1.405252
v -0.806155 -0.361489 -0.973912
v -0.837177 -0.218520 -1.000474
v -0.836999 0.011350 -1.410086
v -0.780577 -0.201383 -2.120157
v -0.862281 -0.066827 -1.493806
v -0.815026 -0.204031 -1.655650
v -0.772697 -0.067330 -2.101959
v -0.765292 0.023003 -2.119385
v -0.773202 -0.087242 -2.121512
v -0.744634 -0.161167 -2.116139
v -0.767235 -0.210243 -2.105948
v -0.879177 -0.032325 -1.259909
v -0.837732 0.097375 -1.082568
v -0.832280 0.083962 -1.290791
v -0.815601 0.070594 -1.498908
v -0.824584 0.070441 -1.498896
v -0.770766 -0.208540 -2.115747
v -0.766139 0.027845 -2.115787
v -0.686356 0.241543 -1.073052
v -0.229341 0.235502 -1.142661
v -0.664671 0.243715 -1.104344
v -0.183562 0.718564 -0.521676
v -0.570887 0.496091 -0.783605
v -0.593582 0.290051 -1.026908
v -0.579314 0.286839 -1.023229
v -0.580455 0.280845 -1.014752
v -0.650134 0.280287 -1.057478
v -0.581207 0.649583 -0.604421
v -0.572976 0.713399 -0.501419
v -0.456333 0.736677 -0.501006
v -0.549740 0.716586 -0.506282
v -0.532926 0.696965 -0.516754
v -0.619599 0.275076 -1.078463
v -0.602164 0.447967 -0.857272
v -0.780832 0.236256 -0.887087
v -0.739711 0.113092 -2.115452
v -0.847992 0.119001 -0.883322
v -0.783415 0.034467 -2.117008
v -0.697900 0.230046 -1.102180
v -0.716213 0.244523 -0.882415
v -0.770350 0.048327 -2.119771
v -0.742760 0.100620 -2.120969
v -0.719736 0.113889 -2.120605
v -0.758386 0.035639 -2.117020
v -0.726732 0.095443 -2.119270
v -0.728016 0.093849 -2.105977
v -0.670311 0.159600 -1.725619
v -0.802995 0.054811 -1.729831
v -0.833841 0.109486 -0.884735
v -0.762285 0.028269 -2.104481
v -0.776847 0.222805 -0.879377
v -0.659959 0.117974 -2.114942
v -0.734490 -0.480718 -0.947916
v -0.773026 -0.421164 -0.782237
v -0.792487 -0.391477 -0.847671
v -0.771054 -0.403822 -0.807514
v -0.721992 -0.481019 -0.945238
v -0.715132 -0.471299 -0.913421
v -0.581200 0.728229 -0.452595
v -0.542229 0.285020 -1.081673
v -0.519506 0.283946 -1.105553
v -0.503907 0.295789 -1.077243
v -0.499216 0.277521 -1.090613
v -0.520880 0.268232 -1.101779
v -0.539107 0.271218 -1.096051
v -0.531448 0.296847 -1.066825
v -0.494743 0.260636 -1.067311
v -0.511332 0.248159 -1.081625
v -0.532974 0.248709 -1.081062
v -0.546014 0.268696 -1.058821
v -0.732584 0.023733 -0.858500
v -0.735143 -0.170278 -0.854071
v -0.596895 0.716693 0.261202
v -0.607177 0.652004 -0.512276
v -0.619736 0.607734 -0.560299
v -0.601263 0.663813 -0.462226
v -0.673829 0.367482 -0.855721
v -0.603158 0.689557 0.200871
v -0.790745 -0.378196 0.038337
v -0.812585 -0.220293 0.325440
v -0.792173 -0.379800 0.053496
v -0.600134 0.695303 -0.002508
v -0.596702 0.683759 -0.350815
v -0.734065 0.381314 0.210637
v -0.665048 0.559644 0.293312
v -0.806486 0.197321 0.325572
v -0.806108 0.193133 0.206212
v -0.747586 0.347817 0.304201
v -0.780773 0.198310 0.349227
v -0.788525 0.159249 0.348682
v -0.709268 0.160542 0.349385
v -0.722565 0.236598 -0.864248
v -0.828546 0.128221 -0.863582
v -0.807545 -0.333830 -0.860390
v -0.803776 -0.348415 -0.857407
v -0.709255 -0.375187 0.042731
v -0.708969 -0.376597 -0.731272
v -0.791446 0.152278 0.185187
v -0.677106 0.234247 -0.857984
v -0.773227 0.218505 -0.857237
v -0.821687 0.128639 -0.856598
v -0.722656 0.059707 -0.813352
v -0.722027 -0.199258 -0.811083
v -0.802072 -0.326972 -0.853009
v -0.709345 -0.311249 -0.801221
v -0.797384 -0.348416 -0.849990
v -0.787077 -0.376764 -0.818255
v -0.709255 -0.329264 0.133219
v -0.789270 -0.329916 0.133412
v -0.709166 0.199724 0.349526
v -0.706593 0.338658 0.307674
v -0.705377 0.448534 0.304033
v -0.568276 0.630826 -0.517616
v -0.602512 0.640089 -0.500240
v -0.629758 0.369362 -0.848291
v -0.567222 0.673910 0.208124
v -0.558574 0.691513 0.189421
v -0.596021 0.688626 -0.002966
v -0.592726 0.678006 -0.350638
v -0.708310 0.333422 0.204524
v -0.722895 0.229823 -0.857850
v -0.700617 -0.362423 -0.713234
v -0.708993 0.189807 0.185275
v -0.700354 -0.334577 -0.760688
v -0.709773 -0.358557 0.039579
v -0.703076 -0.269320 0.148011
v -0.702803 -0.326296 0.103318
v -0.699263 0.193617 0.372559
v -0.563833 0.660812 0.316885
v -0.807482 -0.293976 0.185750
v -0.710061 -0.221870 0.185020
v -0.812829 0.153808 0.206200
v -0.713173 0.247681 -0.864432
v -0.765140 0.224048 -0.857050
v -0.834115 0.092342 -0.855611
v -0.810798 0.049246 -0.847023
v -0.769450 0.024379 -0.864465
v -0.802260 -0.196540 -0.846556
v -0.764373 -0.160676 -0.864095
v -0.720396 0.073130 -0.810512
v -0.755474 0.124300 0.347159
v -0.787828 0.127508 0.346602
v -0.770524 -0.122383 0.290506
v -0.809024 -0.094953 0.232765
v -0.756562 -0.127687 0.348011
v -0.810545 0.125854 0.322473
v -0.807038 0.093486 0.235095
v -0.769243 0.119965 0.290993
v -0.713951 -0.361584 -0.714139
v -0.687573 -0.334161 -0.705805
v -0.713017 -0.302426 -0.752108
v -0.713418 -0.333666 -0.706601
v -0.713863 -0.334565 -0.760702
v -0.687512 -0.302324 -0.749185
v -0.713826 -0.283539 -0.785020
v -0.700216 -0.283551 -0.784787
v -0.687750 -0.334576 -0.760699
v -0.688077 -0.283536 -0.784866
v -0.713312 0.131769 -0.788203
v -0.686691 0.112368 -0.785420
v -0.685749 0.126036 -0.759154
v -0.692596 0.225746 -0.841566
v -0.713598 0.129907 -0.759841
v -0.662858 0.221249 -0.816028
v -0.683709 0.140191 -0.793896
v -0.687579 0.232927 -0.817817
v -0.660463 0.223614 -0.843772
v -0.647130 0.348596 -0.805073
v -0.676700 0.235457 -0.847449
v -0.640302 0.366194 -0.834680
v -0.627332 0.362653 -0.835322
v -0.650455 0.245479 -0.845514
v -0.621221 0.342555 -0.806598
v -0.618620 0.353699 -0.836118
v -0.615517 0.365322 -0.828860
v -0.590714 0.584346 -0.521917
v -0.566531 0.651440 -0.473432
v -0.550418 0.611622 -0.470168
v -0.575470 0.630850 -0.441812
v -0.544582 0.631067 -0.487120
v -0.573407 0.640693 -0.395476
v -0.544358 0.637487 -0.365759
v -0.539925 0.647839 -0.450735
v -0.561026 0.677225 -0.337890
v -0.535977 0.665642 -0.349531
v -0.575531 0.657510 -0.008936
v -0.550641 0.647504 0.154012
v -0.574425 0.679013 0.178054
v -0.556387 0.684158 0.166183
v -0.566871 0.660920 0.185863
v -0.541003 0.677594 0.168680
v -0.709780 0.344724 0.162335
v -0.554259 0.655829 0.187945
v -0.597724 0.556342 0.187534
v -0.715637 0.330467 0.181186
v -0.710298 0.209568 0.130002
v -0.715191 0.206816 0.157276
v -0.701960 0.206526 0.159726
v -0.700325 0.330678 0.183858
v -0.682964 0.208952 0.134492
v -0.677366 0.310372 0.181118
v -0.688308 0.206243 0.162226
v -0.716706 -0.267253 0.147335
v -0.682634 -0.259301 0.124598
v -0.711553 -0.256560 0.120640
v -0.689369 -0.220205 0.158557
v -0.711786 -0.302343 0.084475
v -0.716855 -0.324359 0.101884
v -0.684052 -0.306321 0.087529
v -0.687288 -0.284295 0.143545
v -0.682757 -0.334909 0.033327
v -0.689380 -0.328310 0.104966
v -0.711273 -0.329713 0.032017
v -0.686954 -0.362102 0.040066
v -0.713927 -0.253416 0.407733
v -0.685655 -0.254189 0.408807
v -0.713905 0.206214 0.398729
v -0.713701 0.195707 0.372782
v -0.685214 0.206203 0.399299
v -0.685067 0.160787 0.374822
v -0.713215 0.342253 0.344045
v -0.684889 0.201292 0.371062
v -0.698999 0.330880 0.326860
v -0.680720 0.347351 0.325064
v -0.682187 0.348649 0.352910
v -0.577535 0.667417 0.315674
v -0.561100 0.688994 0.335750
v -0.554144 0.655749 0.317260
v -0.686079 0.318171 0.330503
v -0.673495 0.341923 0.184004
v -0.669118 0.202980 -0.836167
v -0.699478 0.126222 -0.787176
v -0.774438 -0.084686 0.224828
v -0.746526 -0.101065 0.260720
v -0.772596 0.079504 0.223150
v -0.638405 0.183088 -1.177700
v -0.548685 -0.278901 -2.153693
v -0.632008 -0.278901 -2.142949
v -0.675678 0.225299 -1.103048
v -0.684748 -0.199802 -2.086673
v -0.841445 0.089061 -0.878542
v -0.772725 0.027984 -2.106598
v -0.519653 0.677466 -0.516865
v -0.511446 0.278730 -1.046651
v -0.687655 -0.362372 -0.713021
v -0.668879 0.339488 0.156902
v -0.685506 -0.217528 0.374622
v -0.712593 0.341736 0.324658
v -0.627719 0.612645 -0.607413
v -0.634021 0.625472 -0.616350
v -0.632591 0.631446 -0.608763
v -0.626290 0.618620 -0.599826
v -0.710013 0.299321 -1.133809
v -0.713032 0.271594 -1.142601
v -0.708365 0.299450 -1.132929
v -0.650041 0.318377 -1.005415
v -0.651924 0.317612 -1.008496
v -0.692418 0.312417 -1.092116
v -0.650838 0.321080 -1.002181
v -0.624865 0.492101 -0.813462
v -0.623018 0.499253 -0.803784
v -0.645484 0.498475 -0.806916
v -0.615229 0.476719 -0.802949
v -0.613546 0.484194 -0.793402
v -0.613918 0.480626 -0.798882
v -0.590907 0.623930 -0.617284
v -0.627250 0.612432 -0.608012
v -0.613417 0.643532 -0.628504
v -0.631853 0.628992 -0.612174
v -0.627133 0.618905 -0.598814
v -0.673546 0.240539 -1.106150
v -0.679262 0.241271 -1.093233
v -0.383991 0.193351 -1.308271
v -0.398872 0.196083 -1.303909
v -0.521212 0.228335 -1.186848
v -0.504977 0.226483 -1.215310
v -0.661520 0.235904 -1.100611
v -0.680420 0.229701 -1.092241
v 0.651849 0.112120 -2.120737
v -0.343815 0.182054 -1.414728
v -0.360805 0.185298 -1.385039
v -0.306869 0.179279 -1.432347
v -0.294920 0.189700 -1.333478
v -0.335665 0.188564 -1.345378
v -0.184503 0.191125 -1.341827
v -0.200548 0.128719 -2.074661
v -0.164949 0.202370 -2.041013
v -0.168081 0.138901 -1.899379
v -0.112092 0.203193 -1.588937
v -0.218417 0.130129 -2.068611
v -0.219116 0.113636 -2.068369
v -0.207404 0.115867 -2.066704
v -0.498539 0.230487 -1.189363
v -0.492836 0.232695 -1.178891
v -0.532798 0.118232 -1.918029
v -0.528641 0.116698 -1.932229
v -0.522228 0.115991 -1.938667
v -0.508357 0.115569 -1.942514
v -0.428288 0.115541 -1.942510
v -0.411243 0.115992 -1.938300
v -0.401592 0.116910 -1.929796
v -0.394865 0.118715 -1.913136
v -0.547483 0.170539 -1.435751
v -0.325241 0.165489 -1.481522
v -0.327330 0.167185 -1.465860
v -0.333388 0.167964 -1.458724
v -0.348470 0.168467 -1.454131
v -0.443642 0.168500 -1.454135
v -0.468542 0.169471 -1.445298
v -0.505641 0.172708 -1.415527
v -0.527513 0.173450 -1.408753
v -0.539629 0.172822 -1.414586
v -0.240221 0.118242 -1.917629
v -0.238320 0.116611 -1.932687
v -0.232701 0.115877 -1.939507
v -0.218601 0.115408 -1.943916
v -0.683509 0.214419 -1.154912
v -0.648959 0.198178 -1.186795
v -0.622641 0.100010 -2.089221
v -0.190269 0.170343 -1.447801
v -0.358128 0.184281 -1.368904
v -0.326858 0.182618 -1.328695
v -0.358379 0.174507 -1.407984
v -0.419562 -0.153944 -2.273837
v -0.240713 -0.154110 -2.273779
v -0.240713 -0.153985 -2.238705
v -0.419556 -0.153774 -2.238380
v -0.491004 -0.153928 -2.216160
v -0.491004 -0.154053 -2.251234
v -0.686668 -0.241854 -2.218042
v -0.691266 0.076514 -2.206787
v -0.691626 0.085686 -2.175060
v -0.686177 0.078244 -2.213980
v -0.499328 -0.156220 -2.267482
v -0.437107 -0.241597 -2.252006
v -0.240482 -0.157264 -2.268894
v -0.261159 -0.190158 -2.269334
v -0.494027 -0.152925 -2.252409
v -0.439026 -0.241410 -2.254298
v -0.240103 -0.157534 -2.239446
v -0.239785 -0.157652 -2.275565
v -0.261360 -0.190223 -2.231137
v -0.420011 -0.239624 -2.261628
v -0.438486 -0.241471 -2.216727
v -0.419524 -0.239727 -2.222877
v -0.437176 -0.242249 -2.215287
v -0.492346 -0.154612 -2.215953
v -0.693563 0.089010 -2.172400
v -0.691655 0.076931 -2.206953
v -0.004217 0.087420 -2.249597
v -0.385023 0.087332 -2.242460
v -0.363641 0.080424 -2.172506
v -0.384824 0.086002 -2.230794
v 0.379992 0.083513 -2.172729
v -0.403141 0.105323 -2.169998
v -0.685917 0.078596 -2.213417
v -0.379795 -0.247061 -2.231315
v -0.694637 -0.246283 -2.212540
v -0.692364 -0.236038 -2.204943
v -0.305559 -0.091125 -2.332900
v -0.343293 -0.090546 -2.329934
v -0.364634 -0.090938 -2.337538
v -0.354232 -0.092388 -2.318427
v -0.354107 -0.126458 -2.318506
v -0.362039 -0.109713 -2.329229
v -0.204484 -0.123914 -2.320460
v -0.204068 -0.095870 -2.320401
v -0.728885 -0.483427 -0.052110
v -0.740304 0.362495 0.526888
v -0.768367 -0.414007 -0.004596
v -0.571909 0.650415 0.723957
v -0.787446 -0.405886 0.000963
v -0.856188 0.188331 0.407679
v -0.499649 0.757594 0.797317
v -0.491629 0.762352 0.800574
v -0.612261 0.680751 0.744721
v -0.856295 -0.095557 0.213370
v -0.612642 0.682928 0.746211
v -0.857857 -0.019943 0.265125
v -0.803551 -0.381364 0.017747
v -0.767702 0.327647 0.503036
v -0.617048 0.703484 0.760281
v 0.227202 0.772338 0.807409
v -0.722431 -0.483578 -0.052214
v -0.491221 0.758559 0.797977
v -0.724743 0.364546 0.528291
v -0.781695 0.314304 0.493903
v 0.184476 0.772030 0.807198
v -0.857660 -0.041712 0.250225
v -0.742278 0.354282 0.521267
v -0.809193 0.266736 0.461345
v -0.860489 -0.016030 0.267803
v -0.750653 -0.450245 -0.029399
v -0.602283 0.736315 0.782752
v -0.764393 0.336767 0.509278
v -0.617274 0.702773 0.759794
v -0.855167 -0.134602 0.186646
v -0.581772 0.750527 0.792480
v -0.787474 0.308446 0.489894
v -0.857273 0.180330 0.402204
v -0.852502 -0.150067 0.176060
v -0.857131 -0.023359 0.262787
v -0.808514 -0.371991 0.024162
v -0.856829 -0.069892 0.230937
v -0.748842 0.351512 0.519370
v -0.861108 -0.013379 0.269617
v -0.802554 0.277754 0.468886
v -0.563540 0.644489 0.719901
v -0.859833 -0.014427 0.268900
v -0.788195 0.301490 0.485133
v -0.767108 -0.422483 -0.010397
v -0.607002 0.669056 0.736716
v -0.617916 0.700374 0.758152
v -0.678888 0.367316 0.530188
v 0.723987 0.364156 0.527603
v 0.857324 -0.026863 0.258281
v 0.561482 0.643966 0.720328
v 0.759309 0.346796 0.515646
v 0.493697 0.764564 0.803391
v 0.799281 0.280481 0.469970
v 0.597536 0.737776 0.784940
v 0.857722 0.180536 0.401131
v 0.612126 0.688345 0.750894
v 0.742415 0.355547 0.521673
v 0.597849 0.699057 0.758272
v 0.811648 -0.362090 0.027387
v 0.722429 -0.483566 -0.056282
v 0.767152 -0.422486 -0.014211
v 0.738839 0.362564 0.526506
v 0.745234 0.355447 0.521605
v 0.856823 0.188528 0.406636
v 0.853546 -0.150192 0.173336
v 0.608050 0.669466 0.737891
v 0.571070 0.649929 0.724435
v 0.857198 -0.094305 0.211830
v 0.510026 0.762807 0.802181
v 0.776939 -0.406530 -0.003221
v 0.854366 -0.022581 0.261230
v 0.728924 -0.483404 -0.056170
v 0.792365 0.292035 0.477928
v 0.573979 0.752919 0.795371
v 0.602552 0.727363 0.777768
v 0.772153 0.322343 0.498803
v 0.856236 -0.135584 0.183398
v 0.613695 0.691804 0.753276
v 0.859491 -0.031508 0.255082
v 0.861444 -0.010390 0.269627
v 0.788092 -0.404605 -0.001896
v 0.768454 -0.414023 -0.008382
v 0.764432 0.334637 0.507271
v 0.611725 0.693824 0.754668
v 0.805674 -0.373625 0.019442
v 0.859977 -0.011547 0.268831
v 0.750781 -0.450107 -0.033236
v 0.678473 0.366494 0.529214
v 0.859420 -0.015515 0.266098
v -0.568858 0.745615 0.793097
v -0.455185 0.757611 0.800556
v -0.462097 0.761174 0.800749
v 0.493004 0.763926 0.803372
v 0.465098 0.756145 0.803407
v 0.455044 0.750455 0.803291
v -0.694626 -0.466703 -0.054195
v -0.700694 -0.471505 -0.053791
v -0.700572 -0.470201 -0.053769
v -0.714028 -0.471578 -0.052638
v -0.718812 -0.478413 -0.052397
v 0.700637 -0.471483 -0.058150
v 0.717579 -0.476636 -0.056698
v 0.714033 -0.471577 -0.057002
v 0.694638 -0.466736 -0.058664
vn -0.2497 -0.6998 -0.6693
vn -0.2448 -0.6873 -0.6838
vn -0.3476 -0.9362 0.0522
vn 0.8754 -0.4533 -0.1682
vn 0.9142 -0.4010 -0.0590
vn 0.7351 -0.4645 -0.4937
vn 0.3989 0.9167 0.0246
vn 0.4553 0.7740 -0.4400
vn 0.7664 0.5831 -0.2694
vn 0.9972 0.0612 -0.0429
vn 0.9950 -0.0488 0.0871
vn 0.8999 -0.1956 0.3898
vn 0.9409 -0.3386 0.0025
vn 0.6368 -0.7708 -0.0160
vn 0.6341 -0.7075 0.3121
vn 0.9287 0.1434 -0.3421
vn -0.0658 0.9301 -0.3613
vn -0.2065 0.9781 0.0259
vn 0.9877 -0.1253 0.0937
vn 0.9749 -0.2214 -0.0232
vn 0.4751 -0.0987 -0.8744
vn -0.1623 0.1107 -0.9805
vn 0.6414 -0.0253 -0.7668
vn -0.1636 0.3137 -0.9353
vn 0.2269 0.9717 0.0652
vn 0.2370 0.9664 0.0991
vn 0.0226 0.9993 0.0312
vn -0.9142 -0.3301 0.2353
vn -0.9772 -0.2120 -0.0126
vn -0.9495 0.3122 0.0322
vn 0.8826 0.4701 0.0045
vn -0.0014 0.9721 0.2346
vn 0.7656 0.4825 0.4254
vn -0.0066 0.7764 0.6302
vn 0.8862 0.4508 0.1069
vn 0.9231 0.1458 0.3557
vn 0.8672 0.0831 0.4909
vn 0.9481 -0.1953 0.2508
vn 0.9375 -0.1268 0.3242
vn 0.9959 -0.0215 0.0877
vn 0.8650 -0.0638 0.4977
vn 0.8159 -0.0747 0.5734
vn 0.8916 -0.1668 -0.4210
vn 0.9816 0.0338 0.1882
vn 0.9841 0.1250 0.1265
vn 0.5033 0.8528 -0.1392
vn 0.9700 0.1333 -0.2033
vn 0.5999 0.0942 -0.7945
vn 0.5752 -0.3729 -0.7281
vn 0.9883 -0.1378 -0.0660
vn 0.9185 -0.3028 0.2544
vn 0.8984 -0.2762 0.3416
vn 0.9133 0.2502 -0.3215
vn 0.8790 0.1628 -0.4482
vn 0.9985 0.0445 -0.0312
vn 0.8166 -0.5762 0.0352
vn 0.5914 -0.7557 0.2815
vn -0.8781 -0.3239 -0.3521
vn -0.9247 0.2871 0.2499
vn 0.9584 -0.1016 -0.2669
vn 0.9960 0.0887 0.0132
vn 0.7102 0.4619 -0.5313
vn -0.0987 0.2996 -0.9489
vn 0.4286 0.1025 0.8977
vn 0.9395 -0.3083 0.1491
vn -0.0216 0.9995 0.0249
vn -0.8432 0.5375 -0.0116
vn -0.7960 0.6023 -0.0603
vn 0.7618 0.6283 -0.1578
vn -0.0207 0.9733 -0.2288
vn -0.1411 0.6696 -0.7292
vn 0.9940 0.0777 -0.0771
vn 0.9980 -0.0627 0.0040
vn 0.9824 0.0293 -0.1843
vn 0.9608 0.0521 -0.2721
vn 0.5524 0.8335 0.0127
vn 0.9445 0.3277 0.0250
vn 0.9421 -0.3342 0.0269
vn 0.7552 0.6427 0.1288
vn -0.7395 0.6137 -0.2765
vn -0.9718 0.2357 -0.0024
vn -0.8243 0.5649 -0.0382
vn 0.3549 0.9341 0.0384
vn -0.7889 -0.6143 -0.0154
vn -0.9745 -0.2239 -0.0116
vn 0.9267 -0.3746 0.0294
vn 0.9996 0.0103 0.0255
vn 0.9088 -0.4120 0.0658
vn 0.9163 -0.3971 0.0513
vn 0.8102 0.3075 -0.4990
vn -0.2236 -0.2603 -0.9393
vn 0.4307 -0.8624 -0.2660
vn 0.6284 0.0656 -0.7752
vn 0.4217 -0.6846 -0.5946
vn 0.9033 -0.4255 -0.0542
vn 0.9187 -0.3798 -0.1080
vn -0.3126 -0.5392 -0.7820
vn 0.9881 0.0525 -0.1448
vn 0.9905 0.0535 -0.1271
vn -0.2186 -0.6097 0.7619
vn 0.9737 0.2273 -0.0128
vn 0.9264 -0.3761 0.0212
vn 0.9792 -0.1761 0.1006
vn 0.7654 0.6255 0.1511
vn 0.8709 -0.4909 -0.0227
vn 0.8744 -0.4839 -0.0366
vn 0.8855 0.0652 0.4600
vn 0.9995 -0.0305 0.0061
vn 0.9995 -0.0318 0.0011
vn 0.9996 -0.0105 0.0255
vn 0.9954 -0.0141 0.0948
vn 0.9995 -0.0203 0.0261
vn 0.9955 -0.0470 0.0818
vn -0.8605 0.5087 0.0290
vn -0.5098 0.8595 -0.0362
vn -0.7844 0.5187 0.3402
vn 0.9872 0.0533 -0.1506
vn -0.9094 0.4157 -0.0140
vn -0.8503 0.5259 -0.0213
vn 0.9999 -0.0034 -0.0105
vn 1.0000 -0.0028 -0.0009
vn 1.0000 -0.0028 -0.0016
vn 1.0000 -0.0017 -0.0004
vn 0.1610 0.9814 -0.1049
vn -0.9618 0.2733 0.0154
vn 0.8782 -0.0986 -0.4681
vn 0.8753 -0.4831 -0.0212
vn -0.8322 0.2377 -0.5010
vn -0.6574 0.0102 -0.7535
vn -0.9954 0.0959 0.0048
vn -0.2861 0.9261 -0.2460
vn 0.9180 -0.0685 -0.3907
vn 0.0616 0.5350 -0.8426
vn 0.0586 0.3895 -0.9192
vn 0.1929 -0.2615 -0.9457
vn -0.1259 -0.3912 -0.9117
vn 0.2464 -0.6912 -0.6793
vn -0.0043 -0.0271 -0.9996
vn 0.2481 -0.6958 -0.6740
vn 0.2483 -0.6433 0.7243
vn 0.3292 -0.9429 0.0511
vn 0.2503 -0.6494 0.7181
vn 0.0214 0.0024 0.9998
vn -0.3792 0.8489 0.3683
vn -0.7016 0.7125 -0.0080
vn -0.3772 0.8447 0.3797
vn -0.3509 0.8396 -0.4146
vn -0.6978 0.7063 -0.1192
vn -0.3506 0.8385 -0.4172
vn -0.3055 0.7245 -0.6178
vn 0.1439 -0.7115 -0.6878
vn -0.2639 0.5420 -0.7979
vn 0.1394 -0.7018 -0.6986
vn -0.1835 0.4362 0.8809
vn 0.6580 0.3910 0.6436
vn 0.5106 0.7364 -0.4438
vn 0.6732 0.3862 0.6306
vn 0.7634 -0.4640 -0.4494
vn 0.7647 -0.4631 -0.4482
vn 0.0974 -0.6495 -0.7541
vn 0.9792 -0.0830 0.1853
vn 0.3550 0.4488 -0.8201
vn 0.4489 -0.4700 -0.7601
vn 0.0900 0.3384 -0.9367
vn -0.7789 -0.3008 0.5502
vn -0.8953 -0.4368 0.0875
vn -0.8469 -0.1750 0.5021
vn 0.7354 0.6772 0.0225
vn 0.8940 0.1758 -0.4121
vn 0.8928 0.4504 -0.0027
vn 0.7588 -0.4719 0.4489
vn 0.6338 -0.2181 -0.7421
vn 0.8686 -0.0332 0.4944
vn -0.2734 0.9594 0.0690
vn -0.2445 0.9308 0.2716
vn -0.0382 0.9584 -0.2827
vn -0.1783 -0.0652 0.9818
vn 0.3219 0.5418 -0.7764
vn 0.1892 0.9468 -0.2602
vn 0.5558 0.6259 -0.5470
vn 0.3085 0.8910 -0.3330
vn 0.6201 -0.5300 -0.5784
vn 0.3976 -0.8343 -0.3819
vn 0.3264 -0.5153 -0.7924
vn 0.2220 -0.9271 -0.3021
vn 0.4944 0.2768 0.8240
vn 0.2948 -0.2906 -0.9103
vn 0.4300 0.4849 0.7615
vn -0.0763 -0.0922 -0.9928
vn -0.0749 0.0514 -0.9959
vn -0.9813 0.1067 -0.1602
vn -0.9640 0.2421 0.1102
vn -0.9989 0.0398 0.0233
vn 0.5188 -0.1712 0.8376
vn 0.6999 -0.2399 -0.6728
vn 0.5650 0.1540 0.8106
vn -0.3128 0.9274 -0.2050
vn 0.4215 0.7320 -0.5353
vn -0.4466 0.7124 -0.5414
vn -0.2159 0.2103 -0.9535
vn -0.7312 -0.6275 -0.2675
vn -0.6242 -0.7803 -0.0382
vn 0.7401 0.0330 0.6717
vn 0.2339 -0.3757 0.8967
vn -0.1989 0.9798 -0.0198
vn 0.1272 -0.0175 -0.9917
vn 0.1273 -0.0175 -0.9917
vn 0.0415 0.2268 -0.9730
vn 0.0027 0.0108 -0.9999
vn -0.0707 0.7816 -0.6198
vn 0.0585 0.2794 -0.9584
vn -0.3055 0.3297 -0.8933
vn 0.9205 0.3440 -0.1852
vn 0.7889 -0.5870 0.1816
vn 0.8097 0.3165 -0.4942
vn 0.9688 -0.2158 0.1221
vn -0.1134 -0.8957 0.4299
vn 0.4416 -0.2351 -0.8659
vn 0.5366 -0.6257 -0.5662
vn 0.6709 -0.0751 -0.7377
vn 0.9386 0.1995 0.2816
vn 0.9569 -0.0030 -0.2903
vn 0.7238 0.5307 -0.4409
vn 0.9205 0.3845 -0.0701
vn 0.9215 0.0818 -0.3797
vn 0.3409 0.0044 0.9401
vn -0.4188 -0.0118 0.9080
vn -0.1342 -0.9409 -0.3111
vn 0.6589 -0.7522 -0.0012
vn -0.7535 -0.3629 -0.5482
vn -0.1305 0.0003 -0.9914
vn 0.3428 0.8403 0.4200
vn -0.8600 0.0518 -0.5077
vn 0.1432 -0.3750 0.9159
vn 0.6963 0.7158 0.0530
vn -0.1778 0.4756 0.8615
vn -0.0628 0.4741 -0.8782
vn -0.5937 0.1427 0.7919
vn 0.2572 0.9093 -0.3272
vn 0.9795 0.2009 0.0143
vn 0.7424 -0.5965 -0.3049
vn 0.7963 0.5942 0.1134
vn -0.3639 0.9311 -0.0251
vn -0.7904 0.0293 0.6119
vn 0.3691 0.9294 0.0024
vn -0.8189 0.3028 -0.4876
vn 0.0719 0.3617 -0.9295
vn -0.9802 0.1915 0.0496
vn -0.9502 -0.1849 -0.2507
vn -0.9711 0.2356 0.0387
vn 0.1433 -0.6713 -0.7272
vn -0.5098 -0.1121 0.8530
vn -0.9947 0.0955 -0.0385
vn -0.9467 0.1067 -0.3039
vn -0.5459 -0.0955 0.8324
vn -0.4580 -0.3439 0.8197
vn -0.1761 -0.1659 0.9703
vn -0.5283 0.0595 -0.8470
vn -0.0085 0.3630 0.9317
vn -0.0182 -0.5239 0.8516
vn -0.1351 -0.9347 0.3287
vn -0.8484 0.0596 -0.5259
vn -0.8121 0.0003 -0.5835
vn 0.9236 0.1344 0.3591
vn 0.9618 0.2662 0.0641
vn 0.9742 0.1863 0.1272
vn 0.5580 0.8246 0.0937
vn 0.7880 -0.5978 -0.1473
vn 0.7887 0.5966 -0.1481
vn 0.7533 0.0946 0.6508
vn 0.9255 -0.0076 0.3786
vn -0.3153 -0.1858 -0.9306
vn -0.7710 0.6062 0.1952
vn 0.9555 0.2945 -0.0178
vn 0.9920 -0.1259 0.0124
vn -0.4236 -0.7655 -0.4843
vn -0.8808 0.4201 0.2186
vn 0.9837 -0.1270 -0.1271
vn -0.9405 -0.1825 0.2866
vn -0.9174 -0.3291 0.2238
vn -0.5768 -0.1566 0.8017
vn 0.6045 0.7926 0.0804
vn -0.5234 -0.6619 -0.5366
vn 0.4062 0.7909 -0.4577
vn -0.7385 0.6333 0.2313
vn -0.8171 0.5384 0.2061
vn 0.8033 -0.5955 -0.0034
vn 0.6840 0.1316 0.7175
vn -0.6412 0.0472 0.7660
vn -0.6648 0.1310 0.7355
vn -0.1274 0.7711 -0.6238
vn -0.1596 0.1538 -0.9751
vn 0.9677 0.2460 -0.0560
vn 0.7790 0.2273 -0.5843
vn -0.1283 -0.7652 0.6308
vn -0.8020 -0.5393 0.2569
vn 0.9026 0.1543 0.4019
vn 0.9911 0.0764 0.1087
vn 0.9930 -0.1110 0.0414
vn 0.7093 0.6743 -0.2054
vn 0.7714 0.6071 0.1907
vn -0.8683 0.4837 -0.1095
vn -0.2922 0.5089 0.8097
vn -0.4514 0.0054 0.8923
vn -0.2914 -0.2289 0.9288
vn 0.1681 -0.8734 0.4571
vn -0.8775 -0.3519 -0.3258
vn -0.8521 0.1099 -0.5116
vn 0.8550 0.4986 0.1429
vn 0.0735 0.6947 -0.7156
vn 0.2125 0.3735 -0.9030
vn 0.2342 -0.1827 -0.9549
vn -0.1115 -0.9937 -0.0080
vn -0.2529 -0.0921 -0.9631
vn -0.1687 -0.4587 -0.8724
vn 0.3219 -0.9461 0.0347
vn -0.9004 -0.4071 -0.1533
vn 0.3901 -0.9208 0.0039
vn 0.6690 -0.4064 0.6223
vn 0.5022 -0.8647 0.0071
vn 0.3668 0.2644 -0.8919
vn 0.3033 0.1769 -0.9363
vn -0.4191 -0.5205 0.7439
vn -0.7238 0.6897 0.0207
vn -0.9163 -0.2421 0.3191
vn 0.7154 0.0717 -0.6950
vn 0.6314 0.0680 -0.7725
vn 0.9199 0.2958 0.2575
vn 0.7968 0.2770 0.5370
vn 0.9604 0.2781 -0.0172
vn 0.5562 0.8282 -0.0690
vn -0.9517 0.2957 -0.0823
vn -0.8917 0.4508 -0.0397
vn 0.3299 0.0737 -0.9411
vn 0.7775 0.4914 0.3925
vn 0.9746 -0.0415 0.2200
vn 0.8267 -0.0857 0.5560
vn -0.7620 -0.0922 0.6410
vn -0.9747 -0.2210 -0.0336
vn -0.6481 0.1352 0.7494
vn 0.0172 0.0011 0.9999
vn 0.1678 0.4915 -0.8546
vn 0.4691 -0.0522 -0.8816
vn -0.9093 -0.1980 -0.3661
vn -0.8829 0.3603 0.3012
vn -0.8952 0.3617 -0.2604
vn -0.9197 0.0424 0.3903
vn 0.9410 -0.0670 0.3316
vn 0.6914 0.3533 0.6303
vn 0.4715 0.2280 0.8519
vn 0.5161 0.5883 -0.6225
vn -0.7595 0.0535 -0.6483
vn 0.7460 0.4338 -0.5053
vn 0.7692 0.5591 -0.3094
vn -0.5825 -0.4011 -0.7070
vn 0.8602 0.2500 -0.4445
vn -0.6427 -0.0825 0.7617
vn 0.6500 0.0092 -0.7599
vn 0.8766 0.0403 -0.4795
vn 0.7936 -0.0052 -0.6084
vn 0.0566 -0.9491 -0.3099
vn -0.7924 0.1373 -0.5943
vn -0.9584 -0.1577 -0.2381
vn -0.9128 -0.3235 -0.2493
vn -0.3447 0.8455 -0.4079
vn -0.6128 0.4517 -0.6484
vn -0.9189 0.3943 -0.0098
vn 0.7261 0.6870 0.0272
vn 0.8876 0.4532 0.0821
vn 0.6876 0.5608 0.4612
vn 0.8540 -0.4299 0.2931
vn 0.7119 0.1866 0.6770
vn 0.8762 0.4774 0.0654
vn -0.8558 -0.3435 -0.3869
vn 0.0590 0.4367 -0.8977
vn 0.1558 -0.0017 -0.9878
vn -0.8844 0.4442 -0.1436
vn 0.5993 0.7968 -0.0764
vn -0.8796 -0.1993 -0.4319
vn -0.5087 -0.1590 -0.8462
vn 0.6397 0.4590 0.6166
vn -0.1971 -0.7801 0.5938
vn 0.5981 -0.5259 0.6048
vn 0.0437 0.9356 -0.3502
vn -0.9682 -0.0798 -0.2369
vn 0.0308 0.9995 0.0070
vn -0.4975 -0.3094 -0.8104
vn -0.5841 -0.3004 -0.7541
vn -0.3019 -0.2486 -0.9204
vn -0.8726 -0.2099 -0.4410
vn 0.6392 -0.4104 -0.6503
vn 0.0009 -0.6416 0.7670
vn 0.4331 -0.6505 -0.6239
vn -0.7387 0.0927 0.6676
vn -0.5360 0.6236 -0.5692
vn -0.0943 -0.0255 -0.9952
vn 0.8694 -0.0234 -0.4935
vn -0.5260 -0.2088 -0.8244
vn -0.5472 -0.2999 -0.7814
vn -0.9243 -0.0696 -0.3752
vn -0.6431 -0.2277 -0.7312
vn 0.0325 -0.0419 -0.9986
vn -0.9104 -0.1454 -0.3874
vn -0.8263 0.1190 0.5506
vn 0.9513 -0.0145 -0.3080
vn -0.7912 -0.2838 0.5417
vn 0.5330 0.6832 -0.4992
vn -0.8065 -0.2913 -0.5146
vn 0.0104 -0.8473 -0.5309
vn 0.0356 -0.2682 -0.9627
vn 0.7495 0.6465 0.1425
vn 0.7781 0.0108 -0.6280
vn 0.7727 -0.1495 -0.6169
vn 0.2128 0.4795 -0.8513
vn -0.4773 0.2294 -0.8483
vn 0.7236 -0.6902 -0.0089
vn 0.4528 -0.8446 -0.2857
vn -0.9368 -0.3322 -0.1099
vn -0.8873 0.1900 0.4202
vn -0.6629 0.5539 -0.5038
vn 0.8429 0.0984 0.5289
vn 0.4159 0.6833 -0.6001
vn -0.5653 0.1361 -0.8136
vn 0.3415 -0.2390 -0.9090
vn 0.0926 -0.9842 -0.1512
vn 0.6930 0.1914 -0.6951
vn 0.9176 0.0909 0.3869
vn 0.1615 -0.0628 -0.9849
vn -0.0846 -0.9964 -0.0042
vn -0.6634 -0.2744 -0.6962
vn 0.9793 0.1896 0.0714
vn 0.8619 0.2609 0.4349
vn 0.9133 0.2918 -0.2840
vn 0.8136 0.3394 -0.4720
vn 0.9436 0.0398 -0.3287
vn 0.8428 0.4748 -0.2536
vn 0.9085 0.4038 0.1079
vn 0.9051 0.3341 0.2630
vn 0.6740 0.6985 0.2403
vn 0.8377 0.4094 0.3615
vn 0.9512 0.2867 0.1144
vn 0.8871 0.3515 0.2991
vn 0.9294 0.3384 0.1470
vn 0.9832 -0.0163 -0.1819
vn 0.7591 0.5993 0.2540
vn -0.1872 0.8936 0.4081
vn -0.3744 0.9114 -0.1707
vn 0.6137 0.7409 -0.2728
vn -0.0395 0.8044 -0.5927
vn 0.9080 0.0785 0.4115
vn 0.5731 0.6085 -0.5489
vn 0.4141 0.6217 -0.6649
vn -0.4789 -0.3954 -0.7838
vn 0.4189 0.9053 -0.0701
vn -0.4293 0.1492 -0.8908
vn 0.5205 0.7562 0.3965
vn -0.8605 0.3245 0.3927
vn 0.7130 0.6599 -0.2372
vn 0.8714 -0.4873 -0.0565
vn 0.0662 -0.7041 -0.7070
vn 0.8966 -0.4184 0.1454
vn 0.7196 0.6870 0.1010
vn 0.6835 0.5934 0.4250
vn -0.4336 0.7835 0.4452
vn -0.4421 -0.6406 0.6278
vn -0.4618 -0.7938 -0.3958
vn -0.9884 0.1393 0.0597
vn 0.9332 0.3577 -0.0356
vn 0.8131 0.5556 0.1735
vn -0.0000 0.5889 0.8082
vn 0.6602 -0.2198 0.7182
vn 0.6077 -0.6981 0.3786
vn -0.5650 -0.4225 0.7087
vn 0.4690 0.5975 0.6504
vn 0.5419 0.6701 -0.5073
vn 0.1011 -0.4599 0.8822
vn 0.2045 -0.4145 0.8868
vn -0.5808 0.5846 -0.5664
vn -0.2998 0.7223 -0.6233
vn -0.5969 0.4528 -0.6624
vn -0.7996 0.3237 -0.5058
vn 0.1214 -0.9579 0.2602
vn 0.8269 -0.5151 0.2254
vn -0.0159 -0.8486 0.5288
vn -0.7467 -0.3674 0.5545
vn -0.9489 0.2369 -0.2087
vn -0.7893 -0.3597 0.4976
vn -0.8305 0.3602 -0.4250
vn 0.2983 -0.7128 -0.6347
vn -0.4704 -0.0243 -0.8821
vn 0.3947 0.0494 -0.9175
vn -0.4360 -0.3383 -0.8339
vn 0.1724 0.9632 0.2062
vn -0.2997 -0.6592 -0.6897
vn -0.8043 -0.4093 -0.4307
vn -0.8129 -0.0561 0.5797
vn -0.7674 -0.4522 0.4546
vn -0.9651 -0.0574 0.2555
vn -0.9455 -0.1662 0.2798
vn -0.8778 -0.3681 0.3067
vn -0.9040 -0.4136 0.1083
vn -0.8727 -0.4782 0.0984
vn 0.3092 -0.2565 0.9158
vn 0.7357 0.0028 0.6773
vn 0.5138 -0.8277 0.2256
vn -0.0682 0.8104 0.5819
vn 0.1168 0.8095 -0.5755
vn -0.9826 0.0408 0.1811
vn -0.9901 -0.1147 0.0811
vn -0.8764 -0.1691 -0.4510
vn -0.9058 -0.1095 -0.4092
vn -0.5696 -0.2854 -0.7707
vn -0.6610 -0.7489 -0.0474
vn -0.7939 -0.3652 -0.4862
vn 0.7985 0.1352 0.5867
vn -0.5369 -0.6138 0.5788
vn -0.6739 -0.6026 0.4276
vn 0.2757 -0.6274 -0.7283
vn -0.9499 0.1585 0.2693
vn -0.6788 0.6100 -0.4089
vn -0.9707 0.0022 -0.2403
vn -0.0991 -0.3234 -0.9411
vn -0.4672 0.6561 0.5926
vn -0.9803 -0.1132 0.1618
vn -0.9796 0.1974 0.0382
vn -0.5168 -0.4743 -0.7127
vn 0.2916 -0.2774 -0.9154
vn 0.6964 0.6357 0.3331
vn -0.8858 0.0315 0.4629
vn -0.9976 0.0084 0.0690
vn 0.2037 0.6199 -0.7578
vn 0.8674 -0.4391 -0.2341
vn 0.8859 0.2877 0.3639
vn -0.1333 -0.7542 0.6430
vn 0.7218 0.1851 -0.6670
vn 0.7125 -0.6523 -0.2586
vn 0.4695 -0.4999 -0.7278
vn 0.6864 0.6436 -0.3386
vn -0.2704 -0.9578 -0.0971
vn -0.3718 0.5722 -0.7310
vn -0.0393 0.7243 -0.6884
vn 0.4677 -0.5559 -0.6872
vn 0.6875 -0.7254 0.0341
vn 0.4135 -0.9072 0.0774
vn 0.4748 -0.8656 0.1591
vn -0.2614 0.6140 -0.7448
vn -0.9045 0.1295 0.4064
vn -0.8017 0.3837 0.4583
vn -0.4780 0.3544 -0.8037
vn 0.1076 -0.9472 -0.3019
vn -0.6111 -0.0259 -0.7911
vn 0.5564 -0.5532 -0.6201
vn -0.4626 -0.5758 -0.6742
vn -0.5636 -0.5424 -0.6230
vn 0.4763 0.8770 -0.0628
vn 0.8933 -0.0134 0.4492
vn 0.6806 0.5891 0.4355
vn -0.5839 -0.6021 0.5445
vn -0.8399 0.2777 -0.4663
vn 0.0323 0.2158 0.9759
vn -0.9681 -0.1826 -0.1714
vn -0.2727 -0.1876 0.9436
vn -0.1706 0.0157 -0.9852
vn -0.7482 -0.0097 0.6634
vn -0.9355 -0.2901 0.2018
vn 0.7825 0.6169 -0.0846
vn 0.9539 0.2311 -0.1914
vn 0.8436 0.4870 0.2262
vn 0.9379 0.2893 0.1914
vn 0.8980 -0.3515 0.2647
vn 0.6027 0.4546 0.6558
vn -0.9427 -0.2742 0.1902
vn 0.8884 -0.4048 0.2165
vn 0.0883 -0.2709 -0.9586
vn 0.2630 -0.1415 -0.9544
vn -0.4038 -0.6881 -0.6029
vn -0.1629 -0.2330 -0.9587
vn -0.3659 -0.5368 -0.7603
vn -0.5906 0.7192 0.3661
vn -0.4321 0.8596 -0.2727
vn -0.8779 0.0134 -0.4787
vn -0.9971 -0.0626 -0.0433
vn -0.5202 0.0440 -0.8529
vn 0.9060 0.3340 -0.2600
vn 0.9497 0.2762 -0.1474
vn 0.0084 0.3628 0.9318
vn 0.3241 0.8705 -0.3703
vn 0.3963 0.7233 -0.5655
vn 0.4348 0.7451 -0.5058
vn 0.0427 0.8757 -0.4809
vn 0.6126 0.6509 -0.4484
vn -0.2511 -0.4204 0.8719
vn -0.4943 -0.5069 0.7062
vn -0.0756 0.8132 0.5770
vn -0.7583 -0.3062 0.5755
vn -0.3311 -0.9177 -0.2194
vn -0.9683 0.2500 -0.0018
vn -0.2017 -0.9491 -0.2418
vn -0.6342 -0.6552 0.4106
vn -0.7847 0.5927 0.1817
vn -0.9892 -0.1384 0.0490
vn 0.9297 -0.2693 0.2512
vn -0.9445 0.1164 -0.3071
vn 0.5874 0.5461 -0.5973
vn -0.9839 -0.0734 0.1627
vn -0.9580 -0.1806 0.2228
vn -0.1489 0.5564 -0.8175
vn -0.7188 0.6503 -0.2459
vn -0.2438 -0.9522 0.1843
vn -0.0896 -0.9618 0.2588
vn 0.0967 -0.9776 0.1870
vn 0.5709 0.8082 0.1444
vn 0.8918 -0.2921 -0.3456
vn 0.9217 -0.3597 -0.1452
vn -0.1480 -0.9232 0.3548
vn 0.1883 -0.9807 -0.0526
vn -0.5595 0.3770 0.7381
vn -0.5604 -0.8258 0.0631
vn 0.1508 0.3404 -0.9281
vn -0.2030 0.1180 -0.9720
vn -0.7679 -0.0478 -0.6388
vn 0.9303 0.3555 -0.0908
vn -0.6635 -0.2695 -0.6980
vn -0.8066 -0.3239 0.4944
vn -0.6925 0.2951 -0.6583
vn -0.8233 -0.3427 -0.4526
vn -0.4392 0.6147 0.6552
vn 0.7325 0.5470 -0.4052
vn 0.8784 -0.3596 0.3147
vn 0.8826 -0.3811 -0.2753
vn 0.2034 -0.9770 -0.0633
vn 0.2000 -0.9769 -0.0754
vn 0.3425 -0.9380 0.0529
vn -0.0911 0.6772 -0.7302
vn -0.9422 0.0059 -0.3349
vn -0.7100 -0.0288 -0.7036
vn 0.3934 0.0189 -0.9192
vn 0.1499 -0.8434 0.5160
vn -0.3345 0.6013 0.7256
vn 0.4158 0.8329 0.3652
vn 0.3438 0.8894 -0.3013
vn 0.1477 0.2706 -0.9513
vn -0.1996 0.9309 -0.3061
vn 0.5733 0.1560 -0.8044
vn -0.7575 -0.3164 -0.5711
vn -0.9074 -0.3038 -0.2906
vn -0.9137 0.3203 -0.2502
vn 0.9391 -0.3164 -0.1342
vn 0.8632 0.2260 -0.4515
vn -0.8893 0.0643 0.4528
vn -1.0000 -0.0006 -0.0039
vn -0.7377 -0.6340 -0.2321
vn 0.7721 -0.4674 -0.4306
vn 0.3267 0.0708 0.9425
vn 0.7826 -0.3715 0.4995
vn -0.2912 -0.9414 0.1702
vn -0.9052 0.3979 -0.1493
vn -0.9472 -0.2354 -0.2179
vn -0.9977 0.0614 -0.0299
vn 0.8177 -0.5282 0.2291
vn 0.5018 0.5300 -0.6836
vn 0.8248 0.4403 -0.3548
vn -0.6891 0.3279 -0.6462
vn 0.7674 0.3421 0.5423
vn -0.7084 -0.4621 0.5335
vn -0.0556 0.3486 0.9356
vn -0.0271 0.3668 0.9299
vn -0.0982 0.3204 0.9422
vn -0.2790 0.9384 0.2040
vn -0.9470 0.2607 -0.1878
vn 0.0405 0.9680 -0.2477
vn -0.9924 -0.0277 -0.1199
vn -0.9974 -0.0238 -0.0685
vn -0.9947 -0.0098 -0.1024
vn -0.5523 0.8295 -0.0834
vn -0.6774 0.6458 -0.3522
vn -0.9930 0.1154 -0.0247
vn -0.6172 0.6425 0.4542
vn 0.8795 -0.4732 0.0501
vn 0.8130 -0.5821 -0.0150
vn 0.9609 -0.2769 0.0069
vn -0.9620 -0.1098 -0.2501
vn -0.9508 0.2669 0.1572
vn -0.5376 -0.1701 0.8259
vn 0.2726 0.9615 0.0360
vn -0.1768 0.4536 -0.8735
vn -0.4301 0.1976 -0.8809
vn -0.2912 0.4828 -0.8259
vn 0.4254 0.3258 -0.8443
vn -0.3557 0.7062 -0.6122
vn 0.5515 0.5148 -0.6564
vn 0.1187 0.9837 0.1349
vn -0.1536 0.6102 -0.7772
vn -0.3770 0.5160 -0.7692
vn -0.6800 0.6967 0.2284
vn -0.5533 -0.5453 -0.6297
vn -0.6582 -0.5002 -0.5627
vn -0.6564 0.6781 -0.3306
vn 0.4879 -0.4886 -0.7233
vn 0.6808 -0.6659 -0.3050
vn 0.9333 -0.3485 -0.0869
vn 0.2183 -0.3569 0.9083
vn 0.8612 0.4928 0.1242
vn 0.6758 -0.6724 0.3019
vn 0.9840 0.0817 0.1583
vn 0.9751 0.1382 0.1735
vn 0.8856 -0.3065 0.3489
vn 0.3759 -0.6299 0.6797
vn 0.0150 -0.5982 0.8012
vn 0.3799 -0.8952 0.2328
vn 0.3413 -0.6212 -0.7054
vn 0.3603 0.6325 -0.6856
vn -0.1238 0.7891 0.6017
vn -0.4896 0.7978 -0.3518
vn -0.6947 0.5178 -0.4993
vn -0.6861 -0.7243 -0.0685
vn -0.8927 0.0720 -0.4448
vn -0.8634 0.0092 -0.5045
vn -0.1692 0.2635 -0.9497
vn -0.7973 0.2540 -0.5476
vn -0.4482 0.7933 -0.4120
vn -0.1070 -0.5245 -0.8446
vn -0.1907 -0.6080 -0.7707
vn -0.0667 -0.8266 0.5588
vn -0.2863 -0.1353 -0.9485
vn -0.6357 0.7374 -0.2285
vn -0.4086 0.6989 -0.5870
vn -0.6266 -0.7781 -0.0445
vn -0.7951 -0.4442 -0.4129
vn -0.7492 -0.6111 -0.2555
vn -0.1957 -0.6081 -0.7694
vn -0.8035 0.5933 -0.0479
vn -0.9961 -0.0117 -0.0873
vn -0.9797 -0.1600 -0.1208
vn -0.4507 -0.7919 -0.4119
vn -0.4440 -0.2061 -0.8720
vn 0.5023 0.7603 -0.4118
vn 0.7857 0.6128 -0.0847
vn 0.0428 -0.6549 -0.7545
vn -0.2962 0.1851 -0.9370
vn -0.0086 -0.6385 -0.7696
vn -0.1003 0.9949 -0.0079
vn 0.9975 -0.0627 -0.0324
vn -0.6809 0.2714 -0.6802
vn -0.3901 -0.0124 -0.9207
vn -0.2135 -0.9769 -0.0063
vn -0.1861 -0.9825 -0.0052
vn -0.6093 0.7886 -0.0826
vn -0.5413 -0.8328 -0.1160
vn -0.9556 0.1991 0.2173
vn 0.7227 0.0990 0.6841
vn -0.6984 -0.0153 -0.7155
vn -0.1594 -0.0294 -0.9868
vn 0.2255 -0.4652 -0.8560
vn -0.1746 0.7475 0.6409
vn 0.1954 0.6700 -0.7162
vn -0.0070 0.8661 -0.4999
vn 0.0279 -0.0182 -0.9994
vn 0.8851 -0.1700 0.4332
vn 0.9290 -0.2225 0.2956
vn 0.7297 -0.2121 0.6500
vn -0.7080 0.4256 -0.5635
vn 0.9643 0.1477 -0.2198
vn -0.6792 -0.7338 0.0148
vn -0.9462 -0.3124 -0.0847
vn 0.6829 0.3345 -0.6494
vn 1.0000 0.0042 -0.0085
vn 0.9205 0.0008 -0.3907
vn 0.5752 -0.1000 -0.8119
vn 0.8920 0.0273 -0.4511
vn -0.2612 -0.3117 -0.9136
vn -0.1689 -0.2934 -0.9410
vn 0.1769 0.7387 -0.6504
vn -0.5010 0.7453 0.4399
vn -0.4943 0.7317 0.4693
vn -0.8563 -0.1238 -0.5014
vn -0.9503 -0.3068 0.0527
vn -0.9974 -0.0612 0.0372
vn 0.5785 0.6524 0.4897
vn -0.3516 0.1785 0.9190
vn 0.0844 0.2376 0.9677
vn 0.8261 -0.0600 0.5603
vn 0.8419 -0.0594 0.5363
vn 0.5557 0.0853 -0.8270
vn -0.7175 -0.0863 -0.6912
vn 0.7142 0.2377 -0.6584
vn 0.8871 0.1890 -0.4212
vn 0.7871 -0.0634 -0.6136
vn -0.6496 0.6372 0.4148
vn -0.0181 0.2701 -0.9626
vn -0.0140 -0.3693 -0.9292
vn 0.5370 -0.2963 0.7898
vn -0.6206 0.5726 -0.5357
vn -0.6804 0.2299 -0.6958
vn -0.4309 0.0227 0.9021
vn 0.2396 -0.9570 0.1635
vn -0.7729 0.6170 -0.1479
vn -0.4868 0.0520 -0.8719
vn -0.5470 0.7059 -0.4500
vn 0.8366 0.2508 0.4870
vn 0.5460 -0.7934 0.2691
vn -0.5530 -0.7726 0.3121
vn 0.8968 -0.2699 0.3506
vn 0.8683 0.1444 0.4746
vn 0.8212 0.2109 0.5303
vn 0.1751 -0.6052 -0.7765
vn 0.8738 0.4339 0.2194
vn 0.8177 0.5729 0.0573
vn 0.7793 0.4562 0.4297
vn 0.5560 0.5340 0.6369
vn -0.4700 -0.0477 -0.8814
vn 0.6113 -0.3752 -0.6968
vn 0.9793 -0.1989 -0.0387
vn 0.2876 -0.9577 0.0053
vn 0.9820 0.1677 -0.0865
vn 0.9155 -0.3894 0.1010
vn 0.9136 0.0942 0.3954
vn -0.6453 -0.5368 -0.5436
vn -0.7432 0.3050 -0.5955
vn 0.9477 -0.3177 -0.0305
vn -0.9077 -0.4133 -0.0728
vn 0.4408 0.3249 -0.8367
vn 0.8548 0.3486 -0.3844
vn 0.0337 0.9173 -0.3968
vn 0.0728 0.6317 -0.7718
vn 0.0027 0.3600 -0.9330
vn 0.3576 0.8205 -0.4461
vn 0.9868 0.1065 0.1218
vn -0.8665 -0.1756 -0.4673
vn -0.9350 -0.1081 -0.3377
vn 0.0037 1.0000 -0.0045
vn 0.0009 1.0000 -0.0054
vn -0.3546 -0.6982 0.6220
vn -0.9747 -0.0017 -0.2235
vn -0.7131 -0.2094 -0.6691
vn 0.7687 0.5238 -0.3671
vn -0.8671 0.3828 -0.3187
vn 0.6212 0.6011 -0.5028
vn -0.4147 -0.6048 -0.6799
vn 0.6670 0.2538 0.7005
vn -0.4573 0.6495 -0.6075
vn -0.0519 0.0532 -0.9972
vn -0.5574 0.7042 -0.4398
vn 0.4957 0.1914 -0.8472
vn 0.6302 0.0640 -0.7738
vn 0.5970 -0.2690 0.7558
vn 0.7705 -0.5028 0.3920
vn 0.1579 0.5717 0.8051
vn -0.7926 -0.2830 -0.5401
vn -0.2946 0.7150 -0.6341
vn 0.5474 -0.6306 0.5501
vn -0.0351 -0.1733 0.9842
vn 0.7279 -0.0231 0.6853
vn 0.3305 -0.5982 0.7300
vn 0.7084 -0.6181 0.3408
vn 0.9726 -0.1567 -0.1716
vn -0.7572 -0.3047 -0.5778
vn -0.6888 -0.6873 -0.2305
vn -0.8333 -0.0399 -0.5514
vn -0.1120 0.9824 -0.1493
vn 0.0173 0.9524 -0.3045
vn 0.0737 0.0205 0.9971
vn -0.3122 -0.1323 0.9408
vn 0.1841 0.2587 -0.9483
vn 0.6542 0.2359 0.7186
vn 0.7384 0.5514 0.3881
vn 0.6945 0.7194 -0.0093
vn 0.9982 -0.0539 -0.0253
vn 0.8619 0.1300 0.4902
vn 0.7591 0.4922 -0.4259
vn 0.7038 0.0316 -0.7097
vn 0.0198 -0.1150 -0.9932
vn -0.6380 0.0936 -0.7643
vn -0.6923 0.0407 -0.7204
vn 0.2888 0.1790 0.9405
vn 0.8915 0.4499 -0.0533
vn 0.7613 -0.5953 -0.2569
vn 0.8290 -0.5563 0.0569
vn 0.4365 0.8336 -0.3385
vn 0.0877 0.9827 -0.1629
vn 0.7020 -0.4416 0.5587
vn 0.7610 0.6011 0.2439
vn 0.3415 -0.5898 -0.7318
vn 0.6107 0.5671 -0.5526
vn -0.1962 -0.0008 -0.9806
vn 0.4193 0.0176 0.9077
vn 0.0988 -0.0371 -0.9944
vn 0.0201 0.1195 -0.9926
vn 0.8283 0.4656 -0.3118
vn -0.7414 -0.6711 0.0035
vn -0.6651 0.7467 -0.0085
vn 0.0490 0.9871 -0.1526
vn -0.0957 0.9953 0.0168
vn -0.5615 0.5458 -0.6219
vn 0.1939 -0.7210 -0.6653
vn 0.8427 -0.0073 -0.5384
vn 0.8378 -0.2390 -0.4908
vn -0.9027 0.3467 -0.2547
vn -0.9066 -0.3503 -0.2355
vn 0.4739 0.5574 -0.6817
vn 0.6722 -0.0217 -0.7401
vn 0.6562 0.2508 -0.7116
vn -0.8523 -0.5144 -0.0944
vn -0.9465 -0.2123 -0.2429
vn -0.8977 -0.4314 -0.0891
vn -0.4984 -0.8642 0.0690
vn -0.9551 -0.2960 0.0152
vn 0.2158 -0.0664 -0.9742
vn 0.3668 0.9069 -0.2072
vn 0.6596 0.7408 -0.1271
vn 0.5868 0.7492 -0.3072
vn -0.8814 -0.0562 0.4690
vn -0.2003 -0.6142 0.7633
vn 0.8759 -0.4824 0.0121
vn -0.7615 0.6351 -0.1297
vn 0.0290 0.9989 0.0370
vn -0.4700 -0.6819 -0.5605
vn -0.1404 0.9456 -0.2936
vn 0.1309 -0.0175 -0.9912
vn 0.5785 0.8155 0.0156
vn -0.4192 0.9072 -0.0353
vn -0.3770 -0.4164 0.8273
vn -0.0091 0.6592 0.7519
vn 0.4639 0.3223 -0.8252
vn 0.5462 0.8315 0.1016
vn 0.8316 -0.5405 -0.1273
vn 0.3505 0.7677 -0.5364
vn 0.2671 0.9593 0.0922
vn -0.3711 0.0567 -0.9269
vn 0.4254 -0.7576 -0.4951
vn 0.9474 0.3068 -0.0909
vn 0.8125 0.5627 -0.1524
vn 0.8513 -0.0920 -0.5165
vn 0.8039 -0.0590 -0.5918
vn 0.7676 0.6138 -0.1845
vn 0.5637 -0.8213 0.0878
vn 0.7198 -0.6727 -0.1715
vn -0.6077 -0.7393 0.2901
vn -0.7904 0.0606 -0.6096
vn -0.6466 -0.1483 -0.7482
vn 0.9636 -0.0923 0.2510
vn 0.9369 0.3455 0.0535
vn -0.9546 -0.1191 -0.2731
vn -0.8894 -0.0927 -0.4477
vn -0.9192 -0.3912 0.0460
vn -0.9350 -0.3445 0.0847
vn -0.6902 0.2200 0.6893
vn -0.9045 -0.2077 -0.3725
vn 0.5806 0.5546 -0.5961
vn 0.4867 0.7155 -0.5012
vn 0.3608 -0.1154 0.9255
vn 0.0470 -0.2428 -0.9689
vn -0.0725 -0.6498 0.7566
vn 0.2605 0.9635 0.0616
vn 0.9661 -0.2302 0.1167
vn -0.9767 -0.0115 0.2143
vn -0.9844 -0.0182 0.1752
vn -0.7997 0.0609 -0.5973
vn -0.3099 -0.0024 0.9508
vn 0.9978 -0.0272 -0.0606
vn 0.6250 -0.4237 -0.6556
vn 0.5750 0.8136 -0.0864
vn -0.8576 0.3084 -0.4116
vn -0.7773 0.4305 -0.4587
vn 0.7683 -0.6110 -0.1905
vn -0.4914 0.8702 0.0342
vn -0.9631 -0.2692 -0.0042
vn -0.8186 0.5315 0.2175
vn -0.7970 0.3046 -0.5215
vn 0.8832 0.0025 0.4690
vn -0.3192 0.0013 -0.9477
vn -0.7090 0.0776 -0.7009
vn 0.5392 0.2837 0.7929
vn -0.9726 -0.1924 -0.1304
vn 0.0735 0.7631 -0.6421
vn -0.0058 -0.8830 -0.4693
vn -0.2413 0.9704 -0.0029
vn 0.6763 -0.1298 -0.7251
vn 0.2624 0.5068 -0.8211
vn -0.1050 -0.9319 0.3472
vn 0.6700 0.3871 -0.6335
vn 0.5949 0.2400 0.7671
vn 0.9307 0.1331 -0.3406
vn 0.9950 -0.0958 -0.0300
vn 0.8688 -0.0510 0.4925
vn 0.0166 0.3940 0.9190
vn 0.0575 0.9926 -0.1067
vn -0.1900 -0.6916 -0.6969
vn -0.1711 0.6996 -0.6938
vn 0.9227 0.3778 -0.0771
vn 0.7793 0.3067 -0.5464
vn -0.2677 -0.8770 -0.3989
vn 0.7182 0.6744 -0.1712
vn -0.4400 -0.8980 -0.0024
vn -0.8191 -0.5737 -0.0012
vn 0.0783 0.9078 -0.4120
vn -0.0053 0.9056 -0.4241
vn 0.0973 0.9835 -0.1524
vn 1.0000 -0.0032 0.0016
vn 0.6873 -0.7102 -0.1524
vn 0.8917 -0.1490 -0.4273
vn -0.4504 0.6411 -0.6214
vn -0.0000 -0.5051 -0.8631
vn -0.0020 0.9983 -0.0576
vn -0.0174 0.4929 -0.8699
vn 0.1202 0.5784 -0.8069
vn 0.0271 0.6991 -0.7145
vn -0.9145 -0.3981 0.0718
vn 0.7863 0.5757 -0.2245
vn 0.9854 0.1698 0.0093
vn 0.2701 -0.8163 -0.5105
vn 0.3645 0.7698 -0.5240
vn 0.3426 0.9384 -0.0460
vn -0.7981 0.2880 0.5293
vn -0.9853 -0.0642 0.1580
vn -0.9559 -0.2815 0.0842
vn -0.5822 -0.8131 0.0004
vn -0.9530 0.3028 -0.0032
vn -0.1532 0.9826 -0.1052
vn 0.3147 -0.7184 -0.6204
vn 0.9728 -0.0418 -0.2278
vn 0.2331 -0.1249 0.9644
vn 0.6744 -0.7101 -0.2022
vn 0.7048 0.2822 -0.6509
vn 0.0100 0.1599 -0.9871
vn 0.1728 0.7630 0.6229
vn -0.0809 -0.9436 0.3212
vn -0.5440 0.8207 0.1745
vn 0.4552 0.5725 -0.6820
vn 0.6816 -0.0548 -0.7297
vn 0.9178 -0.1234 0.3775
vn 0.8124 -0.1009 -0.5743
vn 0.7494 -0.1186 -0.6514
vn 0.0113 -0.0200 -0.9997
vn 0.6507 0.5985 0.4673
vn -0.9760 0.0167 -0.2172
vn -0.0287 0.9685 0.2473
vn 0.0028 0.9699 -0.2435
vn -0.9990 -0.0431 -0.0134
vn 0.7826 -0.0501 -0.6205
vn 0.9657 0.2562 -0.0422
vn 0.6281 -0.5915 -0.5055
vn 0.7169 0.4690 0.5158
vn 0.2830 0.9563 0.0735
vn 1.0000 -0.0062 -0.0010
vn 0.0459 -0.5249 0.8499
vn 0.0131 0.1322 0.9911
vn -0.0000 0.1375 0.9905
vn -0.4206 -0.5104 -0.7500
vn 0.6035 0.6218 -0.4991
vn 0.3485 0.7541 0.5566
vn 0.6303 -0.4428 -0.6377
vn -0.5799 0.1054 -0.8078
vn 0.5808 -0.7521 0.3114
vn 0.0787 -0.9391 0.3347
vn 0.0814 -0.9553 0.2842
vn -0.0926 -0.9949 0.0406
vn -0.1094 -0.9851 -0.1329
vn 0.1109 0.1064 0.9881
vn -0.6843 0.1317 0.7172
vn 0.7489 0.0428 0.6612
vn -1.0000 -0.0039 -0.0073
vn 0.0296 0.9437 -0.3294
vn 0.1291 -0.0945 -0.9871
vn 0.0074 0.0502 -0.9987
vn 0.5394 -0.4494 0.7121
vn 0.3306 0.7037 0.6289
vn -0.3868 -0.1570 0.9087
vn 0.5912 0.7796 -0.2066
vn 0.0479 0.9985 -0.0276
vn 0.0418 0.9806 -0.1917
vn 0.7679 0.6160 -0.1755
vn 0.5357 -0.8392 0.0939
vn -0.3388 -0.9408 0.0138
vn 0.0036 0.7829 -0.6221
vn 0.3695 0.9170 -0.1502
vn 0.0391 0.9913 -0.1260
vn 0.0196 0.9302 0.3666
vn -0.3082 0.7461 -0.5902
vn -0.2625 -0.9649 0.0086
vn 0.0904 -0.4086 -0.9082
vn 0.0174 -0.9147 0.4038
vn -0.1337 0.9854 -0.1050
vn -0.1269 0.9878 -0.0900
vn -0.0000 0.9937 -0.1119
vn 0.0953 0.4105 0.9069
vn -0.0137 0.6223 0.7826
vn -0.6605 -0.5469 -0.5144
vn -0.4374 -0.7043 -0.5591
vn -0.1015 0.6540 0.7496
vn 0.0011 0.0021 -1.0000
vn 0.0005 0.0011 -1.0000
vn 0.7961 0.0773 0.6002
vn 0.9988 -0.0484 -0.0023
vn 0.0031 -0.9941 0.1087
vn 0.0013 -0.9952 0.0983
vn 0.1347 -0.2066 -0.9691
vn 0.1323 -0.2073 -0.9693
vn 0.3568 0.0031 -0.9342
vn 0.0367 -0.2793 -0.9595
vn -0.1259 0.2221 0.9669
vn 0.0290 -0.9802 -0.1959
vn 0.0252 -0.7604 0.6490
vn 0.0011 -0.9975 -0.0708
vn 0.7595 -0.4657 -0.4543
vn -1.0000 -0.0027 -0.0073
vn -0.0000 0.3642 0.9313
vn -0.0000 -0.0596 0.9982
vn 0.9537 0.2995 0.0272
vn 0.9998 -0.0168 0.0045
vn 0.7123 -0.0092 -0.7018
vn 0.9997 -0.0253 -0.0038
vn -0.6951 0.0001 -0.7189
vn 0.4335 0.0007 -0.9012
vn -0.1401 -0.5670 -0.8117
vn -0.8916 0.1679 -0.4205
vn 0.6879 0.0255 -0.7253
vn 0.4465 0.5174 -0.7300
vn 0.6090 -0.3158 0.7276
vn -0.0232 0.1975 0.9800
vn -0.0430 -0.3344 0.9414
vn -0.8110 0.3377 -0.4777
vn 0.6643 -0.1675 -0.7285
vn -0.7062 0.7044 0.0708
vn -0.4349 -0.0727 0.8975
vn 0.0420 -0.9985 -0.0340
vn 0.0077 -0.0387 -0.9992
vn -0.6886 0.7004 -0.1877
vn 0.0532 -0.4423 -0.8953
vn -0.7369 0.6121 -0.2870
vn -0.1853 -0.5032 -0.8441
vn -0.0000 -0.9182 0.3962
vn -0.0181 -0.8980 0.4395
vn -0.6562 0.7546 0.0007
vn 0.9784 -0.0029 -0.2069
vn -0.3761 -0.9266 -0.0008
vn -0.1052 -0.9945 -0.0004
vn 0.8388 0.3395 0.4257
vn -1.0000 -0.0050 0.0060
vn -0.1438 0.9598 -0.2410
vn -0.9817 -0.0000 0.1905
vn 0.6255 -0.7801 -0.0165
vn 0.6545 -0.5099 -0.5583
vn 0.7977 0.0081 -0.6030
vn 0.6240 0.7814 0.0037
vn 0.7788 -0.5919 -0.2077
vn 0.9720 -0.1636 0.1686
vn 0.7759 0.5997 -0.1960
vn 0.6748 -0.6734 -0.3019
vn -0.9994 -0.0183 0.0297
vn -0.9947 0.1013 0.0191
vn 0.2321 -0.0110 0.9726
vn -0.9924 -0.0005 -0.1232
vn 0.8254 0.5506 -0.1247
vn 0.9927 0.0746 -0.0948
vn -0.1410 0.4552 -0.8792
vn 0.1410 0.4552 -0.8792
vn 0.0166 -0.5272 0.8496
vn -0.0004 -0.9942 0.1074
vn -0.8012 0.0244 0.5979
vn -0.9992 0.0216 0.0346
vn -0.8196 -0.5727 0.0144
vn -0.9833 -0.0872 0.1600
vn -0.2247 -0.5041 0.8339
vn 0.1980 -0.9794 0.0399
vn 0.8837 -0.4681 -0.0043
vn 0.6457 -0.7636 -0.0014
vn 0.0088 0.4991 -0.8665
vn 0.6511 0.5034 -0.5681
vn -0.0064 -0.6130 0.7900
vn 0.8355 0.2529 -0.4879
vn 0.0003 -0.9942 0.1078
vn 0.0003 -0.9942 0.1077
vn 0.0004 -0.9942 0.1077
vn 0.0475 -0.0089 -0.9988
vn 0.1274 -0.0176 -0.9917
vn 0.1790 -0.1780 0.9676
vn 0.7349 -0.0108 -0.6781
vn 0.9903 0.1276 0.0545
vn -0.9516 -0.3070 -0.0173
vn -0.6769 0.7345 -0.0492
vn 0.1135 0.0234 0.9933
vn -0.9798 -0.1723 0.1013
vn 0.7906 0.0063 -0.6123
vn 0.0035 -0.5580 0.8298
vn 0.0015 -0.6797 0.7335
vn -0.7877 0.4187 -0.4518
vn -1.0000 -0.0013 -0.0091
vn -0.9999 -0.0044 -0.0090
vn -1.0000 -0.0018 -0.0036
vn -0.0108 -0.0278 -0.9996
vn -0.0140 0.7136 -0.7004
vn -0.0011 1.0000 -0.0042
vn -0.0011 1.0000 -0.0044
vn 0.0038 1.0000 -0.0042
vn 0.1765 -0.9812 -0.0779
vn -0.9581 -0.2859 0.0164
vn -0.9678 -0.2515 -0.0084
vn -0.9636 -0.2669 -0.0156
vn -0.9360 -0.3441 0.0743
vn -0.9542 -0.2988 0.0171
vn 0.0285 0.9915 -0.1268
vn -0.2648 -0.4577 -0.8487
vn 0.3433 0.1781 -0.9222
vn 0.0841 0.9956 0.0403
vn -0.9878 0.1557 -0.0075
vn -0.0971 -0.9953 -0.0049
vn -0.0293 -0.0566 -0.9980
vn 0.2160 0.2632 0.9403
vn -0.1137 0.9932 0.0254
vn -0.2832 0.5542 -0.7827
vn -0.0009 -0.8003 0.5996
vn 0.0669 -0.5336 0.8431
vn -0.9998 -0.0038 -0.0182
vn -1.0000 -0.0024 -0.0021
vn -0.5392 0.5682 -0.6216
vn 0.0261 0.0542 -0.9982
vn -0.2073 -0.7995 -0.5637
vn -0.3990 -0.9169 -0.0072
vn -0.2884 -0.5237 -0.8016
vn 0.0054 -0.9998 -0.0208
vn 0.0054 -1.0000 0.0071
vn 0.3992 -0.9133 0.0813
vn 0.5352 0.5800 -0.6141
vn -0.9173 -0.3750 0.1341
vn 0.0399 0.9792 -0.1988
vn 0.4337 -0.4688 0.7695
vn -0.0002 0.7701 -0.6379
vn 0.0006 0.9906 -0.1365
vn -0.6864 0.7272 -0.0116
vn 0.0377 0.8313 -0.5545
vn -0.0641 -0.9976 0.0272
vn 0.9997 -0.0207 -0.0125
vn 0.8033 0.5946 0.0352
vn 0.0037 -0.0058 -1.0000
vn 0.0034 -0.0063 -1.0000
vn 0.8254 -0.5646 -0.0011
vn 0.3783 -0.9256 -0.0090
vn -0.9053 -0.4248 0.0043
vn -0.7837 0.2672 -0.5608
vn 0.1882 0.9088 -0.3723
vn -0.9824 -0.1440 0.1189
vn -0.8763 -0.4817 -0.0112
vn 0.0054 -0.9940 -0.1096
vn 0.9599 -0.2802 -0.0034
vn -0.1444 -0.2742 0.9508
vn -0.0032 -0.9994 -0.0343
vn 0.0007 -0.9942 0.1075
vn 0.0004 -0.9942 0.1078
vn 0.0003 -0.9942 0.1079
vn 0.0001 -0.9941 0.1087
vn -0.0000 -0.9939 0.1102
vn 0.0002 -0.9942 0.1078
vn 0.3476 -0.9362 0.0520
vn -0.9411 0.0811 -0.3282
vn -0.8590 -0.2143 0.4650
vn -0.7415 -0.3318 0.5831
vn -0.1007 0.9932 0.0585
vn 0.2352 0.9719 -0.0014
vn -0.9885 0.1499 0.0190
vn -0.8762 0.4819 -0.0011
vn -0.4045 0.9136 0.0402
vn -0.8947 0.4344 0.1044
vn -0.8362 0.0369 0.5472
vn -0.9618 0.0631 0.2663
vn -0.9481 -0.1953 0.2508
vn -0.9959 -0.0215 0.0877
vn -0.9375 -0.1268 0.3242
vn 0.4992 -0.8663 -0.0189
vn -0.9967 0.0811 0.0013
vn -0.9749 -0.2214 -0.0232
vn -0.9877 -0.1253 0.0937
vn -0.4751 -0.0987 -0.8744
vn -0.4286 0.1025 0.8977
vn -0.9841 0.1250 0.1265
vn 0.6671 0.7440 -0.0373
vn -0.7658 0.6255 0.1490
vn 0.0202 0.9734 -0.2284
vn 0.0012 0.9721 0.2347
vn -0.7878 -0.2297 0.5714
vn -0.7046 -0.2825 0.6509
vn 0.5093 0.8605 0.0136
vn -0.7392 -0.1222 0.6623
vn -0.5033 0.8528 -0.1392
vn -0.9704 0.1329 -0.2019
vn -0.9738 0.0806 -0.2125
vn -0.9742 0.0602 -0.2175
vn -0.5910 0.3089 -0.7452
vn -0.9395 -0.3083 0.1491
vn -0.9818 0.0338 0.1870
vn -0.8907 -0.4302 -0.1468
vn -0.9616 -0.2160 0.1690
vn -0.7612 0.6316 -0.1468
vn -0.7173 0.4636 -0.5201
vn -0.9955 0.0769 -0.0555
vn 0.1397 0.6698 -0.7292
vn -0.5633 -0.3715 -0.7380
vn -0.9109 -0.4041 -0.0839
vn -0.2814 -0.6945 -0.6622
vn -0.3252 0.9454 0.0230
vn -0.9872 -0.1569 0.0298
vn -0.5793 0.1162 -0.8068
vn -0.6283 0.0656 -0.7752
vn -0.4861 0.8737 0.0169
vn -0.3643 0.9301 0.0471
vn 0.6207 0.7832 -0.0368
vn 0.2418 0.9684 -0.0616
vn 0.5447 -0.3981 -0.7381
vn 0.3098 -0.2464 -0.9183
vn -0.9805 0.1965 0.0006
vn -0.9768 -0.2139 -0.0109
vn -0.7095 0.7047 0.0018
vn -0.7552 0.6427 0.1288
vn -0.9945 0.1047 -0.0052
vn -0.7559 -0.6546 -0.0134
vn -0.9492 -0.3137 0.0259
vn 0.3293 0.9434 0.0404
vn 0.7058 0.7078 0.0297
vn -0.7684 0.4805 0.4228
vn 0.2979 0.9536 0.0428
vn 0.5255 0.8501 0.0339
vn -0.8055 -0.5917 0.0329
vn -0.8651 -0.4684 -0.1793
vn 0.1792 0.1138 -0.9772
vn 0.0741 0.3011 -0.9507
vn -0.0206 0.9965 0.0810
vn 0.0639 0.9965 0.0544
vn 0.8647 -0.3277 -0.3806
vn -0.3878 -0.8947 -0.2218
vn 0.0066 0.7764 0.6302
vn -0.8789 -0.3025 0.3688
vn -0.9985 0.0445 -0.0312
vn -0.8730 -0.4859 -0.0414
vn 0.1879 0.3773 -0.9069
vn 0.8656 -0.5005 -0.0143
vn -1.0000 -0.0067 -0.0068
vn -1.0000 -0.0027 -0.0036
vn -1.0000 0.0075 -0.0000
vn -0.9855 0.0651 -0.1567
vn -0.9904 0.0440 -0.1313
vn -0.9903 0.0466 -0.1308
vn -0.9237 -0.3789 0.0557
vn -0.9421 -0.3348 0.0189
vn -0.9146 -0.3960 0.0819
vn -0.9310 -0.3650 -0.0014
vn 0.8359 0.5485 -0.0193
vn 0.8346 0.5504 -0.0222
vn -0.8998 -0.4317 -0.0636
vn 0.9007 0.4344 -0.0054
vn 0.4397 0.8973 -0.0402
vn -0.9999 -0.0091 0.0059
vn -0.9997 -0.0175 0.0198
vn -0.9999 -0.0115 -0.0070
vn -0.9884 -0.0475 0.1444
vn -0.9998 -0.0042 0.0188
vn -1.0000 -0.0077 -0.0047
vn -0.8717 -0.4895 -0.0253
vn -0.4006 -0.1955 -0.8952
vn 0.4097 -0.2321 -0.8822
vn -0.3898 0.7946 -0.4654
vn 0.5185 0.7927 -0.3208
vn 0.1186 0.9836 -0.1361
vn 0.5196 -0.8091 -0.2744
vn 0.2648 -0.4578 -0.8487
vn -0.0650 0.9696 -0.2359
vn -0.1870 0.9542 -0.2336
vn -0.0612 0.7008 -0.7107
vn 0.3846 0.8051 -0.4515
vn -0.4506 0.8921 0.0343
vn 0.4450 0.8948 0.0367
vn -0.8660 -0.3524 -0.3547
vn -0.4286 -0.2130 -0.8780
vn 0.4970 0.0920 0.8629
vn 0.4710 -0.0489 -0.8808
vn 0.4440 -0.2061 -0.8720
vn -0.0749 -0.9478 -0.3100
vn -0.2315 -0.9239 -0.3045
vn 0.0272 0.3669 0.9299
vn 0.0557 0.3486 0.9356
vn 0.0983 0.3204 0.9422
vn -0.3781 0.7624 -0.5252
vn 0.6632 0.0073 0.7484
vn -0.5757 -0.8176 -0.0142
vn -0.0133 0.5688 -0.8224
vn -0.0361 0.4708 -0.8815
vn -0.0505 0.6402 -0.7666
vn -0.4702 -0.0504 -0.8811
vn 0.5669 -0.8237 -0.0147
vn -0.3424 0.1787 -0.9224
vn 0.1095 0.9937 0.0252
vn 0.2247 -0.5041 0.8339
vn -0.4969 0.0921 0.8629
vn -0.2160 0.2632 0.9403
vn -0.0165 0.3940 0.9190
vn 0.3603 0.8672 0.3437
vn 0.7086 0.6242 0.3292
vn -0.0031 0.3929 -0.9196
vn -0.0464 0.9745 -0.2197
vn 0.0005 -0.9942 0.1075
vn 0.0006 -0.9942 0.1075
vn 0.8651 -0.3547 -0.3548
vn 0.4261 -0.5338 -0.7304
vn 0.0889 0.2744 -0.9575
vn -0.4258 -0.5384 -0.7272
vn -0.0908 0.2637 -0.9603
vn -0.4392 -0.6613 -0.6081
vn 0.8568 -0.0734 -0.5104
vn 0.7698 0.3158 -0.5547
vn 0.2387 0.7154 0.6567
vn -0.2152 0.7399 0.6374
vn -0.4073 0.8555 0.3198
vn -0.7269 0.5909 0.3499
vn 0.4704 0.7791 0.4144
vn 0.2701 -0.9436 0.1915
vn 0.7513 0.5516 -0.3623
vn -0.1831 -0.9794 -0.0847
vn -0.0051 -0.3285 0.9445
vn -0.0051 -0.3162 0.9487
vn -0.0051 -0.3714 0.9285
vn 0.0418 -0.8521 -0.5218
vn -0.6993 0.0411 -0.7137
vn 0.1046 -0.5928 -0.7985
vn 0.2637 0.9618 0.0731
vn 0.1971 -0.7801 0.5938
vn -0.3413 -0.6212 -0.7054
vn -0.5063 -0.6358 -0.5826
vn 0.1114 0.9903 -0.0826
vn -0.3603 0.6325 -0.6856
vn 0.1238 0.7891 0.6017
vn 0.3801 -0.4030 0.8325
vn -0.2251 -0.9538 0.1992
vn -0.5595 -0.6014 0.5703
vn -0.0356 -0.0098 -0.9993
vn -0.4808 0.6826 -0.5503
vn -0.0030 0.8143 -0.5804
vn -0.5114 0.8017 0.3095
vn -0.1978 -0.9794 0.0399
vn -0.1024 0.9839 -0.1463
vn 0.1506 0.6074 0.7800
vn 0.0237 0.9832 0.1808
vn -0.0013 0.0001 -1.0000
vn -0.0010 0.0007 -1.0000
vn 0.0595 0.5565 -0.8287
vn -0.2034 -0.9770 -0.0633
vn -0.1419 -0.9434 0.2998
vn -0.2233 -0.9732 -0.0544
vn -0.0434 0.0137 -0.9990
vn 0.0174 0.0118 -0.9998
vn 0.0116 -0.2599 -0.9656
vn 0.0432 0.0374 -0.9984
vn -0.0027 -0.1374 -0.9905
vn -0.0463 0.0159 -0.9988
vn 0.1146 -0.1968 -0.9737
vn -0.2412 0.2615 -0.9346
vn 0.1670 -0.4278 -0.8883
vn 0.0966 0.0177 -0.9952
vn -0.3757 -0.4528 -0.8086
vn 0.0394 0.1126 -0.9929
vn -0.0999 -0.0875 -0.9911
vn 0.0040 -0.0146 -0.9999
vn 0.0141 0.2576 -0.9662
vn 0.0859 -0.4755 -0.8755
vn 0.2318 -0.0846 -0.9691
vn -0.0821 -0.0080 -0.9966
vn -0.2889 -0.3993 -0.8701
vn 0.1770 -0.0406 -0.9834
vn 0.1172 -0.4232 -0.8984
vn -0.0910 -0.5195 -0.8496
vn -0.0347 0.5243 -0.8508
vn 0.7741 0.1080 -0.6238
vn 0.7143 -0.0304 -0.6991
vn -0.0738 -0.0329 -0.9967
vn 0.0043 -0.0271 -0.9996
vn -0.2471 -0.6394 0.7281
vn -0.2515 -0.6531 0.7143
vn -0.3292 -0.9429 0.0512
vn -0.0214 0.0024 0.9998
vn 0.3792 0.8489 0.3683
vn 0.3772 0.8447 0.3797
vn 0.4128 0.9108 -0.0053
vn 0.3504 0.8381 -0.4182
vn 0.3509 0.8397 -0.4144
vn 0.3682 0.9056 -0.2103
vn 0.3172 0.7345 -0.5999
vn -0.1492 -0.7226 -0.6750
vn -0.1343 -0.6909 -0.7104
vn 0.1260 -0.0031 -0.9920
vn 0.1835 0.4362 0.8809
vn -0.7711 -0.4584 -0.4419
vn -0.7569 -0.4686 -0.4556
vn -0.0974 -0.6495 -0.7541
vn -0.9789 -0.0840 0.1861
vn -0.1445 -0.1041 -0.9840
vn -0.2654 -0.1556 -0.9515
vn -0.0136 0.0902 -0.9958
vn 0.2982 -0.3889 -0.8717
vn 0.0185 -0.0535 -0.9984
vn -0.0110 0.0108 -0.9999
vn -0.0370 -0.1210 -0.9920
vn 0.0332 -0.1486 -0.9883
vn 0.0586 -0.0740 -0.9955
vn 0.0977 0.0060 -0.9952
vn 0.3813 -0.2708 -0.8839
vn 0.0746 -0.1536 -0.9853
vn 0.1297 0.3079 -0.9425
vn -0.0129 -0.0065 -0.9999
vn 0.0105 -0.0416 -0.9991
vn 0.0549 0.0414 -0.9976
vn 0.1055 -0.0638 -0.9924
vn -0.1173 -0.0714 -0.9905
vn -0.0897 -0.0643 -0.9939
vn 0.0211 -0.2021 -0.9791
vn 0.0402 -0.1136 -0.9927
vn 0.0664 0.0100 -0.9977
vn -0.1014 -0.1268 -0.9867
vn -0.0111 -0.0195 -0.9997
vn -0.0267 -0.0201 -0.9994
vn 0.0588 0.0593 -0.9965
vn -0.2421 0.0816 0.9668
vn -0.0745 0.0362 -0.9966
vn -0.0051 -0.0935 -0.9956
vn 0.0034 0.0622 -0.9981
vn -0.0093 0.0059 -0.9999
vn 0.2133 0.2950 -0.9314
vn 0.0085 0.0008 -1.0000
vn 0.0502 -0.0366 -0.9981
vn -0.2981 -0.3234 -0.8981
vn 0.1073 0.1832 -0.9772
vn 0.0307 -0.1744 -0.9842
vn -0.4921 0.0183 -0.8704
vn 0.0373 0.0654 -0.9972
vn 0.1649 -0.1474 -0.9752
vn 0.0194 0.1181 -0.9928
vn 0.0474 -0.3231 -0.9452
vn 0.9265 -0.1237 0.3553
vn 0.0281 0.9994 -0.0222
vn -0.3206 -0.0054 -0.9472
vn 0.0158 0.0910 -0.9957
vn 0.0574 -0.0606 -0.9965
vn -0.7526 -0.4735 0.4576
vn -0.8734 -0.0551 0.4838
vn -0.6385 -0.2249 -0.7361
vn 0.2430 0.9323 0.2677
vn 0.9431 0.3295 -0.0443
vn 0.1236 -0.0827 0.9889
vn 0.8740 -0.1814 -0.4508
vn 0.8645 -0.1822 -0.4684
vn 0.9299 -0.1125 -0.3501
vn 0.6541 0.5305 -0.5392
vn 0.3478 0.5824 -0.7348
vn -0.2560 0.8169 -0.5168
vn -0.0528 0.9767 -0.2079
vn -0.3637 0.9297 -0.0584
vn -0.0670 0.9956 -0.0659
vn 0.0051 0.0118 -0.9999
vn 0.0940 -0.0028 -0.9956
vn -0.0106 0.1318 -0.9912
vn 0.0058 0.2389 -0.9710
vn -0.6015 -0.3207 0.7316
vn -0.5630 0.1564 0.8115
vn -0.5189 -0.1732 0.8371
vn -0.4108 0.5729 -0.7093
vn -0.6787 0.1516 -0.7186
vn 0.1886 0.0121 -0.9820
vn 0.1093 0.0141 -0.9939
vn 0.9127 -0.1089 -0.3939
vn -0.4693 -0.2559 -0.8452
vn -0.3168 -0.3188 -0.8933
vn -0.1039 0.3332 -0.9371
vn 0.4759 0.2283 -0.8494
vn 0.8457 -0.4439 -0.2962
vn 0.2246 0.0081 -0.9744
vn -0.9654 -0.2381 0.1066
vn 0.8683 0.4838 -0.1099
vn -0.7714 0.6071 0.1907
vn -0.7093 0.6743 -0.2054
vn 0.1137 0.4702 -0.8752
vn 0.0954 -0.0632 -0.9934
vn -0.0489 -0.0910 -0.9946
vn -0.2407 -0.3405 -0.9089
vn 0.0078 -0.6200 -0.7845
vn 0.1857 -0.5754 -0.7965
vn -0.0247 0.0903 -0.9956
vn -0.3374 0.8671 -0.3665
vn -0.5866 0.7490 -0.3080
vn -0.3825 0.8964 -0.2239
vn 0.8702 0.0640 -0.4886
vn -0.5513 0.8307 -0.0776
vn 0.9725 0.1387 -0.1870
vn -0.1168 0.8095 -0.5755
vn 0.0682 0.8104 0.5819
vn 0.7238 0.6897 0.0207
vn -0.9097 0.4088 -0.0732
vn -0.0989 -0.9717 -0.2144
vn 0.8317 -0.2001 -0.5179
vn 0.5811 0.1867 -0.7921
vn -0.6082 0.6117 0.5059
vn -0.9817 -0.1755 -0.0737
vn 0.3030 0.8417 -0.4470
vn 0.3886 0.0487 -0.9201
vn 0.1609 0.6197 -0.7682
vn 0.9433 0.1308 -0.3051
vn 0.9456 0.3189 0.0643
vn 0.9885 0.1448 -0.0425
vn 0.9296 0.3668 0.0353
vn 0.6636 0.7416 0.0984
vn 0.9289 0.3692 0.0280
vn 0.5420 -0.0906 0.8355
vn 0.4466 -0.3705 0.8144
vn -0.8821 0.0052 0.4711
vn -0.4960 0.1915 -0.8469
vn -0.3608 -0.1153 0.9255
vn -0.2115 -0.6341 -0.7438
vn -0.5814 -0.7189 0.3809
vn -0.5069 -0.8573 0.0901
vn -0.9425 -0.3286 0.0612
vn 0.1425 -0.0948 -0.9852
vn 0.1321 0.5151 -0.8469
vn -0.0313 0.3851 -0.9223
vn 0.8399 0.2777 -0.4663
vn 0.5653 0.1360 -0.8136
vn -0.6930 0.1914 -0.6951
vn -0.4300 0.4848 0.7616
vn -0.0078 -0.5318 -0.8468
vn -0.2621 0.1005 -0.9598
vn 0.1351 -0.9391 0.3161
vn -0.8110 -0.5326 0.2422
vn -0.4202 -0.8628 0.2811
vn -0.3774 -0.9094 0.1749
vn 0.8388 0.0127 -0.5443
vn 0.2594 -0.1381 -0.9559
vn 0.8333 0.0826 -0.5467
vn 0.1078 0.7189 -0.6867
vn 0.6197 0.6192 0.4822
vn 0.3560 0.5895 -0.7251
vn -0.2959 0.0747 -0.9523
vn -0.5004 -0.0422 -0.8648
vn 0.4785 0.6264 -0.6154
vn 0.7123 -0.0749 -0.6979
vn -0.7091 0.4530 0.5403
vn 0.7246 -0.4790 0.4955
vn -0.7725 -0.0350 0.6341
vn -0.7516 -0.1185 -0.6489
vn -0.8690 -0.0233 -0.4943
vn -0.8133 -0.0974 -0.5736
vn -0.4808 -0.5118 -0.7119
vn -0.1261 0.7361 -0.6650
vn -0.8784 -0.4775 -0.0210
vn 0.4596 -0.7924 -0.4012
vn -0.8925 -0.4230 0.1563
vn 0.9027 -0.4301 -0.0116
vn 0.5436 -0.0120 0.8393
vn 0.9579 -0.2802 0.0635
vn 0.6546 -0.2743 -0.7045
vn 0.7388 0.6113 -0.2836
vn 0.6480 0.5723 0.5025
vn -0.3660 0.8871 0.2814
vn -0.9384 0.1961 0.2845
vn 0.3386 0.6351 0.6942
vn -0.8124 0.5629 -0.1520
vn -0.9540 0.2982 0.0300
vn -0.9445 0.3157 -0.0909
vn 0.1688 -0.9796 -0.1090
vn -0.4694 -0.4995 -0.7281
vn -0.2924 -0.6362 -0.7139
vn -0.6535 0.7528 -0.0785
vn -0.8825 -0.0769 0.4639
vn -0.7636 -0.2784 -0.5826
vn -0.7794 0.6232 -0.0642
vn -0.6978 0.6688 -0.2565
vn -0.8174 0.5542 0.1573
vn 0.1384 -0.7537 0.6424
vn -0.7790 0.2273 -0.5843
vn 0.8015 -0.5390 0.2591
vn 0.9114 0.3084 0.2726
vn -0.3659 -0.9304 0.0234
vn -0.9834 -0.1301 -0.1267
vn 0.2782 -0.6563 -0.7014
vn 0.0274 -0.0595 -0.9979
vn -0.9568 0.0052 -0.2906
vn -0.4986 0.5592 -0.6624
vn -0.6717 -0.0217 -0.7405
vn 0.2194 0.7509 -0.6229
vn 0.1846 0.8624 -0.4714
vn 0.2974 0.6626 -0.6874
vn 0.5839 -0.6021 0.5445
vn 0.2512 -0.4203 0.8719
vn -0.8430 0.0983 0.5289
vn 0.9971 -0.0626 -0.0433
vn 0.5202 0.0440 -0.8529
vn 0.9726 -0.1924 -0.1304
vn -0.4304 0.3195 -0.8442
vn 0.3571 0.7069 -0.6106
vn 0.9297 -0.3539 -0.1017
vn -0.1095 -0.8627 -0.4936
vn 0.6930 0.3175 -0.6472
vn 0.8160 -0.3098 -0.4881
vn 0.6459 -0.5357 -0.5440
vn -0.5488 -0.8360 0.0009
vn -0.3123 -0.7206 -0.6191
vn 0.4672 0.6562 0.5926
vn -0.4539 0.5715 -0.6836
vn -0.6507 0.5985 0.4673
vn 0.7212 -0.0833 -0.6877
vn 0.8878 -0.3423 0.3078
vn 0.9531 -0.2405 0.1839
vn 0.7592 -0.3090 0.5728
vn 0.2254 0.0011 -0.9743
vn -0.2339 -0.3746 0.8972
vn -0.7398 0.0330 0.6720
vn 0.2028 0.9791 -0.0154
vn 0.2117 0.6325 -0.7451
vn 0.0604 0.9355 -0.3480
vn 0.1468 0.9466 -0.2869
vn 0.2415 -0.2983 -0.9234
vn -0.0543 -0.6835 -0.7279
vn 0.2036 0.7672 -0.6083
vn -0.8896 -0.4233 -0.1717
vn -0.9204 -0.0484 -0.3880
vn -0.7870 0.3055 -0.5361
vn -0.9217 -0.3597 -0.1452
vn -0.9982 -0.0539 -0.0253
vn -0.6744 -0.7101 -0.2022
vn -0.5709 0.5994 -0.5610
vn -0.5993 0.7957 -0.0877
vn -0.6586 0.2338 0.7153
vn 0.2438 -0.9522 0.1843
vn 0.0896 -0.9618 0.2588
vn 0.1050 -0.9319 0.3472
vn 0.6500 -0.3437 -0.6778
vn 0.6371 -0.2677 -0.7228
vn 0.7083 -0.3413 -0.6179
vn 0.1749 0.2045 -0.9631
vn 0.8394 -0.1371 -0.5259
vn 0.1851 0.7785 0.5998
vn -0.3138 0.3222 -0.8932
vn -0.7670 0.5776 0.2794
vn -0.4416 -0.2352 -0.8658
vn -0.9688 -0.2158 0.1221
vn 0.7119 -0.2109 -0.6699
vn -0.4294 0.9017 -0.0510
vn 0.8348 0.2899 -0.4681
vn 0.1133 -0.8957 0.4300
vn -0.8630 0.4893 0.1256
vn -0.3288 0.8386 0.4344
vn -0.7915 0.6084 -0.0574
vn -0.2147 -0.8954 0.3902
vn -0.1247 -0.4062 0.9052
vn -0.8583 0.4816 0.1772
vn 0.8924 0.1804 0.4135
vn -0.4488 -0.8452 -0.2900
vn -0.9847 0.1410 0.1026
vn -0.4176 0.0280 -0.9082
vn -0.7627 0.2140 -0.6103
vn 0.0336 0.3746 -0.9266
vn -0.4434 0.6331 0.6345
vn 0.6170 0.7842 -0.0660
vn 0.7577 0.6273 0.1800
vn 0.9921 0.0859 -0.0919
vn -0.5810 0.5547 -0.5957
vn -0.3553 0.4491 -0.8198
vn -0.4481 -0.4689 -0.7612
vn 0.4829 -0.3970 -0.7805
vn 0.9188 0.3944 -0.0123
vn 0.8594 0.5113 -0.0086
vn -0.8296 -0.5552 0.0585
vn 0.8129 -0.0561 0.5797
vn 0.7810 -0.4056 0.4749
vn 0.9455 -0.1662 0.2798
vn 0.9427 -0.2742 0.1902
vn 0.9355 -0.2901 0.2018
vn 0.5604 -0.8258 0.0631
vn 0.7533 -0.3643 -0.5475
vn -0.6596 -0.7516 -0.0067
vn 0.1194 -0.0031 -0.9928
vn -0.5307 -0.5395 -0.6536
vn -0.0882 0.3415 -0.9357
vn 0.3454 0.8451 -0.4080
vn -0.5474 0.8309 0.1002
vn -0.7886 -0.5970 -0.1473
vn -0.5392 -0.8368 0.0946
vn 0.2607 -0.1011 -0.9601
vn -0.2183 -0.3564 0.9085
vn -0.0618 0.5353 -0.8424
vn 0.4392 0.6146 0.6552
vn 0.9975 0.0076 0.0698
vn 0.9197 0.0427 0.3903
vn -0.6828 0.6515 -0.3306
vn -0.4634 0.3229 -0.8252
vn 0.7920 0.4809 -0.3760
vn 0.9328 -0.0399 -0.3583
vn 0.8218 -0.4549 -0.3430
vn -0.3955 -0.6577 -0.6411
vn -0.9699 -0.2416 0.0305
vn 0.6854 0.1257 -0.7172
vn -0.7520 0.5955 -0.2827
vn 0.3068 -0.1040 0.9461
vn 0.0575 0.1324 0.9895
vn -0.7168 0.5551 -0.4220
vn -0.9903 0.0684 0.1213
vn -0.9952 0.0605 0.0776
vn 0.5240 -0.1316 -0.8415
vn 0.5412 -0.4641 -0.7013
vn -0.0316 0.9836 -0.1775
vn -0.0483 0.9932 -0.1063
vn 0.5615 -0.2509 -0.7885
vn 0.6643 -0.0059 -0.7475
vn -0.6902 -0.0386 0.7225
vn -0.3865 0.0032 0.9223
vn 0.7948 0.0165 -0.6066
vn -0.6566 0.2509 -0.7113
vn -0.5653 0.0835 -0.8207
vn 0.6643 -0.4376 -0.6059
vn -0.3756 -0.7512 0.5428
vn 0.5629 -0.7641 0.3153
vn 0.6494 -0.3070 -0.6957
vn -0.7274 0.3280 0.6028
vn 0.9498 -0.0526 -0.3084
vn -0.4820 0.0345 0.8755
vn -0.8416 -0.5314 0.0965
vn -0.9358 0.3113 -0.1653
vn -0.8043 0.3193 -0.5011
vn -0.7221 -0.6918 -0.0080
vn -0.3022 -0.1737 -0.9373
vn 0.6572 0.5606 -0.5038
vn 0.2693 0.3136 -0.9106
vn -0.4160 0.6832 -0.6002
vn -0.0926 -0.9842 -0.1512
vn -0.3449 -0.2388 -0.9077
vn 0.4191 -0.5205 0.7439
vn -0.9176 0.0909 0.3869
vn -0.9179 -0.0683 -0.3909
vn -0.7199 0.1668 -0.6738
vn -0.9057 0.3722 -0.2029
vn -0.1253 -0.9586 0.2555
vn -0.8036 -0.5560 0.2125
vn -0.8294 -0.5440 -0.1268
vn -0.5465 0.8313 0.1014
vn -0.3510 0.7671 -0.5370
vn -0.8898 0.3081 -0.3367
vn -0.9248 0.3121 -0.2175
vn -0.9540 0.1713 -0.2460
vn -0.8790 0.4199 -0.2261
vn -0.8793 0.3740 0.2948
vn -0.9471 0.3121 0.0742
vn -0.6601 0.7110 0.2423
vn -0.9014 0.3373 0.2715
vn -0.9357 0.3169 0.1547
vn 0.4279 -0.6850 -0.5897
vn 0.2514 -0.5584 -0.7906
vn -0.9113 0.3080 0.2735
vn -0.9397 0.3392 0.0438
vn -0.9624 0.2522 0.1009
vn -0.9302 0.2245 0.2905
vn -0.9881 0.0990 0.1180
vn -0.9070 0.2574 0.3332
vn 0.2634 -0.1439 0.9539
vn 0.3657 0.5857 0.7234
vn -0.4336 0.8379 0.3316
vn -0.9148 0.0833 0.3951
vn -0.5634 0.4890 -0.6659
vn -0.8070 -0.4678 0.3606
vn -0.8231 0.4428 -0.3555
vn 0.0769 0.9791 -0.1883
vn -0.7139 0.6662 -0.2157
vn 0.2861 0.9261 -0.2461
vn -0.7391 0.5934 0.3187
vn -0.7181 0.6881 0.1041
vn 0.4333 0.7824 0.4474
vn 0.2863 0.5114 0.8103
vn 0.4430 -0.6386 0.6293
vn 0.6481 0.1353 0.7494
vn -0.8366 0.2508 0.4870
vn 0.7981 0.2880 0.5293
vn -0.4895 -0.8587 -0.1517
vn -0.8003 -0.4118 -0.4358
vn 0.9839 -0.0734 0.1627
vn -0.3319 -0.5646 0.7557
vn 0.9580 -0.1806 0.2228
vn -0.6205 -0.2281 0.7503
vn -0.6713 -0.0547 -0.7392
vn 0.9472 -0.1682 0.2729
vn 0.9490 -0.1166 -0.2928
vn 0.6173 0.6426 -0.4538
vn 0.8177 0.3288 -0.4726
vn 0.4557 0.1221 -0.8817
vn 0.7872 -0.3288 -0.5217
vn 0.3742 -0.6492 -0.6621
vn 0.2972 -0.6494 -0.7000
vn 0.2810 -0.9239 -0.2595
vn 0.4350 -0.3383 -0.8344
vn -0.1700 0.0125 -0.9854
vn -0.2428 -0.5619 -0.7908
vn 0.1490 0.1881 -0.9708
vn -0.9696 0.0927 -0.2266
vn 0.4336 -0.5527 0.7117
vn 0.4461 -0.5291 0.7218
vn 0.8015 -0.3470 0.4870
vn 0.7454 -0.3582 0.5622
vn 0.7151 0.0025 -0.6990
vn -0.6117 0.0636 -0.7885
vn 0.9949 0.0011 -0.1010
vn 0.4084 0.2796 -0.8689
vn 0.8535 0.3644 0.3725
vn 0.4094 0.9026 0.1333
vn 0.7935 0.5774 0.1925
vn -0.4739 0.7743 -0.4194
vn 0.5667 -0.2891 -0.7715
vn -0.9110 0.4119 0.0192
vn 0.9638 0.0860 0.2522
vn 0.9040 -0.4136 0.1083
vn 0.8778 -0.3681 0.3067
vn 0.6611 -0.7488 -0.0469
vn 0.7931 -0.3683 -0.4851
vn 0.8727 -0.4782 0.0984
vn 0.7049 0.2189 0.6747
vn 0.9826 0.0408 0.1811
vn 0.9893 -0.1205 0.0818
vn 0.8624 0.0628 0.5023
vn -0.4883 -0.8251 -0.2841
vn -0.0381 -0.2677 -0.9627
vn 0.5063 -0.1589 -0.8476
vn -0.0338 0.1889 -0.9814
vn -0.7109 0.6806 0.1773
vn 0.9409 -0.2562 -0.2215
vn 0.9016 0.4062 -0.1488
vn 0.2452 -0.9608 0.1295
vn -0.5269 -0.2649 0.8076
vn -0.7841 0.4664 -0.4094
vn -0.8497 -0.2397 -0.4697
vn 0.9063 -0.3449 -0.2443
vn -0.8411 0.2418 -0.4838
vn 0.9048 0.3748 -0.2020
vn -0.5875 0.5686 0.5758
vn -0.6763 -0.1297 -0.7251
vn 0.6635 -0.2695 -0.6980
vn -0.1499 -0.8433 0.5160
vn -0.2759 -0.2808 -0.9193
vn 0.5162 -0.4737 -0.7135
vn -0.6964 0.6357 0.3331
vn -0.1011 -0.4599 0.8822
vn -0.5419 0.6701 -0.5073
vn 0.7822 0.6210 -0.0504
vn 0.8779 -0.4497 -0.1645
vn 0.9412 0.2202 -0.2562
vn -0.7287 -0.2123 0.6511
vn -0.8263 -0.0601 0.5600
vn -0.8414 -0.0524 0.5379
vn -0.1426 0.6160 -0.7748
vn -0.8673 -0.4394 -0.2340
vn -0.8859 0.2877 0.3639
vn 0.1333 -0.7542 0.6430
vn -0.7119 -0.6526 -0.2594
vn -0.2446 -0.2402 -0.9394
vn 0.2761 -0.1889 0.9424
vn 0.6056 -0.1424 0.7829
vn 0.4652 0.7618 0.4509
vn 0.4785 0.7419 0.4698
vn 0.2631 -0.7166 0.6460
vn 0.7779 0.4052 0.4802
vn 0.1032 -0.7087 0.6979
vn 0.1087 -0.7472 0.6556
vn 0.8409 0.3366 0.4238
vn 0.6869 -0.5662 0.4556
vn 0.9507 0.1596 0.2660
vn -0.4646 -0.7646 -0.4468
vn -0.2000 -0.9769 -0.0754
vn -0.3425 -0.9380 0.0529
vn -0.4097 0.7505 -0.5186
vn -0.1422 0.7905 -0.5957
vn -0.4641 -0.0580 -0.8839
vn -0.1144 0.5434 -0.8316
vn -0.0581 0.2797 -0.9583
vn -0.7718 0.5195 -0.3668
vn -0.9786 0.1864 -0.0875
vn -0.9834 0.1736 0.0524
vn -0.9793 -0.1249 -0.1590
vn 0.7524 0.4510 -0.4800
vn -0.8395 -0.0895 -0.5359
vn 0.0878 0.9867 -0.1368
vn -0.0010 0.9768 -0.2144
vn -0.6800 0.1037 -0.7259
vn 0.3048 -0.4893 -0.8171
vn -0.5042 0.1371 -0.8526
vn -0.7741 0.6121 -0.1614
vn 0.1748 0.8046 0.5675
vn -0.0902 0.7680 0.6341
vn 0.4625 0.0831 0.8827
vn 0.7847 0.5927 0.1817
vn 0.5295 -0.6139 0.5854
vn -0.7109 0.1084 0.6949
vn -0.3139 0.0680 0.9470
vn -0.6896 0.3627 0.6269
vn -0.8422 -0.3022 -0.4466
vn -0.9039 0.2714 0.3308
vn -0.8439 0.4037 0.3533
vn -0.8609 0.1370 0.4900
vn -0.0172 0.0011 0.9999
vn 0.9796 -0.0061 0.2010
vn 0.9862 -0.0857 0.1415
vn 0.8878 0.1685 -0.4282
vn 0.7262 0.0018 -0.6875
vn 0.6458 0.2214 -0.7307
vn 0.6621 -0.0147 -0.7493
vn -0.5287 0.6388 0.5589
vn -0.0526 -0.0084 -0.9986
vn 0.8538 0.3431 -0.3916
vn -0.6732 0.3862 0.6306
vn -0.6579 0.3909 0.6437
vn -0.0252 -0.8937 -0.4480
vn -0.0895 -0.2045 -0.9748
vn -0.5602 0.8247 -0.0771
vn -0.9644 -0.1391 -0.2249
vn -0.0236 0.9967 -0.0778
vn -0.9778 0.1725 -0.1191
vn -0.9304 -0.1833 0.3175
vn -0.1619 -0.0604 -0.9850
vn 0.6874 0.2301 -0.6889
vn 0.8342 -0.0764 -0.5461
vn 0.9037 0.2351 -0.3578
vn -0.4613 -0.8869 0.0243
vn -0.5780 0.6639 -0.4745
vn 0.1679 -0.4585 -0.8727
vn -0.2575 -0.9662 0.0104
vn -0.7219 -0.6718 -0.1662
vn -0.6254 -0.7802 -0.0162
vn -0.6511 0.5034 -0.5681
vn -0.1938 -0.7210 -0.6653
vn -0.0883 0.8812 -0.4644
vn -0.3783 0.4414 -0.8137
vn -0.1272 -0.0175 -0.9917
vn -0.1273 -0.0175 -0.9917
vn -0.1274 -0.0176 -0.9917
vn 0.4969 0.8240 -0.2723
vn 0.2823 -0.0531 -0.9579
vn 0.3235 0.9448 -0.0516
vn -0.5366 -0.6257 -0.5662
vn -0.0033 -0.3634 -0.9316
vn 0.4147 -0.6048 -0.6799
vn 0.6787 0.6089 -0.4106
vn 0.6922 -0.0082 -0.7217
vn -0.6397 0.4590 0.6166
vn 0.9241 -0.2397 0.2977
vn 0.0547 0.2031 -0.9776
vn -0.9589 0.0163 -0.2834
vn 0.7109 0.4316 -0.5554
vn 0.0707 0.7816 -0.6198
vn 0.6955 0.5172 -0.4988
vn 0.4896 0.7978 -0.3518
vn 0.5139 0.4178 -0.7493
vn 0.7633 -0.4977 -0.4119
vn 0.9797 -0.1600 -0.1208
vn 0.4507 -0.7919 -0.4119
vn 0.7973 0.2540 -0.5476
vn 0.1692 0.2635 -0.9497
vn -0.0453 -0.6417 -0.7656
vn 0.0911 -0.3353 -0.9377
vn 0.2956 0.1849 -0.9373
vn 0.5444 0.0052 -0.8388
vn -0.9967 -0.0388 -0.0719
vn 0.8233 -0.3427 -0.4526
vn 0.3055 0.3297 -0.8933
vn 0.0911 0.6772 -0.7302
vn 0.6809 0.2714 -0.6802
vn 0.9141 0.3199 -0.2491
vn 0.6138 0.4514 -0.6477
vn -0.3410 0.0042 0.9401
vn -0.4383 0.0006 -0.8988
vn -0.9199 0.0834 -0.3833
vn 0.9892 -0.1385 0.0485
vn 0.8700 -0.2173 -0.4427
vn 0.2997 -0.2181 0.9288
vn 0.9036 0.2440 -0.3521
vn -0.9015 0.4318 -0.0291
vn -0.1309 -0.0175 -0.9912
vn -0.6091 0.3110 0.7296
vn -0.3355 0.9336 0.1257
vn 0.6208 -0.7840 0.0041
vn -0.5269 -0.8499 -0.0112
vn 0.5072 -0.8618 0.0022
vn -0.7630 0.2365 -0.6015
vn -0.8169 0.4978 -0.2915
vn -0.0532 0.3677 -0.9284
vn 0.2809 0.5123 -0.8116
vn -0.4320 0.7231 -0.5389
vn 0.1344 0.0361 -0.9903
vn 0.9813 0.1067 -0.1602
vn 0.7615 0.6351 -0.1297
vn -0.0187 -0.0292 -0.9994
vn 0.0168 0.1119 -0.9936
vn 0.7469 -0.3139 -0.5862
vn 0.2631 0.4624 -0.8468
vn -0.0323 0.9831 -0.1804
vn 0.0118 0.9999 -0.0098
vn -0.0705 0.8999 -0.4303
vn 0.9387 0.2252 -0.2611
vn 0.3759 0.8173 -0.4367
vn -0.0640 0.8003 -0.5962
vn -0.6670 0.2542 0.7003
vn 0.7925 0.3066 -0.5272
vn -0.3004 0.9530 0.0403
vn 0.3372 -0.9381 -0.0794
vn -0.9304 -0.3626 -0.0534
vn 0.4545 0.2803 -0.8455
vn -0.6115 -0.3864 -0.6905
vn -0.8175 0.5144 -0.2590
vn -0.5738 0.6778 -0.4596
vn 0.1854 -0.9826 -0.0046
vn -0.3873 -0.9219 0.0041
vn 0.2105 -0.9776 -0.0047
vn -0.7744 -0.3742 0.5102
vn -0.6240 0.7814 0.0037
vn -0.7816 -0.5880 -0.2084
vn -0.7759 0.5997 -0.1960
vn -0.7587 -0.0722 0.6474
vn -0.5063 0.7665 0.3952
vn 0.1677 -0.2279 -0.9591
vn 0.4344 -0.6535 -0.6198
vn 0.6028 -0.4554 -0.6551
vn -0.9149 -0.3907 0.1019
vn -0.9703 -0.2395 0.0340
vn -0.9360 0.0817 0.3423
vn -0.9383 -0.3424 -0.0484
vn 0.7330 0.3028 -0.6091
vn 0.9119 -0.4037 -0.0733
vn -0.7414 0.6696 0.0450
vn 0.0559 0.9876 0.1467
vn -0.9235 -0.3835 -0.0049
vn 0.7514 -0.6369 -0.1726
vn -0.4893 0.7569 -0.4333
vn -0.1180 0.9900 0.0776
vn 0.2677 -0.8770 -0.3989
vn 0.9099 -0.3185 -0.2657
vn -0.1483 -0.4997 -0.8534
vn 0.5685 0.8225 -0.0179
vn -0.6443 0.0634 -0.7621
vn 0.8440 0.0609 -0.5329
vn 0.6443 0.7644 -0.0237
vn 0.5192 -0.8504 0.0851
vn 0.0232 0.1954 0.9805
vn 0.0428 -0.3343 0.9415
vn -0.8881 -0.1048 -0.4475
vn 0.9744 -0.1589 -0.1590
vn -0.0859 0.0873 0.9925
vn -0.7111 -0.6205 -0.3307
vn -0.9134 0.3989 0.0811
vn -0.5710 0.8081 0.1445
vn -0.7282 0.5641 0.3893
vn -0.5971 -0.2692 0.7557
vn -0.3172 -0.6063 0.7292
vn -0.5128 -0.8282 0.2260
vn -0.3108 -0.2559 0.9154
vn -0.7025 -0.6230 0.3440
vn -0.7892 -0.0752 -0.6095
vn -0.2901 0.1883 0.9383
vn -0.7374 0.2682 -0.6200
vn -0.9901 -0.0009 -0.1405
vn 0.1766 0.4548 -0.8729
vn -0.8432 0.2530 0.4743
vn 0.6555 0.1404 0.7421
vn -0.6789 0.1483 0.7191
vn -0.0080 0.0209 -0.9997
vn 0.2516 0.3899 -0.8858
vn -0.2357 -0.1254 0.9637
vn 0.6928 0.2955 -0.6578
vn 0.9967 -0.0271 -0.0769
vn -0.4593 -0.0262 -0.8879
vn 0.9256 -0.3085 0.2195
vn -0.5464 -0.6316 0.5501
vn 0.0364 -0.1748 0.9839
vn 0.9640 0.2421 0.1102
vn 0.9989 0.0398 0.0233
vn -0.7528 -0.1462 -0.6419
vn -0.5913 0.5725 0.5680
vn -0.7455 -0.0541 -0.6643
vn -0.5017 0.5959 -0.6271
vn 0.0567 0.0573 -0.9967
vn 0.9030 -0.4186 -0.0963
vn 0.8196 -0.5727 0.0144
vn 0.3005 -0.7709 0.5616
vn -0.8298 0.5122 -0.2214
vn -0.9434 0.2795 -0.1786
vn 0.7482 -0.0097 0.6634
vn 0.3927 -0.1680 0.9042
vn -0.0597 0.9449 -0.3218
vn 0.9532 0.0883 -0.2891
vn -0.3401 -0.5895 -0.7327
vn -0.7612 0.5991 0.2485
vn -0.6067 0.5733 -0.5506
vn -0.9159 -0.2129 0.3402
vn 0.5578 0.7089 -0.4317
vn -0.5012 -0.8324 -0.2363
vn -0.4188 -0.6123 -0.6706
vn -0.5071 0.5221 -0.6857
vn 0.8433 -0.3245 -0.4283
vn -0.5278 0.8481 0.0461
vn -0.9432 0.1440 -0.2993
vn -0.8915 -0.1483 -0.4280
vn -0.6545 -0.5099 -0.5583
vn -0.6643 -0.1675 -0.7285
vn -0.9996 -0.0262 -0.0043
vn -0.8264 0.0557 0.5603
vn -0.4488 0.7037 0.5507
vn 0.9977 0.0614 -0.0299
vn 0.0306 0.0525 -0.9981
vn -0.0706 -0.0479 -0.9964
vn -0.1623 0.5611 -0.8117
vn 0.9502 -0.2097 -0.2304
vn -0.2567 0.9628 0.0847
vn -0.4378 0.5950 -0.6740
vn 0.2034 0.1166 -0.9721
vn -0.9544 0.0042 -0.2984
vn -0.6781 0.0031 -0.7350
vn -0.8894 0.4529 -0.0629
vn 0.0859 0.9963 -0.0000
vn 0.3221 0.9467 -0.0005
vn -0.0322 0.9991 0.0258
vn 0.3099 -0.0024 0.9508
vn 0.3166 0.0056 0.9485
vn -0.9732 -0.1184 0.1971
vn -0.9997 0.0225 -0.0067
vn 0.8067 -0.3239 0.4943
vn -0.9990 -0.0061 -0.0445
vn 0.9631 -0.2692 -0.0042
vn -0.5800 -0.1013 -0.8083
vn -0.3771 0.7667 -0.5196
vn 0.7609 -0.0941 0.6420
vn -0.8191 0.2306 0.5253
vn -0.6114 0.6490 0.4529
vn 0.7950 -0.3003 0.5271
vn -0.5507 0.5150 -0.6569
vn 0.0711 0.0991 -0.9925
vn 0.0971 -0.9953 -0.0049
vn -0.7982 -0.0457 -0.6006
vn 0.4504 0.6412 -0.6214
vn 0.4482 0.7933 -0.4120
vn -0.4773 -0.0552 0.8770
vn 0.1129 -0.0057 -0.9936
vn 0.1742 -0.2729 -0.9461
vn 0.6314 0.6077 0.4818
vn -0.0841 0.9956 0.0403
vn -0.0967 -0.9776 0.1870
vn 0.9249 0.2493 0.2870
vn -0.9189 0.3815 -0.1007
vn -0.9937 0.0345 0.1062
vn -0.9555 0.0731 0.2859
vn -0.9911 -0.1231 0.0506
vn -0.0593 0.3634 -0.9297
vn -0.7704 0.6275 -0.1129
vn -0.6281 -0.5915 -0.5055
vn 0.8377 -0.1810 0.5153
vn 0.7397 -0.6729 0.0034
vn 0.9331 -0.2170 0.2868
vn -0.8452 -0.2359 -0.4795
vn 0.8058 -0.2784 -0.5227
vn 0.9753 -0.0015 -0.2207
vn 0.2007 -0.6144 0.7631
vn -0.5455 0.8378 -0.0235
vn -0.8283 0.4655 -0.3118
vn -0.9529 0.2339 -0.1931
vn 0.5695 -0.1585 0.8066
vn -0.7060 0.2907 -0.6458
vn 0.9946 -0.0711 -0.0760
vn 0.9234 0.0020 -0.3837
vn -0.9548 -0.1173 0.2732
vn -0.1594 -0.6702 0.7249
vn -0.8075 -0.0637 -0.5864
vn 0.5431 0.4022 -0.7371
vn -0.9968 0.0044 0.0797
vn -0.8850 -0.1702 0.4333
vn 0.4797 -0.6266 -0.6142
vn 0.7706 -0.3729 0.5168
vn 0.4927 -0.5086 0.7061
vn 0.9335 -0.3475 0.0885
vn 0.9999 -0.0112 0.0044
vn 0.8485 -0.5173 -0.1115
vn -0.0463 0.9984 -0.0315
vn -0.9544 0.1293 -0.2691
vn 0.1562 0.0234 -0.9875
vn 0.1509 0.9572 -0.2470
vn -0.8437 0.2149 -0.4919
vn -0.4869 0.8380 -0.2465
vn 0.1124 0.5589 -0.8216
vn 0.0167 -0.6150 -0.7884
vn -0.5981 -0.5259 0.6048
vn 0.8814 -0.0562 0.4690
vn 0.4187 -0.0118 0.9081
vn 0.7396 -0.6253 -0.2488
vn 0.1504 0.5577 -0.8163
vn 0.7304 0.6386 -0.2423
vn -0.6213 0.6011 -0.5026
vn -0.9291 -0.2221 0.2957
vn 0.0731 0.0004 -0.9973
vn -0.5925 0.7994 -0.0997
vn -0.9534 0.2897 -0.0844
vn 0.9831 -0.1470 0.1096
vn 0.8645 0.3819 -0.3269
vn -0.6857 0.0484 -0.7263
vn -0.6971 0.7169 -0.0093
vn 0.9990 -0.0431 -0.0134
vn 0.9747 -0.2210 -0.0336
vn -0.7169 0.6753 -0.1736
vn 0.0077 0.6265 0.7794
vn 0.4892 0.6470 -0.5849
vn -0.4958 0.8351 -0.2381
vn 0.1699 0.8144 0.5549
vn -0.4707 0.2281 0.8523
vn -0.9972 0.0281 -0.0691
vn 0.3720 0.2037 -0.9056
vn -0.7868 0.5994 -0.1473
vn 0.0233 -0.2325 -0.9723
vn 0.1393 -0.9615 -0.2367
vn 0.0273 -0.9731 -0.2289
vn -0.2305 -0.0096 0.9730
vn -0.1731 0.6979 -0.6950
vn 0.0693 0.8526 -0.5179
vn 0.4450 0.2263 -0.8665
vn 0.3718 0.2037 -0.9057
vn -0.6771 -0.6335 0.3745
vn -0.8382 -0.3321 0.4326
vn -0.5171 -0.7955 0.3157
vn 0.7701 0.4940 -0.4036
vn 0.2938 -0.0900 -0.9516
vn -0.9664 0.2559 -0.0225
vn 0.5244 0.8149 0.2470
vn -0.5078 -0.6371 0.5799
vn -0.9945 0.0883 0.0564
vn -0.2158 -0.0664 -0.9742
vn -0.8038 0.3143 -0.5051
vn 0.4062 -0.1641 -0.8989
vn -0.8173 0.0086 -0.5762
vn -0.0004 -0.9942 0.1078
vn -0.0005 -0.9942 0.1077
vn 0.9074 -0.3038 -0.2905
vn -0.0449 0.9915 -0.1222
vn -0.4177 -0.5200 0.7451
vn 0.3426 -0.1007 0.9341
vn -0.3715 0.6693 0.6435
vn -0.8194 -0.1588 -0.5508
vn 0.5747 -0.6300 -0.5223
vn 0.0670 -0.9895 -0.1281
vn 0.9872 -0.0901 0.1318
vn 0.5647 0.4556 -0.6882
vn 0.1774 0.9805 -0.0845
vn 0.3243 -0.9457 0.0228
vn 0.2786 -0.9244 0.2605
vn 0.5455 0.8349 -0.0735
vn -0.0512 0.4701 -0.8811
vn 0.4857 0.1418 0.8626
vn 0.3999 0.7287 0.5560
vn -0.5661 0.6738 -0.4749
vn -0.0322 -0.1726 -0.9845
vn -0.0054 0.0168 -0.9998
vn 0.0092 0.9970 -0.0772
vn -0.2582 -0.0032 0.9661
vn -0.2550 -0.0032 0.9669
vn -0.8072 -0.0043 0.5903
vn 0.1301 0.2261 0.9654
vn 0.0778 0.8156 0.5733
vn -0.6671 -0.4085 0.6230
vn -0.0367 -0.2041 -0.9783
vn -0.5940 0.5718 0.5658
vn 0.6387 -0.5788 0.5070
vn 0.8780 0.2893 -0.3814
vn 0.0003 -0.0046 -1.0000
vn 0.1402 -0.5672 -0.8116
vn 0.6984 -0.0153 -0.7155
vn 0.1593 -0.0295 -0.9868
vn -0.0729 0.0206 0.9971
vn 0.0127 0.0926 0.9956
vn 0.6096 -0.4156 -0.6750
vn 0.1897 -0.6919 -0.6967
vn 0.1816 0.6958 -0.6949
vn 0.2680 0.9634 -0.0041
vn 0.3264 -0.9222 -0.2072
vn 0.3225 0.9466 -0.0039
vn -0.7352 0.0055 0.6779
vn 0.8303 0.0136 -0.5571
vn -0.8918 -0.2921 -0.3456
vn 0.5615 0.5458 -0.6219
vn 0.0131 -0.0023 0.9999
vn -0.5592 -0.8239 0.0923
vn -0.2120 0.9482 -0.2364
vn 0.9168 -0.3967 0.0453
vn 0.9516 -0.3070 -0.0173
vn -0.9998 -0.0077 -0.0176
vn 0.1863 -0.5055 -0.8425
vn -0.1397 0.9902 -0.0007
vn 0.9608 -0.2769 0.0118
vn -0.8518 0.4653 0.2407
vn -0.8015 0.5969 0.0348
vn -0.0032 -0.0065 -1.0000
vn 1.0000 -0.0014 0.0028
vn 1.0000 -0.0013 0.0082
vn 0.5060 -0.6199 -0.5997
vn 0.7006 0.7134 -0.0127
vn -0.0032 1.0000 -0.0039
vn -0.0033 1.0000 -0.0036
vn -0.8431 -0.0071 -0.5378
vn -0.1011 0.2907 0.9515
vn -0.8491 -0.5281 0.0147
vn -0.7020 -0.4416 0.5587
vn 1.0000 -0.0039 -0.0073
vn 0.9998 -0.0038 -0.0182
vn 0.9013 -0.3886 0.1914
vn 0.9315 -0.3487 0.1033
vn 0.9746 -0.1357 0.1780
vn -0.9978 -0.0652 -0.0105
vn 0.9808 -0.0688 0.1823
vn -0.7977 0.0081 -0.6030
vn 0.4514 0.0054 0.8923
vn -0.3992 -0.9133 0.0813
vn -0.5028 -0.8644 0.0058
vn 0.3245 0.0001 -0.9459
vn 0.9982 0.0166 0.0576
vn -0.9999 0.0006 -0.0115
vn -0.8367 -0.5477 -0.0029
vn 0.9878 0.1555 -0.0075
vn 0.9928 0.1196 0.0019
vn -0.9909 -0.1036 0.0863
vn 0.8363 -0.5481 0.0091
vn -0.4506 0.5068 -0.7349
vn 0.6058 0.4162 -0.6781
vn 0.0714 0.7969 -0.5999
vn 0.0082 -0.9723 -0.2337
vn 0.2738 0.8318 -0.4828
vn -0.1135 0.0234 0.9933
vn -0.0004 -0.9942 0.1075
vn -0.0004 -0.9942 0.1077
vn -0.0001 -0.9942 0.1073
vn -0.0004 -0.9941 0.1082
vn -0.0009 -0.9942 0.1074
vn -0.0000 -0.9940 0.1091
vn -0.0004 -0.9942 0.1079
vn -0.0002 -0.9941 0.1082
vn 0.0006 -0.9942 0.1076
vn 0.0007 -0.9942 0.1077
vn -0.5919 -0.5728 0.5670
vn 0.1919 0.9474 -0.2560
vn 0.0120 -0.0116 -0.9999
vn -0.0003 0.0173 -0.9999
vn -0.0005 0.0008 -1.0000
vn 0.0014 0.0025 -1.0000
vn -0.0061 0.0048 -1.0000
vn -0.5700 -0.0088 -0.8216
vn 1.0000 0.0034 0.0055
vn -0.7882 0.0054 -0.6154
vn 0.0181 -0.8980 0.4395
vn 0.1820 -0.9535 -0.2402
vn 0.9655 0.2605 0.0042
vn 0.0040 -0.0077 -1.0000
vn 0.0156 -0.0232 -0.9996
vn -0.5621 0.7706 -0.3004
vn 0.9639 -0.2657 -0.0154
vn 0.9680 -0.2507 -0.0084
vn 0.9583 -0.2856 0.0132
vn 0.9556 -0.2942 0.0163
vn 0.0062 0.9479 -0.3185
vn -0.0029 -0.0073 -1.0000
vn -0.0033 -0.0072 -1.0000
vn -0.2433 -0.4559 -0.8561
vn 0.0042 -0.9938 0.1110
vn 0.0010 1.0000 -0.0037
vn -0.0007 1.0000 -0.0047
vn 0.0009 1.0000 -0.0036
vn -0.2685 -0.9134 -0.3059
vn 0.0634 -0.9976 0.0272
vn 1.0000 -0.0024 -0.0021
vn -0.9475 0.2902 -0.1344
vn -0.9590 -0.2834 -0.0043
vn -0.9853 -0.1707 -0.0079
vn -0.8721 0.4884 -0.0307
vn -0.8707 -0.4918 -0.0051
vn -0.9863 -0.1645 -0.0120
vn -0.6939 -0.7201 -0.0026
vn -0.9617 -0.2738 0.0069
vn -0.6823 -0.7311 0.0014
vn -0.8505 -0.5259 0.0050
vn -0.9998 -0.0174 0.0061
vn -0.6766 0.7342 -0.0563
vn -0.4930 0.8684 -0.0534
vn -0.8428 0.5379 -0.0190
vn -0.9929 0.1162 -0.0241
vn -0.8827 0.4699 0.0029
vn -0.7706 0.6360 -0.0407
vn -0.5210 -0.8534 -0.0160
vn -0.0884 0.9947 -0.0533
vn -0.8493 0.5275 -0.0211
vn -0.9998 -0.0192 -0.0085
vn -0.8753 0.0035 -0.4836
vn -0.9998 -0.0192 -0.0089
vn -0.5871 0.8075 0.0581
vn 0.8462 0.5323 -0.0243
vn 0.9063 0.4223 -0.0140
vn 0.9969 0.0788 0.0068
vn 0.9234 0.3839 0.0039
vn 0.7861 -0.0168 0.6179
vn 0.9927 -0.0250 0.1177
vn 0.5496 -0.8355 0.0009
vn 0.9835 -0.1810 -0.0050
vn 0.9978 -0.0658 -0.0081
vn 0.1290 0.9911 0.0328
vn 0.9365 -0.3506 -0.0037
vn 0.0734 0.9958 -0.0541
vn 0.8505 -0.5260 0.0050
vn 0.9023 0.4310 0.0051
vn -0.5337 0.8453 0.0259
vn -0.2226 0.9729 0.0624
vn 0.8193 -0.5734 -0.0012
vn 0.8191 -0.5737 -0.0012
vn -0.9956 0.0931 -0.0125
vn 0.4438 -0.8961 -0.0023
vn -0.6208 -0.7840 0.0041
vn -0.1017 -0.9948 -0.0005
vt 0.885742 0.834473
vt 0.885742 0.836426
vt 0.799316 0.836914
vt 0.405524 0.296937
vt 0.404677 0.293374
vt 0.412604 0.298491
vt 0.360107 0.412842
vt 0.420898 0.415527
vt 0.421143 0.416748
vt 0.338050 0.334717
vt 0.349424 0.314131
vt 0.341299 0.334850
vt 0.856583 0.470018
vt 0.876535 0.470668
vt 0.855889 0.470545
vt 0.419933 0.410210
vt 0.420166 0.411377
vt 0.380615 0.409424
vt 0.367303 0.357712
vt 0.366577 0.358360
vt 0.366455 0.356201
vt 0.733398 0.312256
vt 0.734863 0.318848
vt 0.733398 0.318848
vt 0.133568 0.147850
vt 0.007328 0.159439
vt 0.007925 0.165825
vt 0.764436 0.543406
vt 0.795051 0.543378
vt 0.762207 0.545410
vt 0.380859 0.408447
vt 0.733398 0.362793
vt 0.734863 0.365967
vt 0.733398 0.365967
vt 0.340336 0.366605
vt 0.333392 0.366405
vt 0.335424 0.360881
vt 0.400635 0.357910
vt 0.402529 0.356918
vt 0.403389 0.357605
vt 0.336327 0.350293
vt 0.333219 0.349287
vt 0.411972 0.302538
vt 0.406396 0.315131
vt 0.403472 0.341541
vt 0.367188 0.341309
vt 0.365766 0.340932
vt 0.734863 0.312256
vt 0.734863 0.305112
vt 0.736328 0.305664
vt 0.361719 0.293650
vt 0.362209 0.296072
vt 0.734863 0.322021
vt 0.736328 0.322021
vt 0.734863 0.328727
vt 0.377930 0.314697
vt 0.367657 0.294521
vt 0.734375 0.256773
vt 0.733398 0.282486
vt 0.733398 0.256517
vt 0.418062 0.368669
vt 0.344971 0.369385
vt 0.734863 0.340991
vt 0.733398 0.329579
vt 0.403564 0.343262
vt 0.405689 0.359059
vt 0.225098 0.028687
vt 0.205566 0.027252
vt 0.225415 0.027252
vt 0.205322 0.028687
vt 0.168455 0.027252
vt 0.734863 0.344482
vt 0.733398 0.344482
vt 0.733398 0.341049
vt 0.736328 0.341309
vt 0.360328 0.406038
vt 0.736328 0.312256
vt 0.736328 0.318848
vt 0.358887 0.413330
vt 0.371010 0.413996
vt 0.371018 0.414046
vt 0.402344 0.342041
vt 0.452393 0.300049
vt 0.476382 0.301709
vt 0.476828 0.302518
vt 0.360352 0.411621
vt 0.825188 0.538076
vt 0.795003 0.542962
vt 0.730957 0.273682
vt 0.731271 0.257099
vt 0.731577 0.282443
vt 1.773281 -1.897278
vt 0.882329 0.470703
vt 0.721093 0.944824
vt 0.704102 0.944336
vt 0.606901 0.775181
vt 0.416206 0.366519
vt 0.733398 0.305079
vt 0.734863 0.282476
vt 0.366211 0.342529
vt 0.734863 0.297119
vt 0.736328 0.297119
vt 0.736328 0.304199
vt 0.166016 0.028687
vt 0.360840 0.407471
vt 0.733398 0.297119
vt 0.736328 0.331543
vt 0.736328 0.328125
vt 0.460039 0.351799
vt 0.506439 0.351258
vt 0.451354 0.351635
vt 0.988620 0.248572
vt 0.776959 0.449282
vt 0.778292 0.726515
vt 0.410410 0.361475
vt 0.734863 0.362793
vt 0.736328 0.281982
vt 0.736328 0.283203
vt 0.734863 0.369525
vt 0.416373 0.408676
vt 0.361724 0.404593
vt 0.845703 0.458252
vt 0.704590 0.944824
vt 0.365967 0.287842
vt 0.406250 0.289795
vt 0.329954 0.348827
vt 0.334229 0.334473
vt 0.345706 0.315289
vt 0.358290 0.291788
vt 0.810247 0.454102
vt 0.796690 0.549254
vt 0.810184 0.454409
vt 0.736328 0.338135
vt 0.855581 0.472943
vt 0.467779 0.287020
vt 0.473763 0.297084
vt 0.736328 0.344482
vt 0.736328 0.362793
vt 0.736328 0.365967
vt 0.736328 0.368652
vt 0.158203 0.035309
vt 0.164185 0.033722
vt 0.246443 0.035309
vt 0.224976 0.033722
vt 0.414995 0.357762
vt 0.736328 0.257080
vt 0.452393 0.286010
vt 0.452393 0.264620
vt 0.467187 0.286162
vt 0.994141 0.375244
vt 0.993323 0.374572
vt 0.994033 0.373429
vt 0.340666 0.050780
vt 0.285485 0.136697
vt 0.450770 0.138600
vt 0.885742 0.874023
vt 0.887695 0.836426
vt 0.593750 0.645020
vt 0.685059 0.642578
vt 0.593750 0.643066
vt 0.592285 0.645020
vt 0.590820 0.683105
vt 0.599121 0.767090
vt 0.651855 0.768066
vt 0.599121 0.765625
vt 0.801758 0.761719
vt 0.780273 0.765625
vt 0.802246 0.763184
vt 0.802734 0.763184
vt 0.853516 0.727539
vt 0.928711 0.641113
vt 0.926270 0.670410
vt 0.930664 0.641113
vt 0.590332 0.755859
vt 0.598145 0.766602
vt 0.088501 0.287842
vt 0.083191 0.232910
vt 0.090149 0.287598
vt 0.066101 0.060760
vt 0.065918 0.059113
vt 0.117249 0.055664
vt 0.064453 0.060883
vt 0.068604 0.112244
vt 0.546061 0.745280
vt 0.546875 0.724438
vt 0.591495 0.709735
vt 0.146973 0.430176
vt 0.144897 0.444336
vt 0.139307 0.443555
vt 0.776367 0.895996
vt 0.775391 0.886719
vt 0.775643 0.881385
vt 0.775907 0.852850
vt 0.792840 0.861850
vt 0.776448 0.864562
vt 0.557766 0.938029
vt 0.552037 0.937500
vt 0.555582 0.923699
vt 0.745579 0.862927
vt 0.743652 0.868164
vt 0.737120 0.874149
vt 0.746582 0.848145
vt 0.328270 0.980957
vt 0.326172 0.983887
vt 0.319092 0.981445
vt 0.317383 0.982910
vt 0.319092 0.969238
vt 0.317627 0.967773
vt 0.328248 0.969727
vt 0.326416 0.967285
vt 0.447919 0.201677
vt 0.448975 0.189453
vt 0.457764 0.197754
vt 0.256367 0.767703
vt 0.258442 0.762203
vt 0.258334 0.765902
vt 0.099296 0.372086
vt 0.043954 0.371642
vt 0.042916 0.370810
vt 0.449467 0.179735
vt 0.448486 0.145996
vt 0.449763 0.150531
vt 0.748257 0.370145
vt 0.726074 0.247437
vt 0.726486 0.263460
vt 0.726562 0.238403
vt 0.246948 0.192585
vt 0.238487 0.188867
vt 0.247004 0.188630
vt 0.216634 0.953441
vt 0.219158 0.962535
vt 0.214425 0.932409
vt 0.697754 0.065063
vt 0.696777 0.066711
vt 0.696289 0.065063
vt 0.278557 0.767846
vt 0.273193 0.766113
vt 0.301380 0.769544
vt 0.408936 0.583008
vt 0.403823 0.579993
vt 0.428223 0.578613
vt 0.254395 0.661133
vt 0.255288 0.661747
vt 0.253662 0.661621
vt 0.992627 0.366782
vt 0.993212 0.368149
vt 0.994475 0.366700
vt 0.876488 0.903967
vt 0.877697 0.907113
vt 0.874680 0.911335
vt 0.057999 0.002763
vt 0.058838 0.018402
vt 0.041443 0.017044
vt 0.145386 0.381348
vt 0.136353 0.382568
vt 0.135376 0.364502
vt 0.058502 0.019089
vt 0.026749 0.327637
vt 0.026913 0.330070
vt 0.024277 0.331299
vt 0.910159 0.977539
vt 0.910645 0.976074
vt 0.911844 0.976325
vt 0.538379 0.214624
vt 0.537783 0.213193
vt 0.541507 0.214785
vt 0.541504 0.212375
vt 0.534668 0.209351
vt 0.534668 0.208740
vt 0.535156 0.209106
vt 0.058075 0.019592
vt 0.041412 0.017822
vt 0.006702 0.015839
vt 0.006917 0.014911
vt 0.007717 0.015488
vt 0.005884 0.016091
vt 0.213903 0.379780
vt 0.207415 0.382848
vt 0.205833 0.380892
vt 0.119446 0.528320
vt 0.119263 0.528809
vt 0.118780 0.528764
vt 0.591797 0.984375
vt 0.593262 0.977051
vt 0.592773 0.984375
vt 0.593750 0.977051
vt 0.594489 0.969757
vt 0.590820 0.990723
vt 0.591309 0.991211
vt 0.589644 0.993452
vt 0.910776 0.980337
vt 0.909779 0.978331
vt 0.914319 0.981600
vt 0.909668 0.978027
vt 0.910645 0.975586
vt 0.910863 0.975098
vt 0.991211 0.994141
vt 0.986278 0.992188
vt 0.991211 0.988770
vt 0.986328 0.989258
vt 0.987539 0.987725
vt 0.987727 0.994629
vt 0.261510 0.376325
vt 0.258760 0.366661
vt 0.261410 0.362193
vt 0.652344 0.454834
vt 0.650629 0.457401
vt 0.650879 0.456299
vt 0.348627 0.686966
vt 0.358887 0.682129
vt 0.358887 0.686035
vt 0.618652 0.437256
vt 0.619629 0.437256
vt 0.618164 0.451904
vt 0.144101 0.448735
vt 0.092468 0.448975
vt 0.114258 0.448730
vt 0.277515 0.962295
vt 0.276975 0.961623
vt 0.278043 0.959690
vt 0.133056 0.404255
vt 0.130737 0.401855
vt 0.136496 0.400797
vt 0.459853 0.199387
vt 0.453125 0.201416
vt 0.458252 0.198730
vt 0.132731 0.445505
vt 0.133723 0.447479
vt 0.114197 0.447754
vt 0.743652 0.231689
vt 0.742188 0.238695
vt 0.742188 0.231689
vt 0.255977 0.664199
vt 0.256592 0.664551
vt 0.255859 0.665039
vt 0.984375 0.467299
vt 0.983621 0.465196
vt 0.984919 0.465893
vt 0.307839 0.689132
vt 0.307633 0.697016
vt 0.300927 0.678504
vt 0.990723 0.802238
vt 0.990723 0.839895
vt 0.989258 0.802236
vt 0.307617 0.901367
vt 0.306885 0.882324
vt 0.307373 0.885742
vt 0.983398 0.459717
vt 0.982758 0.460778
vt 0.982626 0.459717
vt 0.984108 0.459717
vt 0.982996 0.458496
vt 0.984897 0.458496
vt 0.628906 0.623047
vt 0.630859 0.617676
vt 0.637514 0.618757
vt 0.650391 0.632812
vt 0.658597 0.630951
vt 0.658511 0.632030
vt 0.394287 0.306152
vt 0.403076 0.312988
vt 0.397705 0.304443
vt 0.006671 0.391931
vt 0.007492 0.390869
vt 0.008003 0.391846
vt 0.957753 0.467263
vt 0.960167 0.466221
vt 0.958008 0.465833
vt 0.150456 0.384733
vt 0.148193 0.385742
vt 0.148682 0.381348
vt 0.743652 0.256499
vt 0.743652 0.239123
vt 0.194156 0.053619
vt 0.197388 0.052338
vt 0.203735 0.052338
vt 0.286389 0.766411
vt 0.297770 0.767578
vt 0.287708 0.714948
vt 0.286865 0.699348
vt 0.287598 0.684261
vt 0.989258 0.684504
vt 0.987793 0.679688
vt 0.989258 0.678885
vt 0.589355 0.724121
vt 0.588379 0.755859
vt 0.592285 0.683594
vt 0.399713 0.580826
vt 0.396484 0.568848
vt 0.399862 0.568273
vt 0.233887 0.647949
vt 0.249756 0.630371
vt 0.249756 0.647949
vt 0.993072 0.374076
vt 0.567871 0.530273
vt 0.579967 0.544884
vt 0.574793 0.545756
vt 0.416504 0.510254
vt 0.416504 0.511230
vt 0.415759 0.511179
vt 0.416016 0.508301
vt 0.416260 0.496826
vt 0.415285 0.494262
vt 0.416260 0.494385
vt 0.416260 0.491699
vt 0.415284 0.472992
vt 0.416016 0.477539
vt 0.415445 0.472879
vt 0.415569 0.472431
vt 0.328125 0.966797
vt 0.960449 0.627441
vt 0.943647 0.711454
vt 0.959961 0.627441
vt 0.549805 0.749023
vt 0.627907 0.682285
vt 0.744629 0.769043
vt 0.780273 0.767090
vt 0.651855 0.766602
vt 0.868792 0.553966
vt 0.871582 0.551270
vt 0.871386 0.556150
vt 0.679386 0.573574
vt 0.870011 0.607111
vt 0.570899 0.576907
vt 0.190878 0.523291
vt 0.190674 0.548340
vt 0.189941 0.534180
vt 0.948369 0.827146
vt 0.980469 0.955461
vt 0.986463 0.910998
vt 0.018250 0.375244
vt 0.019633 0.342360
vt 0.022232 0.339600
vt 0.672854 0.231689
vt 0.668945 0.220825
vt 0.673134 0.220958
vt 0.193115 0.549805
vt 0.193347 0.549030
vt 0.212524 0.549316
vt 0.185425 0.519043
vt 0.183960 0.519043
vt 0.183594 0.502441
vt 0.177124 0.502930
vt 0.170776 0.489502
vt 0.174909 0.487055
vt 0.095825 0.968262
vt 0.094420 0.965344
vt 0.096191 0.968262
vt 0.426475 0.708467
vt 0.428266 0.695801
vt 0.428441 0.709267
vt 0.575684 0.559082
vt 0.572121 0.545148
vt 0.458984 0.197876
vt 0.462402 0.187622
vt 0.463379 0.187622
vt 0.192261 0.490682
vt 0.189677 0.501768
vt 0.190918 0.490723
vt 0.461670 0.135620
vt 0.460693 0.136353
vt 0.009575 0.335693
vt 0.984101 0.463733
vt 0.982973 0.463148
vt 0.219453 0.378422
vt 0.213135 0.375000
vt 0.233251 0.374513
vt 0.012124 0.344152
vt 0.015759 0.346561
vt 0.014763 0.351318
vt 0.258924 0.372153
vt 0.258545 0.367920
vt 0.258301 0.371094
vt 0.247437 0.365479
vt 0.247803 0.366699
vt 0.017004 0.373061
vt 0.014168 0.368657
vt 0.982422 0.467267
vt 0.983887 0.467288
vt 0.983398 0.466230
vt 0.982970 0.467285
vt 0.984947 0.465059
vt 0.958578 0.460305
vt 0.959377 0.459473
vt 0.959961 0.460571
vt 0.959091 0.458252
vt 0.957768 0.459473
vt 0.958496 0.466626
vt 0.958753 0.464306
vt 0.958867 0.467254
vt 0.243051 0.169585
vt 0.249878 0.168457
vt 0.249869 0.169190
vt 0.928711 0.639160
vt 0.685059 0.641113
vt 0.648926 0.457031
vt 0.619151 0.454462
vt 0.618164 0.454590
vt 0.618652 0.457275
vt 0.618652 0.454590
vt 0.619141 0.468994
vt 0.625000 0.451660
vt 0.627930 0.453613
vt 0.624023 0.454102
vt 0.625977 0.450439
vt 0.625488 0.456543
vt 0.627930 0.449463
vt 0.649902 0.448975
vt 0.649414 0.452637
vt 0.647949 0.448486
vt 0.651855 0.449951
vt 0.651257 0.448872
vt 0.652832 0.452393
vt 0.654108 0.452912
vt 0.627441 0.457764
vt 0.620117 0.468994
vt 0.619970 0.472431
vt 0.618652 0.472168
vt 0.618652 0.470947
vt 0.697355 0.517570
vt 0.701396 0.515155
vt 0.706726 0.513508
vt 0.742638 0.481987
vt 0.745301 0.468488
vt 0.743975 0.483197
vt 0.746582 0.467957
vt 0.745829 0.460911
vt 0.721088 0.467870
vt 0.745117 0.482910
vt 0.620037 0.520043
vt 0.620297 0.520993
vt 0.619141 0.520508
vt 0.302749 0.895500
vt 0.312256 0.897461
vt 0.310791 0.899414
vt 0.312988 0.894531
vt 0.308838 0.900879
vt 0.312256 0.891113
vt 0.302513 0.891509
vt 0.310303 0.889160
vt 0.308350 0.887695
vt 0.277334 0.890127
vt 0.279835 0.892090
vt 0.275365 0.891648
vt 0.280932 0.894813
vt 0.274866 0.895426
vt 0.303223 0.898926
vt 0.278471 0.898777
vt 0.302246 0.888672
vt 0.280029 0.889648
vt 0.254639 0.665039
vt 0.254388 0.663781
vt 0.253174 0.663086
vt 0.106915 0.528320
vt 0.111023 0.528809
vt 0.102600 0.528809
vt 0.948242 0.620117
vt 0.944967 0.637561
vt 0.945644 0.622047
vt 0.267578 0.291504
vt 0.090088 0.289307
vt 0.891775 0.966595
vt 0.867650 0.964287
vt 0.891413 0.964844
vt 0.991304 0.954533
vt 0.278564 0.957267
vt 0.277567 0.957217
vt 0.983638 0.460879
vt 0.031494 0.425293
vt 0.032806 0.426025
vt 0.049652 0.440186
vt 0.017105 0.412598
vt 0.017960 0.412354
vt 0.290394 0.112959
vt 0.286476 0.109379
vt 0.358120 0.113342
vt 0.156616 0.381348
vt 0.156494 0.383789
vt 0.156494 0.366211
vt 0.138550 0.327393
vt 0.136475 0.329102
vt 0.132690 0.321777
vt 0.130493 0.323242
vt 0.014137 0.322998
vt 0.015388 0.321289
vt 0.014801 0.324219
vt 0.002941 0.375977
vt 0.003975 0.380127
vt 0.001923 0.376885
vt 0.008141 0.389648
vt 0.009064 0.391846
vt 0.005074 0.380127
vt 0.018784 0.383301
vt 0.013084 0.394287
vt 0.012619 0.395264
vt 0.013481 0.396973
vt 0.012298 0.396424
vt 0.016373 0.411133
vt 0.121698 0.344335
vt 0.129193 0.398691
vt 0.125242 0.398570
vt 0.122192 0.338395
vt 0.118429 0.338653
vt 0.114061 0.332211
vt 0.112915 0.335205
vt 0.143462 0.184474
vt 0.143589 0.155928
vt 0.149758 0.183907
vt 0.959473 0.467280
vt 0.959471 0.465038
vt 0.040517 0.352238
vt 0.035645 0.390959
vt 0.034714 0.337939
vt 0.021333 0.381436
vt 0.016831 0.392584
vt 0.032507 0.327792
vt 0.020206 0.319557
vt 0.010712 0.340576
vt 0.978516 0.386475
vt 0.979004 0.386719
vt 0.980441 0.391797
vt 0.979492 0.400391
vt 0.978578 0.398849
vt 0.979980 0.399902
vt 0.262454 0.377965
vt 0.262446 0.356810
vt 0.247314 0.204346
vt 0.240174 0.204389
vt 0.247437 0.203735
vt 0.267090 0.378174
vt 0.234578 0.650719
vt 0.250930 0.651441
vt 0.550293 0.723145
vt 0.549355 0.728691
vt 0.278173 0.954962
vt 0.276965 0.963379
vt 0.276960 0.962751
vt 0.277458 0.960901
vt 0.993164 0.375804
vt 0.993594 0.376367
vt 0.992188 0.375244
vt 0.992187 0.376469
vt 0.278564 0.963377
vt 0.118008 0.522461
vt 0.276766 0.932116
vt 0.290116 0.931633
vt 0.277030 0.945722
vt 0.304932 0.913574
vt 0.299457 0.912566
vt 0.275939 0.929926
vt 0.155640 0.386230
vt 0.150513 0.400146
vt 0.094320 0.960394
vt 0.092914 0.960073
vt 0.093318 0.958520
vt 0.860702 0.963867
vt 0.861816 0.962402
vt 0.864258 0.962402
vt 0.094614 0.958437
vt 0.095201 0.960397
vt 0.095742 0.963501
vt 0.094790 0.963460
vt 0.096057 0.960420
vt 0.095354 0.958515
vt 0.095208 0.963680
vt 0.096007 0.958243
vt 0.096916 0.960434
vt 0.884139 0.416546
vt 0.810522 0.417474
vt 0.812638 0.416546
vt 0.096680 0.967773
vt 0.096375 0.968262
vt 0.587891 0.350098
vt 0.565517 0.351671
vt 0.565918 0.350830
vt 0.959305 0.460595
vt 0.958910 0.463598
vt 0.141968 0.429443
vt 0.140869 0.429688
vt 0.145020 0.394287
vt 0.282227 0.762207
vt 0.042816 0.385010
vt 0.042505 0.387301
vt 0.382055 0.710929
vt 0.358909 0.700622
vt 0.368760 0.692777
vt 0.224022 0.650962
vt 0.224984 0.627592
vt 0.226033 0.651061
vt 0.043945 0.386719
vt 0.249512 0.622559
vt 0.252441 0.624023
vt 0.249512 0.624512
vt 0.707078 0.357458
vt 0.705779 0.368737
vt 0.706096 0.357426
vt 0.076906 0.527096
vt 0.076148 0.526834
vt 0.076793 0.525723
vt 0.098686 0.389623
vt 0.099121 0.373779
vt 0.623845 0.455731
vt 0.625927 0.449608
vt 0.917042 0.992188
vt 0.733068 0.807759
vt 0.610763 0.807712
vt 0.722656 0.806745
vt 0.633507 0.800598
vt 0.821403 0.673490
vt 0.870605 0.673828
vt 0.984375 0.460959
vt 0.958984 0.461426
vt 0.958061 0.463334
vt 0.410156 0.290527
vt 0.406738 0.306396
vt 0.414551 0.290283
vt 0.990630 0.957322
vt 0.939453 0.958090
vt 0.022308 0.314453
vt 0.120300 0.316162
vt 0.021118 0.316650
vt 0.871583 0.963605
vt 0.989258 0.653144
vt 0.987793 0.802231
vt 0.852922 0.669497
vt 0.885377 0.677011
vt 0.707373 0.519985
vt 0.026171 0.395387
vt 0.126343 0.330078
vt 0.129612 0.337375
vt 0.125244 0.330811
vt 0.226074 0.192864
vt 0.238815 0.192569
vt 0.286377 0.105408
vt 0.288818 0.103149
vt 0.286473 0.109386
vt 0.220879 0.092591
vt 0.225342 0.096008
vt 0.219140 0.094665
vt 0.732223 0.962170
vt 0.738813 0.962402
vt 0.738914 0.961914
vt 0.045715 0.387695
vt 0.011130 0.368374
vt 0.007735 0.369968
vt 0.007271 0.363270
vt 0.185425 0.546875
vt 0.624525 0.474862
vt 0.277964 0.955195
vt 0.276123 0.963379
vt 0.276915 0.959231
vt 0.276406 0.959849
vt 0.276510 0.957170
vt 0.994398 0.376462
vt 0.366699 0.740723
vt 0.383789 0.722656
vt 0.383789 0.740234
vt 0.293213 0.214600
vt 0.290283 0.218262
vt 0.289551 0.217651
vt 0.426514 0.583008
vt 0.234699 0.627591
vt 0.230943 0.629998
vt 0.233032 0.624512
vt 0.277344 0.955176
vt 0.882531 0.914691
vt 0.802612 0.875499
vt 0.881796 0.911403
vt 0.811532 0.427177
vt 0.811660 0.425686
vt 0.884972 0.427176
vt 0.974481 0.457810
vt 0.014565 0.396973
vt 0.670410 0.626953
vt 0.669922 0.648926
vt 0.359264 0.719693
vt 0.383057 0.719238
vt 0.366795 0.722089
vt 0.742187 0.369525
vt 0.740723 0.229492
vt 0.835449 0.962402
vt 0.878165 0.836137
vt 0.183105 0.489258
vt 0.253418 0.664551
vt 0.157297 0.188072
vt 0.158447 0.184204
vt 0.658895 0.642706
vt 0.658479 0.646913
vt 0.655578 0.642578
vt 0.098509 0.351171
vt 0.992578 0.714952
vt 0.992676 0.691394
vt 0.993164 0.691279
vt 0.220366 0.380122
vt 0.990723 0.684571
vt 0.989527 0.691355
vt 0.021652 0.367674
vt 0.024558 0.363763
vt 0.027807 0.364905
vt 0.659034 0.636373
vt 0.655642 0.636719
vt 0.061676 0.447266
vt 0.061798 0.446777
vt 0.068420 0.447998
vt 0.745386 0.445253
vt 0.195806 0.437449
vt 0.197632 0.437500
vt 0.195312 0.443848
vt 0.861816 0.960938
vt 0.868094 0.961495
vt 0.861816 0.961914
vt 0.093374 0.963454
vt 0.689633 0.096953
vt 0.603483 0.097683
vt 0.604339 0.096642
vt 0.898023 0.391600
vt 0.979980 0.299581
vt 0.895015 0.329406
vt 0.658379 0.648347
vt 0.650391 0.646484
vt 0.724614 0.230905
vt 0.726414 0.230730
vt 0.707362 0.652600
vt 0.711951 0.658654
vt 0.704491 0.658886
vt 0.359131 0.687988
vt 0.346546 0.689949
vt 0.383057 0.719727
vt 0.704102 0.359863
vt 0.704278 0.366579
vt 0.252071 0.627325
vt 0.252197 0.630371
vt 0.230696 0.648812
vt 0.407976 0.621830
vt 0.407715 0.625488
vt 0.403785 0.624097
vt 0.387451 0.717285
vt 0.388428 0.719238
vt 0.383789 0.717285
vt 0.993652 0.370850
vt 0.992640 0.372314
vt 0.993297 0.369974
vt 0.388428 0.719727
vt 0.387451 0.722656
vt 0.368164 0.742676
vt 0.364014 0.740723
vt 0.383057 0.743164
vt 0.388428 0.743652
vt 0.414144 0.742025
vt 0.387451 0.745605
vt 0.629637 0.686034
vt 0.634277 0.674805
vt 0.634277 0.686035
vt 0.634277 0.687500
vt 0.469744 0.404533
vt 0.442139 0.408447
vt 0.439453 0.404053
vt 0.466199 0.426758
vt 0.445068 0.429443
vt 0.444580 0.423828
vt 0.565571 0.408029
vt 0.556152 0.441162
vt 0.559082 0.420410
vt 0.625728 0.993800
vt 0.622351 0.992707
vt 0.553946 0.890950
vt 0.399902 0.614563
vt 0.403809 0.600586
vt 0.403809 0.605957
vt 0.468994 0.408447
vt 0.475098 0.405029
vt 0.477539 0.421387
vt 0.445557 0.437744
vt 0.464600 0.440430
vt 0.445801 0.440918
vt 0.445557 0.446533
vt 0.465686 0.444464
vt 0.446593 0.449458
vt 0.885909 0.908120
vt 0.882378 0.908174
vt 0.549805 0.448975
vt 0.557129 0.448975
vt 0.562012 0.442383
vt 0.703332 0.357932
vt 0.704102 0.356934
vt 0.261963 0.090820
vt 0.263437 0.081360
vt 0.278596 0.090760
vt 0.403809 0.614746
vt 0.402623 0.618633
vt 0.399902 0.587402
vt 0.403809 0.585938
vt 0.396973 0.590177
vt 0.396973 0.582520
vt 0.732491 0.961426
vt 0.381592 0.568848
vt 0.364990 0.568848
vt 0.381836 0.567871
vt 0.364990 0.567871
vt 0.349038 0.568204
vt 0.432129 0.580078
vt 0.191162 0.473633
vt 0.961426 0.631348
vt 0.963266 0.627555
vt 0.963210 0.631668
vt 0.375732 0.307861
vt 0.392334 0.306641
vt 0.391602 0.302979
vt 0.618652 0.516602
vt 0.618652 0.502441
vt 0.397949 0.370117
vt 0.400391 0.363525
vt 0.387451 0.358643
vt 0.179199 0.489014
vt 0.432861 0.573730
vt 0.428711 0.568267
vt 0.014688 0.320692
vt 0.749512 0.606270
vt 0.736328 0.604492
vt 0.750000 0.601074
vt 0.252197 0.622559
vt 0.283956 0.627132
vt 0.993164 0.795219
vt 0.992188 0.798828
vt 0.992188 0.795155
vt 0.982611 0.463757
vt 0.367293 0.688662
vt 0.374756 0.680664
vt 0.391602 0.680664
vt 0.979980 0.315674
vt 0.196566 0.546936
vt 0.731445 0.604004
vt 0.716309 0.603027
vt 0.716797 0.600586
vt 0.590820 0.571289
vt 0.594238 0.586914
vt 0.589897 0.585179
vt 0.257812 0.662598
vt 0.255632 0.662345
vt 0.256592 0.661621
vt 0.668289 0.648773
vt 0.669434 0.650391
vt 0.091901 0.959991
vt 0.091875 0.963599
vt 0.090544 0.963944
vt 0.195059 0.507245
vt 0.194873 0.496897
vt 0.869945 0.607104
vt 0.740723 0.239502
vt 0.740723 0.238037
vt 0.245587 0.985126
vt 0.236079 0.984372
vt 0.245194 0.984625
vt 0.993164 0.770996
vt 0.992188 0.770996
vt 0.255615 0.661133
vt 0.990723 0.770996
vt 0.989258 0.764406
vt 0.990723 0.764860
vt 0.446350 0.200589
vt 0.446250 0.187461
vt 0.233887 0.981934
vt 0.235424 0.978712
vt 0.446143 0.880867
vt 0.075746 0.525882
vt 0.075290 0.525127
vt 0.656738 0.641602
vt 0.021790 0.408675
vt 0.051784 0.439004
vt 0.019052 0.411109
vt 0.744141 0.846680
vt 0.729960 0.842289
vt 0.739433 0.830739
vt 0.388428 0.743164
vt 0.192017 0.555176
vt 0.189697 0.552734
vt 0.192505 0.554199
vt 0.990723 0.656751
vt 0.990723 0.653320
vt 0.095093 0.522461
vt 0.092102 0.527832
vt 0.092407 0.522461
vt 0.990723 0.715820
vt 0.989258 0.714210
vt 0.990723 0.712991
vt 0.286865 0.715820
vt 0.286454 0.713867
vt 0.285889 0.716309
vt 0.256587 0.759755
vt 0.269595 0.762207
vt 0.317074 0.695440
vt 0.992941 0.745577
vt 0.993164 0.747070
vt 0.992676 0.747070
vt 0.430420 0.687988
vt 0.431304 0.687862
vt 0.426806 0.683738
vt 0.428223 0.683105
vt 0.433022 0.688000
vt 0.427734 0.682129
vt 0.429199 0.681641
vt 0.356445 0.712891
vt 0.356689 0.713867
vt 0.382521 0.712503
vt 0.697252 0.101220
vt 0.692507 0.099615
vt 0.708202 0.087653
vt 0.711426 0.089844
vt 0.711806 0.100068
vt 0.711914 0.085327
vt 0.088745 0.964844
vt 0.810059 0.425890
vt 0.416106 0.533376
vt 0.416992 0.541992
vt 0.416992 0.555664
vt 0.301063 0.959281
vt 0.344482 0.957031
vt 0.344482 0.958984
vt 0.215332 0.052338
vt 0.215692 0.053619
vt 0.210205 0.052338
vt 0.028014 0.383109
vt 0.031381 0.383398
vt 0.399658 0.315430
vt 0.392334 0.315186
vt 0.392578 0.318604
vt 0.091784 0.965840
vt 0.992674 0.372076
vt 0.994456 0.369842
vt 0.074657 0.526508
vt 0.989258 0.798828
vt 0.990723 0.798828
vt 0.882047 0.903129
vt 0.879892 0.906396
vt 0.990723 0.678931
vt 0.989449 0.425757
vt 0.986990 0.432151
vt 0.987052 0.424854
vt 0.416747 0.873821
vt 0.446549 0.873553
vt 0.596584 0.545304
vt 0.596680 0.585938
vt 0.158203 0.052338
vt 0.135190 0.050521
vt 0.158203 0.051483
vt 0.391602 0.681641
vt 0.409180 0.681641
vt 0.992188 0.684840
vt 0.263838 0.046112
vt 0.263935 0.047302
vt 0.216695 0.047302
vt 0.699276 0.214709
vt 0.241314 0.485107
vt 0.667956 0.632086
vt 0.668423 0.626920
vt 0.914062 0.681641
vt 0.927246 0.671387
vt 0.852539 0.726562
vt 0.404541 0.622070
vt 0.368408 0.743164
vt 0.359371 0.743222
vt 0.363525 0.741211
vt 0.245525 0.979471
vt 0.245037 0.979814
vt 0.578613 0.522949
vt 0.574707 0.520508
vt 0.578613 0.520020
vt 0.990723 0.745459
vt 0.990723 0.747070
vt 0.989516 0.746297
vt 0.264648 0.051483
vt 0.266357 0.051483
vt 0.009071 0.745117
vt 0.028824 0.744995
vt 0.012177 0.748047
vt 0.743652 0.369582
vt 0.223267 0.052338
vt 0.244995 0.052338
vt 0.061951 0.445801
vt 0.075012 0.447998
vt 0.230591 0.083069
vt 0.234619 0.081604
vt 0.236450 0.084045
vt 0.235474 0.084412
vt 0.230591 0.083862
vt 0.227173 0.093567
vt 0.135025 0.093322
vt 0.135062 0.095032
vt 0.599072 0.545608
vt 0.604492 0.531738
vt 0.575684 0.586914
vt 0.573242 0.585474
vt 0.575684 0.572754
vt 0.579590 0.557617
vt 0.580566 0.557129
vt 0.457031 0.198486
vt 0.289913 0.217953
vt 0.448486 0.185913
vt 0.465820 0.171265
vt 0.465332 0.158691
vt 0.467437 0.168837
vt 0.448975 0.137695
vt 0.460205 0.133911
vt 0.447754 0.133301
vt 0.460224 0.151258
vt 0.459717 0.149780
vt 0.616172 0.258576
vt 0.144161 0.187852
vt 0.147050 0.189474
vt 0.363525 0.582520
vt 0.119751 0.046936
vt 0.100403 0.046936
vt 0.117312 0.045502
vt 0.136963 0.047302
vt 0.139544 0.046112
vt 0.195668 0.047352
vt 0.590332 0.376465
vt 0.587700 0.375676
vt 0.590350 0.373297
vt 0.609149 0.477340
vt 0.608398 0.470215
vt 0.611816 0.469482
vt 0.121357 0.560059
vt 0.114563 0.563965
vt 0.114990 0.559570
vt 0.178467 0.484619
vt 0.184692 0.440918
vt 0.182373 0.484863
vt 0.615234 0.993164
vt 0.608033 0.992967
vt 0.398562 0.132877
vt 0.461701 0.073220
vt 0.338933 0.063291
vt 0.356556 0.695715
vt 0.118958 0.318359
vt 0.113707 0.213940
vt 0.113147 0.294520
vt 0.108286 0.165825
vt 0.236064 0.173830
vt 0.235243 0.167779
vt 0.705078 0.515137
vt 0.711914 0.510254
vt 0.702148 0.635254
vt 0.701660 0.656250
vt 0.664551 0.641113
vt 0.665601 0.636719
vt 0.665220 0.642180
vt 0.091801 0.958213
vt 0.064270 0.017380
vt 0.064232 0.002675
vt 0.990723 0.795155
vt 0.038361 0.334961
vt 0.032484 0.334571
vt 0.037084 0.332233
vt 0.465088 0.188232
vt 0.989258 0.720703
vt 0.987793 0.715820
vt 0.071594 0.002790
vt 0.265697 0.745605
vt 0.187777 0.993586
vt 0.272551 0.743164
vt 0.234693 0.985188
vt 0.094508 0.528616
vt 0.102295 0.522461
vt 0.963021 0.597168
vt 0.965103 0.580578
vt 0.739258 0.876465
vt 0.455290 0.047720
vt 0.134766 0.387207
vt 0.070251 0.112122
vt 0.992188 0.370003
vt 0.775391 0.895996
vt 0.092346 0.448242
vt 0.075012 0.448730
vt 0.449463 0.181641
vt 0.098022 0.372559
vt 0.295264 0.761645
vt 0.629395 0.458496
vt 0.082638 0.163028
vt 0.082520 0.449463
vt 0.189453 0.520508
vt 0.186884 0.546771
vt 0.744629 0.484131
vt 0.057159 0.443604
vt 0.059851 0.443104
vt 0.537815 0.215306
vt 0.416177 0.559921
vt 0.416992 0.559570
vt 0.691406 0.065063
vt 0.690430 0.066711
vt 0.689941 0.065063
vt 0.176488 0.745094
vt 0.205735 0.753418
vt 0.877362 0.909558
vt 0.688097 0.879310
vt 0.726074 0.879395
vt 0.424673 0.859788
vt 0.426780 0.861813
vt 0.639808 0.626953
vt 0.649902 0.622070
vt 0.649902 0.627488
vt 0.453927 0.203034
vt 0.002287 0.363281
vt 0.002483 0.349121
vt 0.277832 0.963382
vt 0.346231 0.704915
vt 0.346166 0.698806
vt 0.745605 0.419678
vt 0.744629 0.416533
vt 0.744168 0.394106
vt 0.992188 0.679057
vt 0.628906 0.626953
vt 0.639422 0.622070
vt 0.650391 0.631348
vt 0.742188 0.256773
vt 0.464111 0.158813
vt 0.004036 0.375977
vt 0.571955 0.491987
vt 0.571261 0.520996
vt 0.566895 0.525391
vt 0.792914 0.851586
vt 0.775913 0.846360
vt 0.741428 0.566024
vt 0.198314 0.440511
vt 0.198245 0.496378
vt 0.866699 0.962402
vt 0.987793 0.684570
vt 0.987793 0.686035
vt 0.575195 0.523438
vt 0.578613 0.527344
vt 0.575195 0.527832
vt 0.136814 0.442705
vt 0.201296 0.441300
vt 0.544876 0.746579
vt 0.938326 0.953665
vt 0.136719 0.386963
vt 0.669434 0.232300
vt 0.620605 0.209839
vt 0.536449 0.209677
vt 0.535532 0.207961
vt 0.093039 0.965545
vt 0.504665 0.935072
vt 0.552683 0.938477
vt 0.263036 0.753418
vt 0.192627 0.753906
vt 0.625239 0.995485
vt 0.003561 0.349365
vt 0.884277 0.673828
vt 0.248629 0.379402
vt 0.286776 0.664187
vt 0.987793 0.792969
vt 0.987793 0.770996
vt 0.989258 0.770996
vt 0.235935 0.980107
vt 0.639740 0.349253
vt 0.703651 0.348275
vt 0.599004 0.365044
vt 0.013947 0.363770
vt 0.049835 0.439941
vt 0.033844 0.425537
vt 0.050446 0.439209
vt 0.337891 0.682129
vt 0.339844 0.677246
vt 0.346096 0.678599
vt 0.801166 0.669506
vt 0.960620 0.579681
vt 0.101013 0.053589
vt 0.121643 0.051971
vt 0.100884 0.392044
vt 0.724609 0.263825
vt 0.667667 0.646709
vt 0.744073 0.834549
vt 0.972637 0.391986
vt 0.980469 0.393555
vt 0.972487 0.393420
vt 0.145020 0.385742
vt 0.273254 0.760060
vt 0.228640 0.080045
vt 0.429937 0.709429
vt 0.430664 0.696777
vt 0.149902 0.403564
vt 0.144653 0.448242
vt 0.131226 0.444336
vt 0.133301 0.441406
vt 0.557941 0.728917
vt 0.565430 0.729147
vt 0.560198 0.734235
vt 0.557840 0.744422
vt 0.557331 0.739746
vt 0.560152 0.739352
vt 0.097999 0.388900
vt 0.819092 0.675293
vt 0.912598 0.975586
vt 0.017227 0.410889
vt 0.980957 0.953613
vt 0.420756 0.743271
vt 0.144043 0.313721
vt 0.893376 0.675603
vt 0.942836 0.637015
vt 0.277976 0.953125
vt 0.022022 0.398015
vt 0.129761 0.334473
vt 0.286865 0.102356
vt 0.990723 0.718262
vt 0.990723 0.720703
vt 0.591309 0.526855
vt 0.591797 0.522461
vt 0.704102 0.350342
vt 0.704555 0.346911
vt 0.739213 0.961182
vt 0.741937 0.962140
vt 0.993164 0.678839
vt 0.110291 0.522461
vt 0.363281 0.722168
vt 0.634277 0.348389
vt 0.611328 0.349121
vt 0.944227 0.649346
vt 0.990723 0.691586
vt 0.020395 0.364260
vt 0.462158 0.146484
vt 0.488281 0.450195
vt 0.254767 0.095262
vt 0.116251 0.552817
vt 0.116313 0.557457
vt 0.075587 0.446237
vt 0.624708 0.517359
vt 0.623535 0.488770
vt 0.395996 0.567871
vt 0.549316 0.721680
vt 0.650391 0.647949
vt 0.609119 0.088070
vt 0.608928 0.087356
vt 0.254014 0.097011
vt 0.260180 0.095253
vt 0.278124 0.093555
vt 0.711096 0.653076
vt 0.741175 0.805664
vt 0.806514 0.808389
vt 0.737852 0.808616
vt 0.550781 0.433350
vt 0.547363 0.434082
vt 0.549805 0.435059
vt 0.666992 0.630506
vt 0.464600 0.183594
vt 0.465820 0.186157
vt 0.446533 0.140625
vt 0.629469 0.674320
vt 0.559082 0.407715
vt 0.445032 0.452661
vt 0.329834 0.090637
vt 0.634277 0.347656
vt 0.333252 0.713867
vt 0.309814 0.715820
vt 0.388214 0.666595
vt 0.210262 0.046715
vt 0.280707 0.629883
vt 0.277832 0.628632
vt 0.416748 0.528320
vt 0.790568 0.621849
vt 0.788497 0.619983
vt 0.179334 0.989586
vt 0.064757 0.989616
vt 0.100647 0.989258
vt 0.656738 0.637695
vt 0.732462 0.960938
vt 0.330157 0.745605
vt 0.272333 0.747411
vt 0.283691 0.743164
vt 0.710938 0.647949
vt 0.222290 0.743164
vt 0.188599 0.553223
vt 0.989258 0.656682
vt 0.987793 0.765625
vt 0.987793 0.764160
vt 0.619629 0.382568
vt 0.619629 0.381836
vt 0.734629 0.382372
vt 0.660656 0.370605
vt 0.929264 0.430208
vt 0.812265 0.423773
vt 0.589355 0.570801
vt 0.707914 0.088957
vt 0.019592 0.379639
vt 0.697729 0.517944
vt 0.090669 0.966254
vt 0.785218 0.676915
vt 0.452881 0.200195
vt 0.460727 0.178618
vt 0.992653 0.802207
vt 0.992188 0.839897
vt 0.594238 0.527344
vt 0.591122 0.549459
vt 0.426514 0.682129
vt 0.724610 0.214355
vt 0.993164 0.684760
vt 0.660512 0.347168
vt 0.352233 0.223583
vt 0.331700 0.161995
vt 0.329590 0.159790
vt 0.202574 0.381060
vt 0.203457 0.360277
vt 0.010834 0.002350
vt 0.009189 0.002349
vt 0.396915 0.618211
vt 0.746094 0.231270
vt 0.745117 0.231379
vt 0.745117 0.369514
vt 0.557072 0.733887
vt 0.202518 0.387889
vt 0.198328 0.382333
vt 0.776367 0.899902
vt 0.775391 0.899902
vt 0.711472 0.630507
vt 0.223145 0.051483
vt 0.215210 0.051483
vt 0.724611 0.282227
vt 0.328125 0.984375
vt 0.987793 0.678223
vt 0.426373 0.695801
vt 0.292981 0.141259
vt 0.628906 0.459473
vt 0.545209 0.723547
vt 0.463135 0.134045
vt 0.686693 0.515455
vt 0.781689 0.676965
vt 0.299081 0.963564
vt 0.731451 0.606940
vt 0.736328 0.606445
vt 0.669434 0.625488
vt 0.395264 0.359131
vt 0.398438 0.363525
vt 0.681161 0.726079
vt 0.683105 0.725098
vt 0.684082 0.726562
vt 0.673828 0.737793
vt 0.673340 0.738770
vt 0.677734 0.736328
vt 0.093586 0.969416
vt 0.094703 0.968750
vt 0.400391 0.374023
vt 0.387451 0.372314
vt 0.401123 0.378418
vt 0.403564 0.376221
vt 0.401367 0.380859
vt 0.398438 0.379639
vt 0.394775 0.383789
vt 0.387828 0.386707
vt 0.387695 0.384521
vt 0.568359 0.418340
vt 0.568359 0.412109
vt 0.558105 0.415135
vt 0.558105 0.421387
vt 0.736328 0.878418
vt 0.990990 0.978257
vt 0.463623 0.183594
vt 0.987793 0.655762
vt 0.568359 0.296631
vt 0.561035 0.293868
vt 0.586834 0.294678
vt 0.383057 0.743652
vt 0.810424 0.410535
vt 0.416992 0.511230
vt 0.514160 0.936523
vt 0.504395 0.936035
vt 0.443331 0.714167
vt 0.444521 0.713510
vt 0.446160 0.714098
vt 0.444359 0.710203
vt 0.445801 0.712402
vt 0.462156 0.706056
vt 0.337891 0.686523
vt 0.348402 0.681641
vt 0.811035 0.439209
vt 0.811523 0.439697
vt 0.811523 0.440430
vt 0.442871 0.707031
vt 0.447325 0.601203
vt 0.473192 0.601562
vt 0.463867 0.682617
vt 0.461425 0.703613
vt 0.518066 0.707711
vt 0.785064 0.618433
vt 0.323780 0.137109
vt 0.322532 0.138199
vt 0.341011 0.129870
vt 0.362549 0.118042
vt 0.475884 0.690126
vt 0.462859 0.700641
vt 0.190430 0.476074
vt 0.212890 0.475342
vt 0.212890 0.476074
vt 0.736328 0.605957
vt 0.735837 0.605954
vt 0.371582 0.312500
vt 0.374268 0.314697
vt 0.373779 0.308838
vt 0.376465 0.311523
vt 0.751955 0.606934
vt 0.842285 0.390869
vt 0.830499 0.383197
vt 0.842663 0.383222
vt 0.992188 0.764959
vt 0.134142 0.084569
vt 0.817844 0.257645
vt 0.818848 0.260742
vt 0.810547 0.261963
vt 0.394221 0.306169
vt 0.729014 0.590329
vt 0.209051 0.499190
vt 0.193733 0.499761
vt 0.194214 0.499512
vt 0.397741 0.304381
vt 0.731444 0.624236
vt 0.731489 0.621623
vt 0.749247 0.628355
vt 0.399902 0.315430
vt 0.394276 0.610796
vt 0.180908 0.440186
vt 0.686523 0.718262
vt 0.693848 0.718262
vt 0.692383 0.718750
vt 0.325768 0.704423
vt 0.287598 0.173828
vt 0.589844 0.516602
vt 0.822266 0.367265
vt 0.830386 0.359270
vt 0.830144 0.367149
vt 0.594238 0.522949
vt 0.592285 0.480957
vt 0.596191 0.481201
vt 0.358887 0.680176
vt 0.989258 0.795204
vt 0.745117 0.238972
vt 0.746094 0.255870
vt 0.745117 0.255859
vt 0.994935 0.510851
vt 0.978357 0.489828
vt 0.857032 0.423795
vt 0.197075 0.505435
vt 0.197388 0.051483
vt 0.552950 0.451988
vt 0.992188 0.658203
vt 0.296113 0.759909
vt 0.877441 0.972656
vt 0.877932 0.968748
vt 0.322612 0.139333
vt 0.992799 0.720703
vt 0.878240 0.965487
vt 0.745597 0.257106
vt 0.992188 0.652530
vt 0.735352 0.804199
vt 0.727256 0.867041
vt 0.570312 0.290039
vt 0.586849 0.292969
vt 0.425537 0.681152
vt 0.252197 0.647949
vt 0.247760 0.361079
vt 0.238816 0.208140
vt 0.226440 0.204231
vt 0.362549 0.107544
vt 0.606732 0.805635
vt 0.136353 0.041901
vt 0.134521 0.044556
vt 0.336670 0.117371
vt 0.535645 0.208740
vt 0.212769 0.554688
vt 0.244385 0.051483
vt 0.243422 0.173548
vt 0.169922 0.487061
vt 0.169556 0.484619
vt 0.207828 0.375334
vt 0.206069 0.364640
vt 0.600098 0.467529
vt 0.606445 0.475830
vt 0.597656 0.473633
vt 0.565430 0.744064
vt 0.853630 0.326849
vt 0.854524 0.346370
vt 0.855469 0.370361
vt 0.619629 0.489515
vt 0.306568 0.963271
vt 0.304615 0.960971
vt 0.273682 0.765625
vt 0.728516 0.590332
vt 0.729004 0.590332
vt 0.965129 0.579102
vt 0.416504 0.496826
vt 0.555176 0.440186
vt 0.557129 0.442139
vt 0.557129 0.439941
vt 0.792817 0.892578
vt 0.507254 0.919086
vt 0.279785 0.051483
vt 0.444824 0.134399
vt 0.450283 0.864134
vt 0.166727 0.993691
vt 0.234131 0.630859
vt 0.240819 0.166293
vt 0.993164 0.655762
vt 0.992188 0.655762
vt 0.309814 0.715332
vt 0.277588 0.047302
vt 0.276611 0.046112
vt 0.603027 0.524414
vt 0.604980 0.482666
vt 0.287598 0.716309
vt 0.282715 0.762207
vt 0.466309 0.183716
vt 0.457031 0.176025
vt 0.713126 0.106802
vt 0.700774 0.105818
vt 0.993164 0.764818
vt 0.241175 0.176739
vt 0.249512 0.183838
vt 0.240226 0.181119
vt 0.387829 0.384508
vt 0.993164 0.839854
vt 0.250732 0.179565
vt 0.387451 0.740723
vt 0.502441 0.443359
vt 0.533417 0.447419
vt 0.249512 0.656250
vt 0.565430 0.350586
vt 0.882322 0.579885
vt 0.024002 0.016525
vt 0.589844 0.494385
vt 0.145304 0.332241
vt 0.402162 0.709637
vt 0.402306 0.711426
vt 0.696276 0.201165
vt 0.538034 0.203969
vt 0.544935 0.201165
vt 0.269287 0.945801
vt 0.270389 0.930226
vt 0.223026 0.017359
vt 0.072140 0.017359
vt 0.565428 0.365739
vt 0.685547 0.716797
vt 0.114622 0.302247
vt 0.993164 0.658203
vt 0.917145 0.989258
vt 0.746094 0.238552
vt 0.765137 0.536621
vt 0.765137 0.535156
vt 0.767090 0.538086
vt 0.453393 0.154676
vt 0.453095 0.175385
vt 0.457520 0.155273
vt 0.169832 0.462916
vt 0.170898 0.454102
vt 0.181396 0.532715
vt 0.580566 0.584961
vt 0.619141 0.489014
vt 0.619906 0.472431
vt 0.117477 0.327377
vt 0.191040 0.485840
vt 0.205800 0.384458
vt 0.384033 0.745605
vt 0.425049 0.711371
vt 0.602051 0.529297
vt 0.987793 0.795898
vt 0.120544 0.042847
vt 0.122131 0.045227
vt 0.944054 0.623741
vt 0.629151 0.228820
vt 0.641112 0.228820
vt 0.738384 0.387446
vt 0.646342 0.391733
vt 0.648689 0.387809
vt 0.821145 0.919607
vt 0.797558 0.931829
vt 0.797421 0.919646
vt 0.030746 0.743164
vt 0.026825 0.723145
vt 0.032440 0.726074
vt 0.726562 0.213989
vt 0.234619 0.176147
vt 0.234131 0.180542
vt 0.680126 0.346924
vt 0.551128 0.734233
vt 0.551113 0.739258
vt 0.741699 0.751465
vt 0.738770 0.754395
vt 0.728516 0.751953
vt 0.747070 0.585938
vt 0.148071 0.416504
vt 0.697754 0.066711
vt 0.986056 0.981592
vt 0.140503 0.337402
vt 0.707613 0.630625
vt 0.649902 0.620605
vt 0.209533 0.053619
vt 0.180054 0.052338
vt 0.987793 0.683594
vt 0.637298 0.630348
vt 0.630859 0.631836
vt 0.263916 0.350586
vt 0.202834 0.500197
vt 0.279053 0.963379
vt 0.979375 0.394551
vt 0.150133 0.156545
vt 0.226026 0.188520
vt 0.818359 0.277588
vt 0.815430 0.273926
vt 0.825195 0.270020
vt 0.705443 0.208205
vt 0.740723 0.371826
vt 0.740723 0.368652
vt 0.740723 0.231689
vt 0.056458 0.444824
vt 0.339844 0.691406
vt 0.402100 0.365967
vt 0.285759 0.627228
vt 0.435852 0.516348
vt 0.993164 0.798828
vt 0.979928 0.306061
vt 0.664551 0.637695
vt 0.750001 0.601073
vt 0.747076 0.585938
vt 0.773968 0.600988
vt 0.155474 0.359685
vt 0.154053 0.350586
vt 0.374512 0.315186
vt 0.374268 0.318604
vt 0.400391 0.318848
vt 0.989427 0.431531
vt 0.413438 0.880809
vt 0.665039 0.637695
vt 0.479235 0.677806
vt 0.486026 0.658087
vt 0.478475 0.622878
vt 0.987793 0.713867
vt 0.987793 0.691895
vt 0.987793 0.690918
vt 0.987793 0.745605
vt 0.987793 0.720703
vt 0.715820 0.655762
vt 0.074380 0.292240
vt 0.691406 0.066711
vt 0.661621 0.683105
vt 0.674406 0.682514
vt 0.662507 0.678325
vt 0.651855 0.677734
vt 0.649816 0.679572
vt 0.650969 0.682514
vt 0.056671 0.444336
vt 0.363770 0.722168
vt 0.555945 0.456486
vt 0.548828 0.432129
vt 0.461182 0.133911
vt 0.606198 0.996030
vt 0.609729 0.995959
vt 0.662102 0.994220
vt 0.654297 0.226562
vt 0.652590 0.224184
vt 0.641313 0.224144
vt 0.629153 0.224245
vt 0.405673 0.980957
vt 0.812500 0.268555
vt 0.823242 0.265869
vt 0.682131 0.725588
vt 0.987793 0.658203
vt 0.987793 0.839844
vt 0.025885 0.309370
vt 0.143433 0.308350
vt 0.786621 0.804199
vt 0.812712 0.411228
vt 0.608405 0.997201
vt 0.680911 0.996030
vt 0.180176 0.051483
vt 0.248169 0.359863
vt 0.253906 0.360596
vt 0.190553 0.475342
vt 0.405683 0.969727
vt 0.830566 0.390869
vt 0.810059 0.254150
vt 0.817871 0.253906
vt 0.393799 0.598145
vt 0.290039 0.112915
vt 0.883813 0.411228
vt 0.987793 0.747070
vt 0.822613 0.358924
vt 0.504395 0.887730
vt 0.675878 0.923837
vt 0.121033 0.051025
vt 0.250967 0.654297
vt 0.252197 0.656250
vt 0.210327 0.051483
vt 0.329834 0.094648
vt 0.849278 0.648864
vt 0.393799 0.302002
vt 0.219177 0.365723
vt 0.226440 0.208552
vt 0.813477 0.407959
vt 0.250000 0.173088
vt 0.207807 0.370257
vt 0.344482 0.961426
vt 0.555664 0.442627
vt 0.792829 0.896066
vt 0.250000 0.162354
vt 0.545417 0.807411
vt 0.114868 0.550293
vt 0.119869 0.550179
vt 0.993164 0.652832
vt 0.674408 0.678325
vt 0.287842 0.717285
vt 0.624422 0.423646
vt 0.329883 0.699096
vt 0.286838 0.102525
vt 0.081125 0.425084
vt 0.076956 0.423516
vt 0.081149 0.403700
vt 0.593622 0.294678
vt 0.593723 0.292969
vt 0.079468 0.080933
vt 0.634277 0.673828
vt 0.648751 0.386516
vt 0.609375 0.993652
vt 0.740723 0.255859
vt 0.247437 0.208144
vt 0.143677 0.336670
vt 0.563500 0.828789
vt 0.687046 0.828792
vt 0.885493 0.425389
vt 0.566181 0.372956
vt 0.058105 0.302979
vt 0.297607 0.664118
vt 0.765625 0.537598
vt 0.004627 0.349609
vt 0.694336 0.518555
vt 0.169067 0.469238
vt 0.187118 0.556632
vt 0.182495 0.550293
vt 0.182373 0.546387
vt 0.180420 0.519531
vt 0.480315 0.680057
vt 0.497314 0.687133
vt 0.504421 0.686544
vt 0.987793 0.798828
vt 0.740723 0.257080
vt 0.818359 0.247925
vt 0.652436 0.228934
vt 0.645241 0.393210
vt 0.565150 0.529830
vt 0.562988 0.482910
vt 0.821097 0.931831
vt 0.988769 0.976325
vt 0.316895 0.218506
vt 0.779785 0.628890
vt 0.729004 0.753418
vt 0.730957 0.754395
vt 0.727051 0.705078
vt 0.737305 0.706543
vt 0.729492 0.753906
vt 0.728027 0.702637
vt 0.729004 0.702148
vt 0.730957 0.703125
vt 0.734863 0.706055
vt 0.745605 0.706543
vt 0.748047 0.712891
vt 0.741211 0.752930
vt 0.740234 0.753906
vt 0.271484 0.468994
vt 0.272217 0.474609
vt 0.263706 0.458635
vt 0.252441 0.545898
vt 0.232544 0.547852
vt 0.252809 0.544810
vt 0.232422 0.547363
vt 0.252686 0.550293
vt 0.272851 0.505531
vt 0.277449 0.496077
vt 0.279635 0.505217
vt 0.212646 0.496826
vt 0.209850 0.496390
vt 0.210752 0.495797
vt 0.314822 0.504070
vt 0.252356 0.497440
vt 0.246704 0.497105
vt 0.245978 0.496384
vt 0.246704 0.495117
vt 0.209717 0.482178
vt 0.209687 0.480213
vt 0.841701 0.551837
vt 0.742188 0.362793
vt 0.743652 0.344482
vt 0.743652 0.362793
vt 0.263717 0.453047
vt 0.275211 0.473658
vt 0.362174 0.558556
vt 0.279966 0.488207
vt 0.246094 0.479980
vt 0.247456 0.479722
vt 0.740723 0.318848
vt 0.740723 0.312256
vt 0.742188 0.318848
vt 0.207506 0.497932
vt 0.206870 0.454047
vt 0.207713 0.435853
vt 0.080383 0.046936
vt 0.251585 0.432560
vt 0.742188 0.344482
vt 0.742188 0.340991
vt 0.740723 0.341309
vt 0.743652 0.341049
vt 0.080261 0.045502
vt 0.101013 0.051971
vt 0.742188 0.305112
vt 0.740723 0.304199
vt 0.742188 0.297119
vt 0.129155 0.753418
vt 0.740723 0.305664
vt 0.742188 0.312256
vt 0.247192 0.481201
vt 0.113440 0.153532
vt 0.110157 0.156642
vt 0.841812 0.554204
vt 0.841760 0.553818
vt 0.743652 0.297119
vt 0.743652 0.304700
vt 0.253174 0.551270
vt 0.253557 0.552325
vt 0.241844 0.553085
vt 0.210938 0.480713
vt 0.937426 0.337359
vt 0.241434 0.484425
vt 0.221356 0.485107
vt 0.215356 0.485107
vt 0.126784 0.745442
vt 0.089842 0.922900
vt 0.742188 0.365967
vt 0.746094 0.273682
vt 0.745117 0.282452
vt 0.746094 0.282429
vt 0.361452 0.559669
vt 0.245625 0.433438
vt 0.206346 0.433303
vt 0.743652 0.312256
vt 0.743652 0.329579
vt 0.742188 0.328747
vt 0.079220 0.160935
vt 0.083959 0.160895
vt 0.743652 0.282877
vt 0.742188 0.282476
vt 0.743652 0.365967
vt 0.250977 0.434570
vt 0.235229 0.453369
vt 0.740723 0.283203
vt 0.743652 0.318848
vt 0.060760 0.046936
vt 0.060443 0.045502
vt 0.318313 0.506606
vt 0.740723 0.365967
vt 0.740723 0.362793
vt 0.740723 0.344482
vt 0.740723 0.328125
vt 0.740723 0.331543
vt 0.740723 0.338135
vt 0.480814 0.940869
vt 0.215186 0.484475
vt 0.480440 0.941406
vt 0.497070 0.941406
vt 0.811975 0.448730
vt 0.390279 0.512757
vt 0.392414 0.508595
vt 0.059514 0.053589
vt 0.740723 0.297119
vt 0.388555 0.513968
vt 0.887958 0.401522
vt 0.983398 0.297852
vt 0.951528 0.332967
vt 0.060883 0.051971
vt 0.207153 0.428467
vt 0.253300 0.429750
vt 0.280025 0.477395
vt 0.284819 0.502983
vt 0.267421 0.454088
vt 0.199145 0.433117
vt 0.251557 0.543362
vt 0.740723 0.281982
vt 0.503339 0.630504
vt 0.532527 0.630464
vt 0.532207 0.632487
vt 0.512207 0.672363
vt 0.513033 0.670650
vt 0.504908 0.685616
vt 0.207030 0.304443
vt 0.223154 0.305664
vt 0.206826 0.305664
vt 0.405762 0.983887
vt 0.407227 0.983887
vt 0.381337 0.093559
vt 0.503995 0.632547
vt 0.529785 0.648438
vt 0.506348 0.648438
vt 0.501859 0.614053
vt 0.497053 0.630527
vt 0.232422 0.309814
vt 0.235147 0.310791
vt 0.231666 0.310791
vt 0.201294 0.309814
vt 0.211741 0.310233
vt 0.201294 0.310791
vt 0.396231 0.081360
vt 0.562376 0.910761
vt 0.679264 0.890951
vt 0.405518 0.966309
vt 0.407227 0.966309
vt 0.032328 0.363924
vt 0.034759 0.367674
vt 0.028605 0.364905
vt 0.538275 0.686306
vt 0.623047 0.103728
vt 0.630371 0.114197
vt 0.632318 0.103751
vt 0.204102 0.305054
vt 0.389160 0.958984
vt 0.780762 0.820511
vt 0.833088 0.923965
vt 0.700885 0.681269
vt 0.690340 0.682514
vt 0.691406 0.680664
vt 0.701944 0.678325
vt 0.690338 0.678325
vt 0.672852 0.680664
vt 0.663659 0.681269
vt 0.229193 0.310236
vt 0.235551 0.309814
vt 0.222962 0.304443
vt 0.225830 0.305054
vt 0.611816 0.226562
vt 0.613525 0.228881
vt 0.603027 0.226562
vt 0.601169 0.224192
vt 0.613523 0.224306
vt 0.639648 0.226562
vt 0.630371 0.226562
vt 0.034760 0.363937
vt 0.509519 0.680549
vt 0.504903 0.683094
vt 0.536133 0.816406
vt 0.574220 0.706056
vt 0.793945 0.538086
vt 0.793945 0.490234
vt 0.804688 0.493896
vt 0.534274 0.614052
vt 0.529096 0.611882
vt 0.526906 0.602539
vt 0.506961 0.611899
vt 0.508762 0.602539
vt 0.495850 0.629883
vt 0.494873 0.631836
vt 0.496338 0.631836
vt 0.508790 0.686521
vt 0.527325 0.686498
vt 0.526947 0.680054
vt 0.530755 0.683099
vt 0.355935 0.149996
vt 0.357145 0.148834
vt 0.356745 0.146491
vt 0.349194 0.131481
vt 0.431885 0.214600
vt 0.597168 0.863281
vt 0.597656 0.864746
vt 0.546769 0.866543
vt 0.597168 0.866653
vt 0.724121 0.919086
vt 0.502441 0.687012
vt 0.512036 0.667845
vt 0.512288 0.671225
vt 0.588843 0.601177
vt 0.292106 0.061689
vt 0.389160 0.957031
vt 0.518066 0.708984
vt 0.389160 0.961426
vt 0.661002 0.993807
vt 0.673301 0.938163
vt 0.730469 0.673828
vt 0.730469 0.674805
vt 0.408691 0.969238
vt 0.560057 0.689931
vt 0.730469 0.686523
vt 0.730469 0.687500
vt 0.408203 0.218506
vt 0.511298 0.831231
vt 0.813959 0.622070
vt 0.798341 0.586426
vt 0.660761 0.995964
vt 0.408691 0.981445
vt 0.562484 0.601562
vt 0.539072 0.675872
vt 0.624512 0.114197
vt 0.703125 0.683105
vt 0.459389 0.079100
vt 0.573242 0.220825
vt 0.800293 0.490234
vt 0.802246 0.490723
vt 0.803711 0.491943
vt 0.794625 0.606638
vt 0.724611 0.305420
vt 0.674445 0.294678
vt 0.674188 0.292969
vt 0.770020 0.503418
vt 0.782715 0.538086
vt 0.782715 0.496582
vt 0.601319 0.228881
vt 0.573242 0.232422
vt 0.725797 0.193726
vt 0.699219 0.212375
vt 0.384004 0.142394
vt 0.382760 0.130854
vt 0.346822 0.129806
vt 0.779785 0.465332
vt 0.777344 0.488770
vt 0.767578 0.467529
vt 0.758301 0.475098
vt 0.394775 0.621094
vt 0.393799 0.631836
vt 0.389160 0.622070
vt 0.384766 0.625488
vt 0.387451 0.640625
vt 0.383789 0.636230
vt 0.399902 0.623047
vt 0.403564 0.627441
vt 0.113159 0.632812
vt 0.102356 0.631836
vt 0.112244 0.627441
vt 0.093506 0.625488
vt 0.091553 0.630859
vt 0.111206 0.638184
vt 0.108643 0.623047
vt 0.103394 0.621094
vt 0.450821 0.138694
vt 0.295307 0.131836
vt 0.340280 0.050994
vt 0.159058 0.481689
vt 0.153931 0.470459
vt 0.154541 0.469238
vt 0.469238 0.059113
vt 0.468994 0.060760
vt 0.417969 0.054016
vt 0.470703 0.060883
vt 0.464844 0.112122
vt 0.989043 0.628906
vt 0.988769 0.629398
vt 0.988770 0.628906
vt 0.987793 0.627930
vt 0.988281 0.629883
vt 0.988208 0.627960
vt 0.990234 0.629395
vt 0.989746 0.629395
vt 0.989258 0.629395
vt 0.990234 0.628906
vt 0.989788 0.627973
vt 0.989258 0.627930
vt 0.989258 0.627441
vt 0.987801 0.628419
vt 0.988281 0.627441
vt 0.989675 0.590973
vt 0.996094 0.628418
vt 0.996094 0.629883
vt 0.996582 0.628906
vt 0.996582 0.629883
vt 0.995605 0.628418
vt 0.995605 0.628906
vt 0.998143 0.629883
vt 0.998535 0.629395
vt 0.998047 0.627930
vt 0.997559 0.627930
vt 0.997559 0.627441
vt 0.997089 0.627923
vt 0.996582 0.627930
vt 0.996582 0.627441
vt 0.996094 0.627930
vt 0.866211 0.449707
vt 0.866205 0.449953
vt 0.865723 0.448975
vt 0.866699 0.447021
vt 0.866211 0.447510
vt 0.865723 0.448242
vt 0.868164 0.451172
vt 0.868170 0.451427
vt 0.867677 0.450927
vt 0.870605 0.447266
vt 0.871119 0.447272
vt 0.871086 0.447994
vt 0.870385 0.446447
vt 0.869141 0.446045
vt 0.869357 0.445722
vt 0.867676 0.446533
vt 0.868734 0.448239
vt 0.867188 0.446289
vt 0.870605 0.450439
vt 0.870548 0.451229
vt 0.869629 0.450928
vt 0.870605 0.449951
vt 0.871094 0.449219
vt 0.871973 0.449182
vt 0.868664 0.449213
vt 0.870117 0.451172
vt 0.869141 0.451180
vt 0.304789 0.787689
vt 0.304424 0.799410
vt 0.964243 0.455768
vt 0.679408 0.937500
vt 0.506836 0.846680
vt 0.513521 0.874406
vt 0.504501 0.847507
vt 0.133973 0.483961
vt 0.140663 0.529105
vt 0.137305 0.529453
vt 0.135864 0.571777
vt 0.151611 0.558594
vt 0.119080 0.585938
vt 0.466309 0.079651
vt 0.477295 0.071716
vt 0.477295 0.079651
vt 0.970662 0.432307
vt 0.969238 0.431885
vt 0.969727 0.431396
vt 0.963379 0.430420
vt 0.961426 0.429443
vt 0.963867 0.430176
vt 0.964355 0.430176
vt 0.964844 0.433105
vt 0.966310 0.432373
vt 0.967499 0.433089
vt 0.316283 0.425507
vt 0.319646 0.400551
vt 0.319883 0.429791
vt 0.993579 0.450684
vt 0.991907 0.449864
vt 0.992187 0.447180
vt 0.987305 0.629124
vt 0.987305 0.628906
vt 0.147376 0.527552
vt 0.149048 0.525879
vt 0.149902 0.529297
vt 0.157548 0.514549
vt 0.151697 0.519301
vt 0.154484 0.514799
vt 0.304199 0.408691
vt 0.482403 0.112609
vt 0.307617 0.385742
vt 0.718750 0.339101
vt 0.717285 0.189913
vt 0.717285 0.339103
vt 0.386331 0.768958
vt 0.406771 0.767411
vt 0.431252 0.767176
vt 0.414062 0.765625
vt 0.418149 0.761719
vt 0.412117 0.759320
vt 0.389865 0.767090
vt 0.401355 0.766113
vt 0.392015 0.759043
vt 0.392692 0.761480
vt 0.456719 0.073429
vt 0.456569 0.069031
vt 0.462671 0.071716
vt 0.890038 0.849653
vt 0.851945 0.982316
vt 0.891113 0.984375
vt 0.966554 0.465038
vt 0.966309 0.467280
vt 0.966103 0.466221
vt 0.236328 0.018402
vt 0.253662 0.017044
vt 0.236694 0.019089
vt 0.706543 0.208740
vt 0.705566 0.208740
vt 0.702988 0.213189
vt 0.703081 0.215089
vt 0.706543 0.209351
vt 0.705566 0.209106
vt 0.253662 0.017822
vt 0.237061 0.019592
vt 0.705078 0.209717
vt 0.205200 0.658203
vt 0.205121 0.654785
vt 0.209356 0.657227
vt 0.508789 0.991211
vt 0.507812 0.984375
vt 0.509277 0.990723
vt 0.506836 0.977051
vt 0.506348 0.977051
vt 0.505734 0.969757
vt 0.510454 0.993452
vt 0.989614 0.980337
vt 0.989746 0.976074
vt 0.989562 0.975174
vt 0.771484 0.420410
vt 0.769627 0.438516
vt 0.763672 0.422607
vt 0.431396 0.758789
vt 0.988372 0.975586
vt 0.841734 0.749144
vt 0.860991 0.752416
vt 0.813209 0.731479
vt 0.912109 0.994141
vt 0.912109 0.988770
vt 0.423828 0.381836
vt 0.426270 0.407959
vt 0.422607 0.409668
vt 0.966098 0.463598
vt 0.966309 0.460571
vt 0.967028 0.464306
vt 0.311523 0.447754
vt 0.311279 0.448730
vt 0.310547 0.447998
vt 0.915607 0.994640
vt 0.915714 0.987725
vt 0.097839 0.622070
vt 0.715516 0.251947
vt 0.717285 0.252930
vt 0.717285 0.255371
vt 0.209106 0.633301
vt 0.213257 0.647277
vt 0.209106 0.639160
vt 0.989062 0.388863
vt 0.989388 0.392314
vt 0.987352 0.388911
vt 0.855475 0.446141
vt 0.856435 0.446434
vt 0.857422 0.462891
vt 0.886230 0.410616
vt 0.416363 0.305676
vt 0.717285 0.221749
vt 0.718750 0.228465
vt 0.717285 0.228695
vt 0.731934 0.231379
vt 0.730957 0.238552
vt 0.730957 0.231270
vt 0.988955 0.387227
vt 0.990718 0.388787
vt 0.222756 0.934477
vt 0.245239 0.932617
vt 0.245644 0.935059
vt 0.736328 0.255859
vt 0.734863 0.239377
vt 0.736328 0.239502
vt 0.061775 0.602905
vt 0.070304 0.607086
vt 0.061716 0.607106
vt 0.821157 0.721454
vt 0.825027 0.721056
vt 0.817176 0.724393
vt 0.646820 0.256916
vt 0.667466 0.262627
vt 0.646671 0.262974
vt 0.231344 0.888054
vt 0.964967 0.392141
vt 0.225830 0.889160
vt 0.663086 0.314453
vt 0.708794 0.316716
vt 0.570789 0.313559
vt 0.695722 0.625768
vt 0.936780 0.694085
vt 0.781275 0.694319
vt 0.975364 0.465196
vt 0.974609 0.467299
vt 0.974337 0.465893
vt 0.252022 0.961627
vt 0.250977 0.961823
vt 0.250836 0.959690
vt 0.961428 0.426129
vt 0.970460 0.427976
vt 0.967285 0.430420
vt 0.237228 0.002763
vt 0.230957 0.017380
vt 0.230963 0.002675
vt 0.118835 0.585938
vt 0.112244 0.590820
vt 0.961275 0.433504
vt 0.966965 0.460595
vt 0.968071 0.463334
vt 0.967203 0.460305
vt 0.069969 0.535449
vt 0.069519 0.520020
vt 0.070700 0.534672
vt 0.730776 0.652599
vt 0.726488 0.658654
vt 0.727389 0.653079
vt 0.243453 0.365684
vt 0.242689 0.370608
vt 0.232011 0.363174
vt 0.009152 0.062689
vt 0.110129 0.063881
vt 0.010628 0.064126
vt 0.241398 0.347225
vt 0.241287 0.340315
vt 0.245545 0.341795
vt 0.718750 0.301470
vt 0.720215 0.289307
vt 0.720215 0.301270
vt 0.150391 0.520996
vt 0.146484 0.485840
vt 0.224889 0.962535
vt 0.227458 0.953441
vt 0.227183 0.963391
vt 0.458521 0.742183
vt 0.462158 0.746582
vt 0.459961 0.746582
vt 0.977539 0.628906
vt 0.979422 0.628660
vt 0.979296 0.630484
vt 0.618224 0.240340
vt 0.627624 0.241065
vt 0.625676 0.246786
vt 0.714844 0.376964
vt 0.715354 0.339069
vt 0.715820 0.377007
vt 0.619732 0.614221
vt 0.643903 0.613848
vt 0.309326 0.384033
vt 0.308594 0.386475
vt 0.438965 0.105408
vt 0.436523 0.103149
vt 0.438477 0.102356
vt 0.427734 0.380615
vt 0.423543 0.363162
vt 0.430371 0.363770
vt 0.423584 0.413818
vt 0.405029 0.761719
vt 0.418419 0.358196
vt 0.745269 0.618458
vt 0.619383 0.606789
vt 0.745117 0.614746
vt 0.268521 0.953614
vt 0.270418 0.953681
vt 0.268570 0.956512
vt 0.229988 0.339009
vt 0.236433 0.342076
vt 0.223620 0.339353
vt 0.269727 0.954819
vt 0.269887 0.956644
vt 0.705078 0.273058
vt 0.683105 0.273193
vt 0.659668 0.271973
vt 0.975586 0.459717
vt 0.975347 0.460879
vt 0.974877 0.459717
vt 0.976011 0.467285
vt 0.975098 0.467288
vt 0.975586 0.466230
vt 0.070435 0.034088
vt 0.070018 0.035370
vt 0.062561 0.034088
vt 0.166417 0.524391
vt 0.164673 0.526367
vt 0.165771 0.521973
vt 0.839746 0.981451
vt 0.850098 0.980469
vt 0.968750 0.938477
vt 0.995605 0.939156
vt 0.963907 0.939380
vt 0.185880 0.169622
vt 0.184529 0.168498
vt 0.183727 0.147646
vt 0.156417 0.542420
vt 0.160645 0.538086
vt 0.162222 0.537334
vt 0.127563 0.033203
vt 0.105652 0.033203
vt 0.090041 0.029086
vt 0.047034 0.490584
vt 0.039450 0.544687
vt 0.046511 0.484389
vt 0.124756 0.532715
vt 0.126186 0.533335
vt 0.122986 0.533691
vt 0.202475 0.316162
vt 0.205078 0.315186
vt 0.205884 0.316162
vt 0.141776 0.476066
vt 0.141968 0.473877
vt 0.144409 0.477295
vt 0.987595 0.387205
vt 0.181573 0.167618
vt 0.181030 0.171753
vt 0.251465 0.962550
vt 0.243243 0.156605
vt 0.233154 0.151733
vt 0.243505 0.151489
vt 0.269531 0.957520
vt 0.270413 0.958984
vt 0.269152 0.960097
vt 0.270196 0.963376
vt 0.270752 0.961914
vt 0.270293 0.960746
vt 0.426792 0.845682
vt 0.416726 0.833493
vt 0.418833 0.831468
vt 0.524414 0.515625
vt 0.548828 0.530762
vt 0.515625 0.528809
vt 0.976444 0.460516
vt 0.567406 0.239258
vt 0.601562 0.239746
vt 0.451172 0.303223
vt 0.452148 0.302842
vt 0.450928 0.320068
vt 0.451172 0.302002
vt 0.451660 0.300049
vt 0.451660 0.269287
vt 0.452282 0.264511
vt 0.451660 0.283447
vt 0.450928 0.302979
vt 0.451172 0.288574
vt 0.684055 0.338661
vt 0.613759 0.335693
vt 0.570101 0.331807
vt 0.727539 0.647949
vt 0.428467 0.302002
vt 0.434814 0.345703
vt 0.430908 0.345947
vt 0.718750 0.308350
vt 0.717285 0.332264
vt 0.717285 0.308350
vt 0.209106 0.647461
vt 0.717285 0.250977
vt 0.718750 0.251266
vt 0.429199 0.380371
vt 0.428467 0.393799
vt 0.418945 0.406250
vt 0.420898 0.351766
vt 0.422363 0.351807
vt 0.979766 0.628034
vt 0.980957 0.627441
vt 0.981445 0.627930
vt 0.974121 0.467267
vt 0.975588 0.458252
vt 0.976886 0.465061
vt 0.154785 0.509766
vt 0.153931 0.497559
vt 0.966601 0.459473
vt 0.968502 0.459473
vt 0.966881 0.458252
vt 0.967285 0.466626
vt 0.968517 0.467263
vt 0.966914 0.467254
vt 0.968262 0.465833
vt 0.269861 0.961242
vt 0.715820 0.221356
vt 0.715025 0.222176
vt 0.435114 0.218012
vt 0.434897 0.112965
vt 0.438865 0.109379
vt 0.675293 0.625977
vt 0.685655 0.630859
vt 0.675293 0.631394
vt 0.737305 0.599609
vt 0.740234 0.597656
vt 0.741211 0.600098
vt 0.739258 0.596680
vt 0.739746 0.602539
vt 0.737305 0.595703
vt 0.715820 0.598633
vt 0.715332 0.594727
vt 0.717285 0.594238
vt 0.713379 0.596191
vt 0.711914 0.598145
vt 0.457520 0.723633
vt 0.461455 0.723633
vt 0.712891 0.601074
vt 0.711126 0.598711
vt 0.714421 0.603397
vt 0.714355 0.602051
vt 0.745605 0.145142
vt 0.742676 0.139771
vt 0.745605 0.139771
vt 0.745550 0.600452
vt 0.746094 0.614746
vt 0.746094 0.616699
vt 0.746582 0.618164
vt 0.746582 0.662598
vt 0.746094 0.666504
vt 0.745100 0.666075
vt 0.745514 0.666552
vt 0.622106 0.627983
vt 0.620996 0.628944
vt 0.618652 0.613709
vt 0.069089 0.029037
vt 0.021967 0.027878
vt 0.075590 0.028470
vt 0.658504 0.659517
vt 0.646206 0.661188
vt 0.659668 0.661133
vt 0.213135 0.940430
vt 0.222606 0.938386
vt 0.214478 0.942383
vt 0.212280 0.937500
vt 0.216675 0.943848
vt 0.213257 0.934082
vt 0.215088 0.932129
vt 0.217041 0.930664
vt 0.269043 0.961914
vt 0.247936 0.933002
vt 0.250049 0.934533
vt 0.250419 0.938370
vt 0.244503 0.937782
vt 0.222290 0.941895
vt 0.217773 0.944336
vt 0.247033 0.941769
vt 0.223145 0.931641
vt 0.981934 0.629395
vt 0.980866 0.630064
vt 0.718750 0.216116
vt 0.717285 0.193837
vt 0.718750 0.193762
vt 0.857422 0.464111
vt 0.858958 0.463758
vt 0.039090 0.483371
vt 0.042358 0.476074
vt 0.043365 0.477051
vt 0.945896 0.870310
vt 0.947559 0.858178
vt 0.962901 0.941845
vt 0.240391 0.319694
vt 0.856677 0.463250
vt 0.938320 0.941057
vt 0.961405 0.939021
vt 0.150757 0.558594
vt 0.152344 0.557129
vt 0.152466 0.557617
vt 0.155151 0.542969
vt 0.156128 0.541504
vt 0.155640 0.540039
vt 0.159668 0.537598
vt 0.161255 0.537109
vt 0.160522 0.535645
vt 0.163574 0.526367
vt 0.153320 0.467285
vt 0.978516 0.630859
vt 0.979492 0.631348
vt 0.038147 0.469238
vt 0.032196 0.475342
vt 0.035950 0.467773
vt 0.030090 0.473633
vt 0.025024 0.482910
vt 0.019958 0.527344
vt 0.023378 0.478481
vt 0.724617 0.356742
vt 0.724609 0.323710
vt 0.725098 0.323645
vt 0.024429 0.594727
vt 0.034944 0.593404
vt 0.054352 0.595703
vt 0.107056 0.593262
vt 0.106934 0.592773
vt 0.151830 0.538767
vt 0.457646 0.305484
vt 0.043464 0.544561
vt 0.054644 0.478207
vt 0.050260 0.484772
vt 0.136164 0.473855
vt 0.148473 0.465553
vt 0.055756 0.481201
vt 0.035309 0.587402
vt 0.036358 0.591196
vt 0.031871 0.588585
vt 0.128146 0.498269
vt 0.133054 0.536909
vt 0.252032 0.963379
vt 0.250977 0.963382
vt 0.156556 0.490305
vt 0.149060 0.488437
vt 0.157959 0.486816
vt 0.152930 0.492800
vt 0.329866 0.683290
vt 0.326984 0.687929
vt 0.326304 0.683690
vt 0.328613 0.682617
vt 0.165283 0.024597
vt 0.163574 0.026978
vt 0.320801 0.682129
vt 0.319933 0.683196
vt 0.320557 0.678711
vt 0.320801 0.678711
vt 0.319817 0.677567
vt 0.327964 0.678595
vt 0.250932 0.953125
vt 0.252444 0.955195
vt 0.251465 0.955176
vt 0.181376 0.151708
vt 0.180664 0.146362
vt 0.250749 0.954962
vt 0.251242 0.957217
vt 0.250488 0.957267
vt 0.326467 0.676758
vt 0.326938 0.672927
vt 0.329770 0.677734
vt 0.251883 0.962751
vt 0.715820 0.332264
vt 0.714844 0.308350
vt 0.715820 0.308350
vt 0.250212 0.960901
vt 0.270020 0.962545
vt 0.269590 0.963257
vt 0.270752 0.963384
vt 0.240788 0.907131
vt 0.254016 0.907686
vt 0.253792 0.921111
vt 0.161377 0.509266
vt 0.023651 0.540039
vt 0.032013 0.533203
vt 0.032147 0.546745
vt 0.990637 0.392447
vt 0.991868 0.392882
vt 0.990498 0.394514
vt 0.987872 0.392132
vt 0.988985 0.394180
vt 0.987793 0.394041
vt 0.986761 0.392456
vt 0.986678 0.396977
vt 0.987793 0.397554
vt 0.991843 0.394834
vt 0.993652 0.393555
vt 0.985840 0.396240
vt 0.434814 0.218262
vt 0.435547 0.217651
vt 0.590148 0.820455
vt 0.601333 0.818470
vt 0.711656 0.820410
vt 0.702688 0.203969
vt 0.213170 0.601188
vt 0.213267 0.613540
vt 0.209279 0.612938
vt 0.974609 0.460959
vt 0.739307 0.595848
vt 0.713977 0.594930
vt 0.230302 0.324450
vt 0.224976 0.329590
vt 0.224671 0.325013
vt 0.320801 0.579956
vt 0.340576 0.580078
vt 0.337402 0.582520
vt 0.020447 0.531738
vt 0.023712 0.531738
vt 0.568742 0.323141
vt 0.570312 0.315430
vt 0.570312 0.322266
vt 0.796875 0.605957
vt 0.813936 0.606438
vt 0.520764 0.842289
vt 0.718750 0.376965
vt 0.235596 0.881836
vt 0.237331 0.883449
vt 0.787598 0.420410
vt 0.790527 0.420898
vt 0.786244 0.438109
vt 0.705078 0.275146
vt 0.705208 0.274110
vt 0.769531 0.479004
vt 0.767139 0.438674
vt 0.720215 0.330078
vt 0.720215 0.333008
vt 0.718750 0.332313
vt 0.790527 0.452148
vt 0.794090 0.438300
vt 0.792480 0.478785
vt 0.562586 0.256771
vt 0.564417 0.266815
vt 0.562988 0.267578
vt 0.305908 0.437744
vt 0.309434 0.449446
vt 0.303452 0.435970
vt 0.106750 0.591797
vt 0.108425 0.586517
vt 0.111511 0.589844
vt 0.445068 0.287598
vt 0.445068 0.289307
vt 0.267578 0.289795
vt 0.795898 0.627441
vt 0.813859 0.624723
vt 0.640137 0.313721
vt 0.614220 0.312256
vt 0.640137 0.312988
vt 0.736328 0.605469
vt 0.735840 0.604492
vt 0.717285 0.247803
vt 0.966797 0.461426
vt 0.149831 0.556999
vt 0.151489 0.556641
vt 0.070557 0.033203
vt 0.062683 0.033203
vt 0.966309 0.939941
vt 0.971680 0.939941
vt 0.969145 0.941263
vt 0.446533 0.287842
vt 0.451904 0.232910
vt 0.466553 0.112244
vt 0.335205 0.673828
vt 0.326999 0.671967
vt 0.335205 0.672363
vt 0.216317 0.206126
vt 0.221924 0.201050
vt 0.222412 0.205444
vt 0.432770 0.957881
vt 0.431644 0.958848
vt 0.997559 0.629883
vt 0.703125 0.065063
vt 0.704102 0.066711
vt 0.702637 0.066711
vt 0.963867 0.938965
vt 0.232540 0.358314
vt 0.238037 0.357178
vt 0.243655 0.357494
vt 0.823219 0.713707
vt 0.819815 0.716158
vt 0.817851 0.712699
vt 0.228757 0.369211
vt 0.230154 0.352748
vt 0.229753 0.367536
vt 0.569822 0.231689
vt 0.735109 0.686278
vt 0.018230 0.530729
vt 0.013023 0.532227
vt 0.012253 0.529785
vt 0.974883 0.463733
vt 0.976672 0.463757
vt 0.204102 0.615723
vt 0.209106 0.618652
vt 0.523657 0.511719
vt 0.518066 0.512207
vt 0.512176 0.532762
vt 0.505371 0.531250
vt 0.443359 0.556152
vt 0.436279 0.556152
vt 0.437012 0.548340
vt 0.431152 0.549805
vt 0.427941 0.515450
vt 0.397705 0.090820
vt 0.380825 0.090760
vt 0.210294 0.651348
vt 0.213257 0.620605
vt 0.216106 0.623059
vt 0.216087 0.615723
vt 0.248047 0.600586
vt 0.263916 0.601085
vt 0.248169 0.602051
vt 0.252428 0.957170
vt 0.184692 0.611328
vt 0.186523 0.615723
vt 0.180786 0.612793
vt 0.315430 0.689941
vt 0.317062 0.689787
vt 0.315918 0.691406
vt 0.989066 0.443385
vt 0.991463 0.442432
vt 0.213073 0.198478
vt 0.206672 0.194080
vt 0.213491 0.194593
vt 0.762695 0.417725
vt 0.770020 0.374023
vt 0.771484 0.416260
vt 0.720215 0.339095
vt 0.430176 0.350342
vt 0.438335 0.348277
vt 0.443604 0.345703
vt 0.443359 0.348389
vt 0.384009 0.141637
vt 0.383583 0.130834
vt 0.218018 0.928711
vt 0.134888 0.571777
vt 0.566620 0.266638
vt 0.564312 0.253977
vt 0.709473 0.065063
vt 0.710449 0.066711
vt 0.708984 0.066711
vt 0.151636 0.222418
vt 0.009239 0.027878
vt 0.315851 0.453547
vt 0.316162 0.451416
vt 0.317139 0.452637
vt 0.945588 0.325854
vt 0.946088 0.325821
vt 0.945769 0.345882
vt 0.250488 0.963377
vt 0.701059 0.058795
vt 0.699497 0.058075
vt 0.700174 0.057417
vt 0.726562 0.348877
vt 0.726425 0.356665
vt 0.726074 0.339844
vt 0.437500 0.173828
vt 0.551270 0.515625
vt 0.431319 0.759951
vt 0.679095 0.992952
vt 0.069382 0.518326
vt 0.070679 0.518555
vt 0.795896 0.601561
vt 0.979492 0.627441
vt 0.252686 0.963379
vt 0.101379 0.642578
vt 0.096130 0.640625
vt 0.154175 0.542969
vt 0.428860 0.761868
vt 0.575195 0.703613
vt 0.590561 0.711926
vt 0.718750 0.190674
vt 0.589400 0.818326
vt 0.663690 0.816406
vt 0.150748 0.103248
vt 0.715819 0.818838
vt 0.173317 0.101379
vt 0.717285 0.216162
vt 0.317797 0.687725
vt 0.327042 0.689362
vt 0.318428 0.689667
vt 0.320557 0.439453
vt 0.323013 0.450670
vt 0.147583 0.462891
vt 0.566406 0.240356
vt 0.583496 0.239990
vt 0.618164 0.238770
vt 0.564453 0.267578
vt 0.564941 0.241089
vt 0.566130 0.242003
vt 0.561755 0.246038
vt 0.565430 0.240479
vt 0.563477 0.239868
vt 0.567871 0.269775
vt 0.566895 0.269043
vt 0.567871 0.268555
vt 0.434412 0.960784
vt 0.392578 0.306641
vt 0.254003 0.333303
vt 0.250872 0.339701
vt 0.249634 0.335693
vt 0.215368 0.201642
vt 0.207031 0.208862
vt 0.205811 0.204590
vt 0.797852 0.423340
vt 0.686523 0.315186
vt 0.708496 0.315430
vt 0.709473 0.315918
vt 0.093689 0.593750
vt 0.105653 0.589875
vt 0.708325 0.331099
vt 0.709821 0.330974
vt 0.708744 0.338321
vt 0.566236 0.332764
vt 0.567336 0.322767
vt 0.568359 0.313721
vt 0.568359 0.314697
vt 0.566895 0.313721
vt 0.021079 0.076318
vt 0.028695 0.072051
vt 0.025835 0.074755
vt 0.323282 0.143712
vt 0.006969 0.064941
vt 0.006454 0.060425
vt 0.304443 0.830566
vt 0.305176 0.821777
vt 0.305176 0.830566
vt 0.785156 0.463867
vt 0.427734 0.408203
vt 0.717285 0.275391
vt 0.717285 0.260986
vt 0.718750 0.283538
vt 0.571289 0.323264
vt 0.570312 0.325195
vt 0.041412 0.033203
vt 0.782084 0.710037
vt 0.782997 0.696007
vt 0.798844 0.720180
vt 0.181274 0.144653
vt 0.972168 0.627441
vt 0.972029 0.631348
vt 0.012108 0.527344
vt 0.153335 0.466064
vt 0.698752 0.059052
vt 0.699859 0.059825
vt 0.208429 0.315607
vt 0.405552 0.097011
vt 0.399313 0.095253
vt 0.440391 0.559165
vt 0.822010 0.716883
vt 0.698631 0.057935
vt 0.054443 0.594727
vt 0.054535 0.593750
vt 0.718750 0.257009
vt 0.261705 0.757973
vt 0.235286 0.963292
vt 0.261538 0.771597
vt 0.407897 0.216805
vt 0.775391 0.464111
vt 0.776367 0.463867
vt 0.148804 0.029037
vt 0.146222 0.027878
vt 0.864985 0.448646
vt 0.501534 0.118775
vt 0.495361 0.119812
vt 0.491943 0.110107
vt 0.487061 0.110596
vt 0.491943 0.109314
vt 0.486084 0.110229
vt 0.487793 0.107849
vt 0.021785 0.029037
vt 0.021057 0.033203
vt 0.019440 0.033203
vt 0.263991 0.339393
vt 0.258251 0.335487
vt 0.264682 0.336105
vt 0.761230 0.424805
vt 0.787598 0.413086
vt 0.791504 0.413574
vt 0.787598 0.416016
vt 0.790527 0.416748
vt 0.786621 0.450684
vt 0.785156 0.450195
vt 0.307129 0.437744
vt 0.321045 0.436035
vt 0.323037 0.437513
vt 0.304688 0.433594
vt 0.320557 0.387695
vt 0.321777 0.383301
vt 0.309095 0.401274
vt 0.309570 0.399902
vt 0.315931 0.404734
vt 0.261080 0.341110
vt 0.717285 0.284180
vt 0.717285 0.301472
vt 0.717285 0.282959
vt 0.730957 0.369578
vt 0.335205 0.687500
vt 0.733398 0.238725
vt 0.734863 0.231689
vt 0.733398 0.231689
vt 0.866699 0.450169
vt 0.866318 0.451253
vt 0.164673 0.521973
vt 0.308560 0.428699
vt 0.311523 0.425049
vt 0.621094 0.629883
vt 0.961914 0.939941
vt 0.963867 0.939941
vt 0.252497 0.959849
vt 0.817329 0.717868
vt 0.813903 0.717690
vt 0.165161 0.495605
vt 0.163476 0.491369
vt 0.127563 0.034088
vt 0.818025 0.721274
vt 0.227858 0.979524
vt 0.228760 0.979980
vt 0.228760 0.981934
vt 0.037964 0.547852
vt 0.217122 0.979471
vt 0.217610 0.979814
vt 0.124740 0.517455
vt 0.125798 0.516946
vt 0.232910 0.362305
vt 0.696289 0.630859
vt 0.694824 0.621582
vt 0.971191 0.485107
vt 0.973305 0.491941
vt 0.966912 0.486271
vt 0.131613 0.478229
vt 0.051255 0.473373
vt 0.958139 0.940439
vt 0.938858 0.692111
vt 0.942667 0.749467
vt 0.981445 0.630859
vt 0.231323 0.602051
vt 0.125854 0.530762
vt 0.112000 0.590332
vt 0.746582 0.648438
vt 0.745224 0.618458
vt 0.746094 0.634766
vt 0.577043 0.818044
vt 0.585288 0.821254
vt 0.504395 0.821777
vt 0.142499 0.541633
vt 0.694824 0.654785
vt 0.687770 0.650879
vt 0.694336 0.650391
vt 0.208984 0.416992
vt 0.205688 0.411133
vt 0.208984 0.411133
vt 0.997053 0.630371
vt 0.149414 0.023636
vt 0.396952 0.845218
vt 0.979327 0.426105
vt 0.976343 0.426720
vt 0.715820 0.228504
vt 0.714844 0.228387
vt 0.422363 0.382324
vt 0.677246 0.665527
vt 0.624248 0.251019
vt 0.714844 0.195435
vt 0.715820 0.192749
vt 0.715820 0.195435
vt 0.588330 0.110811
vt 0.292982 0.141259
vt 0.338933 0.063291
vt 0.407167 0.142771
vt 0.461510 0.073287
vt 0.715820 0.302068
vt 0.715820 0.283570
vt 0.070192 0.497167
vt 0.996094 0.629395
vt 0.998535 0.628890
vt 0.868164 0.446045
vt 0.136179 0.480811
vt 0.962402 0.430908
vt 0.678762 0.938477
vt 0.726292 0.935072
vt 0.975588 0.500958
vt 0.973144 0.433105
vt 0.976544 0.432853
vt 0.976399 0.430422
vt 0.976074 0.428467
vt 0.975007 0.427201
vt 0.434082 0.350098
vt 0.160956 0.515998
vt 0.664765 0.992696
vt 0.715163 0.258057
vt 0.714844 0.282905
vt 0.288522 0.015690
vt 0.271240 0.016525
vt 0.829590 0.602051
vt 0.813965 0.604004
vt 0.829102 0.600098
vt 0.892490 0.980556
vt 0.602330 0.071716
vt 0.407959 0.993652
vt 0.538912 0.439889
vt 0.320068 0.431641
vt 0.965008 0.393420
vt 0.957031 0.393555
vt 0.957059 0.391797
vt 0.226711 0.980107
vt 0.226571 0.984303
vt 0.118286 0.584961
vt 0.833865 0.747985
vt 0.493942 0.106290
vt 0.330882 0.989531
vt 0.387451 0.989258
vt 0.445686 0.989730
vt 0.252109 0.959231
vt 0.284275 0.002350
vt 0.067817 0.538146
vt 0.965332 0.431885
vt 0.966309 0.431885
vt 0.966309 0.431396
vt 0.965332 0.431396
vt 0.965332 0.430908
vt 0.966378 0.430873
vt 0.964844 0.430420
vt 0.969238 0.431396
vt 0.969239 0.431152
vt 0.771973 0.480225
vt 0.398052 0.071454
vt 0.312839 0.948659
vt 0.718750 0.221712
vt 0.854560 0.472940
vt 0.018158 0.546387
vt 0.026718 0.575684
vt 0.018753 0.549316
vt 0.261475 0.921387
vt 0.976012 0.463148
vt 0.733985 0.658887
vt 0.987793 0.629883
vt 0.713777 0.682707
vt 0.236065 0.334653
vt 0.235792 0.329285
vt 0.238030 0.324466
vt 0.434570 0.515137
vt 0.434326 0.527832
vt 0.422119 0.346924
vt 0.420410 0.304443
vt 0.978516 0.627930
vt 0.397201 0.852521
vt 0.430175 0.852463
vt 0.236328 0.315186
vt 0.236328 0.316162
vt 0.225881 0.315604
vt 0.438868 0.109386
vt 0.776476 0.348879
vt 0.746465 0.643487
vt 0.794596 0.486402
vt 0.998535 0.628418
vt 0.687725 0.251613
vt 0.684923 0.247428
vt 0.692004 0.236640
vt 0.238036 0.340280
vt 0.206543 0.187378
vt 0.215741 0.191213
vt 0.636230 0.270996
vt 0.610999 0.269098
vt 0.287422 0.786166
vt 0.858951 0.445750
vt 0.859562 0.445586
vt 0.761199 0.540680
vt 0.939817 0.748098
vt 0.718629 0.145995
vt 0.743375 0.145974
vt 0.727051 0.146118
vt 0.892578 0.980469
vt 0.185698 0.146664
vt 0.029327 0.589551
vt 0.027786 0.575684
vt 0.049774 0.464355
vt 0.035584 0.550252
vt 0.202071 0.315186
vt 0.979980 0.427035
vt 0.318251 0.671522
vt 0.317520 0.673102
vt 0.317042 0.667935
vt 0.170533 0.162322
vt 0.173425 0.162598
vt 0.172875 0.167505
vt 0.180542 0.170166
vt 0.270361 0.958746
vt 0.270752 0.956673
vt 0.002637 0.213926
vt 0.002733 0.284942
vt 0.856637 0.464748
vt 0.995117 0.939941
vt 0.879800 0.813613
vt 0.636352 0.253915
vt 0.633906 0.258792
vt 0.227759 0.985102
vt 0.386248 0.849609
vt 0.419922 0.382324
vt 0.321045 0.395996
vt 0.774920 0.442525
vt 0.774414 0.420166
vt 0.216011 0.650972
vt 0.208252 0.655762
vt 0.736328 0.238037
vt 0.228815 0.348059
vt 0.224121 0.369385
vt 0.619819 0.591961
vt 0.709961 0.316406
vt 0.302374 0.411524
vt 0.038971 0.480469
vt 0.715820 0.216289
vt 0.986328 0.386951
vt 0.985392 0.388910
vt 0.076355 0.594238
vt 0.093112 0.592287
vt 0.981445 0.492432
vt 0.973699 0.506545
vt 0.714844 0.332329
vt 0.371826 0.312500
vt 0.773438 0.373779
vt 0.774414 0.415771
vt 0.307373 0.396484
vt 0.720215 0.223145
vt 0.736328 0.231689
vt 0.130371 0.481201
vt 0.088379 0.033203
vt 0.075500 0.033203
vt 0.822458 0.719129
vt 0.088501 0.035370
vt 0.105713 0.034088
vt 0.980469 0.631348
vt 0.867718 0.448730
vt 0.868164 0.448486
vt 0.958125 0.394551
vt 0.979980 0.432593
vt 0.979380 0.433762
vt 0.469727 0.741211
vt 0.468750 0.723145
vt 0.692261 0.814876
vt 0.840404 0.984167
vt 0.790527 0.479980
vt 0.569542 0.220958
vt 0.033966 0.533203
vt 0.033325 0.510742
vt 0.234497 0.196582
vt 0.247070 0.200554
vt 0.234473 0.200352
vt 0.404541 0.632812
vt 0.424561 0.414551
vt 0.554199 0.511230
vt 0.717285 0.335693
vt 0.715820 0.335693
vt 0.727539 0.635254
vt 0.324798 0.993863
vt 0.591874 0.266646
vt 0.726456 0.323712
vt 0.720215 0.335693
vt 0.718750 0.335693
vt 0.265875 0.782258
vt 0.731934 0.238972
vt 0.304987 0.815955
vt 0.076233 0.595215
vt 0.199829 0.102783
vt 0.219455 0.188359
vt 0.436035 0.364502
vt 0.587596 0.121278
vt 0.503394 0.120910
vt 0.587388 0.119568
vt 0.720215 0.215454
vt 0.720215 0.216919
vt 0.335205 0.688477
vt 0.590086 0.224245
vt 0.514648 0.878418
vt 0.511230 0.876465
vt 0.996392 0.941357
vt 0.146688 0.543964
vt 0.524414 0.879395
vt 0.562879 0.879310
vt 0.223755 0.411133
vt 0.209839 0.416504
vt 0.208862 0.411133
vt 0.663819 0.660375
vt 0.316650 0.450195
vt 0.312256 0.448486
vt 0.791417 0.439066
vt 0.040771 0.034088
vt 0.569336 0.312744
vt 0.571777 0.312256
vt 0.590510 0.268948
vt 0.983040 0.576265
vt 0.987305 0.629883
vt 0.987793 0.629395
vt 0.735024 0.674320
vt 0.968262 0.430176
vt 0.990223 0.628309
vt 0.990233 0.628894
vt 0.548340 0.559839
vt 0.504883 0.557617
vt 0.546815 0.556636
vt 0.232788 0.157715
vt 0.232910 0.156006
vt 0.305908 0.433594
vt 0.867988 0.445315
vt 0.866207 0.446471
vt 0.458740 0.718750
vt 0.460693 0.718750
vt 0.775879 0.387451
vt 0.776367 0.409668
vt 0.779236 0.692382
vt 0.217041 0.600586
vt 0.216553 0.602051
vt 0.798340 0.586426
vt 0.813464 0.603520
vt 0.795898 0.601562
vt 0.671759 0.952521
vt 0.671387 0.959473
vt 0.667480 0.956055
vt 0.131010 0.578313
vt 0.119199 0.588813
vt 0.127050 0.577558
vt 0.118935 0.583040
vt 0.119282 0.577892
vt 0.189209 0.403076
vt 0.197998 0.404785
vt 0.189331 0.407227
vt 0.202838 0.396130
vt 0.203268 0.385254
vt 0.225098 0.392334
vt 0.194580 0.392334
vt 0.714844 0.216071
vt 0.568848 0.314453
vt 0.076291 0.035370
vt 0.075623 0.034088
vt 0.088440 0.034088
vt 0.223630 0.002790
vt 0.540039 0.631836
vt 0.538979 0.630552
vt 0.594288 0.312256
vt 0.815430 0.588867
vt 0.813477 0.603516
vt 0.601074 0.636719
vt 0.614258 0.637207
vt 0.604492 0.639648
vt 0.318115 0.452637
vt 0.678496 0.997201
vt 0.315186 0.667969
vt 0.315674 0.666504
vt 0.573390 0.700365
vt 0.592817 0.714204
vt 0.589901 0.714241
vt 0.591998 0.713513
vt 0.801061 0.422896
vt 0.593750 0.707031
vt 0.541042 0.631694
vt 0.540527 0.629883
vt 0.398729 0.130085
vt 0.402438 0.133570
vt 0.399973 0.131326
vt 0.561523 0.690429
vt 0.864746 0.439209
vt 0.863770 0.440430
vt 0.863770 0.439697
vt 0.402309 0.138114
vt 0.402658 0.135663
vt 0.395154 0.129960
vt 0.396477 0.141057
vt 0.400692 0.138980
vt 0.308105 0.384033
vt 0.224485 0.337832
vt 0.382812 0.630859
vt 0.399883 0.315429
vt 0.374483 0.315128
vt 0.215698 0.881836
vt 0.234619 0.881348
vt 0.204956 0.877930
vt 0.734375 0.877441
vt 0.734375 0.860352
vt 0.726074 0.869141
vt 0.397742 0.304379
vt 0.402832 0.313232
vt 0.746582 0.603516
vt 0.746582 0.600586
vt 0.394230 0.306169
vt 0.253906 0.156128
vt 0.251953 0.147095
vt 0.251953 0.161133
vt 0.740709 0.620786
vt 0.442383 0.350586
vt 0.189697 0.392334
vt 0.193970 0.385254
vt 0.753906 0.486572
vt 0.687417 0.340822
vt 0.684082 0.341797
vt 0.247070 0.196211
vt 0.180054 0.606445
vt 0.184254 0.601179
vt 0.733398 0.369582
vt 0.997559 0.630371
vt 0.997070 0.630371
vt 0.957059 0.426256
vt 0.747070 0.597656
vt 0.747070 0.600586
vt 0.304443 0.834961
vt 0.322754 0.558105
vt 0.318848 0.578125
vt 0.317139 0.561035
vt 0.430908 0.407715
vt 0.692871 0.643232
vt 0.692871 0.648277
vt 0.238037 0.356689
vt 0.243408 0.351968
vt 0.737793 0.604004
vt 0.025323 0.454590
vt 0.146362 0.460693
vt 0.024578 0.460243
vt 0.264488 0.307611
vt 0.867677 0.450928
vt 0.322754 0.390625
vt 0.093689 0.594727
vt 0.726912 0.630538
vt 0.324463 0.384521
vt 0.414307 0.290283
vt 0.883301 0.407959
vt 0.260373 0.905719
vt 0.220479 0.198732
vt 0.221364 0.192739
vt 0.814453 0.876465
vt 0.814453 0.861816
vt 0.685820 0.625977
vt 0.696777 0.626465
vt 0.972644 0.426678
vt 0.559737 0.246308
vt 0.409424 0.984863
vt 0.720215 0.221924
vt 0.720215 0.220703
vt 0.746307 0.577622
vt 0.746582 0.583496
vt 0.730957 0.255870
vt 0.735352 0.146118
vt 0.675293 0.624512
vt 0.427625 0.102874
vt 0.990484 0.387952
vt 0.179516 0.162309
vt 0.179499 0.157034
vt 0.233032 0.149902
vt 0.032349 0.528320
vt 0.506836 0.868164
vt 0.997070 0.628906
vt 0.997070 0.628906
vt 0.867676 0.446289
vt 0.975193 0.432424
vt 0.082703 0.603037
vt 0.068982 0.603249
vt 0.165283 0.167282
vt 0.165161 0.152286
vt 0.720215 0.250977
vt 0.868167 0.448955
vt 0.758605 0.484862
vt 0.762334 0.487632
vt 0.759424 0.489867
vt 0.984929 0.248330
vt 0.987833 0.254574
vt 0.705104 0.242607
vt 0.146859 0.554603
vt 0.714844 0.192749
vt 0.715820 0.190308
vt 0.675862 0.253477
vt 0.663042 0.257091
vt 0.610383 0.270574
vt 0.681232 0.292969
vt 0.714844 0.301928
vt 0.968861 0.627552
vt 0.971191 0.627441
vt 0.736328 0.371826
vt 0.736328 0.229492
vt 0.557125 0.681630
vt 0.519097 0.809303
vt 0.427165 0.961733
vt 0.504936 0.862927
vt 0.884077 0.423748
vt 0.206626 0.198030
vt 0.405518 0.761719
vt 0.959401 0.398849
vt 0.414307 0.765625
vt 0.429272 0.765414
vt 0.736328 0.635254
vt 0.736816 0.656250
vt 0.375488 0.307861
vt 0.217444 0.984629
vt 0.151245 0.026291
vt 0.287564 0.816152
vt 0.451416 0.288574
vt 0.451660 0.286133
vt 0.636230 0.271973
vt 0.727539 0.139771
vt 0.735840 0.139771
vt 0.799316 0.418457
vt 0.757324 0.363281
vt 0.756687 0.370406
vt 0.753906 0.362305
vt 0.226074 0.200363
vt 0.720215 0.192749
vt 0.720215 0.195435
vt 0.989857 0.629883
vt 0.989258 0.629883
vt 0.497070 0.122253
vt 0.328857 0.682129
vt 0.238122 0.343771
vt 0.432861 0.380859
vt 0.431885 0.393799
vt 0.716797 0.936523
vt 0.720215 0.284180
vt 0.720215 0.282959
vt 0.909379 0.746359
vt 0.885886 0.734548
vt 0.909471 0.734587
vt 0.219238 0.633235
vt 0.720215 0.302734
vt 0.886031 0.417361
vt 0.737967 0.565040
vt 0.620058 0.563543
vt 0.720215 0.308350
vt 0.704102 0.065063
vt 0.231741 0.362035
vt 0.989089 0.449109
vt 0.760742 0.375732
vt 0.444092 0.330566
vt 0.219482 0.950684
vt 0.710449 0.065063
vt 0.435303 0.112915
vt 0.681964 0.995073
vt 0.092529 0.636230
vt 0.106934 0.641602
vt 0.803772 0.370616
vt 0.013174 0.506107
vt 0.014679 0.496826
vt 0.012184 0.512207
vt 0.407806 0.109561
vt 0.235168 0.953320
vt 0.450684 0.347656
vt 0.450684 0.333740
vt 0.249878 0.963379
vt 0.266846 0.615723
vt 0.555424 0.678455
vt 0.551053 0.676380
vt 0.205688 0.416992
vt 0.017988 0.081074
vt 0.393223 0.835814
vt 0.962402 0.431396
vt 0.813965 0.606445
vt 0.643066 0.107178
vt 0.712891 0.677734
vt 0.714643 0.679859
vt 0.304784 0.780930
vt 0.048431 0.462402
vt 0.980957 0.507219
vt 0.161255 0.030212
vt 0.854000 0.446515
vt 0.402588 0.638184
vt 0.396239 0.641957
vt 0.731445 0.255859
vt 0.739931 0.664033
vt 0.957058 0.433363
vt 0.794950 0.414062
vt 0.794078 0.385054
vt 0.677381 0.995959
vt 0.677734 0.993652
vt 0.588379 0.226562
vt 0.218112 0.420715
vt 0.245293 0.159662
vt 0.467773 0.717285
vt 0.989258 0.628906
vt 0.970513 0.492827
vt 0.714844 0.284180
vt 0.245295 0.318825
vt 0.611816 0.588379
vt 0.613770 0.587891
vt 0.615723 0.590332
vt 0.615234 0.588379
vt 0.605957 0.592285
vt 0.608398 0.591309
vt 0.613770 0.638672
vt 0.611816 0.639648
vt 0.613281 0.639160
vt 0.602539 0.639160
vt 0.601562 0.638672
vt 0.594238 0.594727
vt 0.594727 0.593262
vt 0.596680 0.592285
vt 0.595215 0.592773
vt 0.811523 0.535156
vt 0.811523 0.536621
vt 0.809570 0.537598
vt 0.810547 0.537598
vt 0.688050 0.634078
vt 0.694336 0.635254
vt 0.253906 0.151978
vt 0.321045 0.682129
vt 0.457275 0.747559
vt 0.189819 0.385254
vt 0.791016 0.469482
vt 0.798828 0.479004
vt 0.800781 0.490967
vt 0.796875 0.502441
vt 0.787109 0.509766
vt 0.775391 0.512207
vt 0.763672 0.507812
vt 0.755859 0.498535
vt 0.722656 0.655762
vt 0.305176 0.834961
vt 0.714844 0.335693
vt 0.426845 0.417341
vt 0.726261 0.294190
vt 0.730718 0.630630
vt 0.432373 0.301270
vt 0.367457 0.061689
vt 0.258010 0.308139
vt 0.388428 0.117371
vt 0.002634 0.295767
vt 0.455811 0.718262
vt 0.023239 0.527344
vt 0.028152 0.483643
vt 0.089853 0.423516
vt 0.085719 0.425084
vt 0.085620 0.403661
vt 0.217036 0.985081
vt 0.459991 0.554597
vt 0.688059 0.622663
vt 0.171192 0.157060
vt 0.172786 0.151948
vt 0.245738 0.148362
vt 0.997304 0.629160
vt 0.998535 0.628906
vt 0.997559 0.628906
vt 0.082642 0.607496
vt 0.992713 0.968787
vt 0.720215 0.228027
vt 0.720215 0.229004
vt 0.720215 0.252930
vt 0.720215 0.258057
vt 0.987995 0.265439
vt 0.984931 0.265137
vt 0.714844 0.189941
vt 0.728516 0.887730
vt 0.469238 0.747070
vt 0.708008 0.293860
vt 0.680937 0.294678
vt 0.969263 0.631348
vt 0.429920 0.964579
vt 0.192017 0.411133
vt 0.205322 0.411133
vt 0.196858 0.420715
vt 0.204956 0.416504
vt 0.813965 0.624512
vt 0.506693 0.834549
vt 0.409668 0.965820
vt 0.694336 0.641113
vt 0.689486 0.640625
vt 0.024017 0.594238
vt 0.023727 0.590332
vt 0.759277 0.368896
vt 0.312744 0.404297
vt 0.226018 0.196442
vt 0.720215 0.190552
vt 0.556756 0.683709
vt 0.554382 0.685794
vt 0.549942 0.687207
vt 0.706086 0.222573
vt 0.272207 0.989729
vt 0.590239 0.228934
vt 0.443414 0.324563
vt 0.442383 0.315430
vt 0.726562 0.936035
vt 0.885934 0.746772
vt 0.438498 0.102491
vt 0.218872 0.643555
vt 0.719742 0.537917
vt 0.736827 0.563310
vt 0.621253 0.539259
vt 0.478133 0.305569
vt 0.627176 0.533675
vt 0.718920 0.536688
vt 0.803863 0.542833
vt 0.717053 0.533654
vt 0.114480 0.071729
vt 0.115299 0.072817
vt 0.112466 0.068287
vt 0.744867 0.575586
vt 0.477334 0.303455
vt 0.788727 0.487063
vt 0.789101 0.487786
vt 0.505360 0.349439
vt 0.506896 0.351299
vt 0.427618 0.103733
vt 0.525329 0.080200
vt 0.788847 0.484967
vt 0.876807 0.471165
vt 0.876910 0.472987
vt 0.800916 0.533490
vt 0.474545 0.298540
vt 0.742766 0.572331
vt 0.451660 0.263768
vt 0.452112 0.264266
vt 0.740984 0.569491
vt 0.437982 0.993173
vt 0.393223 0.507149
vt 0.416016 0.471624
vt 0.399969 0.495264
vt 0.400617 0.494412
vt 0.744251 0.599489
vt 0.619188 0.430980
vt 0.619629 0.430475
vt 0.608802 0.088747
vt 0.628707 0.417316
vt 0.627623 0.418974
vt 0.129065 0.751848
vt 0.764745 0.598320
vt 0.763749 0.596102
vt 0.911402 0.366253
vt 0.913633 0.363292
vt 0.846191 0.448730
vt 0.837525 0.448730
vt 0.606327 0.093209
vt 0.618652 0.431443
vt 0.072718 0.992728
vt 0.107429 0.993960
vt 0.070403 0.992951
vt 0.332613 0.129432
vt 0.108861 0.159099
vt 0.014000 0.060150
vt 0.110098 0.061087
vt 0.109856 0.061793
vt 0.946338 0.326188
vt 0.109200 0.063138
vt 0.000000 0.000000
vt 0.853912 0.326536
vt 0.854405 0.326624
vt 0.704590 0.085022
vt 0.797708 0.542195
vt 0.851563 0.277931
vt 0.394923 0.562057
vt 0.406212 0.517435
vt 0.915837 0.370898
vt 0.746582 0.577880
vt 0.479947 0.307275
vt 0.443654 0.101023
vt 0.131026 0.753503
vt 0.608932 0.085969
s 1
f 2/1/1 1421/2/2 1/3/3
f 35/4/4 28/5/5 44/6/6
f 15/7/7 1621/8/8 16/9/9
f 45/10/10 47/11/11 46/12/12
f 11/13/13 2521/14/14 10/15/15
f 1626/16/16 1628/17/17 60/18/18
f 51/19/19 40/20/20 56/21/21
f 88/22/22 92/23/23 90/24/24
f 2572/25/25 2571/26/26 57/27/27
f 6/28/28 2491/29/29 1599/30/30
f 62/31/31 1626/16/16 60/18/18
f 63/32/32 69/33/33 67/34/34
f 34/35/35 25/36/36 33/37/37
f 52/38/38 50/39/39 43/40/40
f 55/41/41 26/42/42 45/10/10
f 1635/43/43 38/44/44 35/4/4
f 42/45/45 54/46/46 41/47/47
f 89/48/48 85/49/49 87/50/50
f 47/11/11 27/51/51 30/52/52
f 45/53/10 95/54/53 94/55/54
f 35/4/4 37/56/55 31/57/56
f 31/57/56 28/5/5 35/4/4
f 74/58/57 76/59/58 73/60/59
f 34/35/35 1634/61/60 29/62/61
f 100/63/62 96/64/63 94/55/54
f 43/40/40 48/65/64 42/45/45
f 39/66/65 43/40/40 42/45/45
f 61/67/66 62/68/31 77/69/67
f 62/68/31 60/70/18 2340/71/68
f 65/72/69 64/73/70 100/63/62
f 99/74/71 100/63/62 64/73/70
f 100/63/62 102/75/72 65/72/69
f 60/18/18 23/76/73 62/31/31
f 60/18/18 1628/17/17 1621/8/8
f 91/77/74 93/78/75 92/23/23
f 3/79/76 2509/80/77 2495/81/78
f 42/45/45 48/65/64 49/82/79
f 5/83/80 2523/84/81 2512/85/82
f 15/7/7 24/86/83 1621/8/8
f 6/28/28 2525/87/84 2489/88/85
f 29/62/61 25/36/36 34/35/35
f 62/89/31 2340/90/68 77/91/67
f 11/13/13 9/92/86 8/93/87
f 13/94/88 9/95/86 12/96/89
f 1635/43/43 35/4/4 44/6/6
f 1634/61/60 34/35/35 36/97/90
f 40/20/20 51/19/19 52/38/38
f 42/45/45 49/82/79 54/46/46
f 45/10/10 46/12/12 55/41/41
f 90/24/24 92/23/23 45/53/10
f 85/49/49 88/22/22 82/98/91
f 74/58/57 78/99/92 76/59/58
f 54/46/46 53/100/93 41/47/47
f 83/101/94 84/102/95 86/103/96
f 43/40/40 50/39/39 48/65/64
f 2340/71/68 60/70/18 1628/104/17
f 56/21/21 41/47/47 53/100/93
f 30/52/52 33/37/37 46/12/12
f 60/18/18 61/105/66 23/76/73
f 1621/8/8 24/86/83 60/18/18
f 24/86/83 61/105/66 60/18/18
f 15/7/7 2509/80/77 3/79/76
f 81/106/97 85/49/49 82/98/91
f 33/37/37 26/42/42 55/41/41
f 30/52/52 27/51/51 31/57/56
f 98/107/98 94/55/54 97/108/99
f 41/47/47 34/35/35 33/37/37
f 83/101/94 76/59/58 78/99/92
f 1599/109/30 2495/110/78 1598/111/100
f 1634/112/60 2527/113/101 7/114/102
f 46/12/12 33/37/37 55/41/41
f 38/44/44 1636/115/103 39/66/65
f 63/32/32 65/72/69 68/116/104
f 1636/115/103 40/20/20 39/66/65
f 79/117/105 80/118/106 78/99/92
f 31/57/56 33/37/37 30/52/52
f 67/34/34 69/33/33 2329/119/107
f 88/22/22 89/48/48 92/23/23
f 63/32/32 68/116/104 69/33/33
f 1626/16/16 62/31/31 11/120/13
f 62/31/31 23/76/73 9/121/86
f 11/120/13 62/31/31 9/121/86
f 45/53/10 93/78/75 95/54/53
f 35/4/4 38/44/44 37/56/55
f 31/57/56 27/51/51 28/5/5
f 100/63/62 99/74/71 96/64/63
f 41/47/47 37/56/55 42/45/45
f 37/56/55 38/44/44 42/45/45
f 38/44/44 39/66/65 42/45/45
f 61/67/66 60/70/18 62/68/31
f 36/97/90 34/35/35 1636/115/103
f 93/78/75 45/53/10 92/23/23
f 92/23/23 89/48/48 91/77/74
f 89/48/48 87/50/50 91/77/74
f 12/96/89 25/36/36 29/122/61
f 29/122/61 1634/112/60 7/114/102
f 13/94/88 8/123/87 9/95/86
f 29/122/61 7/114/102 12/96/89
f 7/114/102 13/94/88 12/96/89
f 43/40/40 39/66/65 40/20/20
f 85/49/49 89/48/48 88/22/22
f 87/50/50 85/49/49 86/103/96
f 85/49/49 83/101/94 86/103/96
f 56/21/21 40/20/20 41/47/47
f 81/106/97 83/101/94 85/49/49
f 33/37/37 25/36/36 26/42/42
f 18/124/108 17/125/109 28/5/5
f 27/51/51 18/124/108 28/5/5
f 26/42/42 25/36/36 19/126/110
f 45/10/10 26/42/42 20/127/111
f 27/51/51 47/11/11 21/128/112
f 17/125/109 44/6/6 28/5/5
f 27/51/51 21/128/112 22/129/113
f 1608/130/114 2482/131/115 1610/132/116
f 98/107/98 101/133/117 100/63/62
f 101/133/117 102/75/72 100/63/62
f 100/63/62 94/55/54 98/107/98
f 94/55/54 95/54/53 97/108/99
f 33/37/37 31/57/56 41/47/47
f 31/57/56 37/56/55 41/47/47
f 41/47/47 40/20/20 34/35/35
f 83/101/94 81/106/97 76/59/58
f 77/91/67 2340/90/68 76/59/58
f 76/59/58 2340/90/68 73/60/59
f 2521/14/14 6/134/28 10/15/15
f 38/44/44 1635/43/43 1636/115/103
f 63/32/32 64/73/70 65/72/69
f 5/83/80 2486/135/118 2504/136/119
f 65/72/69 102/75/72 66/137/120
f 66/137/120 70/138/121 68/116/104
f 70/138/121 71/139/122 68/116/104
f 71/139/122 72/140/123 69/33/33
f 68/116/104 65/72/69 66/137/120
f 69/33/33 68/116/104 71/139/122
f 2329/119/107 69/33/33 72/140/123
f 2186/141/124 16/142/9 2093/143/125
f 16/142/9 15/144/7 2093/143/125
f 1636/115/103 34/35/35 40/20/20
f 1636/115/103 1635/43/43 32/145/126
f 84/102/95 83/101/94 80/118/106
f 83/101/94 78/99/92 80/118/106
f 78/99/92 74/58/57 79/117/105
f 79/117/105 74/58/57 75/146/127
f 1600/147/128 2519/148/129 2513/149/130
f 587/150/131 588/151/132 590/152/133
f 108/153/134 105/154/135 110/155/136
f 111/2/137 112/156/138 113/157/139
f 116/158/140 114/159/141 115/160/142
f 115/161/142 118/162/143 116/158/140
f 128/163/144 126/164/145 129/165/146
f 120/166/147 119/167/148 121/168/149
f 121/169/149 122/170/150 120/166/147
f 125/171/151 131/172/152 124/173/153
f 129/165/146 130/174/154 128/175/144
f 137/176/155 138/177/156 136/178/157
f 134/179/158 135/180/159 132/181/160
f 135/182/159 134/179/158 133/183/161
f 560/184/162 636/185/163 548/186/164
f 432/187/165 229/188/166 424/189/167
f 155/190/168 836/191/169 801/192/170
f 154/193/171 171/194/172 143/195/173
f 149/196/174 147/197/175 148/198/176
f 801/199/170 836/200/169 152/201/177
f 801/199/170 152/201/177 143/202/173
f 157/203/178 158/204/179 156/205/180
f 159/206/181 156/205/180 158/204/179
f 160/207/182 161/208/183 1292/209/184
f 162/210/185 1292/209/184 161/208/183
f 993/211/186 633/212/187 994/213/188
f 179/214/189 109/215/190 110/216/136
f 494/217/191 495/218/192 492/219/193
f 996/220/194 1000/221/195 997/222/196
f 791/223/197 789/224/198 790/225/199
f 790/225/199 789/224/198 138/226/156
f 503/227/200 517/228/201 524/229/202
f 1046/230/203 1045/231/204 318/232/205
f 662/233/206 664/234/207 1049/235/206
f 180/236/208 179/214/189 105/237/135
f 110/216/136 105/237/135 179/214/189
f 1299/238/209 179/214/189 180/236/208
f 740/239/210 747/240/211 741/241/212
f 387/242/213 384/243/214 385/244/215
f 598/245/216 596/246/217 597/247/218
f 874/248/219 870/249/220 875/250/221
f 186/251/222 1302/252/223 191/253/224
f 1026/254/225 990/255/226 441/256/227
f 1302/252/223 196/257/228 191/253/224
f 449/258/229 464/259/230 447/260/231
f 190/261/232 823/262/233 1595/263/234
f 193/264/235 823/265/233 209/266/236
f 1588/267/237 209/266/236 823/265/233
f 205/268/238 196/269/228 192/270/239
f 196/257/228 205/271/238 194/272/240
f 763/273/241 185/274/242 200/275/243
f 185/274/242 763/273/241 197/276/244
f 258/277/245 251/278/246 256/279/247
f 197/280/244 763/281/241 200/282/243
f 202/283/248 732/284/249 729/285/250
f 204/286/251 729/285/250 732/284/249
f 732/284/249 208/287/252 204/286/251
f 203/288/253 731/289/254 211/290/255
f 207/291/256 205/292/238 206/293/257
f 205/292/238 192/294/239 190/261/232
f 823/262/233 193/295/235 1595/263/234
f 193/295/235 751/296/258 1595/263/234
f 207/297/256 212/298/259 211/299/255
f 211/299/255 214/300/260 213/301/261
f 206/302/257 212/298/259 207/297/256
f 251/303/246 263/304/262 250/305/263
f 370/306/264 351/307/265 368/308/266
f 522/309/267 635/310/268 523/311/269
f 362/312/270 348/313/271 234/314/272
f 430/315/273 973/316/274 1022/317/275
f 505/318/276 571/319/277 572/320/278
f 408/321/279 414/322/280 472/323/281
f 831/324/282 983/325/283 984/326/284
f 455/327/285 429/328/286 457/329/287
f 948/330/288 953/331/289 947/332/290
f 388/333/291 389/334/292 354/335/293
f 281/336/294 311/337/295 300/338/296
f 810/339/297 807/340/298 806/341/299
f 940/342/300 876/343/301 941/344/302
f 378/345/303 381/346/304 630/347/305
f 294/348/306 291/349/307 293/350/308
f 292/351/309 264/352/310 328/353/311
f 532/354/312 536/355/313 528/356/314
f 546/357/315 555/358/316 545/359/317
f 1162/360/318 1161/361/319 1166/362/320
f 330/363/321 435/364/322 984/365/284
f 297/366/323 298/367/324 300/368/296
f 434/369/325 979/370/326 978/371/327
f 959/372/328 953/331/289 955/373/329
f 862/374/330 431/375/331 421/376/332
f 1299/238/209 104/377/333 103/378/334
f 800/379/335 827/380/336 804/381/337
f 893/382/338 891/383/339 889/384/340
f 117/385/341 130/386/154 118/387/143
f 734/388/342 731/389/254 730/390/343
f 672/391/344 676/392/345 675/393/346
f 586/394/347 587/150/131 590/152/133
f 981/395/348 1005/396/349 1007/397/350
f 222/398/351 231/399/352 218/400/353
f 222/398/351 218/400/353 221/401/354
f 232/402/355 221/401/354 1188/403/356
f 232/402/355 1188/403/356 364/404/357
f 234/405/272 364/404/357 1188/403/356
f 2560/406/358 234/405/272 1188/403/356
f 362/407/270 2566/408/359 2569/409/360
f 163/410/361 1292/209/184 162/210/185
f 405/411/362 410/412/363 415/413/364
f 566/414/365 560/184/162 559/415/366
f 127/416/367 119/417/148 126/418/145
f 225/419/368 217/420/369 223/421/370
f 1189/422/371 224/423/372 1187/424/373
f 243/425/374 1062/426/375 237/427/376
f 418/428/377 403/429/378 405/430/362
f 1034/431/379 446/432/380 1000/433/195
f 705/434/381 1319/435/382 1053/436/383
f 1006/437/384 241/438/385 235/439/386
f 241/438/385 1062/426/375 243/425/374
f 1008/440/387 245/441/388 238/442/389
f 231/443/352 232/444/355 230/445/390
f 626/446/391 619/447/392 617/448/393
f 801/449/170 151/450/394 821/451/395
f 1007/397/350 239/452/396 956/453/397
f 435/454/322 444/455/398 436/456/399
f 249/457/400 326/458/401 981/459/348
f 987/460/402 998/461/403 999/462/404
f 286/463/405 311/337/295 287/464/406
f 261/465/407 252/466/408 269/467/409
f 506/468/410 504/469/411 503/470/200
f 263/304/262 252/471/408 259/472/412
f 255/473/413 259/472/412 252/471/408
f 253/474/414 263/304/262 264/475/310
f 504/469/411 507/476/415 505/477/276
f 281/336/294 300/338/296 282/478/416
f 294/348/306 264/352/310 292/351/309
f 284/479/417 277/480/418 311/337/295
f 282/478/416 300/338/296 283/481/419
f 285/482/420 283/481/419 300/338/296
f 311/337/295 277/480/418 285/482/420
f 264/352/310 293/350/308 328/353/311
f 293/350/308 264/352/310 294/348/306
f 306/483/421 308/484/422 303/485/423
f 308/484/422 310/486/424 309/487/425
f 282/488/416 297/366/323 301/489/426
f 282/488/416 301/489/426 296/490/427
f 300/368/296 301/489/426 297/366/323
f 309/487/425 310/486/424 306/483/421
f 305/491/428 323/492/429 273/493/430
f 277/480/418 283/481/419 285/482/420
f 124/494/153 114/495/141 125/171/151
f 368/308/266 351/307/265 377/496/431
f 234/314/272 350/497/432 364/498/357
f 232/499/355 364/500/357 350/497/432
f 232/499/355 350/497/432 221/501/354
f 385/502/215 353/503/433 386/504/434
f 387/505/213 353/503/433 385/502/215
f 386/504/434 353/503/433 390/506/435
f 631/507/436 353/503/433 387/505/213
f 372/508/437 352/509/438 379/510/439
f 373/511/440 352/509/438 372/508/437
f 373/511/440 356/512/441 371/513/442
f 371/513/442 352/509/438 373/511/440
f 346/514/443 371/513/442 356/512/441
f 370/306/264 352/509/438 371/513/442
f 368/308/266 352/509/438 370/306/264
f 377/496/431 352/509/438 368/308/266
f 390/506/435 353/503/433 383/515/444
f 343/516/445 221/501/354 350/497/432
f 333/517/446 231/518/352 222/519/351
f 422/520/447 335/521/448 358/522/449
f 398/523/450 337/524/451 366/525/452
f 337/524/451 359/526/453 366/525/452
f 330/527/321 337/524/451 331/528/454
f 366/525/452 359/526/453 423/529/455
f 339/530/456 430/531/273 220/532/457
f 369/533/458 370/534/264 368/535/266
f 370/534/264 369/533/458 371/536/442
f 377/537/431 369/533/458 368/535/266
f 371/536/442 369/533/458 373/538/440
f 374/539/459 373/538/440 369/533/458
f 373/538/440 374/539/459 372/540/437
f 372/540/437 374/539/459 379/541/439
f 393/542/460 376/543/461 384/544/214
f 375/545/462 394/546/463 376/543/461
f 377/537/431 378/345/303 369/533/458
f 382/547/464 369/533/458 378/345/303
f 388/548/291 369/533/458 382/547/464
f 388/548/291 380/549/465 395/550/466
f 383/551/444 394/552/463 354/335/293
f 388/333/291 354/335/293 394/552/463
f 385/244/215 384/243/214 386/553/434
f 201/554/467 195/555/468 194/556/240
f 337/557/451 398/558/450 400/559/469
f 1445/560/470 137/561/155 136/178/157
f 402/562/471 404/563/472 419/564/473
f 407/565/474 405/430/362 403/429/378
f 575/566/475 572/320/278 576/567/476
f 290/568/477 294/348/306 292/351/309
f 366/569/452 433/570/478 420/571/479
f 433/570/478 366/569/452 968/572/480
f 968/572/480 1011/573/481 433/570/478
f 1139/574/482 1137/575/483 1136/576/484
f 434/369/325 234/577/272 364/578/357
f 362/579/270 234/577/272 434/369/325
f 478/580/485 1003/581/486 428/582/487
f 452/583/488 428/582/487 1003/581/486
f 987/584/402 988/585/489 998/586/403
f 985/587/490 436/588/399 332/589/491
f 443/590/492 992/591/493 435/364/322
f 444/592/398 633/593/187 443/590/492
f 984/365/284 435/364/322 992/591/493
f 475/594/494 983/595/283 992/591/493
f 632/596/495 359/597/453 983/595/283
f 632/596/495 423/598/455 359/597/453
f 487/599/496 459/600/497 486/601/498
f 467/602/499 480/603/500 465/604/501
f 479/605/502 465/604/501 480/603/500
f 1038/606/503 1039/607/504 1043/608/505
f 295/609/506 299/610/507 298/367/324
f 489/611/508 485/612/509 482/613/510
f 461/614/511 471/615/512 633/593/187
f 449/258/229 440/616/513 464/259/230
f 440/616/513 449/258/229 448/617/514
f 447/260/231 1000/433/195 998/586/403
f 506/468/410 509/618/515 446/432/380
f 446/432/380 504/469/411 506/468/410
f 471/615/512 443/590/492 633/593/187
f 608/619/516 623/620/517 512/621/518
f 608/622/516 515/623/519 623/624/517
f 267/625/520 250/305/263 265/626/521
f 502/627/522 528/628/314 536/629/313
f 265/626/521 270/630/523 267/625/520
f 671/631/524 675/393/346 1050/632/525
f 558/633/526 549/634/527 636/185/163
f 576/567/476 580/635/528 575/566/475
f 571/319/277 568/636/529 589/637/530
f 589/637/530 570/638/531 571/319/277
f 584/639/532 588/151/132 583/640/533
f 589/641/530 588/151/132 585/642/534
f 589/637/530 569/643/535 570/638/531
f 200/282/243 208/644/252 197/280/244
f 599/645/536 511/646/537 603/647/538
f 512/648/518 600/649/539 608/650/516
f 434/369/325 232/651/355 231/652/352
f 613/653/540 624/654/541 615/655/542
f 365/656/543 412/657/544 909/658/545
f 626/659/391 612/660/546 613/653/540
f 621/661/547 619/447/392 620/662/548
f 625/663/549 612/660/546 617/664/393
f 612/660/546 626/665/391 617/664/393
f 617/664/393 618/666/550 625/663/549
f 628/667/551 625/663/549 618/666/550
f 168/668/552 1567/669/553 175/670/554
f 618/671/550 617/672/393 619/447/392
f 828/673/555 845/674/556 825/675/557
f 307/676/558 304/677/559 303/485/423
f 359/597/453 984/365/284 983/595/283
f 975/678/560 1025/679/561 474/680/562
f 1299/238/209 106/681/563 104/377/333
f 492/219/193 496/682/564 490/683/565
f 803/684/566 809/685/567 816/686/568
f 698/687/569 695/688/570 699/689/571
f 490/683/565 496/682/564 497/690/572
f 700/691/573 1052/692/574 701/693/575
f 1059/694/576 846/695/577 839/696/578
f 868/697/579 863/698/580 864/699/581
f 493/700/582 500/701/583 494/217/191
f 349/702/584 350/497/432 347/703/585
f 206/302/257 210/704/586 212/298/259
f 785/705/587 781/706/588 794/707/589
f 798/708/590 790/709/199 138/710/156
f 285/482/420 300/338/296 286/463/405
f 293/350/308 289/711/591 292/351/309
f 305/712/428 302/713/592 306/483/421
f 1169/714/593 1146/715/594 1163/716/595
f 415/717/364 414/718/280 405/430/362
f 340/719/596 426/720/597 425/721/598
f 371/513/442 346/514/443 370/306/264
f 404/563/472 411/722/599 419/564/473
f 941/344/302 881/723/600 943/724/601
f 365/725/543 404/726/472 397/727/602
f 424/189/167 1025/679/561 975/678/560
f 429/328/286 1022/317/275 457/329/287
f 414/322/280 486/601/498 459/600/497
f 484/728/603 486/601/498 414/322/280
f 450/729/604 466/730/605 468/731/606
f 448/617/514 998/586/403 988/585/489
f 518/732/607 517/228/201 516/733/608
f 645/734/609 640/735/610 639/736/611
f 1001/737/612 886/738/613 878/739/614
f 769/740/615 774/741/616 772/742/617
f 498/743/618 493/700/582 490/683/565
f 510/744/619 507/476/415 508/745/620
f 506/468/410 532/746/312 509/618/515
f 1008/440/387 976/747/621 245/441/388
f 333/517/446 331/528/454 336/748/622
f 579/749/623 575/566/475 580/635/528
f 589/637/530 568/636/529 584/750/532
f 573/751/624 574/752/625 577/753/626
f 582/754/627 587/150/131 586/394/347
f 692/755/628 690/756/629 693/757/630
f 306/483/421 302/713/592 307/676/558
f 1306/758/631 642/759/632 641/760/633
f 740/239/210 741/241/212 739/761/634
f 678/762/635 674/763/636 679/764/637
f 576/567/476 579/749/623 578/765/638
f 871/766/639 867/767/640 868/768/579
f 146/769/641 1566/770/642 165/771/643
f 394/552/463 384/544/214 376/543/461
f 170/772/644 155/190/168 801/192/170
f 983/595/283 454/773/645 632/596/495
f 559/415/366 561/774/646 562/775/647
f 698/776/569 691/777/648 687/778/649
f 944/779/650 947/332/290 952/780/651
f 413/781/652 365/656/543 401/782/653
f 385/502/215 347/703/585 387/505/213
f 981/459/348 238/442/389 980/783/654
f 386/553/434 394/552/463 390/784/435
f 1042/785/655 318/232/205 1045/786/204
f 567/787/656 543/788/657 541/789/658
f 300/368/296 298/367/324 304/677/559
f 482/613/510 488/790/659 489/611/508
f 905/791/660 897/792/661 899/793/662
f 268/794/663 251/278/246 258/277/245
f 892/795/664 900/796/665 893/382/338
f 656/797/666 648/798/667 647/799/668
f 545/359/317 544/800/669 540/801/670
f 422/802/447 970/803/671 421/804/332
f 332/805/491 346/514/443 356/512/441
f 240/806/672 1018/807/673 946/808/674
f 241/438/385 1006/437/384 1062/426/375
f 417/809/675 469/810/676 416/811/677
f 303/485/423 305/712/428 306/483/421
f 622/812/678 613/653/540 612/660/546
f 851/813/679 2562/814/680 2541/815/681
f 1208/816/682 1191/817/683 227/818/684
f 553/819/685 542/820/686 543/788/657
f 788/821/687 787/822/688 789/224/198
f 569/643/535 505/318/276 570/638/531
f 279/823/689 278/824/690 280/825/691
f 522/309/267 518/826/607 516/827/608
f 589/641/530 582/754/627 586/394/347
f 690/756/629 687/778/649 691/828/648
f 837/829/692 839/696/578 840/830/693
f 676/392/345 653/831/694 670/832/695
f 672/391/344 671/631/524 673/833/696
f 722/834/697 724/835/698 840/836/693
f 681/837/699 682/838/700 697/839/701
f 528/840/314 592/841/702 593/842/703
f 691/777/648 697/839/701 682/838/700
f 691/828/648 682/843/700 690/756/629
f 680/844/704 690/756/629 682/843/700
f 694/845/705 689/846/706 692/755/628
f 694/845/705 692/755/628 686/847/707
f 684/848/708 683/849/709 696/850/710
f 693/757/630 686/847/707 692/755/628
f 705/851/381 1326/852/711 1313/853/712
f 1313/853/712 1320/854/713 705/851/381
f 736/855/714 737/856/715 740/857/210
f 745/858/716 735/859/717 746/860/718
f 2085/861/719 718/862/720 719/863/721
f 178/864/722 174/865/723 144/866/724
f 398/523/450 366/525/452 335/521/448
f 750/867/725 746/868/718 735/869/717
f 738/870/726 736/855/714 717/871/727
f 349/702/584 386/504/434 390/506/435
f 744/872/728 745/858/716 746/860/718
f 727/873/729 728/874/730 749/875/731
f 749/875/731 728/874/730 722/876/697
f 722/876/697 725/877/732 724/878/698
f 872/879/733 868/768/579 864/880/581
f 657/881/734 718/862/720 658/882/735
f 1333/883/736 658/882/735 718/862/720
f 1333/883/736 718/862/720 2085/861/719
f 832/884/737 838/885/738 837/829/692
f 658/886/735 1333/887/736 1056/888/739
f 750/867/725 727/889/729 749/890/731
f 750/867/725 1057/891/740 746/868/718
f 737/892/715 746/868/718 1057/891/740
f 751/893/258 752/894/741 1057/891/740
f 1057/891/740 747/240/211 737/892/715
f 747/240/211 752/894/741 734/388/342
f 769/740/615 772/742/617 771/895/742
f 729/896/250 204/897/251 202/898/248
f 732/899/249 202/898/248 204/897/251
f 732/899/249 204/897/251 733/900/743
f 747/240/211 1057/891/740 752/894/741
f 739/761/634 741/241/212 716/901/744
f 289/711/591 286/463/405 290/568/477
f 244/902/745 240/806/672 249/457/400
f 419/903/473 407/904/474 402/905/471
f 1169/906/593 1164/907/746 1165/908/747
f 229/909/166 432/910/165 339/530/456
f 1083/911/748 1086/912/749 1085/913/750
f 1028/914/751 238/442/389 245/441/388
f 742/915/752 741/241/212 743/916/753
f 987/584/402 629/917/754 988/585/489
f 1174/918/755 1171/919/756 1177/920/757
f 696/921/710 669/922/758 1052/692/574
f 934/923/759 938/924/760 931/925/761
f 287/464/406 288/926/762 291/349/307
f 818/927/763 763/928/241 195/929/468
f 243/425/374 226/930/764 242/931/765
f 1172/932/766 1180/933/767 1181/934/768
f 1025/935/561 1064/936/769 969/937/770
f 391/938/771 393/939/460 392/940/772
f 559/941/366 562/775/647 566/942/365
f 513/943/773 616/944/774 627/945/775
f 1208/946/682 326/458/401 248/947/776
f 223/421/370 1187/424/373 224/948/372
f 953/331/289 958/949/777 957/950/778
f 380/549/465 379/541/439 374/539/459
f 605/951/779 609/952/780 606/953/781
f 1014/954/782 931/925/761 927/955/783
f 631/956/436 384/243/214 387/242/213
f 925/957/784 920/958/785 921/959/786
f 633/212/187 1016/960/787 1017/961/788
f 515/962/519 608/963/516 638/964/789
f 865/965/790 869/966/791 864/699/581
f 540/801/670 551/967/792 541/789/658
f 304/677/559 298/367/324 299/610/507
f 410/968/363 470/969/793 634/970/794
f 151/971/394 1519/972/795 1289/973/796
f 693/757/630 684/974/708 686/847/707
f 1282/975/797 236/976/798 1198/977/799
f 879/978/800 881/723/600 876/979/301
f 330/363/321 436/588/399 435/364/322
f 731/980/254 207/981/256 211/982/255
f 222/519/351 343/516/445 333/517/446
f 907/983/801 904/984/802 903/985/803
f 825/986/557 824/987/804 800/379/335
f 1058/988/805 824/987/804 825/986/557
f 173/989/806 108/990/134 109/215/190
f 311/337/295 285/482/420 288/926/762
f 814/991/807 807/340/298 810/339/297
f 914/992/808 918/993/809 917/994/810
f 822/995/811 823/996/233 151/450/394
f 822/995/811 819/997/812 823/996/233
f 192/998/239 823/996/233 819/997/812
f 823/996/233 192/998/239 751/999/258
f 196/1000/228 192/998/239 819/997/812
f 752/1001/741 751/999/258 192/998/239
f 752/1001/741 192/998/239 196/1000/228
f 842/1002/813 803/684/566 843/1003/814
f 829/1004/815 843/1003/814 803/684/566
f 850/1005/816 853/1006/817 851/813/679
f 854/1007/818 766/1008/819 855/1009/820
f 766/1008/819 854/1007/818 764/1010/821
f 513/943/773 627/945/775 515/1011/519
f 145/1012/822 1566/770/642 146/769/641
f 219/1013/823 432/1014/165 229/1015/166
f 782/1016/824 1332/1017/825 1334/1018/826
f 967/1019/827 966/1020/828 970/1021/671
f 462/1022/829 482/613/510 483/1023/830
f 1147/1024/831 1145/1025/832 1146/1026/594
f 611/1027/833 627/945/775 616/944/774
f 875/250/221 867/767/640 871/766/639
f 386/504/434 347/703/585 385/502/215
f 591/1028/834 528/840/314 595/1029/835
f 865/965/790 866/1030/836 869/966/791
f 940/342/300 937/1031/837 936/1032/838
f 873/1033/839 864/880/581 869/1034/791
f 889/384/340 879/978/800 963/1035/840
f 337/524/451 330/527/321 359/526/453
f 177/1036/841 145/1037/822 172/1038/842
f 638/964/789 603/1039/538 601/1040/843
f 393/939/460 631/956/436 392/940/772
f 1015/1041/844 918/1042/809 1064/936/769
f 1022/1043/275 969/1044/770 457/1045/287
f 819/997/812 195/1046/468 194/1047/240
f 898/1048/845 899/793/662 897/792/661
f 343/516/445 330/527/321 333/517/446
f 899/1049/662 1010/1050/846 1009/1051/847
f 1588/267/237 1583/1052/848 209/266/236
f 224/423/372 1189/422/371 226/1053/764
f 559/415/366 537/1054/849 558/1055/526
f 123/1056/850 131/1057/152 122/1058/150
f 541/789/658 542/820/686 546/357/315
f 749/890/731 722/834/697 846/1059/577
f 694/1060/705 695/1061/570 689/1062/706
f 608/650/516 604/1063/851 607/1064/852
f 977/1065/853 1037/1066/854 1036/1067/855
f 913/1068/856 409/1069/857 915/1070/858
f 409/1069/857 913/1068/856 917/994/810
f 1011/1071/481 1010/1050/846 1012/1072/859
f 1047/1073/860 1332/1074/825 721/1075/861
f 510/744/619 508/745/620 532/746/312
f 947/332/290 1248/1076/862 948/330/288
f 420/1077/479 433/1078/478 966/1020/828
f 421/804/332 1020/1079/863 1024/1080/864
f 425/1081/598 850/1082/816 988/1083/489
f 988/1083/489 1027/1084/865 425/1081/598
f 1002/1085/866 425/1081/598 1027/1084/865
f 1027/1084/865 449/1086/229 1002/1085/866
f 1001/737/612 1002/1085/866 449/1086/229
f 989/1087/867 878/739/614 942/1088/868
f 923/1089/869 1015/1041/844 1014/1090/782
f 1062/1091/375 1019/1092/870 237/1093/376
f 1008/1094/387 1005/396/349 245/1095/388
f 984/326/284 983/325/283 992/1096/493
f 1139/574/482 2392/1097/871 1137/575/483
f 444/455/398 994/213/188 633/212/187
f 633/212/187 1017/961/788 995/1098/872
f 986/1099/873 437/1100/874 827/1101/336
f 998/461/403 447/1102/231 1027/1103/865
f 449/1104/229 1027/1103/865 447/1102/231
f 1065/1105/875 997/222/196 509/1106/515
f 997/222/196 1065/1105/875 504/1107/411
f 1037/1108/854 1043/608/505 1036/1109/855
f 204/897/251 729/896/250 195/1110/468
f 1006/1111/384 235/1112/386 962/1113/876
f 1013/1114/877 914/1115/808 910/1116/878
f 1042/785/655 1036/1109/855 1043/608/505
f 782/1117/824 834/1118/879 748/1119/880
f 934/1120/759 450/1121/604 1063/1122/881
f 316/1123/882 314/1124/883 315/1125/884
f 920/958/785 409/1069/857 921/959/786
f 977/1126/853 1030/1127/885 1029/1128/886
f 174/865/723 181/1129/887 173/1130/806
f 574/752/625 570/638/531 572/320/278
f 104/1131/333 106/1132/563 107/1133/888
f 818/927/763 809/685/567 815/1134/889
f 438/1135/890 440/616/513 448/617/514
f 867/767/640 866/1030/836 863/698/580
f 780/1136/891 779/1137/892 778/1138/893
f 305/491/428 319/1139/894 329/1140/895
f 590/152/133 588/151/132 592/841/702
f 698/776/569 689/1062/706 695/1061/570
f 967/1141/827 358/522/449 420/1142/479
f 425/721/598 629/917/754 340/719/596
f 394/552/463 383/551/444 390/784/435
f 276/1143/896 279/823/689 280/1144/691
f 547/1145/897 557/1146/898 539/1147/899
f 195/555/468 208/644/252 200/282/243
f 582/754/627 585/642/534 583/640/533
f 615/655/542 513/943/773 512/1148/518
f 189/1149/900 186/251/222 188/1150/901
f 936/1032/838 932/1151/902 938/924/760
f 481/1152/903 463/1153/904 458/1154/905
f 393/542/460 395/550/466 376/543/461
f 831/324/282 436/456/399 845/1155/556
f 904/984/802 911/1156/906 908/1157/907
f 1301/1158/908 189/1149/900 188/1150/901
f 784/1159/909 860/1160/910 856/1161/911
f 572/320/278 571/319/277 573/751/624
f 608/963/516 609/952/780 638/1162/789
f 913/1068/856 915/1070/858 911/1156/906
f 420/1142/479 358/522/449 366/525/452
f 205/1163/238 729/1164/250 201/554/467
f 595/1029/835 528/840/314 593/842/703
f 409/1165/857 418/428/377 408/1166/279
f 152/201/177 836/200/169 838/1167/738
f 110/155/136 109/1168/190 108/153/134
f 466/730/605 441/256/227 460/1169/912
f 137/176/155 133/1170/161 138/177/156
f 300/338/296 311/337/295 286/463/405
f 593/842/703 592/841/702 594/1171/913
f 155/190/168 838/1172/738 836/191/169
f 1023/1173/914 431/1174/331 973/316/274
f 249/457/400 240/806/672 946/808/674
f 996/220/194 1034/1175/379 995/1098/872
f 1000/221/195 509/1106/515 997/222/196
f 494/217/191 501/1176/915 495/218/192
f 107/1177/888 1299/238/209 103/378/334
f 503/227/200 516/733/608 517/228/201
f 352/509/438 377/496/431 354/1178/293
f 366/525/452 358/522/449 335/521/448
f 776/1179/916 778/1138/893 779/1137/892
f 973/316/274 430/315/273 422/1180/447
f 1008/440/387 239/1181/396 236/1182/798
f 366/525/452 423/529/455 968/1183/480
f 379/510/439 353/503/433 631/507/436
f 473/1184/917 470/969/793 469/1185/676
f 209/266/236 751/1186/258 193/264/235
f 216/1187/918 229/1015/166 220/1188/457
f 659/1189/919 661/1190/919 1048/1191/919
f 1239/1192/920 784/1159/909 783/1193/921
f 870/249/220 869/1034/791 866/1194/836
f 1290/1195/922 152/201/177 150/1196/923
f 603/1039/538 511/1197/537 514/1198/924
f 864/699/581 863/698/580 865/965/790
f 370/306/264 346/514/443 351/307/265
f 470/969/793 410/968/363 469/1185/676
f 574/752/625 571/319/277 570/638/531
f 878/739/614 989/1087/867 1001/737/612
f 1022/317/275 429/328/286 430/315/273
f 530/1199/925 531/1200/926 535/1201/927
f 414/322/280 459/600/497 472/323/281
f 372/508/437 379/510/439 356/512/441
f 831/324/282 835/1202/928 983/325/283
f 985/587/490 332/589/491 986/1203/873
f 332/589/491 363/1204/929 986/1203/873
f 569/643/535 637/1205/930 505/318/276
f 464/259/230 1000/433/195 447/260/231
f 815/1134/889 812/1206/931 811/1207/932
f 241/438/385 243/425/374 242/931/765
f 281/336/294 284/479/417 311/337/295
f 373/511/440 372/508/437 356/512/441
f 289/711/591 291/349/307 286/463/405
f 291/349/307 288/926/762 286/463/405
f 288/926/762 285/482/420 286/463/405
f 294/348/306 290/568/477 291/349/307
f 363/1208/929 334/1209/933 629/1210/754
f 1061/1211/934 892/795/664 963/1035/840
f 533/1212/935 534/1213/936 530/1199/925
f 546/357/315 556/1214/937 555/358/316
f 959/372/328 1251/1215/938 953/331/289
f 331/528/454 333/517/446 330/527/321
f 476/1216/939 445/1217/940 986/1099/873
f 445/1217/940 985/587/490 986/1099/873
f 1039/1218/504 1038/1219/503 982/1220/941
f 173/1221/806 154/193/171 1289/1222/796
f 342/1223/942 397/727/602 335/521/448
f 800/379/335 824/987/804 827/380/336
f 248/947/776 1207/1224/943 1217/1225/944
f 404/563/472 909/658/545 907/1226/801
f 895/1227/945 893/382/338 894/1228/946
f 735/869/717 727/889/729 750/867/725
f 289/711/591 290/568/477 292/351/309
f 1029/1229/886 1028/1230/751 980/1231/654
f 456/1232/947 429/328/286 455/327/285
f 1207/1224/943 247/1233/948 1217/1225/944
f 566/414/365 563/1234/949 560/184/162
f 576/567/476 573/751/624 577/753/626
f 237/427/376 239/1181/396 243/425/374
f 418/428/377 406/1235/950 403/429/378
f 460/1169/912 990/255/226 991/1236/951
f 705/434/381 1320/1237/713 1319/435/382
f 139/1238/952 190/1239/232 1302/1240/223
f 626/446/391 614/1241/953 619/447/392
f 142/1242/954 147/197/175 1290/1243/922
f 783/1193/921 779/1244/892 780/1245/891
f 174/865/723 178/864/722 1299/1246/209
f 1019/1092/870 956/453/397 239/452/396
f 239/452/396 237/1093/376 1019/1092/870
f 437/1247/874 987/460/402 999/462/404
f 138/710/156 787/1248/688 798/708/590
f 261/465/407 258/277/245 252/466/408
f 252/471/408 251/303/246 268/1249/663
f 504/469/411 446/432/380 507/476/415
f 804/381/337 827/380/336 805/1250/955
f 511/646/537 600/649/539 512/621/518
f 290/568/477 287/464/406 291/349/307
f 157/203/178 160/207/182 1292/209/184
f 933/1251/956 928/1252/957 926/1253/958
f 609/952/780 608/650/516 610/1254/959
f 608/650/516 607/1064/852 610/1254/959
f 833/1255/960 844/1256/961 832/884/737
f 832/884/737 830/1257/962 833/1255/960
f 388/548/291 375/545/462 369/533/458
f 388/548/291 382/547/464 380/549/465
f 505/477/276 510/744/619 502/1258/522
f 420/1259/479 1021/1260/963 453/1261/964
f 521/1262/965 524/1263/202 517/1264/201
f 418/428/377 401/1265/653 406/1266/950
f 597/247/218 595/1029/835 598/245/216
f 862/374/330 1287/1267/966 1022/1043/275
f 1287/1267/966 1282/1268/797 969/1044/770
f 1022/1043/275 1287/1267/966 969/1044/770
f 491/1269/967 493/700/582 494/217/191
f 489/611/508 490/683/565 485/612/509
f 486/601/498 484/728/603 485/612/509
f 977/1126/853 1028/914/751 230/445/390
f 788/821/687 791/223/197 792/1270/968
f 548/186/164 538/1271/969 559/415/366
f 689/846/706 687/778/649 692/755/628
f 570/638/531 505/318/276 572/320/278
f 143/202/173 151/971/394 154/1272/171
f 511/1273/537 512/621/518 513/1274/773
f 513/1274/773 514/1275/924 511/1273/537
f 307/676/558 302/713/592 304/677/559
f 359/597/453 330/363/321 984/365/284
f 474/680/562 442/1276/970 979/370/326
f 979/370/326 975/678/560 474/680/562
f 1299/238/209 181/1277/887 106/681/563
f 853/1278/817 850/1082/816 425/1081/598
f 301/489/426 300/368/296 302/713/592
f 1060/1279/971 151/450/394 753/1280/972
f 588/151/132 589/641/530 586/394/347
f 979/370/326 434/369/325 231/652/352
f 979/370/326 231/652/352 333/1281/446
f 975/678/560 979/370/326 333/1281/446
f 229/188/166 220/1282/457 430/315/273
f 455/327/285 413/1283/652 409/1284/857
f 555/1285/316 556/1286/937 552/1287/973
f 553/1288/685 567/1289/656 551/1290/792
f 493/700/582 499/1291/974 500/701/583
f 326/458/401 243/425/374 239/1181/396
f 568/636/529 505/318/276 637/1205/930
f 302/713/592 300/368/296 304/677/559
f 798/708/590 799/1292/975 790/709/199
f 286/463/405 287/464/406 290/568/477
f 293/350/308 291/349/307 289/711/591
f 293/350/308 292/351/309 328/353/311
f 308/484/422 309/487/425 303/485/423
f 309/487/425 307/676/558 303/485/423
f 305/712/428 301/489/426 302/713/592
f 301/489/426 305/712/428 303/485/423
f 303/485/423 304/677/559 301/489/426
f 304/677/559 299/610/507 301/489/426
f 1595/263/234 751/296/258 209/1293/236
f 1011/573/481 1012/1294/859 634/970/794
f 403/429/378 406/1235/950 400/1295/469
f 1051/1296/976 696/850/710 683/849/709
f 388/548/291 394/546/463 375/545/462
f 395/550/466 393/542/460 388/548/291
f 340/719/596 367/1297/977 426/720/597
f 398/558/450 397/1298/602 402/1299/471
f 469/810/676 419/564/473 411/722/599
f 580/635/528 578/765/638 581/1300/978
f 414/322/280 415/1301/364 484/728/603
f 450/729/604 1004/1302/979 466/730/605
f 988/585/489 425/721/598 448/617/514
f 645/734/609 644/1303/980 640/735/610
f 498/743/618 499/1291/974 493/700/582
f 510/744/619 505/477/276 507/476/415
f 909/1304/545 412/1305/544 911/1156/906
f 979/1306/326 977/1065/853 978/1307/327
f 836/1308/169 844/1256/961 1060/1309/971
f 347/703/585 356/512/441 379/510/439
f 631/507/436 347/703/585 379/510/439
f 549/634/527 548/186/164 636/185/163
f 579/749/623 577/753/626 575/566/475
f 593/842/703 598/245/216 595/1029/835
f 597/247/218 596/246/217 595/1029/835
f 747/240/211 734/388/342 730/390/343
f 594/1171/913 591/1028/834 595/1029/835
f 269/467/409 252/471/408 268/1249/663
f 576/567/476 577/753/626 579/749/623
f 774/741/616 773/1310/981 775/1311/982
f 832/884/737 837/829/692 840/830/693
f 1017/1312/788 898/1048/845 1061/1211/934
f 204/1313/251 208/644/252 201/554/467
f 698/776/569 697/839/701 691/777/648
f 687/778/649 688/1314/983 698/776/569
f 581/1300/978 578/765/638 579/749/623
f 875/250/221 870/249/220 866/1194/836
f 337/524/451 336/748/622 331/528/454
f 1042/785/655 1043/608/505 318/232/205
f 842/1315/813 844/1256/961 833/1255/960
f 847/1316/984 842/1315/813 833/1255/960
f 894/1228/946 893/382/338 900/796/665
f 1025/679/561 424/189/167 456/1232/947
f 417/809/675 416/811/677 413/1317/652
f 892/795/664 896/1318/985 900/796/665
f 656/797/666 649/1319/986 648/798/667
f 874/248/219 869/1034/791 870/249/220
f 1065/1105/875 509/1106/515 999/1320/404
f 474/680/562 991/1236/951 442/1276/970
f 453/1261/964 1021/1260/963 470/969/793
f 841/1321/987 724/878/698 1047/1322/860
f 315/1125/884 313/1323/988 312/1324/989
f 417/1325/675 413/1283/652 455/327/285
f 336/748/622 338/1326/990 345/1327/991
f 1023/1173/914 1024/1080/864 417/1325/675
f 731/389/254 203/1328/253 730/390/343
f 636/185/163 565/1329/992 558/633/526
f 553/819/685 550/1330/993 542/820/686
f 854/1007/818 2540/1331/994 2582/1332/995
f 782/1333/824 721/1334/861 1332/1335/825
f 279/823/689 277/1336/418 278/824/690
f 795/1337/996 1340/1338/997 796/1339/998
f 1101/1340/999 1099/1341/999 1098/1342/1000
f 775/1311/982 773/1310/981 772/742/617
f 558/1055/526 537/1054/849 549/1343/527
f 985/1344/490 1058/1345/805 436/456/399
f 589/641/530 585/642/534 582/754/627
f 888/1346/1001 447/1102/231 1000/221/195
f 365/725/543 397/727/602 342/1223/942
f 528/840/314 590/152/133 592/841/702
f 705/851/381 1053/1347/383 1326/852/711
f 653/831/694 701/693/575 1052/692/574
f 572/320/278 573/751/624 576/567/476
f 736/855/714 738/870/726 737/856/715
f 719/863/721 720/1348/1002 2085/861/719
f 841/1321/987 840/1349/693 724/878/698
f 194/556/240 205/1163/238 201/554/467
f 1055/1350/1003 1056/888/739 1333/887/736
f 872/879/733 871/766/639 868/768/579
f 772/742/617 773/1310/981 771/895/742
f 487/599/496 480/603/500 467/602/499
f 311/337/295 288/926/762 287/464/406
f 220/532/457 229/909/166 339/530/456
f 1028/914/751 980/783/654 238/442/389
f 832/884/737 836/1308/169 838/885/738
f 843/1351/814 847/1352/984 826/1353/1004
f 874/248/219 873/1033/839 869/1034/791
f 818/927/763 817/1354/1005 763/928/241
f 819/997/812 818/927/763 195/1046/468
f 391/938/771 389/334/292 393/939/460
f 389/334/292 388/333/291 393/939/460
f 538/1271/969 557/1146/898 537/1054/849
f 905/1355/660 899/1049/662 1009/1051/847
f 669/922/758 667/1356/1006 668/1357/1007
f 497/690/572 498/743/618 490/683/565
f 831/324/282 984/326/284 435/454/322
f 594/1171/913 595/1029/835 596/246/217
f 233/1358/1008 219/1013/823 218/400/353
f 380/549/465 630/347/305 379/541/439
f 605/951/779 638/1162/789 609/952/780
f 1014/954/782 934/923/759 931/925/761
f 401/1265/653 418/428/377 413/1317/652
f 400/559/469 406/1359/950 396/1360/1009
f 925/957/784 926/1253/958 920/958/785
f 633/212/187 993/211/186 1016/960/787
f 862/1361/330 858/1362/1010 1287/1363/966
f 540/801/670 552/1364/973 551/967/792
f 773/1310/981 770/1365/1011 771/895/742
f 306/483/421 307/676/558 309/487/425
f 781/1366/588 785/1367/587 857/1368/1012
f 273/1369/430 277/1336/418 279/823/689
f 784/1159/909 1239/1192/920 859/1370/1013
f 1282/975/797 976/1371/621 236/976/798
f 879/978/800 880/1372/1014 881/723/600
f 330/363/321 332/589/491 436/588/399
f 875/250/221 866/1194/836 867/767/640
f 920/958/785 929/1373/1015 924/1374/1016
f 606/953/781 604/1063/851 605/951/779
f 341/1375/1017 361/1376/1018 360/1377/1019
f 748/1119/880 840/830/693 841/1378/987
f 1566/770/642 145/1379/822 1567/1380/553
f 969/937/770 975/1381/560 1025/935/561
f 173/989/806 181/1277/887 108/990/134
f 794/707/589 798/708/590 785/705/587
f 295/609/506 298/367/324 297/366/323
f 854/1007/818 855/1009/820 849/1382/1020
f 995/1383/872 1000/433/195 461/614/511
f 339/530/456 422/1384/447 430/531/273
f 515/1011/519 627/945/775 623/1385/517
f 1027/1103/865 987/460/402 998/461/403
f 399/1386/1021 396/1360/1009 406/1266/950
f 462/1022/829 463/1153/904 482/613/510
f 283/481/419 277/480/418 284/479/417
f 461/614/511 633/593/187 995/1383/872
f 993/211/186 994/213/188 475/1387/494
f 994/213/188 992/1096/493 475/1387/494
f 386/504/434 349/702/584 347/703/585
f 775/1311/982 772/742/617 774/741/616
f 892/795/664 889/384/340 963/1035/840
f 873/1033/839 872/879/733 864/880/581
f 889/384/340 880/1372/1014 879/978/800
f 393/939/460 384/243/214 631/956/436
f 1015/1041/844 923/1089/869 918/1042/809
f 243/425/374 326/458/401 1208/946/682
f 1031/1388/1022 1034/1175/379 996/220/194
f 941/344/302 876/343/301 881/723/600
f 942/1389/868 877/1390/1023 940/342/300
f 979/1306/326 442/1391/970 974/1392/1024
f 1025/935/561 975/1381/560 974/1392/1024
f 194/1047/240 196/1393/228 819/997/812
f 494/217/191 500/701/583 501/1176/915
f 787/822/688 788/821/687 1336/1394/1025
f 898/1048/845 1016/1395/787 899/793/662
f 843/1351/814 829/1396/815 842/1315/813
f 844/1256/961 842/1315/813 829/1396/815
f 415/1301/364 471/615/512 462/1022/829
f 1114/1397/1026 1387/1398/1027 1112/1399/1028
f 266/1400/1029 327/1401/1030 256/279/247
f 559/415/366 538/1271/969 537/1054/849
f 184/1402/1031 185/274/242 208/1403/252
f 846/1059/577 1059/1404/576 749/890/731
f 722/834/697 840/836/693 846/1059/577
f 507/476/415 1034/431/379 508/745/620
f 950/1405/1032 949/1406/1033 1249/1407/1034
f 552/1287/973 544/1408/669 555/1285/316
f 977/1065/853 1029/1229/886 1037/1066/854
f 592/841/702 588/151/132 586/394/347
f 502/1258/522 503/470/200 504/469/411
f 504/469/411 505/477/276 502/1258/522
f 438/1135/890 448/617/514 425/721/598
f 266/1400/1029 270/1409/523 272/1410/1035
f 838/1172/738 142/1411/954 837/1412/692
f 274/1413/1036 277/1336/418 273/1369/430
f 1009/1051/847 453/1414/964 473/1415/917
f 1024/1080/864 431/1174/331 421/804/332
f 421/804/332 970/803/671 1020/1079/863
f 793/1416/1037 792/1270/968 791/223/197
f 839/696/578 846/695/577 840/830/693
f 1291/1417/1038 158/204/179 157/203/178
f 546/357/315 550/1330/993 556/1214/937
f 1037/1108/854 1038/606/503 1043/608/505
f 1025/935/561 974/1392/1024 1015/1041/844
f 1008/440/387 326/458/401 239/1181/396
f 889/384/340 891/383/339 964/1418/1039
f 920/958/785 915/1070/858 409/1069/857
f 822/995/811 820/1419/1040 819/997/812
f 575/566/475 577/753/626 572/320/278
f 577/753/626 574/752/625 572/320/278
f 103/1420/334 104/1131/333 107/1133/888
f 904/984/802 909/1304/545 911/1156/906
f 343/516/445 355/1421/1041 351/307/265
f 472/323/281 460/1169/912 991/1236/951
f 560/184/162 563/1234/949 636/185/163
f 563/1234/949 564/1422/1042 636/185/163
f 446/432/380 509/618/515 1000/433/195
f 1000/433/195 995/1383/872 1034/431/379
f 967/1141/827 422/520/447 358/522/449
f 805/1423/955 988/1083/489 850/1082/816
f 399/1386/1021 342/1424/942 338/1425/990
f 622/812/678 614/1241/953 616/944/774
f 614/1241/953 611/1027/833 616/944/774
f 834/1426/879 781/1366/588 857/1368/1012
f 571/319/277 574/752/625 573/751/624
f 1005/396/349 980/1231/654 1028/1230/751
f 581/1300/978 579/749/623 580/635/528
f 1175/1427/1043 1171/919/756 1170/1428/1044
f 342/1424/942 399/1386/1021 365/725/543
f 487/599/496 467/602/499 459/600/497
f 374/539/459 395/550/466 380/549/465
f 831/324/282 435/454/322 436/456/399
f 773/1310/981 774/741/616 770/1365/1011
f 631/507/436 387/505/213 347/703/585
f 561/774/646 558/1055/526 565/1429/992
f 911/1156/906 412/1305/544 913/1068/856
f 442/1276/970 990/255/226 1026/254/225
f 1188/403/356 221/401/354 218/400/353
f 1075/1430/1045 1074/913/1045 1076/1431/1045
f 1066/1432/1046 1071/1433/1047 1068/1434/1048
f 1077/1435/1049 1079/1436/1049 1078/1437/1049
f 903/985/803 900/796/665 896/1318/985
f 512/1438/518 611/1027/833 615/1439/542
f 1082/1440/1050 1084/1441/1051 1089/1442/1052
f 1090/1443/1053 1082/1440/1050 1089/1442/1052
f 1086/1444/749 1089/1442/1052 1081/1445/1054
f 1084/1441/1051 1083/911/748 1085/913/750
f 1088/1446/1055 1087/1447/1056 1086/1444/749
f 1091/1448/1057 1087/1447/1056 1088/1446/1055
f 1086/1444/749 1081/1445/1054 1088/1446/1055
f 1090/1443/1053 1089/1442/1052 1086/1444/749
f 1083/911/748 1082/1440/1050 1090/1443/1053
f 1082/1440/1050 1083/911/748 1084/1441/1051
f 1093/1449/1058 1098/1450/1000 1092/1451/1059
f 1092/1451/1059 1096/1452/1060 1093/1449/1058
f 982/1220/941 980/1231/654 981/395/348
f 338/1425/990 396/1360/1009 399/1386/1021
f 151/450/394 820/1419/1040 822/995/811
f 837/1453/692 152/201/177 838/1167/738
f 1595/263/234 198/1454/1061 190/261/232
f 445/1455/940 1034/1175/379 1031/1388/1022
f 883/1456/1062 881/723/600 880/1372/1014
f 412/657/544 416/811/677 909/658/545
f 553/819/685 538/1271/969 548/186/164
f 443/590/492 436/588/399 444/592/398
f 1054/1457/1063 715/1458/1064 710/1459/1065
f 696/850/710 686/1460/707 684/848/708
f 177/1461/841 175/670/554 1567/669/553
f 590/152/133 591/1028/834 586/394/347
f 221/401/354 231/1462/352 222/398/351
f 142/1242/954 150/1463/923 837/1464/692
f 1140/1465/1066 1104/1466/1067 1109/1467/1068
f 1104/1466/1067 1102/1468/1069 1103/1469/1070
f 1102/1468/1069 1346/1470/1071 1103/1469/1070
f 469/810/676 411/722/599 907/1226/801
f 519/1471/1072 520/1472/1073 522/309/267
f 1013/1114/877 910/1116/878 457/1045/287
f 1116/1473/1074 1372/1474/1074 1115/1475/1074
f 1140/1465/1066 1137/1476/483 2392/1477/871
f 1110/1478/1075 1107/1479/1076 1106/1480/1077
f 1343/1481/1078 1103/1469/1070 1346/1470/1071
f 337/557/451 396/1360/1009 336/1482/622
f 839/696/578 836/1308/169 1060/1309/971
f 968/572/480 1012/1294/859 1011/573/481
f 1113/1483/1079 1141/1484/1080 1350/1485/1081
f 1142/1486/1082 1139/574/482 1136/576/484
f 1107/1479/1076 1110/1478/1075 1348/1487/1083
f 1348/1487/1083 1108/1488/1084 1107/1479/1076
f 1150/1489/1085 1153/1490/1085 1152/1491/1085
f 1104/1466/1067 1140/1465/1066 1102/1468/1069
f 1176/1492/1086 1149/1493/1087 1174/918/755
f 1163/1494/595 1160/1495/1088 1169/1496/593
f 1167/1497/1089 1169/1496/593 1160/1495/1088
f 1174/918/755 1177/920/757 2467/1498/1090
f 651/1499/1091 653/1500/694 650/1501/1092
f 922/1502/1093 409/1069/857 917/994/810
f 471/615/512 454/773/645 475/594/494
f 479/605/502 458/1154/905 465/604/501
f 971/1503/1094 1001/737/612 989/1087/867
f 767/1504/1095 768/1505/1096 759/1506/1096
f 1167/1497/1089 1159/1025/1097 1157/1507/1098
f 1179/1508/1099 1171/919/756 1172/932/766
f 1156/1509/1100 1154/1510/1100 1155/1511/1100
f 599/645/536 608/650/516 600/649/539
f 1168/1512/1101 1161/361/319 1146/715/594
f 1198/977/799 1062/426/375 1006/437/384
f 1183/1513/1102 1182/1514/1103 1184/1515/1104
f 1159/1025/1097 1158/1516/1105 1157/1507/1098
f 1059/1404/576 1060/1517/971 750/867/725
f 230/445/390 246/1518/1106 977/1126/853
f 1069/1519/1107 1073/1520/1108 1072/1521/1108
f 807/340/298 808/1522/1109 800/379/335
f 1106/1480/1077 2392/1477/871 1110/1478/1075
f 1306/758/631 641/760/633 841/1523/987
f 679/764/637 700/691/573 701/693/575
f 295/609/506 297/366/323 296/490/427
f 374/539/459 375/545/462 376/543/461
f 915/1070/858 920/958/785 924/1374/1016
f 978/1307/327 1036/1067/855 1042/1524/655
f 655/1525/1110 652/1526/1111 654/1527/1112
f 995/1383/872 444/592/398 445/1217/940
f 1026/1528/225 972/1529/1113 477/1530/1114
f 612/660/546 620/662/548 622/812/678
f 616/944/774 624/654/541 613/653/540
f 525/1531/1115 523/311/269 635/310/268
f 936/1032/838 930/1532/1116 932/1151/902
f 954/1533/1117 1019/1534/870 960/1535/1118
f 1032/1536/1119 1033/1537/1120 1035/1538/1121
f 426/720/597 438/1135/890 425/721/598
f 1216/1539/1122 248/947/776 1217/1225/944
f 905/1355/660 1024/1540/864 910/1116/878
f 725/877/732 1047/1541/860 724/878/698
f 885/1542/1123 1017/1312/788 1061/1211/934
f 1060/1309/971 1059/694/576 839/696/578
f 615/1439/542 614/1241/953 626/665/391
f 174/1543/723 1299/238/209 107/1177/888
f 791/223/197 790/1544/199 799/1545/975
f 1346/1470/1071 1102/1468/1069 1106/1480/1077
f 1112/1399/1028 1141/1484/1080 1111/1546/1124
f 914/992/808 913/1068/856 910/1547/878
f 397/1548/602 404/563/472 402/562/471
f 1019/1534/870 962/1549/876 960/1535/1118
f 476/1216/939 437/1247/874 999/462/404
f 876/343/301 877/1550/1023 879/978/800
f 787/1551/688 795/1337/996 798/708/590
f 1103/1469/1070 1343/1481/1078 1109/1467/1068
f 151/971/394 153/1552/1125 1519/972/795
f 921/959/786 922/1502/1093 927/955/783
f 713/1553/1126 711/1554/1127 715/1458/1064
f 194/1047/240 752/1555/741 196/1393/228
f 614/1241/953 620/662/548 619/447/392
f 909/658/545 469/810/676 907/1226/801
f 984/326/284 994/213/188 435/454/322
f 2392/1477/871 1102/1468/1069 1140/1465/1066
f 675/393/346 670/832/695 665/1556/1128
f 1162/360/318 1165/908/747 1164/907/746
f 264/475/310 254/1557/1129 253/474/414
f 423/598/455 454/773/645 1012/1294/859
f 527/1558/1130 529/1559/1131 528/628/314
f 639/736/611 640/735/610 646/1560/1132
f 798/708/590 794/707/589 799/1561/975
f 918/1562/809 1013/1114/877 1064/1563/769
f 1307/1564/1133 639/736/611 646/1560/1132
f 1302/1240/223 192/1565/239 196/269/228
f 228/1566/1134 1282/975/797 1198/977/799
f 1010/1050/846 1021/1567/963 1009/1051/847
f 273/493/430 318/1568/205 305/491/428
f 1104/1466/1067 1103/1469/1070 1109/1467/1068
f 222/519/351 221/501/354 343/516/445
f 230/445/390 364/1569/357 234/1570/272
f 255/1571/413 256/279/247 257/1572/1135
f 452/1573/488 1004/1574/979 1003/1575/486
f 550/1576/993 553/1288/685 551/1290/792
f 342/1223/942 422/1384/447 338/1326/990
f 2583/1577/1136 765/1578/1137 764/1579/821
f 344/1580/1138 339/530/456 432/910/165
f 544/800/669 552/1364/973 540/801/670
f 799/1581/975 781/1582/588 782/1016/824
f 105/1583/135 181/1277/887 180/236/208
f 1172/932/766 1181/1584/768 1179/1585/1099
f 418/428/377 414/1586/280 408/1166/279
f 221/401/354 232/1587/355 231/1462/352
f 968/572/480 423/598/455 1012/1294/859
f 585/642/534 584/639/532 583/640/533
f 1097/1588/1139 1095/1589/1139 1094/1590/1139
f 145/1591/822 142/1411/954 155/190/168
f 146/1592/641 147/197/175 142/1242/954
f 751/999/258 151/450/394 823/996/233
f 1023/1173/914 1024/1080/864 431/1174/331
f 850/1005/816 851/813/679 849/1382/1020
f 218/400/353 231/399/352 233/1358/1008
f 184/1402/1031 191/253/224 185/274/242
f 1034/431/379 995/1383/872 445/1217/940
f 993/211/186 475/1387/494 454/1593/645
f 886/1594/613 447/1102/231 888/1346/1001
f 203/288/253 729/285/250 731/289/254
f 601/1040/843 514/1198/924 602/1595/1140
f 932/1151/902 926/1253/958 925/957/784
f 860/1160/910 784/1159/909 859/1596/1013
f 909/658/545 416/811/677 469/810/676
f 954/1533/1117 959/372/328 955/373/329
f 678/762/635 676/392/345 677/1597/1141
f 576/567/476 578/765/638 580/635/528
f 828/673/555 847/1316/984 830/1257/962
f 321/1598/1142 323/492/429 305/491/428
f 812/1206/931 809/685/567 803/684/566
f 447/260/231 448/617/514 449/258/229
f 462/1022/829 471/615/512 461/614/511
f 877/1550/1023 886/1599/613 882/1600/1143
f 800/379/335 847/1352/984 828/1601/555
f 993/1602/186 899/1049/662 1016/1603/787
f 990/1604/226 477/1530/1114 451/1605/1144
f 828/1601/555 826/1353/1004 825/1606/557
f 437/1247/874 363/1204/929 629/917/754
f 505/318/276 568/636/529 571/319/277
f 356/512/441 347/703/585 348/313/271
f 107/1177/888 106/1607/563 181/1277/887
f 824/1608/804 986/1099/873 827/1101/336
f 354/1178/293 355/1421/1041 383/515/444
f 814/991/807 808/1522/1109 807/340/298
f 735/859/717 728/874/730 727/873/729
f 996/220/194 1035/1609/1121 1031/1388/1022
f 855/1610/820 805/1611/955 850/1005/816
f 1014/954/782 922/1502/1093 923/1612/869
f 325/1613/1145 322/1614/1146 321/1615/1142
f 1081/1445/1054 1084/1441/1051 1080/1616/1147
f 942/1389/868 878/1617/614 877/1390/1023
f 318/1568/205 324/1618/1148 325/1613/1145
f 1025/679/561 472/323/281 474/680/562
f 625/663/549 621/661/547 620/662/548
f 685/1619/1149 690/756/629 680/844/704
f 725/877/732 726/1620/1150 723/1621/1151
f 699/689/571 697/1622/701 698/687/569
f 545/359/317 557/1146/898 544/800/669
f 383/515/444 349/702/584 390/506/435
f 845/1155/556 1058/1623/805 825/675/557
f 555/358/316 537/1054/849 545/359/317
f 172/1038/842 170/772/644 171/1624/172
f 923/1612/869 917/994/810 918/993/809
f 1251/1215/938 958/949/777 953/331/289
f 185/274/242 195/1625/468 200/275/243
f 1021/1260/963 634/970/794 470/969/793
f 1041/1626/1152 978/1307/327 1042/1524/655
f 502/627/522 527/1558/1130 528/628/314
f 978/371/327 427/1627/1153 434/369/325
f 227/818/684 1191/817/683 223/421/370
f 560/184/162 548/186/164 559/415/366
f 829/1004/815 802/1628/1154 848/1629/1155
f 182/1630/1156 189/1631/900 187/1632/1157
f 236/1182/798 237/427/376 1062/426/375
f 599/645/536 605/1633/779 604/1634/851
f 1301/1158/908 182/1635/1156 187/1636/1157
f 831/1637/282 748/1119/880 834/1118/879
f 591/1028/834 594/1171/913 592/841/702
f 1068/1434/1048 1070/1638/1107 1069/1519/1107
f 779/1244/892 784/1159/909 796/1639/998
f 805/1250/955 806/341/299 804/381/337
f 882/1600/1143 888/1640/1001 885/1542/1123
f 1303/1641/1158 213/301/261 214/300/260
f 149/196/174 1290/1243/922 147/197/175
f 956/1642/397 949/1406/1033 950/1405/1032
f 419/564/473 469/810/676 410/412/363
f 1000/221/195 999/462/404 509/618/515
f 1026/254/225 979/1306/326 978/1307/327
f 634/970/794 454/773/645 471/615/512
f 1133/1643/1159 1380/1644/1159 1131/1645/1159
f 295/609/506 296/490/427 299/610/507
f 785/1367/587 856/1161/911 857/1368/1012
f 532/746/312 508/745/620 445/1217/940
f 462/1022/829 484/728/603 415/1301/364
f 996/220/194 504/1646/411 1032/1647/1119
f 431/1174/331 973/316/274 422/1384/447
f 180/236/208 181/1277/887 1299/238/209
f 473/1415/917 905/1355/660 1009/1051/847
f 1031/1388/1022 1033/1648/1120 1065/1105/875
f 230/445/390 2551/1649/1160 357/1650/1161
f 245/441/388 976/1371/621 432/1651/165
f 975/1381/560 976/1652/621 245/1095/388
f 442/1391/970 1015/1041/844 974/1392/1024
f 808/1522/1109 811/1207/932 812/1206/931
f 269/467/409 268/1249/663 261/465/407
f 344/1580/1138 233/1653/1008 333/1654/446
f 459/600/497 467/602/499 460/1169/912
f 439/1655/1162 467/602/499 465/604/501
f 244/902/745 982/1656/941 1029/1128/886
f 267/1657/520 266/1400/1029 256/279/247
f 700/1658/573 694/1060/705 686/1460/707
f 801/449/170 821/451/395 1060/1659/971
f 907/983/801 903/985/803 905/791/660
f 1014/1090/782 991/1660/951 990/1604/226
f 1008/1094/387 1007/397/350 1005/396/349
f 935/1661/1163 930/1532/1116 937/1031/837
f 539/1147/899 543/788/657 567/787/656
f 1006/1111/384 1019/1662/870 1062/1663/375
f 398/558/450 407/1664/474 400/559/469
f 301/489/426 299/610/507 296/490/427
f 709/1665/1164 708/1666/1165 1320/1237/713
f 340/1667/596 2565/1668/1166 2561/1669/1167
f 491/1269/967 485/612/509 490/683/565
f 607/1670/852 609/1671/780 610/1672/959
f 1056/1673/739 657/1674/734 658/1675/735
f 456/1232/947 455/327/285 409/1284/857
f 1336/1394/1025 797/1676/1168 787/822/688
f 436/588/399 445/1217/940 444/592/398
f 190/1239/232 139/1238/952 1588/267/237
f 320/1677/1169 321/1615/1142 329/1678/895
f 956/453/397 981/395/348 1007/397/350
f 469/1185/676 1024/1080/864 1020/1079/863
f 805/1423/955 437/1100/874 987/460/402
f 1136/576/484 1109/735/1068 1383/1560/1170
f 844/1256/961 848/1679/1155 1060/1309/971
f 554/1680/1171 547/1681/897 548/186/164
f 1124/1682/1172 1121/1683/1173 1117/1684/1174
f 486/601/498 491/1269/967 494/217/191
f 1171/919/756 1178/1685/1175 1177/920/757
f 1020/1079/863 967/1019/827 970/1021/671
f 194/272/240 191/253/224 196/257/228
f 229/188/166 430/315/273 424/189/167
f 430/315/273 429/328/286 424/189/167
f 424/189/167 975/678/560 432/187/165
f 975/678/560 333/1281/446 233/1686/1008
f 432/187/165 975/678/560 233/1686/1008
f 996/220/194 995/1098/872 1000/221/195
f 774/741/616 769/740/615 770/1365/1011
f 791/223/197 788/821/687 789/224/198
f 662/233/206 663/1687/1176 664/234/207
f 740/239/210 737/892/715 747/240/211
f 215/1688/1177 206/293/257 205/292/238
f 477/1689/1114 1026/254/225 441/256/227
f 404/563/472 907/1226/801 411/722/599
f 251/303/246 252/471/408 263/304/262
f 522/309/267 520/1472/1073 635/310/268
f 348/313/271 350/497/432 234/314/272
f 273/1369/430 279/823/689 275/1690/1178
f 1023/1173/914 417/1325/675 457/329/287
f 417/1325/675 455/327/285 457/329/287
f 948/330/288 955/373/329 953/331/289
f 380/549/465 382/547/464 630/347/305
f 382/547/464 378/345/303 630/347/305
f 528/356/314 529/1691/1131 534/1213/936
f 529/1691/1131 531/1200/926 534/1213/936
f 534/1213/936 532/354/312 528/356/314
f 541/789/658 551/967/792 567/787/656
f 567/787/656 547/1145/897 539/1147/899
f 1162/360/318 1158/1516/1105 1161/361/319
f 1107/1479/1076 1108/1488/1084 1106/1480/1077
f 966/1020/828 861/1692/1179 970/1021/671
f 970/1021/671 861/1692/1179 421/376/332
f 862/374/330 1022/1043/275 973/1693/274
f 862/374/330 973/1693/274 431/375/331
f 949/1406/1033 954/1533/1117 948/330/288
f 954/1533/1117 955/373/329 948/330/288
f 949/1406/1033 948/330/288 1248/1076/862
f 893/382/338 890/1694/1180 891/383/339
f 734/388/342 752/894/741 731/389/254
f 672/391/344 677/1597/1141 676/392/345
f 535/1201/927 527/1695/1130 530/1199/925
f 527/1695/1130 526/1696/1181 533/1212/935
f 530/1199/925 527/1695/1130 533/1212/935
f 981/395/348 980/1231/654 1005/396/349
f 271/1697/1182 272/1410/1035 270/1409/523
f 282/488/416 296/490/427 297/366/323
f 1034/431/379 507/476/415 446/432/380
f 435/454/322 994/213/188 444/455/398
f 503/470/200 502/1258/522 506/468/410
f 502/1258/522 510/744/619 506/468/410
f 327/1401/1030 266/1400/1029 272/1410/1035
f 1216/1539/1122 1217/1225/944 1215/1698/1183
f 267/625/520 251/303/246 250/305/263
f 671/631/524 672/391/344 675/393/346
f 589/637/530 584/1699/532 569/643/535
f 365/725/543 399/1386/1021 401/1265/653
f 434/369/325 364/578/357 232/651/355
f 863/698/580 866/1030/836 865/965/790
f 214/300/260 211/299/255 212/298/259
f 492/219/193 495/218/192 496/682/564
f 816/686/568 818/927/763 803/684/566
f 818/927/763 819/997/812 802/1628/1154
f 819/997/812 820/1419/1040 802/1628/1154
f 820/1419/1040 801/449/170 802/1628/1154
f 802/1628/1154 803/684/566 818/927/763
f 700/691/573 696/921/710 1052/692/574
f 1169/714/593 1168/1512/1101 1146/715/594
f 514/1275/924 513/1274/773 602/1700/1140
f 1043/608/505 1040/1701/1184 318/232/205
f 518/732/607 525/1702/1115 517/228/201
f 1001/737/612 449/1086/229 886/738/613
f 1008/440/387 236/1182/798 976/747/621
f 345/1327/991 344/1580/1138 336/748/622
f 344/1580/1138 333/517/446 336/748/622
f 692/755/628 687/778/649 690/756/629
f 757/1703/1185 756/1704/1186 755/1705/1185
f 701/693/575 653/831/694 679/764/637
f 653/831/694 678/762/635 679/764/637
f 183/1706/1187 1302/1240/223 189/1631/900
f 394/552/463 386/553/434 384/544/214
f 170/772/644 145/1591/822 155/190/168
f 983/595/283 475/594/494 454/773/645
f 559/415/366 558/1055/526 561/774/646
f 1175/1427/1043 1176/1492/1086 1182/1514/1103
f 1176/1492/1086 1174/918/755 1182/1514/1103
f 1174/918/755 2467/1498/1090 1182/1514/1103
f 945/1707/1188 1250/1708/1189 944/779/650
f 953/331/289 957/950/778 947/332/290
f 957/950/778 951/1709/1190 947/332/290
f 947/332/290 951/1709/1190 952/780/651
f 952/780/651 945/1707/1188 944/779/650
f 413/781/652 412/657/544 365/656/543
f 981/459/348 326/458/401 238/442/389
f 801/192/170 143/195/173 170/772/644
f 143/195/173 171/1624/172 170/772/644
f 1064/1563/769 1013/1114/877 969/1044/770
f 482/613/510 480/603/500 488/790/659
f 258/277/245 261/465/407 268/794/663
f 718/862/720 657/881/734 723/1621/1151
f 422/802/447 967/1710/827 970/803/671
f 243/425/374 1208/816/682 227/818/684
f 503/1711/200 519/1471/1072 516/827/608
f 519/1471/1072 522/309/267 516/827/608
f 522/309/267 523/311/269 518/826/607
f 837/829/692 838/885/738 839/696/578
f 397/727/602 398/523/450 335/521/448
f 981/459/348 982/1656/941 249/457/400
f 982/1656/941 244/902/745 249/457/400
f 419/903/473 405/430/362 407/904/474
f 1169/906/593 1167/1497/1089 1164/907/746
f 1083/911/748 1090/1712/1053 1086/912/749
f 742/915/752 716/901/744 741/241/212
f 987/584/402 437/1247/874 629/917/754
f 1174/918/755 1170/1428/1044 1171/919/756
f 696/921/710 1051/1713/976 669/922/758
f 1187/424/373 217/1714/369 219/1013/823
f 217/1714/369 218/400/353 219/1013/823
f 219/1013/823 216/1187/918 1187/424/373
f 934/923/759 1063/1715/881 938/924/760
f 243/425/374 227/1716/684 226/930/764
f 1172/932/766 1175/1427/1043 1180/933/767
f 557/1146/898 554/1717/1171 544/800/669
f 1025/935/561 1015/1041/844 1064/936/769
f 1173/1718/1191 1178/1719/1175 2463/1720/1192
f 2551/1721/1160 434/369/325 357/1722/1161
f 513/943/773 624/654/541 616/944/774
f 223/421/370 217/1714/369 1187/424/373
f 638/964/789 601/1040/843 515/962/519
f 601/1040/843 602/1595/1140 515/962/519
f 471/615/512 415/1301/364 634/970/794
f 415/1301/364 410/968/363 634/970/794
f 693/757/630 685/1619/1149 684/974/708
f 731/980/254 205/1163/238 207/981/256
f 138/226/156 789/224/198 787/822/688
f 967/1019/827 420/1077/479 966/1020/828
f 1144/1723/1193 1143/1724/1194 1145/1025/832
f 1143/1724/1194 1146/1026/594 1145/1025/832
f 1146/1026/594 1148/1725/1195 1147/1024/831
f 611/1027/833 623/1385/517 627/945/775
f 591/1028/834 590/152/133 528/840/314
f 940/342/300 941/344/302 937/1031/837
f 177/1036/841 1567/1726/553 145/1037/822
f 638/964/789 605/1727/779 603/1039/538
f 541/789/658 543/788/657 542/820/686
f 546/357/315 545/359/317 540/801/670
f 540/801/670 541/789/658 546/357/315
f 506/468/410 510/744/619 532/746/312
f 947/332/290 944/779/650 1248/1076/862
f 1139/574/482 1138/758/1196 2392/1097/871
f 731/389/254 752/894/741 729/896/250
f 752/894/741 195/1110/468 729/896/250
f 195/1110/468 733/900/743 204/897/251
f 934/1120/759 1004/1574/979 450/1121/604
f 818/927/763 816/686/568 809/685/567
f 438/1135/890 439/1655/1162 440/616/513
f 305/491/428 318/1568/205 319/1139/894
f 698/776/569 688/1314/983 689/1062/706
f 425/721/598 988/585/489 629/917/754
f 1113/1483/1079 1111/1546/1124 1141/1484/1080
f 276/1143/896 275/1690/1178 279/823/689
f 547/1145/897 554/1728/1171 557/1146/898
f 195/555/468 201/554/467 208/644/252
f 1111/1729/1124 1348/1487/1083 1110/1478/1075
f 1112/1730/1028 1111/1729/1124 1110/1478/1075
f 1114/1731/1026 1112/1730/1028 1110/1478/1075
f 615/655/542 624/654/541 513/943/773
f 189/1149/900 1302/252/223 186/251/222
f 931/925/761 938/924/760 932/1151/902
f 938/924/760 942/1389/868 940/342/300
f 936/1032/838 938/924/760 940/342/300
f 481/1152/903 482/613/510 463/1153/904
f 906/1732/1197 902/1733/1198 900/796/665
f 902/1733/1198 901/1734/1199 900/796/665
f 901/1734/1199 894/1228/946 900/796/665
f 900/796/665 904/984/802 906/1732/1197
f 908/1157/907 906/1732/1197 904/984/802
f 916/1735/1200 912/1736/1201 915/1070/858
f 912/1736/1201 908/1157/907 911/1156/906
f 911/1156/906 915/1070/858 912/1736/1201
f 1301/1158/908 187/1636/1157 189/1149/900
f 278/1737/690 277/1336/418 274/1413/1036
f 731/980/254 729/1164/250 205/1163/238
f 729/1164/250 204/1313/251 201/554/467
f 409/1165/857 413/1317/652 418/428/377
f 1022/317/275 457/329/287 973/316/274
f 457/329/287 1023/1173/914 973/316/274
f 383/515/444 353/503/433 354/1178/293
f 353/503/433 352/509/438 354/1178/293
f 377/496/431 351/307/265 354/1178/293
f 777/1738/1202 776/1179/916 779/1137/892
f 379/510/439 352/509/438 353/503/433
f 473/1184/917 453/1261/964 470/969/793
f 216/1187/918 219/1013/823 229/1015/166
f 659/1189/919 660/1739/919 661/1190/919
f 530/1199/925 534/1213/936 531/1200/926
f 464/259/230 461/614/511 1000/433/195
f 815/1134/889 809/685/567 812/1206/931
f 1061/1211/934 898/1048/845 892/795/664
f 533/1212/935 532/354/312 534/1213/936
f 1037/1066/854 1029/1229/886 1038/1219/503
f 1029/1229/886 982/1220/941 1038/1219/503
f 173/1221/806 171/194/172 154/193/171
f 404/563/472 365/656/543 909/658/545
f 895/1227/945 890/1694/1180 893/382/338
f 708/1740/1165 1315/1741/1203 1313/853/712
f 1326/852/711 706/1742/1204 704/1743/1205
f 1313/853/712 1326/852/711 702/1744/1206
f 1326/852/711 704/1743/1205 702/1744/1206
f 1313/853/712 702/1744/1206 707/1745/1207
f 1313/853/712 707/1745/1207 708/1740/1165
f 1029/1229/886 977/1065/853 1028/1230/751
f 456/1232/947 424/189/167 429/328/286
f 332/805/491 334/1209/933 363/1208/929
f 460/1169/912 441/256/227 990/255/226
f 511/646/537 599/645/536 600/649/539
f 157/203/178 156/205/180 160/207/182
f 928/1252/957 929/1373/1015 926/1253/958
f 929/1373/1015 920/958/785 926/1253/958
f 926/1253/958 930/1532/1116 933/1251/956
f 930/1532/1116 935/1661/1163 933/1251/956
f 473/1184/917 967/1746/827 453/1261/964
f 967/1746/827 420/1259/479 453/1261/964
f 420/1259/479 433/570/478 1021/1260/963
f 433/570/478 1011/573/481 1021/1260/963
f 517/1264/201 525/1531/1115 520/1472/1073
f 525/1531/1115 635/310/268 520/1472/1073
f 520/1472/1073 521/1262/965 517/1264/201
f 689/846/706 688/1747/983 687/778/649
f 143/202/173 152/201/177 151/971/394
f 795/1337/996 796/1339/998 798/708/590
f 796/1339/998 785/705/587 798/708/590
f 1060/1279/971 821/451/395 151/450/394
f 979/1306/326 1028/1230/751 977/1065/853
f 730/390/343 743/916/753 747/240/211
f 743/916/753 741/241/212 747/240/211
f 867/767/640 863/698/580 868/768/579
f 840/830/693 748/1119/880 830/1257/962
f 830/1257/962 832/884/737 840/830/693
f 1017/1312/788 1016/1395/787 898/1048/845
f 513/1274/773 515/623/519 602/1700/1140
f 474/680/562 472/323/281 991/1236/951
f 721/1334/861 782/1333/824 1047/1322/860
f 782/1333/824 748/1748/880 1047/1322/860
f 748/1748/880 841/1321/987 1047/1322/860
f 315/1125/884 314/1124/883 313/1323/988
f 636/185/163 564/1422/1042 565/1329/992
f 1101/1340/999 1100/1749/999 1099/1341/999
f 985/1344/490 824/1608/804 1058/1345/805
f 995/1098/872 1017/961/788 1000/221/195
f 1017/961/788 888/1346/1001 1000/221/195
f 832/884/737 844/1256/961 836/1308/169
f 843/1351/814 842/1315/813 847/1352/984
f 538/1271/969 539/1147/899 557/1146/898
f 668/1357/1007 653/831/694 669/922/758
f 653/831/694 1052/692/574 669/922/758
f 504/1107/411 1065/1105/875 1033/1537/1120
f 338/1326/990 422/1384/447 339/530/456
f 339/530/456 344/1580/1138 338/1326/990
f 344/1580/1138 345/1327/991 338/1326/990
f 233/1358/1008 432/1014/165 219/1013/823
f 606/953/781 607/1064/852 604/1063/851
f 1027/1103/865 988/1750/489 987/460/402
f 406/1266/950 401/1265/653 399/1386/1021
f 892/795/664 893/382/338 889/384/340
f 172/1751/842 179/1752/189 1299/1246/209
f 1299/1246/209 1300/1753/1208 172/1751/842
f 1320/1237/713 702/1754/1206 1319/435/382
f 702/1754/1206 704/1755/1205 1319/435/382
f 1329/1756/1209 703/1757/1210 1319/435/382
f 1319/435/382 704/1755/1205 1329/1756/1209
f 266/1400/1029 267/1657/520 270/1409/523
f 838/1172/738 155/190/168 142/1411/954
f 157/203/178 164/1758/1211 1291/1417/1038
f 546/357/315 542/820/686 550/1330/993
f 1008/440/387 238/442/389 326/458/401
f 904/984/802 907/983/801 909/1304/545
f 332/805/491 330/527/321 346/514/443
f 330/527/321 343/516/445 351/307/265
f 343/516/445 350/497/432 349/702/584
f 343/516/445 349/702/584 355/1421/1041
f 351/307/265 346/514/443 330/527/321
f 805/1423/955 987/460/402 988/1083/489
f 834/1426/879 782/1016/824 781/1366/588
f 1175/1427/1043 1172/932/766 1171/919/756
f 756/1704/1186 760/1759/1212 762/1760/1212
f 374/539/459 376/543/461 395/550/466
f 442/1276/970 991/1236/951 990/255/226
f 1066/1432/1046 1067/1761/1213 1071/1433/1047
f 903/985/803 904/984/802 900/796/665
f 512/1438/518 623/1385/517 611/1027/833
f 982/1220/941 1029/1229/886 980/1231/654
f 338/1425/990 336/1482/622 396/1360/1009
f 151/450/394 801/449/170 820/1419/1040
f 837/1453/692 150/1196/923 152/201/177
f 1031/1388/1022 1065/1105/875 476/1216/939
f 1065/1105/875 999/1320/404 476/1216/939
f 476/1216/939 445/1455/940 1031/1388/1022
f 964/1418/1039 887/1762/1214 889/384/340
f 887/1762/1214 883/1456/1062 880/1372/1014
f 883/1456/1062 884/1763/1215 881/723/600
f 884/1763/1215 943/724/601 881/723/600
f 887/1762/1214 880/1372/1014 889/384/340
f 340/719/596 360/1764/1019 367/1297/977
f 360/1764/1019 361/1765/1018 367/1297/977
f 675/393/346 665/1556/1128 1050/632/525
f 1282/1268/797 976/1652/621 969/1044/770
f 412/657/544 413/1317/652 416/811/677
f 553/819/685 543/788/657 538/1271/969
f 443/590/492 435/364/322 436/588/399
f 1340/1338/997 795/1337/996 797/1766/1168
f 696/850/710 700/1658/573 686/1460/707
f 177/1461/841 176/1767/1216 175/670/554
f 177/1768/841 172/1751/842 167/1769/1217
f 142/1242/954 1290/1243/922 150/1463/923
f 519/1471/1072 521/1262/965 520/1472/1073
f 1024/1540/864 1023/1770/914 910/1116/878
f 1023/1770/914 457/1045/287 910/1116/878
f 457/1045/287 969/1044/770 1013/1114/877
f 319/1139/894 320/1677/1169 329/1140/895
f 337/557/451 400/559/469 396/1360/1009
f 262/1771/1218 260/1772/1219 254/1557/1129
f 839/696/578 838/885/738 836/1308/169
f 1150/1489/1085 1151/1773/1085 1153/1490/1085
f 1551/1774/1220 1292/209/184 163/410/361
f 2467/1498/1090 1177/920/757 2463/1720/1192
f 651/1499/1091 652/1775/1111 653/1500/694
f 922/1502/1093 921/959/786 409/1069/857
f 475/594/494 992/591/493 471/615/512
f 992/591/493 443/590/492 471/615/512
f 490/683/565 493/700/582 491/1269/967
f 489/611/508 488/790/659 492/219/193
f 488/790/659 494/217/191 492/219/193
f 489/611/508 492/219/193 490/683/565
f 479/605/502 481/1152/903 458/1154/905
f 971/1503/1094 1002/1085/866 1001/737/612
f 758/1776/1221 754/1777/1222 767/1504/1095
f 1167/1497/1089 1160/1495/1088 1159/1025/1097
f 599/645/536 604/1063/851 608/650/516
f 1198/977/799 236/976/798 1062/426/375
f 1060/1517/971 753/1778/972 750/867/725
f 753/1778/972 751/893/258 1057/891/740
f 750/867/725 749/890/731 1059/1404/576
f 753/1778/972 1057/891/740 750/867/725
f 1069/1519/1107 1070/1638/1107 1073/1520/1108
f 800/379/335 804/381/337 807/340/298
f 804/381/337 806/341/299 807/340/298
f 1106/1480/1077 1102/1468/1069 2392/1477/871
f 639/736/611 643/1779/1223 841/1523/987
f 643/1779/1223 1306/758/631 841/1523/987
f 679/764/637 695/688/570 700/691/573
f 175/670/554 176/1767/1216 169/1780/1224
f 205/292/238 190/261/232 198/1454/1061
f 535/1201/927 531/1200/926 529/1691/1131
f 374/539/459 369/533/458 375/545/462
f 924/1374/1016 919/1781/1225 915/1070/858
f 919/1781/1225 916/1735/1200 915/1070/858
f 978/1307/327 977/1065/853 1036/1067/855
f 655/1525/1110 653/1782/694 652/1526/1111
f 995/1383/872 633/593/187 444/592/398
f 1289/1783/796 144/866/724 173/1130/806
f 144/866/724 174/865/723 173/1130/806
f 1026/1528/225 978/1307/327 972/1529/1113
f 612/660/546 625/663/549 620/662/548
f 140/1784/1226 148/198/176 146/1592/641
f 1198/1785/799 1006/1111/384 235/439/386
f 525/1531/1115 518/826/607 523/311/269
f 936/1032/838 937/1031/837 930/1532/1116
f 954/1533/1117 956/1642/397 1019/1534/870
f 1032/1536/1119 504/1107/411 1033/1537/1120
f 666/1786/1227 681/1787/699 697/1622/701
f 1216/1539/1122 1208/946/682 248/947/776
f 905/1355/660 1020/1788/863 1024/1540/864
f 885/1542/1123 888/1640/1001 1017/1312/788
f 2056/1789/1228 1332/1335/825 1056/888/739
f 615/1439/542 611/1027/833 614/1241/953
f 107/1177/888 181/1277/887 174/1543/723
f 1112/1399/1028 1387/1398/1027 1141/1484/1080
f 914/992/808 917/994/810 913/1068/856
f 1139/574/482 1141/1484/1080 1138/758/1196
f 1141/1484/1080 1387/1398/1027 1138/758/1196
f 588/151/132 587/150/131 583/640/533
f 587/150/131 582/754/627 583/640/533
f 476/1216/939 986/1099/873 437/1247/874
f 882/1600/1143 885/1542/1123 879/978/800
f 885/1542/1123 1061/1211/934 879/978/800
f 1061/1211/934 963/1035/840 879/978/800
f 940/342/300 877/1550/1023 876/343/301
f 877/1550/1023 882/1600/1143 879/978/800
f 787/1551/688 797/1766/1168 795/1337/996
f 151/971/394 152/201/177 153/1552/1125
f 931/925/761 932/1151/902 927/955/783
f 932/1151/902 925/957/784 927/955/783
f 925/957/784 921/959/786 927/955/783
f 194/1047/240 195/929/468 752/1555/741
f 614/1241/953 622/812/678 620/662/548
f 984/326/284 992/1096/493 994/213/188
f 793/1416/1037 791/223/197 786/1790/1229
f 675/393/346 676/392/345 670/832/695
f 1162/360/318 1166/1791/320 1165/908/747
f 264/475/310 262/1792/1218 254/1557/1129
f 423/598/455 632/596/495 454/773/645
f 527/1558/1130 535/1793/927 529/1559/1131
f 918/1562/809 914/1115/808 1013/1114/877
f 169/1780/1224 176/1767/1216 177/1794/841
f 1302/1240/223 190/1239/232 192/1565/239
f 1011/1071/481 1021/1567/963 1010/1050/846
f 1021/1567/963 453/1414/964 1009/1051/847
f 273/493/430 317/1795/1230 318/1568/205
f 230/445/390 232/444/355 364/1569/357
f 252/466/408 258/277/245 255/1571/413
f 258/277/245 256/279/247 255/1571/413
f 257/1572/1135 259/1796/412 255/1571/413
f 452/1573/488 450/1121/604 1004/1574/979
f 551/1290/792 552/1287/973 550/1576/993
f 552/1287/973 556/1286/937 550/1576/993
f 342/1223/942 335/521/448 422/1384/447
f 782/1016/824 1334/1018/826 799/1581/975
f 1334/1018/826 1341/1797/1231 799/1581/975
f 105/1583/135 108/990/134 181/1277/887
f 418/428/377 405/430/362 414/1586/280
f 585/642/534 588/151/132 584/639/532
f 1097/1588/1139 1096/1798/1060 1095/1589/1139
f 145/1591/822 146/1799/641 142/1411/954
f 146/1592/641 148/198/176 147/197/175
f 751/999/258 753/1280/972 151/450/394
f 849/1382/1020 855/1610/820 850/1005/816
f 184/1402/1031 186/251/222 191/253/224
f 746/860/718 737/856/715 738/870/726
f 454/1593/645 1012/1072/859 993/211/186
f 1012/1072/859 1010/1050/846 993/211/186
f 886/1594/613 449/1104/229 447/1102/231
f 203/288/253 202/283/248 729/285/250
f 601/1040/843 603/1039/538 514/1198/924
f 932/1151/902 930/1532/1116 926/1253/958
f 954/1533/1117 960/1535/1118 959/372/328
f 678/762/635 653/831/694 676/392/345
f 1020/1079/863 473/1184/917 469/1185/676
f 847/1316/984 833/1255/960 830/1257/962
f 830/1257/962 831/1637/282 828/673/555
f 831/1637/282 845/674/556 828/673/555
f 305/491/428 329/1140/895 321/1598/1142
f 321/1598/1142 322/1800/1146 323/492/429
f 960/1535/1118 962/1549/876 959/372/328
f 786/1790/1229 791/223/197 1341/1801/1231
f 791/223/197 799/1545/975 1341/1801/1231
f 803/684/566 800/379/335 812/1206/931
f 800/379/335 808/1522/1109 812/1206/931
f 622/812/678 616/944/774 613/653/540
f 313/1323/988 314/1802/883 1044/1803/1232
f 447/260/231 998/586/403 448/617/514
f 464/259/230 463/1153/904 461/614/511
f 463/1153/904 462/1022/829 461/614/511
f 877/1550/1023 878/1804/614 886/1599/613
f 825/1606/557 800/379/335 828/1601/555
f 800/379/335 803/684/566 842/1002/813
f 800/379/335 842/1002/813 847/1352/984
f 706/1742/1204 1326/852/711 703/1805/1210
f 306/483/421 310/486/424 308/484/422
f 993/1602/186 1010/1050/846 899/1049/662
f 990/1604/226 1026/1528/225 477/1530/1114
f 847/1352/984 826/1353/1004 828/1601/555
f 826/1353/1004 1058/1806/805 825/1606/557
f 437/1247/874 986/1203/873 363/1204/929
f 334/1209/933 332/805/491 356/512/441
f 347/703/585 350/497/432 348/313/271
f 348/313/271 2548/1807/1233 356/512/441
f 824/1608/804 985/1344/490 986/1099/873
f 354/1178/293 351/307/265 355/1421/1041
f 971/1503/1094 425/1081/598 1002/1085/866
f 814/991/807 813/1808/1234 808/1522/1109
f 996/220/194 1032/1647/1119 1035/1609/1121
f 1014/954/782 927/955/783 922/1502/1093
f 1109/735/1068 1137/575/483 1140/1809/1066
f 325/1613/1145 324/1618/1148 322/1614/1146
f 164/1758/1211 157/203/178 1292/209/184
f 1081/1445/1054 1089/1442/1052 1084/1441/1051
f 1042/1810/655 1045/1811/204 1041/1812/1152
f 320/1677/1169 319/1139/894 325/1613/1145
f 319/1139/894 318/1568/205 325/1613/1145
f 318/1568/205 317/1795/1230 324/1618/1148
f 710/1459/1065 715/1458/1064 711/1554/1127
f 714/1813/1235 710/1459/1065 711/1554/1127
f 714/1813/1235 711/1554/1127 712/1814/1236
f 1025/679/561 456/1232/947 472/323/281
f 965/1815/1237 853/1278/817 971/1503/1094
f 853/1278/817 425/1081/598 971/1503/1094
f 625/663/549 628/667/551 621/661/547
f 685/1619/1149 693/757/630 690/756/629
f 723/1621/1151 1047/1541/860 725/877/732
f 699/689/571 666/1786/1227 697/1622/701
f 1326/852/711 1053/1347/383 1319/1816/382
f 360/1377/1019 2561/1669/1167 2550/1817/1238
f 545/359/317 537/1054/849 557/1146/898
f 383/515/444 355/1421/1041 349/702/584
f 845/1155/556 436/456/399 1058/1623/805
f 555/358/316 549/1343/527 537/1054/849
f 171/1624/172 173/1130/806 172/1038/842
f 173/1130/806 109/1818/190 179/1752/189
f 172/1038/842 173/1130/806 179/1752/189
f 172/1038/842 145/1037/822 170/772/644
f 923/1612/869 922/1502/1093 917/994/810
f 1251/1215/938 961/1819/1239 958/949/777
f 185/274/242 191/253/224 195/1625/468
f 1021/1260/963 1011/573/481 634/970/794
f 502/627/522 526/1820/1181 527/1558/1130
f 978/371/327 972/1821/1113 427/1627/1153
f 223/421/370 224/423/372 227/818/684
f 224/423/372 226/930/764 227/818/684
f 154/1272/171 151/971/394 1289/973/796
f 1289/973/796 139/1822/952 144/1823/724
f 481/1152/903 479/605/502 482/613/510
f 487/599/496 486/601/498 480/603/500
f 485/612/509 484/728/603 483/1023/830
f 482/613/510 485/612/509 483/1023/830
f 479/605/502 480/603/500 482/613/510
f 829/1004/815 803/684/566 802/1628/1154
f 236/1182/798 239/1181/396 237/427/376
f 166/1824/1240 1566/770/642 1567/1380/553
f 599/645/536 603/647/538 605/1633/779
f 834/1118/879 835/1825/928 831/1637/282
f 831/1637/282 830/1257/962 748/1119/880
f 592/841/702 586/394/347 591/1028/834
f 1068/1434/1048 1071/1433/1047 1070/1638/1107
f 1340/1826/997 777/1738/1202 796/1639/998
f 777/1738/1202 779/1244/892 796/1639/998
f 784/1159/909 785/1367/587 796/1639/998
f 598/245/216 593/842/703 596/246/217
f 593/842/703 594/1171/913 596/246/217
f 805/1250/955 855/1827/820 806/341/299
f 882/1600/1143 886/1599/613 888/1640/1001
f 956/1642/397 954/1533/1117 949/1406/1033
f 613/653/540 615/655/542 626/659/391
f 405/430/362 419/564/473 410/412/363
f 1000/221/195 998/461/403 999/462/404
f 1026/254/225 442/1276/970 979/1306/326
f 634/970/794 1012/1294/859 454/773/645
f 1131/1645/1159 1132/1828/1159 1133/1643/1159
f 1207/1224/943 248/947/776 249/457/400
f 248/947/776 326/458/401 249/457/400
f 946/808/674 1018/807/673 1207/1224/943
f 249/457/400 946/808/674 1207/1224/943
f 785/1367/587 784/1159/909 856/1161/911
f 508/745/620 1034/431/379 445/1217/940
f 445/1217/940 476/1829/939 532/746/312
f 476/1829/939 999/462/404 509/618/515
f 532/746/312 476/1829/939 509/618/515
f 462/1022/829 483/1023/830 484/728/603
f 996/220/194 997/222/196 504/1646/411
f 421/1830/332 431/1174/331 422/1384/447
f 473/1415/917 1020/1788/863 905/1355/660
f 1031/1388/1022 1035/1538/1121 1033/1648/1120
f 799/1561/975 794/707/589 781/706/588
f 230/445/390 234/1570/272 362/1831/270
f 1282/975/797 228/1566/1134 216/1832/918
f 216/1832/918 220/1833/457 976/1371/621
f 220/1833/457 229/1834/166 976/1371/621
f 229/1834/166 432/1651/165 976/1371/621
f 432/1651/165 233/1835/1008 245/441/388
f 233/1835/1008 231/443/352 245/441/388
f 231/443/352 230/445/390 1028/914/751
f 245/441/388 231/443/352 1028/914/751
f 976/1371/621 1282/975/797 216/1832/918
f 1028/1230/751 979/1306/326 1005/396/349
f 979/1306/326 974/1392/1024 1005/396/349
f 975/1381/560 969/1044/770 976/1652/621
f 974/1392/1024 975/1381/560 245/1095/388
f 1005/396/349 974/1392/1024 245/1095/388
f 442/1391/970 991/1660/951 1015/1041/844
f 808/1522/1109 813/1808/1234 811/1207/932
f 316/1123/882 315/1125/884 312/1324/989
f 344/1580/1138 432/910/165 233/1653/1008
f 472/323/281 459/600/497 460/1169/912
f 467/602/499 468/731/606 466/730/605
f 466/730/605 460/1169/912 467/602/499
f 458/1154/905 463/1153/904 440/616/513
f 463/1153/904 464/259/230 440/616/513
f 440/616/513 439/1655/1162 458/1154/905
f 439/1655/1162 468/731/606 467/602/499
f 465/604/501 458/1154/905 439/1655/1162
f 1029/1128/886 1030/1127/885 244/902/745
f 251/278/246 267/1657/520 256/279/247
f 700/1658/573 695/1061/570 694/1060/705
f 848/1629/1155 802/1628/1154 1060/1659/971
f 802/1628/1154 801/449/170 1060/1659/971
f 896/1318/985 892/795/664 898/1048/845
f 905/791/660 910/1547/878 909/1304/545
f 910/1547/878 913/1068/856 412/1305/544
f 910/1547/878 412/1305/544 909/1304/545
f 896/1318/985 898/1048/845 897/792/661
f 903/985/803 896/1318/985 897/792/661
f 905/791/660 909/1304/545 907/983/801
f 903/985/803 897/792/661 905/791/660
f 1004/1574/979 934/1120/759 451/1605/1144
f 934/1120/759 1014/1090/782 990/1604/226
f 1014/1090/782 1015/1041/844 991/1660/951
f 990/1604/226 451/1605/1144 934/1120/759
f 1008/1094/387 239/452/396 1007/397/350
f 1348/1487/1083 1111/1729/1124 1113/1836/1079
f 1348/1487/1083 1113/1836/1079 1350/1837/1081
f 1348/1487/1083 1350/1837/1081 1105/1838/1241
f 937/1031/837 941/344/302 939/1839/1242
f 941/344/302 943/724/601 939/1839/1242
f 939/1839/1242 935/1661/1163 937/1031/837
f 539/1147/899 538/1271/969 543/788/657
f 1006/1111/384 962/1113/876 1019/1662/870
f 1252/1840/1243 961/1819/1239 1251/1215/938
f 407/565/474 403/429/378 400/1295/469
f 398/558/450 402/1299/471 407/1664/474
f 671/631/524 1050/632/525 699/689/571
f 1050/632/525 666/1786/1227 699/689/571
f 754/1777/1222 758/1776/1221 761/1841/1244
f 707/1842/1207 702/1754/1206 1320/1237/713
f 708/1666/1165 707/1842/1207 1320/1237/713
f 340/1667/596 2539/1843/1245 2565/1668/1166
f 491/1269/967 486/601/498 485/612/509
f 1170/1428/1044 1176/1492/1086 1175/1427/1043
f 981/395/348 950/1844/1032 982/1220/941
f 950/1844/1032 946/1845/674 982/1220/941
f 607/1670/852 606/1846/781 609/1671/780
f 409/1284/857 408/321/279 456/1232/947
f 408/321/279 472/323/281 456/1232/947
f 436/588/399 985/587/490 445/1217/940
f 199/1847/1246 1595/263/234 209/1293/236
f 1588/267/237 823/265/233 190/1239/232
f 320/1677/1169 325/1613/1145 321/1615/1142
f 956/453/397 950/1844/1032 981/395/348
f 779/1244/892 783/1193/921 784/1159/909
f 642/759/632 1306/758/631 1290/1848/922
f 469/1185/676 417/1325/675 1024/1080/864
f 805/1423/955 827/1101/336 437/1100/874
f 1142/1486/1082 1350/1485/1081 1139/574/482
f 1350/1485/1081 1141/1484/1080 1139/574/482
f 1136/576/484 1137/575/483 1109/735/1068
f 1185/1849/1247 1184/1515/1104 1182/1514/1103
f 844/1256/961 829/1396/815 848/1679/1155
f 567/1289/656 553/1288/685 547/1681/897
f 553/1288/685 548/186/164 547/1681/897
f 549/634/527 555/1285/316 554/1680/1171
f 555/1285/316 544/1408/669 554/1680/1171
f 549/634/527 554/1680/1171 548/186/164
f 1118/1850/1248 1117/1684/1174 1120/1851/1249
f 1117/1684/1174 1125/1852/1249 1127/1853/1250
f 1118/1850/1248 1120/1851/1249 1119/1854/1251
f 1125/1852/1249 1130/1855/1172 1129/1856/1172
f 1129/1856/1172 1128/1857/1173 1125/1852/1249
f 1128/1857/1173 1126/1858/1252 1125/1852/1249
f 1127/1853/1250 1135/1859/1253 1134/1860/1172
f 1126/1858/1252 1127/1853/1250 1125/1852/1249
f 1127/1853/1250 1134/1860/1172 1117/1684/1174
f 1134/1860/1172 1124/1682/1172 1117/1684/1174
f 1124/1682/1172 1123/1861/1173 1121/1683/1173
f 1123/1861/1173 1122/1862/1172 1121/1683/1173
f 1121/1683/1173 1120/1851/1249 1117/1684/1174
f 488/790/659 480/603/500 494/217/191
f 480/603/500 486/601/498 494/217/191
f 1171/919/756 1179/1508/1099 1178/1685/1175
f 1020/1079/863 473/1184/917 967/1019/827
f 194/272/240 195/1625/468 191/253/224
f 113/1/139 1186/3/1254 111/2/137
f 1272/1863/1255 1229/1864/1256 1218/1865/1257
f 1197/1866/1258 1284/1867/1259 1204/1868/1260
f 1285/1869/1261 1204/1868/1260 1284/1867/1259
f 1197/1866/1258 1286/1870/1262 1284/1867/1259
f 1219/1871/1263 1228/1872/1264 1211/1873/1265
f 1234/1874/1266 1225/1875/1267 1233/1876/1268
f 2547/1877/1269 226/1053/764 1189/422/371
f 1208/946/682 1219/1871/1263 1195/1878/1270
f 1216/1539/1122 1215/1698/1183 1219/1871/1263
f 1226/1879/1271 1235/1880/1272 1236/1881/1273
f 1195/1878/1270 1219/1871/1263 1211/1873/1265
f 1232/1882/1274 1225/1875/1267 1224/1883/1275
f 225/419/368 2531/1884/1276 217/420/369
f 1241/1885/1277 1280/1886/1278 1240/1887/1279
f 1230/1888/1280 1209/1889/1281 1218/1865/1257
f 1208/946/682 1216/1539/1122 1219/1871/1263
f 2564/1890/1282 1187/424/373 216/1187/918
f 1229/1864/1256 1206/1891/1283 1228/1872/1264
f 1238/1892/1284 1224/1883/1275 1223/1893/1285
f 1271/1894/1286 1268/1895/1287 1270/1896/1288
f 1224/1883/1275 1222/1897/1289 1221/1898/1290
f 1221/1898/1290 247/1233/948 1214/1899/1291
f 962/1113/876 235/1112/386 1284/1900/1259
f 1210/1901/1292 1230/1888/1280 1218/1865/1257
f 1242/1902/1293 1277/1903/1294 1280/1886/1278
f 1277/1903/1294 1242/1902/1293 1279/1904/1295
f 1276/1905/1296 1280/1886/1278 1277/1903/1294
f 1285/1906/1261 962/1113/876 1284/1900/1259
f 1287/1267/966 228/1907/1134 1282/1268/797
f 1263/1908/1297 1264/1909/1298 1260/1910/1299
f 2532/1911/1300 1239/1192/920 783/1193/921
f 1272/1863/1255 1209/1889/1281 1229/1864/1256
f 235/439/386 1284/1867/1259 1286/1870/1262
f 1265/1912/1301 1263/1908/1297 1267/1913/1302
f 1223/1893/1285 1237/1914/1303 1238/1892/1284
f 2573/1915/1304 778/1138/893 2574/1916/1305
f 225/419/368 2537/1917/1306 2543/1918/1307
f 1232/1882/1274 1233/1876/1268 1225/1875/1267
f 235/439/386 1285/1869/1261 1284/1867/1259
f 1259/1919/1308 1262/1920/1309 1263/1908/1297
f 1260/1910/1299 1259/1919/1308 1263/1908/1297
f 1281/1921/1310 1196/1922/1311 228/1566/1134
f 2538/1923/1312 228/1566/1134 1196/1922/1311
f 1234/1874/1266 1235/1880/1272 1226/1879/1271
f 1231/1924/1313 1232/1882/1274 1224/1883/1275
f 1208/816/682 2568/1925/1314 1191/817/683
f 1238/1892/1284 1231/1924/1313 1224/1883/1275
f 242/1926/765 2530/1927/1315 1190/1928/1316
f 1239/1192/920 2554/1929/1317 2534/1930/1318
f 1240/1887/1279 1245/1931/1319 1241/1885/1277
f 962/1549/876 1285/1932/1261 1255/1933/1320
f 1285/1932/1261 1257/1934/1321 1255/1933/1320
f 1228/1872/1264 1219/1871/1263 1223/1893/1285
f 216/1187/918 2538/1935/1312 2564/1890/1282
f 1213/1936/1322 1227/1937/1323 1210/1901/1292
f 1198/1785/799 235/439/386 1286/1870/1262
f 1266/1938/1324 1270/1896/1288 1267/1913/1302
f 1273/1939/1325 1277/1903/1294 1272/1940/1255
f 776/1179/916 2501/1941/1326 2496/1942/1327
f 228/1566/1134 1286/1870/1262 1281/1921/1310
f 1229/1864/1256 1228/1872/1264 1218/1865/1257
f 1226/1879/1271 1215/1698/1183 1222/1897/1289
f 1253/1943/1328 1260/1910/1299 1254/1944/1329
f 1253/1943/1328 959/372/328 1255/1933/1320
f 1228/1872/1264 1206/1891/1283 1211/1873/1265
f 1246/1945/1330 944/779/650 1245/1931/1319
f 247/1233/948 1227/1937/1323 1214/1899/1291
f 1236/1881/1273 1223/1893/1285 1226/1879/1271
f 1212/1946/1331 1210/1901/1292 1218/1865/1257
f 1254/1944/1329 959/372/328 1253/1943/1328
f 1266/1938/1324 1263/1908/1297 1262/1920/1309
f 1220/1947/1332 1214/1899/1291 1213/1936/1322
f 1254/1944/1329 1260/1910/1299 1258/1948/1333
f 1269/1949/1334 1272/1940/1255 1270/1896/1288
f 1285/1906/1261 1197/1950/1258 1257/1951/1321
f 1221/1898/1290 1215/1698/1183 247/1233/948
f 1189/422/371 2546/1952/1335 2547/1877/1269
f 1241/1885/1277 1242/1902/1293 1280/1886/1278
f 1247/1953/1336 1243/1954/1337 1241/1885/1277
f 1243/1954/1337 1244/1955/1338 1241/1885/1277
f 1244/1955/1338 1279/1904/1295 1242/1902/1293
f 1244/1955/1338 1242/1902/1293 1241/1885/1277
f 1250/1708/1189 1247/1953/1336 1245/1931/1319
f 944/779/650 1250/1708/1189 1245/1931/1319
f 1247/1953/1336 1241/1885/1277 1245/1931/1319
f 1229/1864/1256 1209/1889/1281 1206/1891/1283
f 1265/1912/1301 1267/1913/1302 1268/1895/1287
f 1267/1913/1302 1270/1896/1288 1268/1895/1287
f 1270/1896/1288 1272/1940/1255 1274/1956/1339
f 1272/1940/1255 1277/1903/1294 1275/1957/1340
f 1274/1956/1339 1272/1940/1255 1275/1957/1340
f 1277/1903/1294 1279/1904/1295 1278/1958/1341
f 1277/1903/1294 1278/1958/1341 1275/1957/1340
f 1274/1956/1339 1271/1894/1286 1270/1896/1288
f 1221/1898/1290 1220/1947/1332 1224/1883/1275
f 1220/1947/1332 1223/1893/1285 1224/1883/1275
f 1224/1883/1275 1225/1875/1267 1222/1897/1289
f 242/931/765 1285/1869/1261 241/438/385
f 1193/1959/1342 1205/1960/1343 1194/1961/1344
f 1205/1960/1343 242/1926/765 1190/1962/1316
f 1194/1961/1344 1192/1963/1345 1195/1878/1270
f 1205/1960/1343 1190/1962/1316 1194/1961/1344
f 1211/1873/1265 1193/1959/1342 1195/1878/1270
f 1193/1959/1342 1194/1961/1344 1195/1878/1270
f 218/400/353 2556/1964/1346 2553/1965/1347
f 1287/1267/966 858/1966/1010 228/1907/1134
f 1265/1912/1301 1264/1909/1298 1263/1908/1297
f 1264/1909/1298 1261/1967/1348 1260/1910/1299
f 235/439/386 241/438/385 1285/1869/1261
f 1212/1946/1331 1218/1865/1257 1213/1936/1322
f 1218/1865/1257 1228/1872/1264 1213/1936/1322
f 217/1714/369 2563/1968/1349 218/400/353
f 1208/816/682 1195/1878/1270 1192/1963/1345
f 2542/1969/1350 225/1970/368 223/1971/370
f 1240/1887/1279 1246/1945/1330 1245/1931/1319
f 1220/1947/1332 1213/1936/1322 1223/1893/1285
f 1213/1936/1322 1228/1872/1264 1223/1893/1285
f 1219/1871/1263 1226/1879/1271 1223/1893/1285
f 1281/1972/1310 228/1907/1134 858/1966/1010
f 1213/1936/1322 1214/1899/1291 1227/1937/1323
f 1266/1938/1324 1269/1949/1334 1270/1896/1288
f 1273/1939/1325 1276/1905/1296 1277/1903/1294
f 228/1566/1134 1198/977/799 1286/1870/1262
f 1226/1879/1271 1219/1871/1263 1215/1698/1183
f 1253/1943/1328 1259/1919/1308 1260/1910/1299
f 962/1549/876 1255/1933/1320 959/372/328
f 247/1233/948 1207/1224/943 1227/1937/1323
f 1236/1881/1273 1237/1914/1303 1223/1893/1285
f 1217/1225/944 247/1233/948 1215/1698/1183
f 1212/1946/1331 1213/1936/1322 1210/1901/1292
f 1222/1897/1289 1225/1875/1267 1226/1879/1271
f 1254/1944/1329 1251/1215/938 959/372/328
f 1266/1938/1324 1267/1913/1302 1263/1908/1297
f 1220/1947/1332 1221/1898/1290 1214/1899/1291
f 1283/1973/1351 1199/1974/1352 1210/1901/1292
f 1227/1937/1323 1283/1973/1351 1210/1901/1292
f 1209/1889/1281 1202/1975/1353 1206/1891/1283
f 1201/1976/1354 1211/1873/1265 1206/1891/1283
f 1230/1888/1280 1210/1901/1292 1200/1977/1355
f 1200/1977/1355 1210/1901/1292 1199/1974/1352
f 1227/1937/1323 1207/1224/943 1203/1978/1356
f 1204/1868/1260 1285/1869/1261 1205/1979/1343
f 1285/1869/1261 242/931/765 1205/1979/1343
f 1261/1967/1348 1258/1948/1333 1260/1910/1299
f 1258/1948/1333 1256/1980/1357 1254/1944/1329
f 1256/1980/1357 1252/1840/1243 1251/1215/938
f 1251/1215/938 1254/1944/1329 1256/1980/1357
f 1285/1906/1261 1284/1900/1259 1197/1950/1258
f 1221/1898/1290 1222/1897/1289 1215/1698/1183
f 1358/1981/1358 1352/1982/1359 2400/1983/1360
f 1351/1984/1361 1347/1985/1362 1388/1986/1363
f 709/1987/1164 1324/1988/1364 1315/1989/1203
f 1296/1990/1365 164/1758/1211 1549/1991/1366
f 2056/1789/1228 2027/1992/1367 1332/1335/825
f 1361/1993/1368 1354/1994/1369 1363/1995/1370
f 1362/1996/1371 1358/1981/1358 1360/1997/1372
f 1328/1998/1373 706/1999/1204 1314/2000/1374
f 1329/2001/1209 704/2002/1205 706/2003/1204
f 2055/2004/1375 1055/1350/1003 1333/887/736
f 178/2005/722 144/866/724 139/2006/952
f 1551/1774/1220 1293/2007/1376 1297/2008/1377
f 1310/2009/1378 1308/2010/1379 1309/2011/1380
f 2398/2012/1381 1105/1838/1241 1347/1985/1362
f 1391/2013/1382 1393/2014/1382 1392/2015/1382
f 1327/2016/1383 709/1987/1164 1315/1989/1203
f 1332/1017/825 2133/2017/1384 1334/1018/826
f 1341/1801/1231 1338/2018/1385 1337/2019/1386
f 1312/2020/1387 1324/2021/1364 1322/2022/1388
f 1325/2023/1389 1312/2020/1387 1322/2022/1388
f 1325/2023/1389 1322/2022/1388 2043/2024/1390
f 1327/2025/1383 1315/1741/1203 1314/2026/1374
f 703/1805/1210 1327/2025/1383 1314/2026/1374
f 1314/2000/1374 708/2027/1165 1328/1998/1373
f 1328/1998/1373 1329/2028/1209 706/1999/1204
f 1324/1988/1364 1317/2029/1391 1322/2030/1388
f 167/1769/1217 172/1751/842 1300/1753/1208
f 1322/2031/1388 1317/2032/1391 2040/2033/1392
f 1322/2031/1388 2040/2033/1392 1321/2034/1393
f 2043/2035/1390 1322/2031/1388 1321/2034/1393
f 1328/2036/1373 709/1665/1164 1327/2037/1383
f 1329/1756/1209 1328/2036/1373 1327/2037/1383
f 1329/1756/1209 1327/2037/1383 703/1757/1210
f 1310/2009/1378 1311/2038/1394 1308/2010/1379
f 1363/1995/1370 1369/2039/1395 1365/2040/1396
f 797/1766/1168 2135/2041/1397 1340/1338/997
f 1346/1470/1071 1342/2042/1398 1343/1481/1078
f 1105/1838/1241 1388/1986/1363 1347/1985/1362
f 1378/2043/1399 1377/2044/1400 1376/2045/1400
f 2401/2046/1401 1353/2047/1402 1357/2048/1403
f 1359/2049/1404 1362/1996/1371 1370/2050/1405
f 1368/2051/1406 1362/1996/1371 1360/1997/1372
f 1368/2051/1406 1360/1997/1372 1367/2052/1407
f 1360/1997/1372 1366/2053/1408 1367/2052/1407
f 1364/2054/1409 1365/2040/1396 1369/2039/1395
f 1356/2055/1410 2402/2056/1411 1355/2057/1412
f 1385/2058/1413 1384/2059/1414 1114/1397/1026
f 1384/2059/1414 1386/2060/1415 1388/2061/1363
f 1386/2060/1415 1384/2059/1414 1385/2058/1413
f 1366/2053/1408 1360/1997/1372 1361/1993/1368
f 1359/2049/1404 1352/1982/1359 1358/1981/1358
f 2432/2062/1416 2392/1097/871 1138/758/1196
f 1114/1397/1026 1384/2059/1414 1387/1398/1027
f 1551/1774/1220 163/410/361 1293/2007/1376
f 1398/2063/1417 1397/2064/1418 1399/2065/1419
f 1399/2065/1419 1397/2064/1418 1398/2066/1417
f 140/1784/1226 146/1592/641 165/2067/643
f 1350/1837/1081 1389/2068/1420 1105/1838/1241
f 1385/2069/1413 1347/1985/1362 1386/2070/1415
f 2056/1789/1228 1056/888/739 1055/1350/1003
f 1344/2071/1421 1110/1478/1075 2392/1477/871
f 1356/2055/1410 1369/2039/1395 2402/2056/1411
f 2085/2072/719 2055/2004/1375 1333/887/736
f 1332/1017/825 2027/2073/1367 2133/2017/1384
f 1343/1481/1078 1383/2074/1170 1109/1467/1068
f 1338/2075/1385 1341/1797/1231 1334/1018/826
f 1299/1246/209 1298/2076/1422 1300/1753/1208
f 1341/1801/1231 1337/2019/1386 786/1790/1229
f 149/196/174 140/1784/1226 1288/2077/1423
f 703/1805/1210 1314/2026/1374 706/1742/1204
f 164/1758/1211 1292/209/184 1551/1774/1220
f 1326/852/711 1318/2078/1424 2045/2079/1425
f 1297/2008/1377 1295/2080/1426 1551/1774/1220
f 2386/2081/1427 1105/1838/1241 2398/2012/1381
f 1354/1994/1369 1369/2039/1395 1363/1995/1370
f 1320/854/713 2039/2082/1428 1316/2083/1429
f 1304/2084/1430 1290/1848/922 1306/758/631
f 139/1822/952 1289/973/796 141/2085/1431
f 1185/1849/1247 1182/1514/1103 1395/2086/1432
f 1361/1993/1368 1360/1997/1372 1358/1981/1358
f 1361/1993/1368 1358/1981/1358 2400/1983/1360
f 1351/1984/1361 1386/2070/1415 1347/1985/1362
f 1303/1641/1158 214/300/260 212/298/259
f 709/1987/1164 1317/2029/1391 1324/1988/1364
f 1395/2086/1432 1182/1514/1103 2467/1498/1090
f 1361/1993/1368 2400/1983/1360 1354/1994/1369
f 1362/1996/1371 1359/2049/1404 1358/1981/1358
f 1178/1719/1175 1396/2087/1433 2463/1720/1192
f 1298/2088/1422 178/2005/722 139/2006/952
f 1294/2089/1434 164/1758/1211 1551/1774/1220
f 1105/1838/1241 1389/2068/1420 1388/1986/1363
f 1365/2040/1396 1367/2052/1407 1366/2053/1408
f 1110/1478/1075 1345/2090/1435 1114/1731/1026
f 1385/2069/1413 1114/1731/1026 1345/2090/1435
f 1385/2069/1413 1349/2091/1436 1347/1985/1362
f 1349/2091/1436 2398/2012/1381 1347/1985/1362
f 1391/2013/1382 1394/2092/1382 1393/2014/1382
f 708/1740/1165 1314/2026/1374 1315/1741/1203
f 1324/2021/1364 1312/2020/1387 1323/2093/1437
f 1315/1741/1203 1324/2021/1364 1313/853/712
f 1313/853/712 1324/2021/1364 2039/2082/1428
f 1340/1826/997 1339/2094/1438 777/1738/1202
f 1302/1240/223 183/1706/1187 139/1238/952
f 703/1757/1210 2043/2035/1390 1319/435/382
f 1318/2095/1424 1319/435/382 2043/2035/1390
f 164/1758/1211 1296/1990/1365 1291/1417/1038
f 1365/2040/1396 1366/2053/1408 1363/1995/1370
f 1366/2053/1408 1361/1993/1368 1363/1995/1370
f 1377/2044/1400 1374/2096/1400 1376/2045/1400
f 1374/2096/1400 1373/2097/1400 1375/2098/1400
f 1359/2049/1404 1353/2047/1402 1352/1982/1359
f 2465/2099/1439 2467/1498/1090 2463/1720/1192
f 1356/2055/1410 1364/2054/1409 1369/2039/1395
f 1335/2100/1440 793/1416/1037 786/1790/1229
f 1549/1991/1366 164/1758/1211 1294/2089/1434
f 1299/1246/209 178/864/722 1298/2076/1422
f 149/196/174 148/198/176 140/1784/1226
f 1326/852/711 2045/2079/1425 703/1805/1210
f 2045/2079/1425 2043/2024/1390 703/1805/1210
f 1330/2101/1441 714/1813/1235 1331/2102/1442
f 714/1813/1235 712/1814/1236 1331/2102/1442
f 1326/852/711 1319/1816/382 1318/2078/1424
f 57/27/27 776/1179/916 777/1738/1202
f 1338/2075/1385 1334/1018/826 2133/2017/1384
f 1353/2047/1402 1359/2049/1404 1370/2050/1405
f 1370/2050/1405 1357/2048/1403 1353/2047/1402
f 1380/1644/1159 1381/2103/1159 1379/2104/1159
f 1381/2103/1159 1382/2105/1159 1379/2104/1159
f 1379/2104/1159 1131/1645/1159 1380/1644/1159
f 2386/2081/1427 1348/1487/1083 1105/1838/1241
f 1323/2106/1437 2040/2033/1392 1317/2032/1391
f 709/1665/1164 1328/2036/1373 708/1666/1165
f 1320/1237/713 1316/2107/1429 709/1665/1164
f 709/1665/1164 1316/2107/1429 1317/2032/1391
f 1354/1994/1369 2402/2056/1411 1369/2039/1395
f 1336/1394/1025 2135/2108/1397 797/1676/1168
f 1320/854/713 1313/853/712 2039/2082/1428
f 1580/2109/1443 1588/267/237 139/1238/952
f 1306/758/631 2015/2062/1444 1304/2084/1430
f 2432/2062/1416 1138/758/1196 1387/1398/1027
f 2432/2062/1416 1387/1398/1027 1384/2059/1414
f 1384/2059/1414 1388/2061/1363 1142/1486/1082
f 2433/2110/1445 1384/2059/1414 1390/2111/1446
f 1390/2111/1446 1384/2059/1414 1142/1486/1082
f 1388/2061/1363 1389/2112/1420 1142/1486/1082
f 1389/2112/1420 1350/1485/1081 1142/1486/1082
f 1406/2113/1447 1494/2114/1448 1500/2115/1449
f 1500/2115/1449 1494/2114/1448 1405/2116/1450
f 1538/2117/1451 1455/2118/1452 1537/2119/1453
f 1537/2119/1453 1455/2118/1452 1448/2120/1454
f 1410/2121/1455 1541/2122/1456 1455/2118/1452
f 1452/2123/1457 1455/2118/1452 1538/2117/1451
f 1531/2124/1458 1455/2118/1452 1452/2123/1457
f 1540/2125/1459 1465/2126/1460 1539/2127/1461
f 1414/2128/1462 1465/2126/1460 1474/2129/1463
f 1463/2130/1464 1465/2126/1460 1540/2125/1459
f 1475/2131/1465 1465/2126/1460 1472/2132/1466
f 1539/2127/1461 1465/2126/1460 1475/2131/1465
f 1568/2133/1467 1419/2134/1468 1417/2135/1469
f 1825/2136/1470 2217/2137/1471 2207/2138/1472
f 1421/2/2 2/157/1 1420/156/1473
f 1422/158/1474 1436/160/1475 1432/159/1476
f 1436/161/1475 1422/158/1474 1423/162/1477
f 1434/163/1478 1424/165/1479 1425/164/1480
f 1427/166/1481 1428/168/1482 1433/167/1483
f 1428/169/1482 1427/166/1481 1429/170/1484
f 1430/171/1485 1431/173/1486 1437/172/1487
f 1424/165/1479 1434/175/1478 1435/174/1488
f 1441/2139/1489 1442/2140/1490 1438/2141/1491
f 1442/2140/1490 1441/2142/1489 1440/2143/1492
f 1456/2144/1493 1455/2145/1452 1446/2146/1494
f 1446/2146/1494 1448/2147/1454 1456/2144/1493
f 1455/2145/1452 1451/2148/1495 1446/2146/1494
f 1447/2149/1496 1456/2144/1493 1448/2147/1454
f 1409/2150/1497 1450/2150/1498 1458/2151/1499
f 1458/2151/1499 1454/2152/1500 1409/2153/1497
f 1532/2154/1501 1452/2155/1457 1538/2156/1451
f 1447/2149/1496 1538/2156/1451 1452/2155/1457
f 1448/2147/1454 1536/2157/1502 1447/2149/1496
f 1537/2158/1453 1447/2149/1496 1536/2157/1502
f 1460/2159/1503 1414/2160/1462 1477/2160/1504
f 1468/2161/1505 1467/2162/1506 1412/2161/1507
f 1469/2163/1508 1468/2161/1505 1412/2163/1507
f 1542/2164/1509 1414/2160/1462 1474/2165/1463
f 1541/2166/1456 1463/2167/1464 1470/2167/1510
f 1459/2168/1511 1475/2169/1465 1472/2170/1466
f 1471/2171/1512 1472/2170/1466 1475/2169/1465
f 1466/2172/1513 1473/2173/1514 1471/2171/1512
f 1414/2160/1462 1542/2164/1509 1477/2174/1504
f 1486/2175/1515 1502/2176/1516 1485/2177/1517
f 1508/2178/1518 1483/2179/1519 1484/2180/1520
f 1487/2181/1521 1505/2182/1522 1504/2183/1523
f 1478/2184/1524 1408/2185/1525 1498/2186/1526
f 1408/2185/1525 1478/2184/1524 1479/2187/1527
f 1480/2188/1528 1499/2189/1529 1479/2187/1527
f 1482/2190/1530 1507/2191/1531 1500/2192/1449
f 1490/2193/1532 1506/2194/1533 1489/2195/1534
f 1491/2196/1535 1509/2197/1536 1506/2194/1533
f 1497/2198/1537 1506/2194/1533 1509/2197/1536
f 1509/2197/1536 1495/2199/1538 1497/2198/1537
f 1489/2200/1534 1506/2194/1533 1488/2201/1539
f 1479/2187/1527 1499/2189/1529 1408/2185/1525
f 1511/2202/1540 1510/2203/1541 1563/2204/1542
f 1517/2205/1543 1288/2077/1423 140/1784/1226
f 2122/2206/1544 1514/2207/1545 1510/2208/1541
f 1867/2209/1546 1841/2210/1547 1862/2211/1548
f 1800/2212/1549 1851/2213/1550 1748/2214/1551
f 2089/2215/1552 59/2216/1553 2088/2217/1554
f 1503/2218/1555 1409/2219/1497 1502/2220/1516
f 1473/2221/1514 1530/2222/1556 1471/2223/1512
f 1471/2223/1512 1530/2222/1556 1472/2224/1466
f 1411/2225/1557 1541/2226/1456 1533/2227/1558
f 2184/2228/1559 2216/2229/1560 2215/2230/1561
f 1565/2231/1562 166/2232/1240 1560/2233/1563
f 1536/2157/1502 1453/2234/1564 1535/2235/1565
f 1840/2236/1566 1822/2237/1567 1821/2238/1568
f 1888/2239/1569 1886/2240/1570 1885/2241/1571
f 1814/2242/1572 2103/2243/1573 2207/2244/1472
f 2324/2245/1574 2265/2246/1575 2326/2247/1576
f 1300/2248/1208 1571/2249/1577 1569/2250/1578
f 1419/2251/1468 1571/2249/1577 1417/2252/1469
f 1570/2253/1579 1417/2252/1469 1571/2249/1577
f 1415/2254/1580 1416/2255/1581 1300/2248/1208
f 1571/2249/1577 1300/2248/1208 1416/2255/1581
f 1300/2248/1208 1561/2256/1582 1415/2254/1580
f 1573/2257/1583 1415/2254/1580 1561/2256/1582
f 2142/2258/1584 2094/2259/1585 2172/2260/1586
f 1793/2261/1587 1778/2262/1588 1788/2263/1589
f 1684/2264/1590 1695/2265/1591 1682/2266/1592
f 215/1688/1177 205/292/238 198/1454/1061
f 183/2267/1187 1582/2268/1593 2130/2269/1594
f 2130/2270/1594 1594/2271/1595 183/1706/1187
f 1580/2109/1443 2123/2272/1596 1583/1052/848
f 1585/2273/1597 1583/1052/848 2123/2272/1596
f 198/2274/1061 1594/2275/1595 2130/2270/1594
f 2130/2269/1594 1586/2276/1598 198/2277/1061
f 198/2278/1061 183/1706/1187 1594/2271/1595
f 1491/2196/1535 1506/2194/1533 1490/2193/1532
f 2057/2279/1599 2082/2280/1600 2165/2281/1601
f 2062/2282/1602 1593/2283/1603 1590/2284/1604
f 2065/2285/1605 1589/2286/1606 1584/2287/1607
f 1590/2284/1604 1591/2288/1608 2062/2282/1602
f 1592/2289/1609 215/1688/1177 198/1454/1061
f 2123/2290/1596 199/1847/1246 1585/2291/1597
f 1819/2292/1610 2233/2293/1611 2236/2294/1612
f 1512/2295/1613 1570/2253/1579 1561/2256/1582
f 199/1847/1246 1583/2296/848 1585/2291/1597
f 1783/2297/1614 1785/2298/1615 1720/2299/1616
f 1592/2300/1609 1591/2301/1608 210/704/586
f 1623/2302/1617 1708/2303/1618 1622/2304/1619
f 1683/2305/1620 1688/2306/1621 1686/2307/1622
f 2213/2308/1623 1811/2309/1624 1812/2310/1625
f 1592/2300/1609 210/704/586 215/2311/1177
f 1596/2312/1626 1303/1641/1158 1591/2301/1608
f 1465/2126/1460 1473/2313/1514 1472/2132/1466
f 2290/2314/1627 2292/2315/1628 2294/2316/1629
f 2080/2317/1630 2061/2318/1631 2070/2319/1632
f 2003/2320/1633 1994/2321/1634 1996/2322/1635
f 1788/2323/1589 1780/2324/1636 1796/2325/1637
f 1564/2326/1638 168/668/552 169/1780/1224
f 1635/43/43 1633/2327/1639 32/145/126
f 2279/2328/1640 2286/2329/1641 2281/2330/1642
f 2331/2331/1643 2336/2332/1644 2241/2333/1645
f 2006/2334/1646 1892/2335/1647 2003/2320/1633
f 1754/2336/1648 1761/2337/1649 1756/2338/1650
f 2341/2339/1651 2338/2340/1652 2337/2341/1653
f 1906/2342/1654 1908/2343/1655 1913/2344/1656
f 2179/2345/1657 2183/2346/1658 2357/2347/1659
f 2113/2348/1660 2105/2349/1661 2116/2350/1662
f 1982/2351/1663 1893/2352/1664 2005/2353/1665
f 2127/2354/1666 2150/2355/1667 2151/2356/1668
f 1775/2357/1669 1786/2358/1670 1776/2359/1671
f 1668/2360/1672 1665/2361/1673 1685/2362/1674
f 1952/2363/1675 1951/2364/1676 1954/2365/1677
f 1527/2366/1678 1501/2367/1679 1537/2368/1453
f 1578/2369/1680 1581/2370/1681 1579/2371/1682
f 2188/2372/1683 1748/2214/1551 1799/2373/1684
f 1527/2366/1678 1530/2222/1556 1529/2374/1685
f 1691/2375/1686 1687/2376/1687 1690/2377/1688
f 1874/2378/1689 1882/2379/1690 1881/2380/1691
f 1663/2381/1692 1664/2382/1693 1658/2383/1694
f 1647/2384/1695 1653/2385/1696 1644/2386/1697
f 2170/2387/1698 2481/2388/1699 2166/2389/1700
f 1709/2390/1701 1655/2391/1702 1656/2392/1703
f 2359/2393/1704 2307/2394/1705 2343/2395/1706
f 2253/2396/1707 1822/2237/1567 1823/2397/1708
f 2065/2285/1605 1593/2283/1603 1589/2286/1606
f 1691/2375/1686 1683/2305/1620 1687/2376/1687
f 2348/2398/1709 2347/2399/1710 1702/2400/1711
f 1553/2401/1712 1548/2402/1713 1557/2403/1714
f 1768/2404/1715 1769/2405/1716 1770/2406/1717
f 2119/2407/1718 2110/2408/1719 2108/2409/1720
f 2235/2410/1721 2238/2411/1722 2262/2412/1723
f 1722/2413/1724 1717/2414/1725 1775/2357/1669
f 2207/2244/1472 2219/2415/1726 2217/2416/1471
f 2018/2417/1727 2019/2418/1728 2017/2419/1729
f 2225/2420/1730 1619/2421/1731 1630/2422/1732
f 1621/8/8 1622/2304/1619 1708/2423/1618
f 1561/2256/1582 1574/2424/1733 1573/2257/1583
f 1619/2421/1731 1634/61/60 1637/2425/1734
f 1726/2426/1735 1715/2427/1736 1724/2428/1737
f 1978/2429/1738 1976/2430/1739 1975/2431/1740
f 1643/2432/1741 1650/2433/1742 1653/2434/1696
f 1976/2430/1739 1977/2435/1743 1973/2436/1744
f 2098/2437/1745 2126/2438/1746 2127/2439/1666
f 1676/2440/1747 1674/2441/1748 1675/2442/1749
f 1667/2443/1750 1666/2444/1751 1658/2445/1694
f 1799/2446/1684 2187/2447/1752 2188/2448/1683
f 1716/2449/1753 2206/2450/1754 1813/2451/1755
f 1778/2262/1588 1779/2452/1756 1776/2453/1671
f 1849/2454/1757 1794/2455/1758 1791/2456/1759
f 1939/2457/1760 1940/2458/1761 1936/2459/1762
f 1801/2460/1763 1811/2461/1624 1715/2462/1736
f 2231/2463/1764 1833/2464/1765 2297/2465/1766
f 1865/2466/1767 1838/2467/1768 1876/2468/1769
f 1879/2469/1770 1873/2470/1771 1880/2471/1772
f 1325/2472/1389 2040/2473/1392 1312/2474/1387
f 1842/2475/1773 1827/2476/1774 2218/2477/1775
f 1993/2478/1776 2003/2320/1633 1996/2322/1635
f 1936/2459/1762 1940/2458/1761 1945/2479/1777
f 1942/2480/1778 1940/2458/1761 1939/2457/1760
f 1885/2481/1571 1951/2364/1676 1952/2363/1675
f 1904/2482/1779 1902/2483/1780 1905/2484/1781
f 1907/2485/1782 1971/2486/1783 1967/2487/1784
f 1963/2488/1785 1969/2489/1786 1970/2490/1787
f 1984/2491/1788 1891/2492/1789 1893/2493/1664
f 2073/2494/1790 2080/2495/1630 2079/2496/1791
f 1676/2440/1747 1677/2497/1792 1674/2441/1748
f 2124/2498/1793 2119/2407/1718 1587/2499/1794
f 1303/1641/1158 212/298/259 210/704/586
f 1604/2500/1795 1601/2501/1796 1606/2502/1797
f 1747/2503/1798 1601/2501/1796 1604/2500/1795
f 1747/2503/1798 1603/2504/1799 1601/2501/1796
f 5/83/80 1601/2501/1796 1603/2504/1799
f 5/83/80 1603/2504/1799 1600/147/128
f 1607/2505/1800 2522/2506/1801 1617/2507/1802
f 1603/2504/1799 1747/2503/1798 1604/2508/1795
f 1604/2508/1795 1615/2509/1803 1603/2504/1799
f 2152/2510/1804 2160/2511/1805 2165/2512/1601
f 1663/2381/1692 1658/2383/1694 1659/2513/1806
f 1620/2514/1807 1631/2515/1808 2203/2516/1809
f 2313/2517/1810 2318/2518/1811 2309/2519/1812
f 2061/2318/1631 2068/2520/1813 2070/2319/1632
f 1797/2521/1814 2291/2522/1815 2292/2315/1628
f 1616/2523/1816 2198/2524/1817 2225/2420/1730
f 2225/2420/1730 1630/2422/1732 1616/2523/1816
f 11/120/13 10/2525/15 1626/16/16
f 1624/2526/1818 2223/2527/1819 1619/2421/1731
f 1764/2528/1820 1740/2529/1821 1741/2530/1822
f 1665/2361/1673 1681/2531/1823 1685/2362/1674
f 1676/2440/1747 1675/2442/1749 1678/2532/1824
f 1666/2444/1751 1668/2360/1672 1658/2445/1694
f 1681/2531/1823 1667/2443/1750 1685/2362/1674
f 1669/2533/1825 1685/2362/1674 1667/2443/1750
f 1668/2360/1672 1669/2533/1825 1658/2445/1694
f 1888/2239/1569 1906/2534/1654 1894/2535/1826
f 1690/2377/1688 1688/2306/1621 1692/2536/1827
f 1692/2536/1827 1693/2537/1828 1694/2538/1829
f 1681/2539/1823 1686/2307/1622 1679/2540/1830
f 1681/2539/1823 1680/2541/1831 1686/2307/1622
f 1685/2542/1674 1679/2540/1830 1686/2307/1622
f 1971/2486/1783 1970/2490/1787 1968/2543/1832
f 2275/2544/1833 2279/2328/1640 2282/2545/1834
f 1693/2537/1828 1690/2377/1688 1694/2538/1829
f 1344/2546/1421 2431/2547/1835 2430/2548/1836
f 1687/2376/1687 1683/2305/1620 1685/2542/1674
f 1911/2549/1837 2012/2550/1838 1914/2551/1839
f 1739/2552/1840 1741/2553/1822 1742/2554/1841
f 1739/2552/1840 1740/2555/1821 1741/2553/1822
f 1739/2552/1840 1742/2554/1841 1743/2556/1842
f 1739/2552/1840 1738/2557/1843 1740/2555/1821
f 1733/2558/1844 1736/2559/1845 1737/2560/1846
f 1733/2558/1844 1735/2561/1847 1736/2559/1845
f 1733/2558/1844 1732/2562/1848 1735/2561/1847
f 1553/2401/1712 1554/2563/1849 1555/2564/1850
f 1733/2558/1844 1734/2565/1851 1732/2562/1848
f 1727/2566/1852 1734/2565/1851 1731/2567/1853
f 1752/2568/1854 1731/2567/1853 1734/2565/1851
f 1733/2558/1844 1752/2568/1854 1734/2565/1851
f 1733/2558/1844 2010/933/1855 1752/2568/1854
f 1592/2569/1609 2062/2570/1602 1591/2571/1608
f 1724/2428/1737 1730/2572/1856 1603/2573/1799
f 1724/2428/1737 1603/2573/1799 1726/2426/1735
f 1747/2574/1798 1726/2426/1735 1603/2573/1799
f 1604/2575/1795 1726/2426/1735 1747/2574/1798
f 1613/2576/1857 1751/2577/1858 1723/2578/1859
f 1598/2579/100 1723/2578/1859 1751/2577/1858
f 1773/2580/1860 1721/2581/1861 1722/2413/1724
f 1722/2413/1724 1721/2581/1861 1801/2582/1763
f 2226/2583/1862 2284/2584/1863 2290/2585/1627
f 1722/2413/1724 1715/2427/1736 1717/2414/1725
f 1748/2586/1551 1719/2587/1864 1799/2588/1684
f 1734/2589/1851 1753/2590/1865 1752/2591/1854
f 1734/2589/1851 1732/2592/1848 1753/2590/1865
f 2010/2593/1855 1752/2591/1854 1753/2590/1865
f 1732/2592/1848 1735/2594/1847 1753/2590/1865
f 1754/2336/1648 1753/2590/1865 1735/2594/1847
f 1754/2336/1648 1735/2594/1847 1736/2595/1845
f 1736/2595/1845 1737/2596/1846 1754/2336/1648
f 1968/2543/1832 1979/2597/1866 1967/2487/1784
f 1769/2598/1716 1764/2599/1820 1756/2338/1650
f 1764/2599/1820 1763/2600/1867 1756/2338/1650
f 1755/2601/1868 1756/2338/1650 1763/2600/1867
f 1757/2602/1869 1758/2603/1870 1753/2590/1865
f 2010/2593/1855 1753/2590/1865 1758/2603/1870
f 1770/2604/1717 1753/2590/1865 1755/2601/1868
f 1770/2604/1717 1759/2605/1871 1757/2602/1869
f 1741/2530/1822 1742/2606/1841 1764/2528/1820
f 1763/2607/1867 1764/2528/1820 1742/2606/1841
f 2274/2608/1872 2264/2609/1873 2267/2610/1874
f 1789/2611/1875 1796/2325/1637 1777/2612/1876
f 1846/2613/1877 2221/2614/1878 1845/2615/1879
f 1782/2616/1880 2281/2617/1642 1783/2618/1614
f 1657/2619/1881 1656/2392/1703 1655/2391/1702
f 1779/2452/1756 1778/2262/1588 1793/2261/1587
f 1796/2325/1637 1789/2611/1875 1790/2620/1882
f 1792/2621/1883 1847/2622/1884 2281/2617/1642
f 1851/2213/1550 1800/2212/1549 1854/2623/1885
f 2190/2624/1886 1721/2625/1861 1851/2213/1550
f 1721/2625/1861 2190/2624/1886 1801/2460/1763
f 2246/2626/1887 1801/2460/1763 2190/2624/1886
f 2246/2626/1887 2205/2627/1888 1801/2460/1763
f 2234/2628/1889 2247/2629/1890 2205/2627/1888
f 1811/2461/1624 2205/2627/1888 2247/2629/1890
f 1811/2461/1624 2247/2629/1890 1812/2630/1625
f 1811/2461/1624 1812/2630/1625 1715/2462/1736
f 1820/2631/1891 1812/2630/1625 2247/2629/1890
f 2214/2632/1892 1820/2631/1891 1821/2238/1568
f 2207/2138/1472 2217/2137/1471 2208/2633/1893
f 1767/2634/1894 1770/2406/1717 1765/2635/1895
f 2222/2636/1896 1859/2637/1897 1807/2638/1898
f 2243/2639/1899 1807/2638/1898 1859/2637/1897
f 1858/2640/1900 2245/2641/1901 1806/2642/1902
f 2356/2643/1903 2139/2644/1904 2138/2645/1905
f 1751/2646/1858 1803/2647/1906 1598/2648/100
f 1719/2649/1864 2189/2650/1907 1799/2373/1684
f 1834/2651/1908 1821/2238/1568 1820/2631/1891
f 1840/2236/1566 1821/2238/1568 1834/2651/1908
f 1598/111/100 1597/2652/1909 1599/109/30
f 1870/2653/1910 1838/2467/1768 1865/2466/1767
f 1876/2468/1769 1836/2654/1911 1860/2655/1912
f 1827/2476/1774 1842/2475/1773 1844/2656/1913
f 1844/2656/1913 1826/2657/1914 1827/2476/1774
f 2218/2477/1775 2217/2137/1471 1823/2397/1708
f 1866/2658/1915 1860/2655/1912 1836/2654/1911
f 1777/2612/1876 1796/2325/1637 1780/2324/1636
f 1790/2659/1882 1794/2660/1758 1831/2661/1916
f 1869/2662/1917 1864/2663/1918 1873/2470/1771
f 1948/2664/1919 1947/2665/1920 1885/2481/1571
f 1887/2666/1921 1824/2667/1922 1889/2668/1923
f 1824/2667/1922 1887/2666/1921 2185/2669/1924
f 1924/2670/1925 1921/2671/1926 1946/2672/1927
f 1933/2673/1928 1924/2670/1925 1946/2672/1927
f 2242/2674/1929 1628/104/17 1622/2675/1619
f 1925/2676/1930 1917/2677/1931 1926/2678/1932
f 1926/2679/1932 1916/2680/1933 1930/2681/1934
f 1916/2680/1933 1926/2678/1932 1917/2677/1931
f 1962/2682/1935 1961/2683/1936 1960/2684/1937
f 1927/2685/1938 1934/2686/1939 1936/2459/1762
f 1962/2682/1935 1959/2687/1940 1961/2683/1936
f 1957/2688/1941 1956/2689/1942 1959/2687/1940
f 1922/2690/1943 1923/2691/1944 1918/2692/1945
f 1947/2665/1920 1951/2364/1676 1885/2481/1571
f 1952/2363/1675 1969/2693/1786 1948/2664/1919
f 2316/2694/1946 2311/2695/1947 2310/2696/1948
f 1969/2693/1786 1952/2363/1675 1949/2697/1949
f 1966/2698/1950 1964/2699/1951 1968/2543/1832
f 1969/2489/1786 1965/2700/1952 1968/2543/1832
f 1893/2701/1664 1981/2702/1953 1984/2703/1788
f 1884/2704/1954 1887/2666/1921 1889/2668/1923
f 1818/2705/1955 2236/2706/1612 1852/2707/1956
f 2004/2708/1957 2009/2709/1958 2007/2710/1959
f 2001/2711/1960 1994/2321/1634 1995/2712/1961
f 1995/2712/1961 1999/2713/1962 2001/2711/1960
f 2000/2714/1963 2001/2711/1960 1999/2713/1962
f 1993/2715/1776 1995/2712/1961 2006/2716/1646
f 2007/2710/1959 2006/2716/1646 1995/2712/1961
f 2008/2717/1964 2007/2710/1959 2009/2709/1958
f 2009/2709/1958 1997/2718/1965 2008/2717/1964
f 1995/2712/1961 1993/2715/1776 1999/2713/1962
f 1998/2719/1966 1999/2713/1962 1993/2715/1776
f 2016/2720/1967 2015/2062/1444 2014/2721/1968
f 2142/2722/1584 2141/2723/1969 2140/2724/1970
f 183/1706/1187 189/1631/900 1581/2725/1681
f 2063/2726/1971 2066/2727/1972 2069/2728/1973
f 1673/2729/1974 1677/2497/1792 1675/2442/1749
f 1729/2730/1975 1737/2560/1846 1728/2731/1976
f 1645/2732/1977 1648/2733/1978 1654/2734/1979
f 2027/2735/1367 2028/2736/1980 2029/2737/1981
f 2200/2738/1982 1819/2739/1610 1818/2705/1955
f 2158/2740/1983 2154/2741/1984 2155/2742/1985
f 2468/2743/1986 2461/2744/1987 1395/2086/1432
f 1516/2745/1988 2122/2206/1544 141/2085/1431
f 2265/2246/1575 2324/2245/1574 2263/2746/1989
f 1982/2351/1663 2008/2747/1964 1989/2748/1990
f 1973/2436/1744 1975/2431/1740 1976/2430/1739
f 2199/2749/1991 2202/2750/1992 2201/2751/1993
f 2162/2752/1994 2126/2438/1746 2354/2753/1995
f 2233/2293/1611 2303/2754/1996 2312/2755/1997
f 1423/387/1477 1435/386/1488 1426/385/1998
f 2319/2756/1999 2323/2757/2000 2317/2758/2001
f 1729/2730/1975 1740/2555/1821 1738/2557/1843
f 1716/2449/1753 1812/2630/1625 2206/2450/1754
f 1623/2759/1617 2336/2760/1644 2242/2761/1929
f 2120/2762/2002 2121/2763/2003 2163/2764/2004
f 2206/2765/1754 2164/2766/2005 2354/2767/1995
f 1832/2768/2006 1847/2769/1884 2227/2770/2007
f 1444/2771/2008 1443/2772/2009 1445/2773/470
f 2470/2774/2010 2472/2775/2011 1185/1849/1247
f 2129/2776/2012 2161/2777/2013 2128/2778/2014
f 1745/2779/2015 2010/933/1855 1765/2780/1895
f 2291/2522/1815 1797/2521/1814 2289/2781/2016
f 1689/2782/2017 1687/2376/1687 1686/2307/1622
f 1854/2623/1885 1829/2783/2018 2011/2784/2019
f 2226/2583/1862 2227/2785/2007 1853/2786/2020
f 2294/2787/1629 1798/2788/2021 1785/2789/1615
f 1443/2790/2009 1439/2791/2022 1440/2792/1492
f 1919/2793/2023 1932/2794/2024 1929/2795/2025
f 1704/2796/2026 1705/2797/2027 1706/2798/2028
f 2133/2017/1384 2352/2799/2029 2134/2800/2030
f 1463/2167/1464 1541/2166/1456 1411/2801/1557
f 2034/2802/2031 2036/2803/2032 2351/2804/2033
f 1791/2456/1759 1847/2622/1884 1848/2805/2034
f 2430/2548/1836 2431/2547/1835 1136/576/484
f 1641/2806/2035 1639/2807/2036 1648/2808/1978
f 2182/2809/2037 2177/2810/2038 2181/2811/2039
f 1651/2812/2040 1638/2813/2041 1650/2814/1742
f 2037/2815/2042 1318/2095/1424 1316/2107/1429
f 1316/2083/1429 2039/2082/1428 2037/2816/2042
f 1810/2817/2043 1615/2818/1803 1632/2819/2044
f 1670/2820/2045 1669/2533/1825 1671/2821/2046
f 2075/2822/2047 2069/2728/1973 2353/2823/2048
f 2071/2824/2049 2073/2494/1790 2072/2825/2050
f 2079/2496/1791 2058/2826/2051 2050/2827/2051
f 2349/2828/2052 2030/2829/2053 2051/2830/2054
f 2055/2831/1375 2051/2830/2054 2030/2829/2053
f 2055/2831/1375 2053/2832/2055 2051/2830/2054
f 2030/2833/2053 2054/2834/2056 2055/2004/1375
f 2061/2318/1631 2067/2835/2057 2068/2520/1813
f 2061/2318/1631 2080/2317/1630 2084/2836/2058
f 2353/2823/2048 2084/2836/2058 2080/2317/1630
f 2083/2837/2059 2084/2836/2058 2124/2838/1793
f 2084/2836/2058 2353/2823/2048 2069/2728/1973
f 2069/2728/1973 2066/2727/1972 2124/2838/1793
f 2065/2839/1605 2064/2840/2060 1589/2841/1606
f 1961/2683/1936 1956/2689/1942 1958/2842/2061
f 1628/17/17 1626/16/16 1622/2304/1619
f 2069/2728/1973 2124/2838/1793 2084/2836/2058
f 2076/2843/2062 2077/2844/2063 2049/2845/2064
f 1948/2664/1919 1885/2481/1571 1952/2363/1675
f 2076/2843/2062 2075/2822/2047 2077/2844/2063
f 1944/2846/2065 1938/2847/2066 1942/2848/1778
f 166/2232/1240 1564/2849/1638 167/2850/1217
f 1702/2851/1711 1659/2852/1806 1689/2853/2017
f 1817/2854/2067 1857/2855/2068 2211/2856/2069
f 2327/2857/2070 2263/2746/1989 2324/2245/1574
f 1638/2813/2041 1644/2386/1697 1650/2814/1742
f 1619/2421/1731 2202/2858/1992 1630/2422/1732
f 1614/2859/2071 1617/2860/1802 1632/2861/2044
f 1349/2862/1436 1390/2111/1446 2398/2863/1381
f 1757/2602/1869 1759/2605/1871 1760/2864/2072
f 1856/2865/2073 1854/2623/1885 1800/2212/1549
f 1927/2685/1938 1936/2459/1762 1945/2479/1777
f 1979/2597/1866 1963/2488/1785 1970/2490/1787
f 2100/2866/2074 2121/2763/2003 2122/2867/1544
f 1724/2428/1737 1731/2567/1853 1745/2779/2015
f 2031/2868/2075 2033/2869/2075 2350/2870/2075
f 2284/2584/1863 2212/2871/2076 2282/2872/1834
f 2153/2873/2077 2205/2874/1888 2246/2875/1887
f 2576/2876/2078 2577/2877/2079 2087/2878/2080
f 1951/2364/1676 1950/2879/2081 1949/2697/1949
f 2173/2880/2082 2174/2881/2083 2177/2882/2038
f 1439/2883/2022 2145/2884/2084 2136/2885/2085
f 2160/2886/1805 2014/2721/1968 2015/2062/1444
f 2071/2824/2049 2353/2887/2048 2073/2494/1790
f 1572/2888/2086 1570/2253/1579 1512/2889/1613
f 1875/2890/2087 1883/2891/2088 1882/2379/1690
f 1731/2567/1853 1752/2568/1854 2010/933/1855
f 1396/2087/1433 2464/2892/2089 2463/1720/1192
f 1769/2405/1716 1738/2893/1843 1764/2528/1820
f 1948/2664/1919 1969/2693/1786 1966/2894/1950
f 1461/2895/2090 1412/2896/1507 1465/2126/1460
f 2234/2628/1889 1830/2897/2091 1834/2651/1908
f 1294/2089/1434 1551/1774/1220 1295/2080/1426
f 1729/2730/1975 1741/2553/1822 1740/2555/1821
f 1417/2252/1469 1572/2888/2086 1418/2898/2092
f 2388/2899/2093 1344/2071/1421 2384/2900/2094
f 1916/2680/1933 1923/2691/1944 1922/2690/1943
f 2263/2901/1989 2264/2609/1873 2265/2246/1575
f 2141/2723/1969 2144/2902/2095 2147/2903/2096
f 2137/2904/2097 2146/2905/2098 2147/2906/2096
f 2274/2608/1872 2279/2328/1640 2276/2907/2099
f 1935/2908/2100 1931/2909/2101 1945/2910/1777
f 1431/494/1486 1430/171/1485 1432/495/1476
f 1728/2731/1976 1735/2561/1847 1732/2562/1848
f 1821/2911/1568 2282/2912/1834 2212/2871/2076
f 1826/2657/1914 1805/2913/2102 2208/2633/1893
f 2130/2914/1594 2124/2498/1793 1586/2915/1598
f 1576/2916/2103 2119/2407/1718 2124/2498/1793
f 2131/2917/2104 2163/2764/2004 2121/2763/2003
f 1594/2918/1595 2117/2919/2105 2123/2920/1596
f 2130/2921/1594 2117/2919/2105 1594/2918/1595
f 1594/2918/1595 2124/2922/1793 2130/2921/1594
f 2163/2923/2004 2131/2924/2104 2355/2925/2106
f 2132/2926/2107 2134/2800/2030 2352/2799/2029
f 1717/2414/1725 1715/2427/1736 1726/2426/1735
f 2458/908/2108 2452/360/2109 2456/2927/2110
f 1702/2928/1711 2260/2929/2111 2348/2930/1709
f 1714/2931/2112 1713/2932/2113 1712/2933/2114
f 2223/2934/1819 2201/2751/1993 2202/2750/1992
f 2150/2355/1667 2126/2935/1746 2162/2936/1994
f 2150/2355/1667 2162/2936/1994 2354/2937/1995
f 2232/2938/2115 1848/2939/2034 1832/2768/2006
f 2148/2940/2116 2164/2941/2005 2153/2942/2077
f 2081/2943/2117 2158/2740/1983 2165/2512/1601
f 2158/2740/1983 2081/2943/2117 2159/2944/2118
f 2131/2945/2104 2157/2946/2119 2163/2947/2004
f 2168/2948/2120 2167/2949/2121 2169/2950/2122
f 2170/2387/1698 2114/2951/2123 2086/2952/2124
f 2086/2952/2124 2171/2953/2125 2170/2387/1698
f 1538/2156/1451 1447/2149/1496 1537/2158/1453
f 1598/111/100 1606/2502/1797 1601/2501/1796
f 1518/2954/2126 2154/2955/1984 2155/2956/1985
f 2198/2957/1817 1708/2303/1618 1629/2958/2127
f 2299/2959/2128 1798/2960/2021 2300/2961/2129
f 2121/2763/2003 2120/2762/2002 2122/2867/1544
f 2155/2742/1985 2149/2962/2130 2156/2963/2131
f 2226/2583/1862 1853/2786/2020 1856/2964/2073
f 1773/2965/1860 1779/2966/1756 1782/2967/1880
f 1961/2683/1936 1957/2688/1941 1960/2684/1937
f 1943/2968/2132 1936/2459/1762 1934/2686/1939
f 1850/2969/2133 1792/2970/1883 1793/2261/1587
f 2213/2308/1623 1821/2911/1568 2212/2871/2076
f 1617/2971/1802 1810/2817/2043 1632/2819/2044
f 1805/2913/2102 1750/2972/2134 2208/2633/1893
f 2175/2973/2135 2174/2881/2083 2179/2974/1657
f 1312/2474/1387 2040/2473/1392 1323/2975/1437
f 2352/2976/2029 2029/2977/1981 2028/2978/1980
f 2178/2979/2136 2182/2809/2037 2183/2346/1658
f 2175/2973/2135 2176/2980/2137 2174/2881/2083
f 2195/2981/2138 1803/2647/1906 2231/2982/1764
f 2292/2315/1628 2295/2983/2139 2294/2316/1629
f 2252/2984/2140 2184/2985/1559 2250/2986/2141
f 2191/2987/2142 1855/2988/2143 1809/2989/2144
f 2230/2990/2145 2297/2465/1766 2302/2991/2146
f 1531/2992/1458 1485/2177/1517 1502/2176/1516
f 2210/2993/2147 1827/2994/1774 2220/2995/2148
f 2219/2996/1726 2220/2995/2148 1827/2994/1774
f 2220/2995/2148 2219/2996/1726 1805/2997/2102
f 2208/2998/1893 1805/2997/2102 2219/2996/1726
f 1805/2997/2102 2208/2998/1893 2168/2999/2120
f 2228/3000/2149 1854/3001/1885 2011/3002/2019
f 2255/3003/2150 2261/3004/2151 2254/3005/2152
f 2312/2755/1997 2311/3006/1947 2233/2293/1611
f 2259/3007/2153 2255/3008/2150 1631/3009/1808
f 2203/3010/1809 1631/3009/1808 2255/3008/2150
f 2225/3011/1730 1616/3012/1816 2201/2751/1993
f 2214/3013/1892 1821/2911/1568 2213/2308/1623
f 1821/2911/1568 1822/3014/1567 2345/3015/2154
f 1813/3016/1755 2206/2765/1754 2354/2767/1995
f 2217/2416/1471 2219/2415/1726 2218/3017/1775
f 1827/3018/1774 2218/3017/1775 2219/2415/1726
f 2251/3019/2155 1889/3020/1923 2216/2229/1560
f 2216/2229/1560 2185/3021/1924 2251/3019/2155
f 2259/3022/2153 2260/2929/2111 2261/3004/2151
f 1796/3023/1637 2300/2961/2129 2305/3024/2156
f 1789/3025/1875 2300/2961/2129 1796/3023/1637
f 1625/3026/2157 2331/2331/1643 2241/2333/1645
f 2313/2517/1810 2309/2519/1812 2359/2393/1704
f 2305/3024/2156 2359/2393/1704 2309/2519/1812
f 1761/2337/1649 1770/2604/1717 1769/2598/1716
f 1920/3027/2158 1931/2909/2101 1921/2671/1926
f 2205/2874/1888 2164/2766/2005 1811/2309/1624
f 2338/2340/1652 2334/3028/2159 2332/3029/2160
f 2330/3030/2161 2332/3029/2160 2334/3028/2159
f 1502/2176/1516 1493/3031/2162 1503/3032/1555
f 2214/2632/1892 1822/2237/1567 2248/3033/2163
f 2148/2940/2116 2150/2355/1667 2164/2941/2005
f 2249/3034/2164 2252/2984/2140 2250/3035/2141
f 1851/3036/1550 1721/2581/1861 1748/2586/1551
f 1797/3037/1814 1791/2456/1759 2292/3038/1628
f 1953/3039/2165 1949/2697/1949 1952/2363/1675
f 2181/2811/2039 2176/3040/2137 2180/3041/2166
f 1814/3042/1572 1718/3043/2167 1813/2451/1755
f 2138/2645/1905 2136/2885/2085 2356/2643/1903
f 2191/2987/2142 2195/3044/2138 2231/2463/1764
f 2180/3041/2166 2175/3045/2135 2357/2347/1659
f 1989/3046/1990 2008/3047/1964 1997/3048/1965
f 1636/115/103 32/145/126 36/97/90
f 2149/2962/2130 2148/2940/2116 2165/2512/1601
f 1870/2653/1910 1787/3049/2168 1838/2467/1768
f 1737/2596/1846 1759/2605/1871 1754/2336/1648
f 2238/2411/1722 2326/2247/1576 2262/2412/1723
f 2179/2974/1657 2174/2881/2083 2173/2880/2082
f 1985/3050/2169 1989/3046/1990 1988/3051/2170
f 1727/2566/1852 1728/2731/1976 1732/2562/1848
f 1877/3052/2171 1875/2890/2087 1872/3053/2172
f 1644/2386/1697 1641/2806/2035 1640/3054/2173
f 1912/3055/2174 1906/3056/1654 1913/2344/1656
f 1727/2566/1852 1732/2562/1848 1734/2565/1851
f 2026/3057/2175 2021/3058/2176 2025/3059/2177
f 1637/2425/1734 1633/2327/1639 1624/2526/1818
f 2054/2834/2056 2056/1789/1228 1055/1350/1003
f 1856/2865/2073 1829/2783/2018 1854/2623/1885
f 1835/3060/2178 1836/2654/1911 1837/3061/2179
f 1950/2879/2081 1969/2693/1786 1949/2697/1949
f 1695/2265/1591 1679/2540/1830 1682/2266/1592
f 2123/2290/1596 198/1454/1061 199/1847/1246
f 1569/2250/1578 1418/2898/2092 1572/2888/2086
f 1781/3062/2180 1783/2618/1614 2281/2617/1642
f 1786/2358/1670 1771/3063/2181 1774/3064/2182
f 2174/2881/2083 2176/2980/2137 2177/2882/2038
f 2045/2079/1425 2037/2816/2042 2039/2082/1428
f 1743/3065/1842 1763/2607/1867 1742/2606/1841
f 2121/2763/2003 2100/2866/2074 2131/2917/2104
f 1593/3066/1603 1589/2841/1606 2124/2838/1793
f 1878/3067/2183 1873/2470/1771 1879/2469/1770
f 1832/2768/2006 1799/3068/1684 2189/2650/1907
f 1605/3069/2184 1726/3070/1735 1606/3071/1797
f 2143/3072/2185 1339/3073/1438 1340/3074/997
f 1841/2210/1547 1863/3075/2186 1862/2211/1548
f 1680/2541/1831 1695/2265/1591 1684/2264/1590
f 1917/2677/1931 1921/2671/1926 1935/2908/2100
f 1699/3076/2187 1698/3077/2188 1700/3078/2189
f 2364/3079/2190 2362/3080/2190 2365/3081/2190
f 1529/3082/1685 1411/2225/1557 1533/2227/1558
f 1874/2378/1689 1880/2471/1772 1873/2470/1771
f 2303/3083/1996 2230/2990/2145 2302/2991/2146
f 1980/3084/2191 1891/2492/1789 1984/2491/1788
f 1527/2366/1678 1524/3085/2192 1523/3086/2193
f 2283/3087/2194 2290/2314/1627 2284/3088/1863
f 1622/2304/1619 1627/3089/2195 1623/2302/1617
f 1719/2587/1864 2196/3090/2196 2189/2650/1907
f 2108/2409/1720 2109/3091/2197 2119/2407/1718
f 2269/3092/2198 2266/3093/2199 2268/3094/2200
f 2192/3095/2201 2210/2993/2147 2220/2995/2148
f 1417/2135/1469 1418/1168/2092 1568/2133/1467
f 1415/3096/1580 1573/3097/1583 1416/3098/1581
f 1573/3097/1583 1574/3099/1733 1416/3098/1581
f 2207/2138/1472 1814/3042/1572 1825/2136/1470
f 2308/3100/2202 2301/3101/2203 2305/3024/2156
f 1860/2655/1912 1868/3102/2204 1875/2890/2087
f 1469/2163/1508 1413/3103/2205 1468/2161/1505
f 1534/3104/2206 1540/2167/1459 1470/2167/1510
f 1540/2167/1459 1541/2166/1456 1470/2167/1510
f 1499/2189/1529 1480/2188/1528 1481/3105/2207
f 1867/2209/1546 1843/3106/2208 1841/2210/1547
f 1530/2222/1556 1473/2221/1514 1542/3107/1509
f 1304/3108/1430 1517/2205/1543 1513/3109/2209
f 1533/3110/1558 1503/2218/1555 1505/3111/1522
f 1533/3110/1558 1505/3111/1522 1520/3112/2210
f 1523/3086/2193 1520/3112/2210 1497/3113/1537
f 1408/3114/1525 1499/3115/1529 1523/3086/2193
f 1497/3113/1537 1408/3114/1525 1523/3086/2193
f 1614/2859/2071 2199/3116/1991 1631/2515/1808
f 1962/2682/1935 1960/2684/1937 1959/2687/1940
f 1888/2239/1569 1890/3117/2211 1886/2240/1570
f 1300/1753/1208 1298/2076/1422 1561/3118/1582
f 2297/3119/1766 2301/3101/2203 2302/3120/2146
f 1582/2268/1593 1576/3121/2103 1587/3122/1794
f 1395/3123/1432 2444/3124/2212 2443/3125/2213
f 2311/2695/1947 2308/3100/2202 2310/2696/1948
f 1778/2262/1588 1784/3126/2214 1788/2263/1589
f 2570/3127/2215 2095/3128/2216 2511/3129/2217
f 2215/2230/1561 2253/3130/1707 2249/3034/2164
f 1891/3131/1789 1892/3132/1647 1893/2352/1664
f 1892/3132/1647 2005/3133/1665 1893/2352/1664
f 1988/3051/2170 1989/3046/1990 1990/3134/2218
f 1990/3134/2218 1989/3046/1990 1991/3135/2219
f 1685/2542/1674 1683/2305/1620 1682/2266/1592
f 1856/2865/2073 1853/3136/2020 1847/2769/1884
f 1720/2299/1616 1772/3137/2220 1783/2297/1614
f 1623/2302/1617 2225/2420/1730 1708/2303/1618
f 1688/2306/1621 1689/2782/2017 1686/2307/1622
f 1684/2264/1590 1683/2305/1620 1686/2307/1622
f 2192/3095/2201 1805/2997/2102 2169/3138/2122
f 1765/2780/1895 1733/2558/1844 1739/2552/1840
f 2097/3139/2221 2186/3140/124 2093/3141/125
f 1958/2842/2061 1955/3142/2222 1957/2688/1941
f 1996/2322/1635 1994/2321/1634 2001/2711/1960
f 1510/2208/1541 141/2085/1431 2122/2206/1544
f 1582/2268/1593 183/2267/1187 1578/2369/1680
f 1575/3143/2223 1582/2268/1593 1578/2369/1680
f 1871/3144/2224 1864/2663/1918 1870/2653/1910
f 1541/2226/1456 1540/3145/1459 1453/3146/1564
f 1453/3146/1564 1540/3145/1459 1535/3147/1565
f 1540/3145/1459 1534/3148/2206 1535/3147/1565
f 1535/3147/1565 1534/3148/2206 1539/3149/1461
f 1536/3150/1502 1535/3147/1565 1539/3149/1461
f 1536/3150/1502 1539/3149/1461 1459/3151/1511
f 1472/2224/1466 1530/2222/1556 1527/2366/1678
f 2157/2946/2119 2159/2944/2118 2163/2947/2004
f 1459/3151/1511 1472/2224/1466 1527/2366/1678
f 1502/2220/1516 1532/3152/1501 1531/3153/1458
f 1855/2988/2143 2229/3154/2225 2233/2293/1611
f 2142/2258/1584 2134/3155/2030 2091/3156/2226
f 2279/2328/1640 2277/3157/2227 2286/2329/1641
f 1587/2499/1794 2117/2919/2105 1586/2915/1598
f 2341/2339/1651 74/58/57 2338/2340/1652
f 6/134/28 1609/3158/2228 10/15/15
f 2127/2354/1666 2126/2935/1746 2150/2355/1667
f 1810/2817/2043 2200/2738/1982 1604/3159/1795
f 2200/2738/1982 1809/3160/2144 1726/3161/1735
f 2200/2738/1982 1726/3161/1735 1604/3159/1795
f 1668/2360/1672 1666/2444/1751 1665/2361/1673
f 1717/2414/1725 1726/2426/1735 1775/2357/1669
f 1981/2702/1953 1986/3162/2229 1984/2703/1788
f 2188/2372/1683 1800/2212/1549 1748/2214/1551
f 1874/2378/1689 1875/2890/2087 1882/2379/1690
f 1677/2497/1792 1672/3163/2230 1674/2441/1748
f 1978/2429/1738 1975/2431/1740 1977/2435/1743
f 1663/2381/1692 1711/3164/2231 1664/2382/1693
f 1457/3165/2232 1446/2146/1494 1451/2148/1495
f 2359/2393/1704 2300/2961/2129 2307/2394/1705
f 1823/2397/1708 1889/2668/1923 1824/2667/1922
f 1323/2093/1437 2044/3166/2233 2039/2082/1428
f 1691/2375/1686 1688/2306/1621 1683/2305/1620
f 1640/3167/2173 1641/3168/2035 1642/3169/2234
f 1810/2817/2043 2245/2641/1901 2200/2738/1982
f 2053/2832/2055 2060/3170/2235 2052/3171/2236
f 2052/3171/2236 2051/2830/2054 2053/2832/2055
f 1691/2375/1686 1693/2537/1828 1688/2306/1621
f 1693/2537/1828 1692/2536/1827 1688/2306/1621
f 2204/3172/2237 1624/2526/1818 1618/3173/2238
f 1770/2406/1717 1767/2634/1894 1768/2404/1715
f 1768/2404/1715 1766/3174/2239 1769/2405/1716
f 1885/2241/1571 2185/2669/1924 1894/2535/1826
f 1906/2534/1654 1885/2241/1571 1894/2535/1826
f 1987/3175/2240 1984/2491/1788 1986/3176/2229
f 2289/2781/2016 2290/2314/1627 2281/2330/1642
f 1321/3177/1393 1325/3178/1389 2042/3179/2241
f 2018/2417/1727 2013/3180/2242 2019/2418/1728
f 1634/61/60 1619/2421/1731 1611/3181/2243
f 2225/2420/1730 1623/2302/1617 1619/2421/1731
f 1726/3070/1735 1723/2578/1859 1725/3182/2244
f 1561/2256/1582 1570/2253/1579 1574/2424/1733
f 1566/770/642 1565/3183/1562 165/771/643
f 1534/3104/2206 1459/2168/1511 1539/3184/1461
f 2107/3185/2245 2111/3186/2246 2115/3187/2247
f 1872/3053/2172 1869/2662/1917 1873/2470/1771
f 1643/2432/1741 1652/3188/2248 1650/2433/1742
f 1659/2852/1806 1713/3189/2113 1704/3190/2026
f 2129/3191/2012 2101/3192/2249 2127/2439/1666
f 2101/3192/2249 2098/2437/1745 2127/2439/1666
f 2098/2437/1745 2354/2753/1995 2126/2438/1746
f 1675/2442/1749 1674/2441/1748 1673/2729/1974
f 1512/3193/1613 1511/2202/1540 1563/2204/1542
f 1693/2537/1828 1691/2375/1686 1690/2377/1688
f 1688/2306/1621 1690/2377/1688 1689/2782/2017
f 1777/2612/1876 1784/3194/2214 1786/3195/1670
f 1609/3196/2228 6/28/28 1599/109/30
f 1769/2598/1716 1756/2338/1650 1761/2337/1649
f 1774/3064/2182 1720/2299/1616 1785/2298/1615
f 1777/3197/1876 1774/3064/2182 1785/2298/1615
f 1576/3198/2103 198/3199/1061 1587/3200/1794
f 1728/2731/1976 1736/2559/1845 1735/2561/1847
f 1678/2532/1824 1675/2442/1749 1677/2497/1792
f 1788/2323/1589 1784/3194/2214 1780/2324/1636
f 1776/2453/1671 1786/3201/1670 1784/3126/2214
f 1784/3126/2214 1778/2262/1588 1776/2453/1671
f 1941/3202/2250 1939/2457/1760 1936/2459/1762
f 1802/3203/2251 1809/3160/2144 1855/3204/2143
f 1805/2913/2102 1826/2657/1914 1815/3205/2252
f 1801/2460/1763 2205/2627/1888 1811/2461/1624
f 1852/2707/1956 1838/2467/1768 1787/3049/2168
f 1852/2707/1956 1787/3049/2168 1795/3206/2253
f 1864/2663/1918 1863/3075/2186 1870/2653/1910
f 1840/2236/1566 1823/2397/1708 1822/2237/1567
f 1325/2472/1389 1321/3207/1393 2040/2473/1392
f 1524/3085/2192 1525/3208/2254 1523/3086/2193
f 1683/2305/1620 1684/2264/1590 1682/2266/1592
f 2206/2450/1754 1820/2631/1891 2214/2632/1892
f 1927/3209/1938 1915/3210/2255 1934/3211/1939
f 1933/3212/1928 1946/3213/1927 1931/3214/2101
f 1942/2480/1778 1938/3215/2066 1940/2458/1761
f 1957/2688/1941 1955/3142/2222 1954/2365/1677
f 1687/2376/1687 1685/2542/1674 1686/2307/1622
f 1967/2487/1784 1971/2486/1783 1968/2543/1832
f 1907/2485/1782 1973/2436/1744 1971/2486/1783
f 1975/2431/1740 1973/2436/1744 1907/2485/1782
f 1963/2488/1785 1965/2700/1952 1969/2489/1786
f 1975/2431/1740 1972/3216/2256 1974/3217/2257
f 1977/2435/1743 1975/2431/1740 1974/3217/2257
f 1670/2820/2045 1672/3163/2230 1668/2360/1672
f 58/3218/2258 57/27/27 2088/3219/1554
f 1829/2783/2018 1830/2897/2091 2011/2784/2019
f 2138/2645/1905 2139/2644/1904 1335/2100/1440
f 1673/2729/1974 1674/2441/1748 1670/2820/2045
f 1788/2323/1589 1796/2325/1637 1790/2620/1882
f 1793/2261/1587 1792/2621/1883 2281/2617/1642
f 1794/3220/1758 1790/2620/1882 1789/3221/1875
f 1794/3220/1758 1789/3221/1875 1798/2788/2021
f 1790/2620/1882 1787/3222/2168 1788/2323/1589
f 2118/3223/2259 2116/2350/1662 2106/3224/2260
f 1987/3225/2240 1989/3046/1990 1997/3226/1965
f 10/2525/15 1612/3227/2261 1627/3089/2195
f 2216/2229/1560 1889/3020/1923 1823/3228/1708
f 1822/3014/1567 2253/3130/1707 2215/2230/1561
f 2197/3229/2262 1819/2292/1610 2200/3230/1982
f 2197/3229/2262 1809/2989/2144 1855/2988/2143
f 2159/3231/2118 2081/3232/2117 2067/2835/2057
f 2081/3232/2117 2165/2281/1601 2082/2280/1600
f 2081/3232/2117 2082/2280/1600 2067/2835/2057
f 2338/2340/1652 2342/3233/2263 2337/2341/1653
f 1649/3234/2264 1651/2812/2040 1709/3235/1701
f 1802/3203/2251 1855/3204/2143 1831/2661/1916
f 1791/2456/1759 1848/2805/2034 1849/2454/1757
f 1716/3236/1753 1728/2731/1976 1727/2566/1852
f 2150/2355/1667 2354/3237/1995 2164/2941/2005
f 1814/2242/1572 1813/3016/1755 2104/3238/2265
f 1813/3016/1755 2354/2767/1995 2104/3238/2265
f 1770/2604/1717 1757/2602/1869 1753/2590/1865
f 1770/2604/1717 1761/2337/1649 1759/2605/1871
f 2274/2608/1872 2276/2907/2099 2264/2609/1873
f 1846/2613/1877 1828/3239/2266 2221/2614/1878
f 1797/3037/1814 2292/3038/1628 1783/2618/1614
f 2272/3240/2267 2279/2328/1640 2275/2544/1833
f 1998/3241/1966 1993/2478/1776 2002/3242/2268
f 2245/2641/1901 1810/2817/2043 1806/2642/1902
f 1954/2365/1677 1955/3142/2222 1952/2363/1675
f 2232/2938/2115 1833/3243/1765 1849/3244/1757
f 1954/2365/1677 1951/2364/1676 1949/2697/1949
f 1869/2662/1917 1867/2209/1546 1864/2663/1918
f 2026/3245/2175 2022/3246/2269 2021/3058/2176
f 1938/2847/2066 1935/2908/2100 1945/2479/1777
f 2316/2694/1946 2239/3247/2270 2311/2695/1947
f 2450/1497/2271 2453/3248/2272 2455/1496/2273
f 2201/2751/1993 1616/3012/1816 2197/3229/2262
f 2211/2856/2069 1858/3249/1900 2245/3250/1901
f 1974/3217/2257 1971/2486/1783 1973/2436/1744
f 1825/3251/1470 1889/3020/1923 2251/3019/2155
f 1828/3239/2266 2222/2636/1896 2221/2614/1878
f 2286/2329/1641 2277/3157/2227 2285/3252/2274
f 2335/3253/2275 2342/3233/2263 2338/2340/1652
f 1677/2497/1792 1676/2440/1747 1678/2532/1824
f 1835/3060/2178 1867/2209/1546 1861/3254/2276
f 2290/2585/1627 2232/3255/2115 1832/3256/2006
f 1970/2490/1787 1967/2487/1784 1979/2597/1866
f 2179/2345/1657 2173/3257/2082 2183/2346/1658
f 1976/2430/1739 1978/2429/1738 1977/2435/1743
f 2097/3258/2221 1808/3259/2277 2195/3044/2138
f 1855/3204/2143 1809/3160/2144 1818/2705/1955
f 1809/3160/2144 2200/2738/1982 1818/2705/1955
f 1763/2607/1867 1743/3065/1842 1744/3260/2278
f 1494/3261/1448 1492/3262/2279 1507/2191/1531
f 1492/3262/2279 1508/2178/1518 1507/2191/1531
f 1507/2191/1531 1498/2186/1526 1497/2198/1537
f 1408/2185/1525 1497/2198/1537 1498/2186/1526
f 1891/3131/1789 1983/3263/2280 1892/3132/1647
f 1520/3112/2210 1521/3264/2281 1522/3265/2282
f 1982/2351/1663 2005/2353/1665 2008/2747/1964
f 1956/2689/1942 1957/2688/1941 1954/2365/1677
f 1546/3266/2283 1555/2564/1850 1545/3267/2284
f 1338/2018/1385 2146/2905/2098 1337/3268/1386
f 1719/2587/1864 1723/2578/1859 1598/2579/100
f 2233/2293/1611 2229/3154/2225 2303/2754/1996
f 1716/2449/1753 1715/2462/1736 1812/2630/1625
f 1725/3182/2244 1774/3064/2182 1771/3063/2181
f 1850/3269/2133 1793/2261/1587 1787/3222/2168
f 2242/2761/1929 1622/3270/1619 1623/2759/1617
f 2206/2765/1754 1812/2310/1625 2164/2766/2005
f 1745/2779/2015 1731/2567/1853 2010/933/1855
f 1689/2782/2017 1690/2377/1688 1687/2376/1687
f 1633/2327/1639 1637/2425/1734 32/145/126
f 1674/2441/1748 1672/3163/2230 1670/2820/2045
f 1443/2790/2009 1444/2771/2008 1439/2791/2022
f 1919/2793/2023 1923/2691/1944 1932/2794/2024
f 2027/1992/1367 2029/2977/1981 2352/2976/2029
f 1890/3117/2211 2253/2396/1707 1886/2240/1570
f 1854/2623/1885 2190/2624/1886 1851/2213/1550
f 2027/2073/1367 2352/2799/2029 2133/2017/1384
f 2037/2815/2042 2038/3271/2285 1318/2095/1424
f 2236/2706/1612 1839/3272/2286 1852/2707/1956
f 1816/3273/2287 1846/2613/1877 1839/3272/2286
f 1671/2821/2046 1677/2497/1792 1670/2820/2045
f 1677/2497/1792 1673/2729/1974 1670/2820/2045
f 1896/3274/2288 1899/3275/2289 1897/3276/2290
f 2054/2834/2056 1055/1350/1003 2055/2004/1375
f 1961/2683/1936 1959/2687/1940 1956/2689/1942
f 2173/3257/2082 2178/2979/2136 2183/2346/1658
f 1955/3142/2222 1953/3039/2165 1952/2363/1675
f 2117/2919/2105 2130/2914/1594 1586/2915/1598
f 1455/2118/1452 1531/2124/1458 1409/3277/1497
f 1638/2813/2041 1641/2806/2035 1644/2386/1697
f 2305/3024/2156 2300/2961/2129 2359/2393/1704
f 1619/2421/1731 2223/2527/1819 2202/2858/1992
f 1623/2302/1617 1627/3089/2195 1619/2421/1731
f 1672/3163/2230 1677/2497/1792 1671/2821/2046
f 1955/3142/2222 1958/2842/2061 1953/3039/2165
f 1953/3039/2165 1958/2842/2061 1954/2365/1677
f 1958/2842/2061 1956/2689/1942 1954/2365/1677
f 1954/2365/1677 1949/2697/1949 1953/3039/2165
f 16/9/9 1708/2423/1618 1629/3278/2127
f 2071/2824/2049 2075/3279/2047 2353/2887/2048
f 1763/2600/1867 1770/2604/1717 1755/2601/1868
f 1769/2405/1716 1766/3174/2239 1738/2893/1843
f 1916/2680/1933 1915/3210/2255 1923/2691/1944
f 2320/3280/2291 2321/3281/2292 2318/2518/1811
f 2263/2901/1989 2267/2610/1874 2264/2609/1873
f 1658/2383/1694 1696/3282/2293 1659/2513/1806
f 2146/2905/2098 2141/2723/1969 2147/2903/2096
f 1652/3188/2248 1657/2619/1881 1655/2391/1702
f 1510/2203/1541 1560/2233/1563 1563/2204/1542
f 2282/2545/1834 2283/3087/2194 2284/3088/1863
f 1821/2911/1568 2345/3015/2154 2282/2912/1834
f 1672/3163/2230 1671/2821/2046 1668/2360/1672
f 2208/2633/1893 2217/2137/1471 1826/2657/1914
f 2096/3283/2294 2172/2260/1586 2094/2259/1585
f 2102/3284/2295 2100/2866/2074 2117/2919/2105
f 1702/2928/1711 2261/3004/2151 2260/2929/2111
f 2137/3285/2097 1439/2883/2022 2136/2885/2085
f 2323/2757/2000 2325/3286/2296 2322/3287/2297
f 1669/2533/1825 1670/2820/2045 1685/2362/1674
f 2147/2906/2096 2144/2902/2095 2145/3288/2084
f 2214/3013/1892 1812/2310/1625 2206/2765/1754
f 2114/2951/2123 2170/2387/1698 2166/2389/1700
f 1474/2165/1463 1414/2160/1462 1460/2159/1503
f 1924/2670/1925 1919/2793/2023 1920/3027/2158
f 73/60/59 2361/3289/2298 2334/3028/2159
f 1916/2680/1933 1922/2690/1943 1930/2681/1934
f 1518/2954/2126 2100/3290/2074 2154/2955/1984
f 1529/2374/1685 1460/2159/1503 1413/3103/2205
f 2295/2983/2139 2300/2961/2129 1798/2960/2021
f 2300/2961/2129 1789/3025/1875 2299/2959/2128
f 1951/2364/1676 1947/2665/1920 1950/2879/2081
f 1719/2587/1864 1808/3291/2277 2196/3090/2196
f 1522/3265/2282 1529/2374/1685 1520/3112/2210
f 1961/2683/1936 1958/2842/2061 1957/2688/1941
f 1782/2967/1880 1783/2297/1614 1772/3137/2220
f 1772/3137/2220 1773/2965/1860 1782/2967/1880
f 2357/2347/1659 2175/3045/2135 2179/2345/1657
f 1439/3292/2022 2147/2906/2096 2145/3293/2084
f 2202/2858/1992 2199/3116/1991 1630/2422/1732
f 1970/2490/1787 1969/2489/1786 1968/2543/1832
f 1690/2377/1688 1692/2536/1827 1694/2538/1829
f 2199/3116/1991 1604/3294/1795 1630/2422/1732
f 2173/3257/2082 2177/2810/2038 2178/2979/2136
f 2292/2315/1628 2291/2522/1815 2295/2983/2139
f 1875/2890/2087 1874/2378/1689 1871/3144/2224
f 1892/2335/1647 1997/2718/1965 2009/2709/1958
f 2238/3295/1722 2235/3296/1721 2209/3297/2299
f 2255/3003/2150 2259/3022/2153 2261/3004/2151
f 2147/2906/2096 1439/3292/2022 2137/2904/2097
f 2233/2293/1611 2197/3229/2262 1855/2988/2143
f 2273/3298/2300 2278/3299/2301 2274/2608/1872
f 1920/3027/2158 1928/3300/2302 1931/2909/2101
f 2205/2874/1888 2153/2873/2077 2164/2766/2005
f 1321/2034/1393 2042/3301/2241 1318/2095/1424
f 1805/2997/2102 2168/2999/2120 2169/3138/2122
f 1728/2731/1976 1737/2560/1846 1736/2559/1845
f 1514/2207/1545 2156/3302/2131 2155/3303/1985
f 1798/2788/2021 1789/3221/1875 1777/3304/1876
f 1777/3304/1876 1785/2789/1615 1798/2788/2021
f 1823/2397/1708 1842/2475/1773 2218/2477/1775
f 2181/2811/2039 2177/2810/2038 2176/3040/2137
f 1718/3043/2167 1716/2449/1753 1813/2451/1755
f 1850/3305/2133 1787/3049/2168 1863/3075/2186
f 1787/3049/2168 1870/2653/1910 1863/3075/2186
f 1515/3306/2303 1514/2207/1545 1304/3307/1430
f 2379/3308/2304 2382/3309/2305 2383/3310/2306
f 1748/2586/1551 1773/2580/1860 1772/3311/2220
f 2180/3041/2166 2176/3040/2137 2175/3045/2135
f 2209/3297/2299 2235/3296/1721 2210/2993/2147
f 2234/3312/1889 2247/3313/1890 2213/2308/1623
f 2234/3312/1889 2213/2308/1623 2212/2871/2076
f 2336/2760/1644 1623/2759/1617 2224/3314/2307
f 1876/2468/1769 1860/2655/1912 1865/2466/1767
f 2187/2447/1752 1800/3315/1549 2188/2448/1683
f 1653/2385/1696 1650/2814/1742 1644/2386/1697
f 1722/2413/1724 1801/2582/1763 1715/2427/1736
f 2284/2584/1863 2226/2583/1862 2228/3000/2149
f 1737/2596/1846 1760/2864/2072 1759/2605/1871
f 2178/2979/2136 2177/2810/2038 2182/2809/2037
f 1668/2360/1672 1671/2821/2046 1669/2533/1825
f 1877/3052/2171 1883/2891/2088 1875/2890/2087
f 2151/2356/1668 2131/3316/2104 2355/3317/2106
f 2100/2866/2074 2102/3284/2295 2099/3318/2308
f 1533/3319/1558 1541/3320/1456 1449/3321/2309
f 1541/3320/1456 1453/2234/1564 1449/3321/2309
f 1784/3194/2214 1777/2612/1876 1780/2324/1636
f 1775/2357/1669 1776/2359/1671 1722/2413/1724
f 2045/2079/1425 2038/3322/2285 2037/2816/2042
f 1538/3323/1451 1531/3324/1458 1532/3325/1501
f 1791/2456/1759 2281/2617/1642 1847/2622/1884
f 2165/3326/1601 2160/3327/1805 2057/3328/1599
f 1899/3329/2289 1901/3330/2310 1904/2482/1779
f 1670/2820/2045 1668/2360/1672 1685/2362/1674
f 2136/2885/2085 2145/2884/2084 2356/2643/1903
f 1996/2322/1635 2001/2711/1960 2002/3242/2268
f 1730/2572/1856 1743/2556/1842 1742/2554/1841
f 1742/2554/1841 1741/2553/1822 1729/2730/1975
f 1729/2730/1975 1730/2572/1856 1742/2554/1841
f 2206/2450/1754 2248/3331/2163 2214/3013/1892
f 1496/3332/2311 1499/2189/1529 1501/3333/1679
f 1555/2564/1850 1559/3334/2312 1543/3335/2313
f 2257/3336/2314 2260/3337/2111 2245/3250/1901
f 1773/2965/1860 1722/3338/1724 1776/2359/1671
f 1812/2310/1625 1811/2309/1624 2164/2766/2005
f 1874/2378/1689 1881/2380/1691 1880/2471/1772
f 1791/2456/1759 1798/2788/2021 2294/2787/1629
f 2063/2726/1971 1590/3339/1604 2062/3340/1602
f 2301/3101/2203 1796/3023/1637 2305/3024/2156
f 1396/3341/1433 2469/3342/2315 2466/3343/2316
f 1622/2304/1619 1626/16/16 1627/3089/2195
f 2366/3344/2317 2368/3345/2318 2367/3346/2317
f 2368/3347/2318 2369/3348/2319 2371/3349/2320
f 2372/3350/2321 2371/3349/2320 2369/3348/2319
f 2370/3351/2322 2371/3349/2320 2372/3350/2321
f 2373/3352/2323 2375/3353/2324 2374/3354/2325
f 2375/3355/2324 2378/3356/2326 2374/3357/2325
f 2378/3356/2326 2375/3355/2324 2373/3358/2323
f 1868/3102/2204 1867/2209/1546 1869/2662/1917
f 2345/3359/2154 2268/3094/2200 2272/3240/2267
f 1814/3042/1572 2248/3033/2163 1825/2136/1470
f 2215/2230/1561 1823/3228/1708 1822/3014/1567
f 2131/3316/2104 2154/2741/1984 2157/3360/2119
f 2090/3361/2327 2189/3362/1907 2196/3363/2196
f 2190/2624/1886 1830/2897/2091 2246/2626/1887
f 2281/2330/1642 2290/2314/1627 2283/3087/2194
f 1581/2370/1681 1577/3364/2328 1579/2371/1682
f 2403/3365/2329 2400/1983/1360 2399/3366/2330
f 2151/2356/1668 2099/3367/2308 2129/2776/2012
f 2443/3368/2213 2444/3124/2212 2446/3369/2331
f 2415/3370/2332 2408/3371/2333 2412/3372/2332
f 1915/3210/2255 1917/2677/1931 1935/2908/2100
f 1830/3373/2091 2234/3312/1889 2212/2871/2076
f 177/1768/841 167/1769/1217 1564/3374/1638
f 1934/3211/1939 1937/3375/2334 1943/3376/2132
f 2388/2899/2093 2389/3377/2335 1345/2090/1435
f 2391/3378/2336 2390/3379/2337 2385/3380/2338
f 2336/2760/1644 2223/2934/1819 2241/3381/1645
f 2388/2899/2093 2384/2900/2094 1342/2042/1398
f 1344/2071/1421 2430/3382/1836 2385/3380/2338
f 2403/3365/2329 2399/3366/2330 2404/3383/2339
f 2405/3384/2340 2404/3383/2339 2399/3366/2330
f 2401/2046/1401 2405/3384/2340 2399/3366/2330
f 1586/2276/1598 1582/2268/1593 1587/3122/1794
f 2149/2962/2130 2154/2741/1984 2151/2356/1668
f 2435/3385/2341 2434/3386/2342 2397/3387/2343
f 1345/2090/1435 2389/3377/2335 2387/3388/2344
f 2406/3389/2345 2407/3390/2345 1371/3391/2345
f 2384/2900/2094 1344/2071/1421 2385/3380/2338
f 2433/2110/1445 1390/2111/1446 1349/2862/1436
f 2434/3386/2342 2436/3392/2346 2394/3393/2347
f 1390/2111/1446 2435/3385/2341 2398/2863/1381
f 2435/3385/2341 2397/3387/2343 2396/3394/2348
f 1342/2042/1398 2384/2900/2094 1343/1481/1078
f 2430/3382/1836 2391/3378/2336 2385/3380/2338
f 2396/3394/2348 2398/2863/1381 2435/3385/2341
f 2433/2110/1445 1349/2862/1436 2395/3395/2349
f 2436/3392/2346 2395/3395/2349 2393/3396/2350
f 2431/2547/1835 1142/1486/1082 1136/576/484
f 2103/2243/1573 2208/3397/1893 2207/2244/1472
f 1653/2385/1696 1647/2384/1695 1646/3398/2351
f 2465/2099/1439 2466/3343/2316 2468/2743/1986
f 1737/2560/1846 1729/2730/1975 1738/2557/1843
f 2463/1720/1192 2466/3343/2316 2465/2099/1439
f 1535/3399/1565 1455/2118/1452 1541/2122/1456
f 2450/1497/2271 2447/3400/2352 2449/3401/2353
f 2474/3402/2354 2473/3403/2354 2475/3404/2354
f 2477/3405/2355 2476/3406/2356 2478/3407/2357
f 2295/2983/2139 1798/2960/2021 2294/2316/1629
f 2290/2585/1627 2227/2785/2007 2226/2583/1862
f 2468/2743/1986 2469/3342/2315 2461/2744/1987
f 2459/3408/2358 2440/715/2359 2460/3409/2360
f 1615/3410/1803 1730/2572/1856 1632/3411/2044
f 2192/3095/2201 2220/2995/2148 1805/2997/2102
f 2450/1497/2271 2448/3412/2361 2447/3400/2352
f 1900/3413/2362 1895/3414/2363 1894/3415/1826
f 2468/2743/1986 2466/3343/2316 2469/3342/2315
f 1726/2426/1735 1771/3416/2181 1775/2357/1669
f 1886/2240/1570 2185/2669/1924 1885/2241/1571
f 1614/2859/2071 1615/3417/1803 1604/3294/1795
f 2374/3418/2325 2376/3419/2364 2373/3358/2323
f 2249/3034/2164 2248/3331/2163 2251/3019/2155
f 1404/3420/2365 1405/2116/1450 1494/2114/1448
f 2132/3421/2107 2352/3422/2029 2152/2510/1804
f 1994/2321/1634 2007/2710/1959 1995/2712/1961
f 1901/3330/2310 1898/3423/2366 1902/2483/1780
f 2076/2843/2062 2074/3424/2367 2078/3425/2368
f 1679/2540/1830 1695/2265/1591 1680/2541/1831
f 175/670/554 169/1780/1224 168/668/552
f 2332/3029/2160 2328/3426/2369 2329/119/107
f 1411/2225/1557 1462/3427/2370 1461/3428/2090
f 1339/3073/1438 2144/2902/2095 2142/2722/1584
f 1529/2374/1685 1526/3429/2371 1527/2366/1678
f 1730/2572/1856 1617/3430/1802 1632/3431/2044
f 2168/2948/2120 2114/2951/2123 2166/2389/1700
f 2096/3283/2294 2095/3128/2216 59/2216/1553
f 2253/2396/1707 1824/2667/1922 1886/2240/1570
f 1835/3060/2178 1866/2658/1915 1836/2654/1911
f 2355/2925/2106 2131/2924/2104 2100/2866/2074
f 1525/3208/2254 1520/3112/2210 1523/3086/2193
f 2155/2956/1985 1513/3432/2209 1518/2954/2126
f 2349/3433/2052 2054/3434/2056 2030/3435/2053
f 1945/2479/1777 1940/2458/1761 1938/2847/2066
f 1640/3167/2173 1642/3169/2234 1652/3188/2248
f 1972/3216/2256 1970/2490/1787 1971/2486/1783
f 2321/3281/2292 2239/3247/2270 2316/2694/1946
f 1613/3436/1857 1629/2958/2127 2198/2524/1817
f 1697/3437/2372 1700/3078/2189 1701/3438/2373
f 1627/3089/2195 1611/3181/2243 1619/2421/1731
f 1639/3439/2036 1654/3440/1979 1648/2808/1978
f 1907/2485/1782 1972/3216/2256 1975/2431/1740
f 1745/2779/2015 1765/2780/1895 1744/3441/2278
f 1789/3025/1875 1796/3023/1637 2301/3101/2203
f 1746/3442/2374 1749/3443/2375 1804/3444/2376
f 2117/2919/2105 2122/2867/1544 2123/2920/1596
f 2258/3445/2377 2254/3005/2152 2261/3004/2151
f 2196/3363/2196 2097/3258/2221 2090/3361/2327
f 2227/2770/2007 1847/2769/1884 1853/3136/2020
f 2317/2758/2001 2320/3280/2291 2318/2518/1811
f 1503/3032/1555 1504/3446/1523 1505/2182/1522
f 1823/3228/1708 2218/3017/1775 2269/3447/2198
f 1533/3319/1558 1449/3321/2309 1457/3165/2232
f 1833/3243/1765 2232/2938/2115 2196/3448/2196
f 1696/3282/2293 1658/2383/1694 1660/3449/2378
f 1840/2236/1566 1834/2651/1908 1841/2210/1547
f 1772/3311/2220 1719/2587/1864 1748/2586/1551
f 2218/3017/1775 2237/3450/2379 2269/3447/2198
f 1637/2425/1734 36/97/90 32/145/126
f 2470/2774/2010 1185/1849/1247 1395/2086/1432
f 1965/2700/1952 1963/2488/1785 1964/2699/1951
f 2440/715/2359 2455/714/2273 2453/3451/2272
f 169/1780/1224 177/1794/841 1564/3452/1638
f 2390/3379/2337 2384/2900/2094 2385/3380/2338
f 1981/2702/1953 1989/2748/1990 1985/3453/2169
f 1703/3454/2380 1689/2853/2017 1706/3455/2028
f 2198/2957/1817 2225/3011/1730 1708/2303/1618
f 1554/2563/1849 1559/3334/2312 1555/2564/1850
f 2404/3383/2339 1355/2057/1412 2403/3365/2329
f 2126/2935/1746 2162/2936/1994 2128/2778/2014
f 1529/3082/1685 1461/3428/2090 1411/2225/1557
f 1587/2499/1794 2119/2407/1718 2117/2919/2105
f 2476/3406/2356 2479/3456/2381 2480/3457/2381
f 1912/3055/2174 1910/3458/2382 1884/3459/1954
f 1684/2264/1590 1686/2307/1622 1680/2541/1831
f 1496/3460/2311 1527/2366/1678 1523/3086/2193
f 1854/2623/1885 2011/2784/2019 2190/2624/1886
f 16/9/9 1621/8/8 1708/2423/1618
f 2124/2922/1793 2123/2920/1596 2083/3461/2059
f 2384/2900/2094 2390/3379/2337 1343/1481/1078
f 1928/3300/2302 1919/2793/2023 1929/2795/2025
f 2436/3392/2346 2393/3396/2350 2394/3393/2347
f 1549/1991/1366 1294/2089/1434 1550/3462/2383
f 1561/3118/1582 1298/2088/1422 139/2006/952
f 2149/2962/2130 2155/2742/1985 2154/2741/1984
f 2390/3379/2337 1383/2074/1170 1343/1481/1078
f 2280/3463/2384 2277/3157/2227 2344/3464/2385
f 2515/3465/2386 1607/3466/1800 1730/2572/1856
f 1718/3043/2167 1814/3042/1572 2207/2138/1472
f 2361/3289/2298 2242/3467/1929 2336/2332/1644
f 1739/2552/1840 1744/3441/2278 1765/2780/1895
f 2205/2627/1888 1830/2897/2091 2234/2628/1889
f 198/3199/1061 1586/3468/1598 1587/3200/1794
f 2004/2708/1957 1892/2335/1647 2009/2709/1958
f 2207/2138/1472 1750/2972/2134 1718/3043/2167
f 1815/3205/2252 1844/2656/1913 1837/3061/2179
f 1910/3458/2382 1911/2549/1837 1909/3469/2387
f 2487/3470/2388 2088/2217/1554 59/2216/1553
f 2253/3130/1707 1822/3014/1567 2248/3331/2163
f 2322/3287/2297 2326/2247/1576 2320/3280/2291
f 2005/3471/1665 2007/2710/1959 2008/2717/1964
f 1925/3472/1930 1926/3473/1932 1927/2685/1938
f 1825/2136/1470 1823/2397/1708 2217/2137/1471
f 1905/2484/1781 1902/2483/1780 1898/3474/2366
f 1839/3272/2286 1817/3475/2067 1816/3273/2287
f 2154/3476/1984 1514/2207/1545 2155/3303/1985
f 1467/3477/1506 1466/2172/1513 1465/3478/1460
f 1500/2192/1449 1481/3105/2207 1482/3479/1530
f 1520/3112/2210 1505/3111/1522 1506/3480/1533
f 1909/3481/2387 1908/2343/1655 1907/3482/1782
f 1304/3108/1430 1288/2077/1423 1517/2205/1543
f 1938/2847/2066 1915/3210/2255 1935/2908/2100
f 2356/2643/1903 2135/2108/1397 1336/1394/1025
f 2345/3359/2154 2275/2544/1833 2282/2545/1834
f 1933/3212/1928 1928/3483/2302 1929/3484/2025
f 2291/2522/1815 2286/2329/1641 2293/3485/2389
f 1501/3333/1679 1484/2180/1520 1531/2992/1458
f 1915/3210/2255 1932/2794/2024 1923/2691/1944
f 1451/2148/1495 1410/3165/1455 1533/3319/1558
f 1494/3486/1448 1504/3446/1523 1493/3031/2162
f 1597/3487/1909 1608/3488/114 1610/3489/116
f 2278/3299/2301 2277/3157/2227 2274/2608/1872
f 1610/3490/116 1611/3181/2243 1612/3491/2261
f 2098/2437/1745 2104/3492/2265 2354/2753/1995
f 1829/2783/2018 1847/2769/1884 1792/3493/1883
f 2237/3494/2379 2262/3495/1723 2266/3093/2199
f 2019/2418/1728 2013/3180/2242 646/1560/1132
f 1803/2647/1906 1831/2661/1916 1794/2660/1758
f 2112/3496/2390 2105/2349/1661 2125/3497/2391
f 1546/3266/2283 1548/2402/1713 1553/2401/1712
f 2102/3284/2295 2161/3498/2013 2099/3318/2308
f 1331/2102/1442 2048/3499/2392 1330/2101/1441
f 2259/3007/2153 2245/3250/1901 2260/3337/2111
f 2310/2696/1948 2305/3024/2156 2309/2519/1812
f 2312/3500/1997 2301/3101/2203 2308/3100/2202
f 1872/3053/2172 1878/3067/2183 1877/3052/2171
f 2281/2617/1642 1779/3501/1756 1793/3502/1587
f 2360/3503/2393 2333/3504/2394 2329/119/107
f 2122/2867/1544 2083/3461/2059 2123/2920/1596
f 2387/3388/2344 2386/2081/1427 2394/3505/2347
f 2145/3506/2084 2143/3072/2185 2135/2041/1397
f 2200/2738/1982 2211/2856/2069 2245/3250/1901
f 2200/3230/1982 1631/3009/1808 2199/2749/1991
f 777/1738/1202 2088/3219/1554 57/27/27
f 2146/3507/2098 2133/2017/1384 2134/2800/2030
f 2100/3508/2074 1514/2207/1545 2154/3476/1984
f 1855/3204/2143 1852/2707/1956 1831/2661/1916
f 166/1824/1240 1567/1380/553 1562/3509/2395
f 1712/2933/2114 1707/3510/2396 1702/2851/1711
f 1960/2684/1937 1957/2688/1941 1959/2687/1940
f 1574/3511/1733 1571/2249/1577 1416/2255/1581
f 2189/2650/1907 2232/3255/2115 2196/3363/2196
f 2148/2940/2116 2149/2962/2130 2151/2356/1668
f 2442/1024/2397 2441/1725/2398 2440/1026/2359
f 1892/3132/1647 1983/3263/2280 1997/3512/1965
f 1938/2847/2066 1937/3375/2334 1934/3211/1939
f 1501/3333/1679 1499/2189/1529 1500/2192/1449
f 2199/3116/1991 2203/3010/1809 2202/2750/1992
f 1667/2443/1750 1658/2445/1694 1669/2533/1825
f 2224/3314/2307 2225/3011/1730 2201/2751/1993
f 1569/2250/1578 1419/3513/1468 1568/3514/1467
f 1701/3438/2373 1700/3078/2189 1698/3077/2188
f 1663/2381/1692 1662/3515/2399 1711/3516/2231
f 1814/3042/1572 1813/2451/1755 2248/3033/2163
f 2455/3517/2273 2456/2927/2110 2450/1497/2271
f 1617/2507/1802 2519/148/129 1600/147/128
f 2195/2981/2138 1598/2648/100 1803/2647/1906
f 1992/3518/2400 1985/3050/2169 1988/3051/2170
f 2218/2477/1775 1826/2657/1914 2217/2137/1471
f 1966/2698/1950 1965/2700/1952 1964/2699/1951
f 2248/3033/2163 2253/2396/1707 1890/3117/2211
f 1905/2484/1781 1900/3413/2362 1904/2482/1779
f 2229/3519/2225 2191/2987/2142 2230/2990/2145
f 1783/2618/1614 2294/2787/1629 1785/2789/1615
f 1473/2173/1514 1477/2174/1504 1542/2164/1509
f 1560/3520/1563 1518/2954/2126 1565/3183/1562
f 1600/147/128 1615/3521/1803 1632/3522/2044
f 2101/3192/2249 2128/3523/2014 2161/3498/2013
f 198/3199/1061 1589/3524/1606 1593/3525/1603
f 2231/2982/1764 1803/2647/1906 1794/2660/1758
f 1819/2739/1610 1817/3475/2067 2236/2706/1612
f 1744/3260/2278 1770/2406/1717 1763/2607/1867
f 2202/2750/1992 2204/3526/2237 2223/2934/1819
f 2062/3340/1602 2066/2727/1972 2063/2726/1971
f 2452/360/2109 2460/3409/2360 2451/1516/2401
f 1495/2199/1538 1507/2191/1531 1497/2198/1537
f 1606/3071/1797 1726/3161/1735 1809/3160/2144
f 2221/3527/1878 2239/3528/2270 2240/3529/2402
f 1876/2468/1769 1838/2467/1768 1839/3272/2286
f 1755/2601/1868 1754/2336/1648 1756/2338/1650
f 1894/3530/1826 1896/3274/2288 1897/3276/2290
f 2270/3531/2403 2271/3532/2404 2267/2610/1874
f 1450/2150/1498 1503/3533/1555 1533/3534/1558
f 1991/3135/2219 1987/3225/2240 1992/3518/2400
f 2434/3386/2342 2431/2547/1835 2436/3392/2346
f 2210/2993/2147 2237/3535/2379 1827/2994/1774
f 1918/2692/1945 1933/3536/1928 1930/2681/1934
f 2111/3186/2246 2107/3185/2245 2112/3496/2390
f 1652/3188/2248 1655/2391/1702 1651/3537/2040
f 1723/2578/1859 1605/3069/2184 1613/2576/1857
f 1616/2523/1816 1606/3538/1797 1605/3539/2184
f 1513/3109/2209 1515/3540/2303 1304/3108/1430
f 1505/2182/1522 1488/2201/1539 1506/2194/1533
f 1817/2854/2067 2236/2294/1612 2311/3006/1947
f 2101/3192/2249 2106/3224/2260 2116/2350/1662
f 199/1847/1246 209/1293/236 1583/2296/848
f 2306/3541/2405 2300/2961/2129 2304/3542/2406
f 1991/3543/2219 1988/3544/2170 1990/3545/2218
f 2401/2046/1401 1352/1982/1359 1353/2047/1402
f 2061/2318/1631 2084/2836/2058 2120/3546/2002
f 2108/2409/1720 2106/3224/2260 2109/3091/2197
f 2289/2781/2016 2286/2329/1641 2291/2522/1815
f 2359/2393/1704 2343/2395/1706 2314/3547/2407
f 2250/2986/2141 2215/2230/1561 2249/3034/2164
f 2089/2215/1552 2172/2260/1586 59/2216/1553
f 2184/2228/1559 2185/3021/1924 2216/2229/1560
f 1814/2242/1572 2104/3238/2265 2103/2243/1573
f 2142/2258/1584 2091/3156/2226 2094/2259/1585
f 2129/2776/2012 2127/2354/1666 2151/2356/1668
f 1352/1982/1359 2399/3366/2330 2400/1983/1360
f 1819/2292/1610 2197/3229/2262 2233/2293/1611
f 2213/2308/1623 2247/3313/1890 1811/2309/1624
f 1465/2126/1460 1414/2128/1462 1473/2313/1514
f 2301/3101/2203 2297/3119/1766 2299/2959/2128
f 2297/3119/1766 2290/2314/1627 2294/2316/1629
f 1798/2960/2021 2297/3119/1766 2294/2316/1629
f 2290/2314/1627 2289/2781/2016 1797/2521/1814
f 2290/2314/1627 1797/2521/1814 2292/2315/1628
f 2299/2959/2128 1789/3025/1875 2301/3101/2203
f 1798/2960/2021 2299/2959/2128 2297/3119/1766
f 2003/2320/1633 2004/2708/1957 1994/2321/1634
f 1564/2326/1638 1562/3548/2395 168/668/552
f 2331/2331/1643 2361/3289/2298 2336/2332/1644
f 2006/2334/1646 2005/3471/1665 1892/2335/1647
f 1754/2336/1648 1759/2605/1871 1761/2337/1649
f 1906/2342/1654 1907/3482/1782 1908/2343/1655
f 1679/2540/1830 1685/2542/1674 1682/2266/1592
f 2113/2348/1660 2125/3497/2391 2105/2349/1661
f 1982/2351/1663 1981/2702/1953 1893/2352/1664
f 1775/2357/1669 1771/3063/2181 1786/2358/1670
f 1536/3150/1502 1459/3151/1511 1537/2368/1453
f 1459/3151/1511 1527/2366/1678 1537/2368/1453
f 1527/2366/1678 1496/3460/2311 1501/2367/1679
f 1501/2367/1679 1538/3323/1451 1537/2368/1453
f 1578/2369/1680 183/2267/1187 1581/2370/1681
f 1709/2390/1701 1651/3537/2040 1655/2391/1702
f 2203/2516/1809 2204/3172/2237 1618/3173/2238
f 2065/2285/1605 1590/2284/1604 1593/2283/1603
f 2207/2244/1472 2208/3397/1893 2219/2415/1726
f 1621/8/8 1628/17/17 1622/2304/1619
f 1977/2435/1743 1974/3217/2257 1973/2436/1744
f 1799/2446/1684 2189/3362/1907 2187/2447/1752
f 2232/3255/2115 2297/2465/1766 1833/2464/1765
f 2297/2465/1766 2230/2990/2145 2231/2463/1764
f 2230/2990/2145 2191/2987/2142 2231/2463/1764
f 1993/2478/1776 2006/2334/1646 2003/2320/1633
f 1904/2482/1779 1901/3330/2310 1902/2483/1780
f 2073/2494/1790 2353/2887/2048 2080/2495/1630
f 1587/2499/1794 1586/2915/1598 2124/2498/1793
f 168/668/552 1562/3548/2395 1567/669/553
f 210/704/586 1591/2301/1608 1303/1641/1158
f 1783/2618/1614 1781/3062/2180 1797/3037/1814
f 2313/2517/1810 2317/2758/2001 2318/2518/1811
f 10/2525/15 1627/3089/2195 1626/16/16
f 206/302/257 215/2311/1177 210/704/586
f 2185/2669/1924 1887/2666/1921 1894/2535/1826
f 1887/2666/1921 1888/2239/1569 1894/2535/1826
f 1888/2239/1569 1885/2241/1571 1906/2534/1654
f 1344/2546/1421 2432/2062/1416 2431/2547/1835
f 1911/2549/1837 1910/3458/2382 2012/2550/1838
f 1592/2569/1609 198/3199/1061 2062/2570/1602
f 1598/111/100 1601/2501/1796 1597/2652/1909
f 1852/2707/1956 1795/3206/2253 1831/2661/1916
f 1795/3206/2253 1790/2659/1882 1831/2661/1916
f 2242/2674/1929 2340/71/68 1628/104/17
f 1818/2705/1955 1819/2739/1610 2236/2706/1612
f 2076/2843/2062 2078/3425/2368 2069/2728/1973
f 2078/3425/2368 2063/2726/1971 2069/2728/1973
f 2155/2742/1985 2156/2963/2131 2158/2740/1983
f 2156/2963/2131 2165/2512/1601 2158/2740/1983
f 2158/2740/1983 2157/3360/2119 2154/2741/1984
f 1395/2086/1432 2467/1498/1090 2465/2099/1439
f 2465/2099/1439 2468/2743/1986 1395/2086/1432
f 2510/3549/2408 1728/2731/1976 1718/3550/2167
f 1728/2731/1976 1716/3236/1753 1718/3550/2167
f 2317/2758/2001 2313/2517/1810 2319/2756/1999
f 2313/2517/1810 2315/3551/2409 2319/2756/1999
f 1832/2768/2006 1848/2939/2034 1847/2769/1884
f 2129/2776/2012 2099/3367/2308 2161/2777/2013
f 1704/2796/2026 1714/2931/2112 1705/2797/2027
f 2034/2802/2031 2035/3552/2031 2036/2803/2032
f 1644/3553/1697 1643/2432/1741 1647/2384/1695
f 1643/2432/1741 1646/3398/2351 1647/2384/1695
f 1651/2812/2040 1649/3234/2264 1638/2813/2041
f 1810/2817/2043 1604/3159/1795 1615/2818/1803
f 2075/2822/2047 2076/2843/2062 2069/2728/1973
f 166/2232/1240 1562/3554/2395 1564/2849/1638
f 1702/2851/1711 1707/3510/2396 1659/2852/1806
f 1817/2854/2067 2244/3555/2410 1857/2855/2068
f 1850/3305/2133 1841/2210/1547 1834/2651/1908
f 1614/2859/2071 1607/3556/1800 1617/2860/1802
f 1762/3557/2411 1758/2603/1870 1760/2864/2072
f 1758/2603/1870 1757/2602/1869 1760/2864/2072
f 1800/2212/1549 2188/2372/1683 1856/2865/2073
f 2188/2372/1683 1799/3068/1684 1853/3136/2020
f 1856/2865/2073 2188/2372/1683 1853/3136/2020
f 1799/3068/1684 2227/2770/2007 1853/3136/2020
f 1787/3222/2168 1793/2261/1587 1788/2323/1589
f 1635/43/43 44/6/6 1633/2327/1639
f 1724/2428/1737 1715/2427/1736 1731/2567/1853
f 1715/2427/1736 1716/3236/1753 1727/2566/1852
f 1731/2567/1853 1715/2427/1736 1727/2566/1852
f 1745/2779/2015 1730/2572/1856 1724/2428/1737
f 2031/2868/2075 2032/3558/2075 2033/2869/2075
f 2284/2584/1863 2228/3000/2149 2212/2871/2076
f 1533/3110/1558 1520/3112/2210 1529/2374/1685
f 2015/2062/1444 2020/3559/2412 2160/2886/1805
f 2020/3559/2412 2013/3180/2242 2160/2886/1805
f 1563/3560/1542 167/1769/1217 1512/2889/1613
f 167/1769/1217 1572/2888/2086 1512/2889/1613
f 1474/2129/1463 1465/2126/1460 1413/3561/2205
f 1465/2126/1460 1463/2130/1464 1461/2895/2090
f 1413/3561/2205 1465/2126/1460 1412/2896/1507
f 1463/2130/1464 1411/3562/1557 1461/2895/2090
f 1820/2631/1891 2247/2629/1890 1834/2651/1908
f 2247/2629/1890 2234/2628/1889 1834/2651/1908
f 1417/2252/1469 1570/2253/1579 1572/2888/2086
f 1625/3563/2157 2241/3381/1645 2204/3526/2237
f 2241/3381/1645 2223/2934/1819 2204/3526/2237
f 2388/2899/2093 1345/2090/1435 1344/2071/1421
f 2274/2608/1872 2277/3157/2227 2279/2328/1640
f 1935/2908/2100 1921/2671/1926 1931/2909/2101
f 2458/908/2108 2457/1791/2413 2452/360/2109
f 1890/3117/2211 1888/2239/1569 1884/2704/1954
f 1888/2239/1569 1887/2666/1921 1884/2704/1954
f 1714/2931/2112 1704/2796/2026 1713/2932/2113
f 2223/2934/1819 2224/3314/2307 2201/2751/1993
f 2232/2938/2115 1849/3244/1757 1848/2939/2034
f 1810/2817/2043 2492/3564/2414 1602/3565/2415
f 1854/3001/1885 2228/3000/2149 1856/2964/2073
f 2228/3000/2149 2226/2583/1862 1856/2964/2073
f 1773/2965/1860 1776/2359/1671 1779/2966/1756
f 1943/2968/2132 1941/3202/2250 1936/2459/1762
f 1617/2971/1802 1607/3566/1800 1810/2817/2043
f 1805/2913/2102 1749/3443/2375 1750/2972/2134
f 1996/2322/1635 2002/3242/2268 1993/2478/1776
f 2057/3328/1599 2160/3327/1805 2028/2978/1980
f 2160/3327/1805 2152/3567/1804 2028/2978/1980
f 2152/3567/1804 2352/2976/2029 2028/2978/1980
f 2252/2984/2140 2185/3568/1924 2184/2985/1559
f 1531/2992/1458 1484/2180/1520 1485/2177/1517
f 2330/3030/2161 2334/3028/2159 2331/2331/1643
f 2334/3028/2159 2361/3289/2298 2331/2331/1643
f 2328/3426/2369 2330/3030/2161 2331/2331/1643
f 1502/2176/1516 1486/2175/1515 1493/3031/2162
f 2214/2632/1892 1821/2238/1568 1822/2237/1567
f 2072/2825/2050 2073/2494/1790 2079/2496/1791
f 1588/267/237 1580/2109/1443 1583/1052/848
f 2249/3034/2164 2251/3019/2155 2252/2984/2140
f 1781/3062/2180 2281/2617/1642 1791/2456/1759
f 1791/2456/1759 2294/2787/1629 2292/3038/1628
f 1797/3037/1814 1781/3062/2180 1791/2456/1759
f 2138/2645/1905 2137/3285/2097 2136/2885/2085
f 2152/2510/1804 2165/2512/1601 2148/2940/2116
f 2165/2512/1601 2156/2963/2131 2149/2962/2130
f 1912/3055/2174 1884/3459/1954 1906/3056/1654
f 1613/3569/1857 1605/3570/2184 1598/111/100
f 1605/3570/2184 1606/2502/1797 1598/111/100
f 1619/2421/1731 1637/2425/1734 1624/2526/1818
f 2054/2834/2056 2027/1992/1367 2056/1789/1228
f 1856/2865/2073 1847/2769/1884 1829/2783/2018
f 2402/2056/1411 1354/1994/1369 2403/3365/2329
f 1354/1994/1369 2400/1983/1360 2403/3365/2329
f 2403/3365/2329 1355/2057/1412 2402/2056/1411
f 1837/3061/2179 1844/2656/1913 1835/3060/2178
f 1844/2656/1913 1842/2475/1773 1843/3106/2208
f 1835/3060/2178 1844/2656/1913 1843/3106/2208
f 1836/2654/1911 1876/2468/1769 1837/3061/2179
f 1876/2468/1769 1845/2615/1879 1837/3061/2179
f 1950/2879/2081 1966/3571/1950 1969/2693/1786
f 1569/2250/1578 1568/3514/1467 1418/2898/2092
f 1777/2612/1876 1786/2358/1670 1774/3064/2182
f 1589/2841/1606 2064/2840/2060 2124/2838/1793
f 2064/2840/2060 1576/3572/2103 2124/2838/1793
f 2124/2838/1793 2062/3340/1602 1593/3066/1603
f 2144/2902/2095 2141/2723/1969 2142/2722/1584
f 1345/2090/1435 2387/3388/2344 2394/3505/2347
f 1345/2090/1435 2394/3505/2347 2393/3573/2350
f 1345/2090/1435 2393/3573/2350 2395/3574/2349
f 1345/2090/1435 2395/3574/2349 1349/2091/1436
f 1345/2090/1435 1349/2091/1436 1385/2069/1413
f 1832/2768/2006 2227/2770/2007 1799/3068/1684
f 1841/2210/1547 1850/3305/2133 1863/3075/2186
f 2098/2437/1745 2105/2349/1661 2107/3185/2245
f 2115/3187/2247 2104/3492/2265 2107/3185/2245
f 2104/3492/2265 2098/2437/1745 2107/3185/2245
f 2148/2940/2116 2153/2942/2077 2152/2510/1804
f 1917/2677/1931 1946/2672/1927 1921/2671/1926
f 2364/3079/2190 2363/3575/2190 2362/3080/2190
f 2114/2951/2123 2168/2948/2120 2103/3576/1573
f 2303/3083/1996 2229/3519/2225 2230/2990/2145
f 1980/3084/2191 1983/3577/2280 1891/2492/1789
f 1527/2366/1678 1526/3429/2371 1524/3085/2192
f 2269/3092/2198 2237/3494/2379 2266/3093/2199
f 2192/3095/2201 2209/3297/2299 2210/2993/2147
f 1871/3144/2224 1870/2653/1910 1875/2890/2087
f 1870/2653/1910 1860/2655/1912 1875/2890/2087
f 1542/3107/1509 1474/3578/1463 1530/2222/1556
f 1474/3578/1463 1529/2374/1685 1530/2222/1556
f 1395/3123/1432 2445/3579/2416 2444/3124/2212
f 2311/2695/1947 2312/3500/1997 2308/3100/2202
f 2169/3138/2122 14/3580/2417 2192/3095/2201
f 1765/2780/1895 2010/933/1855 1733/2558/1844
f 1575/3143/2223 1576/3121/2103 1582/2268/1593
f 1871/3144/2224 1873/2470/1771 1864/2663/1918
f 2157/2946/2119 2158/2740/1983 2159/2944/2118
f 1855/2988/2143 2191/2987/2142 2229/3154/2225
f 1981/2702/1953 1985/3453/2169 1986/3162/2229
f 1324/2021/1364 1323/2093/1437 2039/2082/1428
f 1325/2023/1389 2043/2024/1390 2045/2079/1425
f 2042/3581/2241 1325/2023/1389 2045/2079/1425
f 2042/3581/2241 2045/2079/1425 2041/3582/2418
f 2045/2079/1425 2039/2082/1428 2041/3582/2418
f 2044/3166/2233 2041/3582/2418 2039/2082/1428
f 2204/3172/2237 2223/2527/1819 1624/2526/1818
f 1987/3175/2240 1980/3084/2191 1984/2491/1788
f 1872/3053/2172 1875/2890/2087 1868/3102/2204
f 1871/3144/2224 1874/2378/1689 1873/2470/1771
f 1872/3053/2172 1868/3102/2204 1869/2662/1917
f 1706/3455/2028 1689/2853/2017 1704/3190/2026
f 1689/2853/2017 1659/2852/1806 1704/3190/2026
f 1512/3193/1613 141/3583/1431 1511/2202/1540
f 2194/3584/2419 1805/2913/2102 1815/3205/2252
f 2206/2450/1754 1812/2630/1625 1820/2631/1891
f 1829/2783/2018 1834/2651/1908 1830/2897/2091
f 2118/3223/2259 2113/2348/1660 2116/2350/1662
f 1983/3577/2280 1980/3084/2191 1997/3226/1965
f 1980/3084/2191 1987/3225/2240 1997/3226/1965
f 2272/3240/2267 2276/2907/2099 2279/2328/1640
f 2026/3245/2175 2024/3585/2420 2022/3246/2269
f 2450/1497/2271 2454/1495/2421 2453/3248/2272
f 1629/3586/2127 16/142/9 2186/141/124
f 2186/141/124 2191/2987/2142 1629/3586/2127
f 2191/2987/2142 1809/2989/2144 1629/3586/2127
f 2198/2957/1817 1629/3586/2127 1809/2989/2144
f 1616/3012/1816 2198/2957/1817 1809/2989/2144
f 1809/2989/2144 2197/3229/2262 1616/3012/1816
f 2197/3229/2262 2200/3230/1982 2201/2751/1993
f 2200/3230/1982 2199/2749/1991 2201/2751/1993
f 2211/2856/2069 1857/2855/2068 1858/3249/1900
f 1828/3239/2266 1859/2637/1897 2222/2636/1896
f 1835/3060/2178 1843/3106/2208 1867/2209/1546
f 2290/2585/1627 2297/2465/1766 2232/3255/2115
f 2191/2987/2142 2186/141/124 2195/3044/2138
f 2186/141/124 2097/3258/2221 2195/3044/2138
f 1795/3587/2253 1787/3222/2168 1790/2620/1882
f 1546/3266/2283 1553/2401/1712 1555/2564/1850
f 1896/3274/2288 1898/3423/2366 1899/3275/2289
f 1409/3277/1497 1450/3588/1498 1455/2118/1452
f 1450/3588/1498 1533/3589/1558 1455/2118/1452
f 1533/3589/1558 1410/2121/1455 1455/2118/1452
f 2320/3280/2291 2326/2247/1576 2321/3281/2292
f 2326/2247/1576 2238/2411/1722 2321/3281/2292
f 2321/3281/2292 2316/2694/1946 2318/2518/1811
f 2100/3290/2074 1560/2233/1563 1510/2203/1541
f 2117/2919/2105 2119/2407/1718 2102/3284/2295
f 2109/3091/2197 2106/3224/2260 2101/3192/2249
f 2119/2407/1718 2109/3091/2197 2101/3192/2249
f 2102/3284/2295 2119/2407/1718 2101/3192/2249
f 2327/2857/2070 2324/2245/1574 2325/3286/2296
f 2324/2245/1574 2322/3287/2297 2325/3286/2296
f 2322/3287/2297 2317/2758/2001 2323/2757/2000
f 2214/3013/1892 2213/2308/1623 1812/2310/1625
f 1460/2159/1503 1529/2374/1685 1474/2165/1463
f 1918/2692/1945 1923/2691/1944 1919/2793/2023
f 1920/3027/2158 1921/2671/1926 1924/2670/1925
f 1924/2670/1925 1918/2692/1945 1919/2793/2023
f 73/60/59 2339/3590/2422 2361/3289/2298
f 1413/3103/2205 1469/2163/1508 1529/2374/1685
f 1469/2163/1508 1461/3428/2090 1529/2374/1685
f 1719/2587/1864 1598/2648/100 1808/3291/2277
f 1720/2299/1616 1774/3591/2182 1719/2587/1864
f 1522/3265/2282 1528/3592/2423 1529/2374/1685
f 1614/2859/2071 1604/3294/1795 2199/3116/1991
f 1604/3294/1795 1606/3538/1797 1630/2422/1732
f 2204/3526/2237 2203/3010/1809 2254/3593/2152
f 2203/3010/1809 2255/3008/2150 2254/3593/2152
f 2204/3526/2237 2254/3593/2152 2258/3594/2377
f 1922/2690/1943 1918/2692/1945 1930/2681/1934
f 1569/3595/1578 1572/3596/2086 167/1769/1217
f 1300/1753/1208 1569/3595/1578 167/1769/1217
f 2043/2035/1390 1321/2034/1393 1318/2095/1424
f 2041/3597/2418 1316/2107/1429 1318/2095/1424
f 2042/3301/2241 2041/3597/2418 1318/2095/1424
f 1514/2207/1545 1515/3306/2303 2156/3302/2131
f 1823/2397/1708 1840/2236/1566 1842/2475/1773
f 2379/3308/2304 2381/3598/2424 2382/3309/2305
f 1748/2586/1551 1721/2581/1861 1773/2580/1860
f 1538/3323/1451 1501/2367/1679 1531/3324/1458
f 1904/2482/1779 1900/3413/2362 1897/3599/2290
f 1900/3413/2362 1894/3415/1826 1897/3599/2290
f 1897/3599/2290 1899/3329/2289 1904/2482/1779
f 2206/2450/1754 1813/2451/1755 2248/3331/2163
f 1544/3600/2425 1545/3267/2284 1543/3335/2313
f 1545/3267/2284 1555/2564/1850 1543/3335/2313
f 1791/2456/1759 1794/3220/1758 1798/2788/2021
f 1396/3341/1433 2443/3368/2213 2469/3342/2315
f 1502/2220/1516 1409/2153/1497 1532/3152/1501
f 1409/2153/1497 1454/3601/1500 1532/3152/1501
f 1454/3601/1500 1455/2145/1452 1456/2144/1493
f 1456/2144/1493 1532/3152/1501 1454/3601/1500
f 2021/3058/2176 2022/3246/2269 2023/3602/2426
f 1868/3102/2204 1860/2655/1912 1867/2209/1546
f 2345/3359/2154 2269/3092/2198 2268/3094/2200
f 2303/3603/1996 2302/3120/2146 2301/3101/2203
f 1595/263/234 199/1847/1246 198/1454/1061
f 1709/2390/1701 1656/2392/1703 1710/3604/2427
f 2215/2230/1561 2216/2229/1560 1823/3228/1708
f 2131/3316/2104 2151/2356/1668 2154/2741/1984
f 2090/3361/2327 2187/2447/1752 2189/3362/1907
f 2190/2624/1886 2011/2784/2019 1830/2897/2091
f 2283/3087/2194 2282/2545/1834 2281/2330/1642
f 2282/2545/1834 2279/2328/1640 2281/2330/1642
f 1581/2370/1681 182/1635/1156 1577/3364/2328
f 2143/3072/2185 1340/1338/997 2135/2041/1397
f 2025/3059/2177 2021/3058/2176 2023/3602/2426
f 2151/2356/1668 2355/3317/2106 2099/3367/2308
f 2423/3605/2428 2424/3606/2428 2416/3607/2429
f 2424/3606/2428 2425/3608/2430 2416/3607/2429
f 2416/3607/2429 2408/3371/2333 2421/3609/2332
f 2422/3610/2431 2416/3607/2429 2421/3609/2332
f 2408/3371/2333 2409/3611/2432 2411/3612/2332
f 2409/3611/2432 2410/3613/2433 2411/3612/2332
f 2411/3612/2332 2412/3372/2332 2408/3371/2333
f 2412/3372/2332 2413/3614/2332 2414/3615/2434
f 2414/3615/2434 2415/3370/2332 2412/3372/2332
f 2415/3370/2332 2417/3616/2332 2421/3609/2332
f 2417/3616/2332 2418/3617/2333 2420/3618/2332
f 2418/3617/2333 2419/3619/2435 2420/3618/2332
f 2420/3618/2332 2421/3609/2332 2417/3616/2332
f 2422/3610/2431 2423/3605/2428 2416/3607/2429
f 2415/3370/2332 2421/3609/2332 2408/3371/2333
f 1915/3210/2255 1916/2680/1933 1917/2677/1931
f 2228/3000/2149 2011/3002/2019 2212/2871/2076
f 2011/3002/2019 1830/3373/2091 2212/2871/2076
f 1518/2954/2126 1513/3432/2209 1565/3183/1562
f 1513/3432/2209 165/771/643 1565/3183/1562
f 2336/2760/1644 2224/3314/2307 2223/2934/1819
f 1376/2045/1400 1374/2096/1400 1375/2098/1400
f 1376/2045/1400 2426/3620/2436 1378/2043/1399
f 2426/3620/2436 2427/3621/2437 2429/3622/2436
f 2427/3621/2437 2428/3623/1400 2429/3622/2436
f 2429/3622/2436 1378/2043/1399 2426/3620/2436
f 1586/2276/1598 2130/2269/1594 1582/2268/1593
f 2012/2550/1838 1912/3055/2174 1908/3624/1655
f 1912/3055/2174 1913/3625/1656 1908/3624/1655
f 1908/3624/1655 1914/2551/1839 2012/2550/1838
f 2432/2062/1416 1344/2546/1421 2392/1097/871
f 2103/2243/1573 2168/2999/2120 2208/3397/1893
f 1679/2540/1830 1680/2541/1831 1681/2539/1823
f 1738/2557/1843 1739/2552/1840 1737/2560/1846
f 1739/2552/1840 1733/2558/1844 1737/2560/1846
f 1535/3399/1565 1448/2120/1454 1455/2118/1452
f 2290/2585/1627 1832/3256/2006 2227/2785/2007
f 1615/3410/1803 1603/2573/1799 1730/2572/1856
f 1900/3413/2362 1903/3626/2438 1895/3414/2363
f 1917/2677/1931 1925/3627/1930 1946/2672/1927
f 1557/2403/1714 1558/3628/2439 1553/2401/1712
f 1886/2240/1570 1824/2667/1922 2185/2669/1924
f 1614/2859/2071 1632/2861/2044 1615/3417/1803
f 2374/3418/2325 2377/3629/2364 2376/3419/2364
f 2249/3034/2164 2253/3130/1707 2248/3331/2163
f 2248/3331/2163 1825/3251/1470 2251/3019/2155
f 1494/2114/1448 1406/2113/1447 1407/3630/2440
f 1407/3630/2440 1408/3631/1525 1494/2114/1448
f 1408/3631/1525 1400/3632/2441 1494/2114/1448
f 1400/3632/2441 1401/3633/2442 1494/2114/1448
f 1401/3633/2442 1402/3634/2443 1494/2114/1448
f 1402/3634/2443 1505/3635/1522 1494/2114/1448
f 1505/3635/1522 1403/3636/2444 1494/2114/1448
f 1403/3636/2444 1502/3637/1516 1494/2114/1448
f 1502/3637/1516 1404/3420/2365 1494/2114/1448
f 1994/2321/1634 2004/2708/1957 2007/2710/1959
f 1706/3455/2028 1705/2797/2027 1703/3454/2380
f 1901/3330/2310 1899/3329/2289 1898/3423/2366
f 2076/2843/2062 2049/2845/2064 2074/3424/2367
f 2332/3029/2160 2330/3030/2161 2328/3426/2369
f 1909/3469/2387 1911/2549/1837 1914/2551/1839
f 2143/3072/2185 2144/2902/2095 1339/3073/1438
f 1529/2374/1685 1528/3592/2423 1526/3429/2371
f 1730/2572/1856 1607/3466/1800 1617/3430/1802
f 2481/2388/1699 2167/2949/2121 2166/2389/1700
f 2167/2949/2121 2168/2948/2120 2166/2389/1700
f 2172/2260/1586 2096/3283/2294 59/2216/1553
f 2253/2396/1707 1823/2397/1708 1824/2667/1922
f 1835/3060/2178 1861/3254/2276 1866/2658/1915
f 2100/2866/2074 2099/3318/2308 2355/2925/2106
f 1726/3070/1735 1725/3182/2244 1771/3416/2181
f 1525/3208/2254 1521/3264/2281 1520/3112/2210
f 1660/3449/2378 1658/2383/1694 1664/3638/1693
f 2155/2956/1985 2156/3639/2131 1513/3432/2209
f 1652/3188/2248 1643/2432/1741 1640/3167/2173
f 1643/2432/1741 1644/3553/1697 1640/3167/2173
f 1971/2486/1783 1974/3217/2257 1972/3216/2256
f 2321/3281/2292 2240/3640/2402 2239/3247/2270
f 1616/2523/1816 1605/3539/2184 2198/2524/1817
f 1605/3539/2184 1613/3436/1857 2198/2524/1817
f 1613/3436/1857 1598/3641/100 1629/2958/2127
f 1598/3641/100 16/9/9 1629/2958/2127
f 166/2232/1240 167/2850/1217 1560/2233/1563
f 167/2850/1217 1563/2204/1542 1560/2233/1563
f 1697/3437/2372 1699/3076/2187 1700/3078/2189
f 1627/3089/2195 1612/3491/2261 1611/3181/2243
f 1907/2485/1782 1967/2487/1784 1972/3216/2256
f 1743/2556/1842 1730/2572/1856 1744/3441/2278
f 1730/2572/1856 1745/2779/2015 1744/3441/2278
f 1967/2487/1784 1970/2490/1787 1972/3216/2256
f 2117/2919/2105 2100/2866/2074 2122/2867/1544
f 2196/3363/2196 1808/3259/2277 2097/3258/2221
f 2317/2758/2001 2322/3287/2297 2320/3280/2291
f 2002/3242/2268 2001/2711/1960 2000/2714/1963
f 2340/90/68 2339/3590/2422 73/60/59
f 1344/2071/1421 1345/2090/1435 1110/1478/1075
f 1503/3032/1555 1493/3031/2162 1504/3446/1523
f 2269/3447/2198 2345/3015/2154 1823/3228/1708
f 2345/3015/2154 1822/3014/1567 1823/3228/1708
f 1457/3165/2232 1451/2148/1495 1533/3319/1558
f 786/3642/1229 2138/2645/1905 1335/2100/1440
f 2196/3448/2196 1808/3291/2277 1833/3243/1765
f 1808/3291/2277 2195/2981/2138 2231/2982/1764
f 1833/3243/1765 1808/3291/2277 2231/2982/1764
f 1661/3643/2445 1663/2381/1692 1696/3282/2293
f 1663/2381/1692 1659/2513/1806 1696/3282/2293
f 1841/2210/1547 1843/3106/2208 1840/2236/1566
f 1843/3106/2208 1842/2475/1773 1840/2236/1566
f 1772/3311/2220 1720/2299/1616 1719/2587/1864
f 2218/3017/1775 1827/3018/1774 2237/3450/2379
f 1614/2859/2071 1631/2515/1808 2193/3644/2446
f 1637/2425/1734 1634/61/60 36/97/90
f 2085/2072/719 2053/3645/2055 2055/2004/1375
f 2242/3467/1929 2339/3590/2422 2340/90/68
f 2256/3646/2447 2261/3004/2151 1702/2400/1711
f 2440/715/2359 2459/3408/2358 2455/714/2273
f 2013/3180/2242 1305/3647/2448 646/1560/1132
f 1981/2702/1953 1982/2351/1663 1989/2748/1990
f 2172/2260/1586 2089/3648/1552 1339/2094/1438
f 2089/3648/1552 777/1738/1202 1339/2094/1438
f 2172/2260/1586 1339/2094/1438 2142/2258/1584
f 1703/3454/2380 1702/2851/1711 1689/2853/2017
f 1554/2563/1849 1556/3649/2449 1559/3334/2312
f 2129/2776/2012 2127/2439/1666 2128/2778/2014
f 2127/2439/1666 2126/2935/1746 2128/2778/2014
f 1817/3475/2067 2211/3650/2069 1816/3273/2287
f 2211/3650/2069 1857/3651/2068 1816/3273/2287
f 2476/3406/2356 2477/3405/2355 2479/3456/2381
f 1912/3055/2174 2012/2550/1838 1910/3458/2382
f 1499/3115/1529 1496/3460/2311 1523/3086/2193
f 2124/2922/1793 1594/2918/1595 2123/2920/1596
f 1646/3398/2351 1643/2432/1741 1653/2434/1696
f 1928/3300/2302 1920/3027/2158 1919/2793/2023
f 2348/3652/1709 2260/3653/2111 2257/3654/2314
f 2280/3463/2384 2285/3252/2274 2277/3157/2227
f 2361/3289/2298 2339/3590/2422 2242/3467/1929
f 1739/2552/1840 1743/2556/1842 1744/3441/2278
f 1963/2488/1785 1979/2597/1866 1964/2699/1951
f 1979/2597/1866 1968/2543/1832 1964/2699/1951
f 183/1706/1187 198/2278/1061 2123/2272/1596
f 2205/2627/1888 2246/2626/1887 1830/2897/2091
f 2004/2708/1957 2003/2320/1633 1892/2335/1647
f 2207/2138/1472 2208/2633/1893 1750/2972/2134
f 1987/3225/2240 1986/3655/2229 1992/3518/2400
f 1815/3205/2252 1826/2657/1914 1844/2656/1913
f 2349/2828/2052 2051/2830/2054 2059/3656/2450
f 1909/3469/2387 1907/3657/1782 1910/3458/2382
f 1907/3657/1782 1906/3056/1654 1884/3459/1954
f 1910/3458/2382 1907/3657/1782 1884/3459/1954
f 2322/3287/2297 2324/2245/1574 2326/2247/1576
f 2005/3471/1665 2006/2716/1646 2007/2710/1959
f 1930/3658/1934 1932/3659/2024 1926/3473/1932
f 1932/3659/2024 1927/2685/1938 1926/3473/1932
f 1945/2479/1777 1931/3214/2101 1925/3472/1930
f 1931/3214/2101 1946/3213/1927 1925/3472/1930
f 1945/2479/1777 1925/3472/1930 1927/2685/1938
f 1825/2136/1470 1889/2668/1923 1823/2397/1708
f 1898/3474/2366 1896/3660/2288 1905/2484/1781
f 1896/3660/2288 1895/3414/2363 1903/3626/2438
f 1905/2484/1781 1896/3660/2288 1903/3626/2438
f 1839/3272/2286 2236/2706/1612 1817/3475/2067
f 1476/3661/2451 1469/2163/1508 1467/3477/1506
f 1469/2163/1508 1412/2163/1507 1467/3477/1506
f 1467/3477/1506 1477/2174/1504 1466/2172/1513
f 1534/3104/2206 1470/3662/1510 1464/3663/2452
f 1470/3662/1510 1476/3661/2451 1464/3663/2452
f 1476/3661/2451 1467/3477/1506 1465/3478/1460
f 1464/3663/2452 1476/3661/2451 1465/3478/1460
f 1500/2192/1449 1499/2189/1529 1481/3105/2207
f 1497/3113/1537 1520/3112/2210 1506/3480/1533
f 1909/3481/2387 1914/3664/1839 1908/2343/1655
f 2137/3285/2097 2138/2645/1905 1337/2019/1386
f 2138/2645/1905 786/1790/1229 1337/2019/1386
f 2146/3665/2098 2137/3285/2097 1337/2019/1386
f 1938/2847/2066 1934/3211/1939 1915/3210/2255
f 2356/2643/1903 2145/2884/2084 2135/2108/1397
f 2469/3342/2315 2462/3124/2453 2461/2744/1987
f 2345/3359/2154 2272/3240/2267 2275/2544/1833
f 1774/3591/2182 1725/3182/2244 1723/2578/1859
f 1723/2578/1859 1719/2587/1864 1774/3591/2182
f 1933/3212/1928 1931/3214/2101 1928/3483/2302
f 1929/3484/2025 1932/3659/2024 1930/3658/1934
f 1930/3658/1934 1933/3212/1928 1929/3484/2025
f 2287/3666/2454 2288/3667/2455 2286/2329/1641
f 2288/3667/2455 2293/3485/2389 2286/2329/1641
f 2293/3485/2389 2296/3668/2456 2291/2522/1815
f 2296/3668/2456 2298/3669/2457 2295/2983/2139
f 2291/2522/1815 2296/3668/2456 2295/2983/2139
f 2298/3669/2457 2304/3542/2406 2300/2961/2129
f 2298/3669/2457 2300/2961/2129 2295/2983/2139
f 2286/2329/1641 2285/3252/2274 2287/3666/2454
f 1513/3109/2209 1517/2205/1543 165/2067/643
f 1517/2205/1543 140/1784/1226 165/2067/643
f 1501/3333/1679 1508/2178/1518 1484/2180/1520
f 1915/3210/2255 1927/3209/1938 1932/2794/2024
f 1451/2148/1495 1457/3165/2232 1410/3165/1455
f 1494/3486/1448 1495/2199/1538 1504/3446/1523
f 1610/3489/116 1609/3196/2228 1597/3487/1909
f 1609/3196/2228 1599/109/30 1597/3487/1909
f 2278/3299/2301 2344/3464/2385 2277/3157/2227
f 10/3670/15 1609/3671/2228 1612/3491/2261
f 1609/3671/2228 1610/3490/116 1612/3491/2261
f 1792/3493/1883 1850/3305/2133 1829/2783/2018
f 1850/3305/2133 1834/2651/1908 1829/2783/2018
f 2237/3494/2379 2235/3672/1721 2262/3495/1723
f 1561/3118/1582 139/2006/952 1512/2889/1613
f 139/2006/952 141/3673/1431 1512/2889/1613
f 1803/2647/1906 1802/3203/2251 1831/2661/1916
f 2112/3496/2390 2107/3185/2245 2105/2349/1661
f 1546/3266/2283 1547/3674/2458 1548/2402/1713
f 2102/3284/2295 2101/3192/2249 2161/3498/2013
f 2048/3499/2392 2046/3675/2459 2047/3676/2460
f 2048/3499/2392 2047/3676/2460 1330/2101/1441
f 2259/3007/2153 1631/3009/1808 2245/3250/1901
f 2309/2519/1812 2318/2518/1811 2310/2696/1948
f 2318/2518/1811 2316/2694/1946 2310/2696/1948
f 2310/2696/1948 2308/3100/2202 2305/3024/2156
f 2312/3500/1997 2303/3603/1996 2301/3101/2203
f 1804/3444/2376 1749/3443/2375 2194/3584/2419
f 1749/3443/2375 1805/2913/2102 2194/3584/2419
f 1872/3053/2172 1873/2470/1771 1878/3067/2183
f 2281/2617/1642 1782/3677/1880 1779/3501/1756
f 1318/2078/1424 2038/3322/2285 2045/2079/1425
f 72/140/123 2360/3503/2393 2329/119/107
f 2335/3253/2275 2338/2340/1652 2332/3029/2160
f 2333/3504/2394 2335/3253/2275 2332/3029/2160
f 2333/3504/2394 2332/3029/2160 2329/119/107
f 2122/2867/1544 2120/2762/2002 2083/3461/2059
f 2145/3506/2084 2144/2902/2095 2143/3072/2185
f 2200/2738/1982 1819/2739/1610 2211/2856/2069
f 2200/3230/1982 2245/3250/1901 1631/3009/1808
f 777/1738/1202 2089/3648/1552 2088/3219/1554
f 2146/3507/2098 1338/2075/1385 2133/2017/1384
f 2134/2800/2030 2140/3678/1970 2146/3507/2098
f 1738/2893/1843 1740/2529/1821 1764/2528/1820
f 2100/3508/2074 1510/2208/1541 1514/2207/1545
f 1855/3204/2143 1818/2705/1955 1852/2707/1956
f 182/1630/1156 1581/2725/1681 189/1631/900
f 1301/1158/908 1577/3364/2328 182/1635/1156
f 2379/3679/2304 2380/3680/2461 2381/3681/2424
f 2380/3680/2461 2382/3682/2305 2381/3681/2424
f 1702/2851/1711 1703/3454/2380 1714/2931/2112
f 1703/3454/2380 1705/2797/2027 1714/2931/2112
f 1714/2931/2112 1712/2933/2114 1702/2851/1711
f 1574/3511/1733 1570/2253/1579 1571/2249/1577
f 2132/2926/2107 2091/3156/2226 2134/2800/2030
f 2140/2724/1970 2141/2723/1969 2146/2905/2098
f 2189/2650/1907 1832/2768/2006 2232/3255/2115
f 2471/3683/2462 2470/2774/2010 1395/2086/1432
f 2151/2356/1668 2150/2355/1667 2148/2940/2116
f 2440/1026/2359 2439/1724/2463 2437/1025/2464
f 2439/1724/2463 2438/1723/2465 2437/1025/2464
f 2437/1025/2464 2442/1024/2397 2440/1026/2359
f 1510/2208/1541 1511/3684/1540 141/2085/1431
f 1938/2847/2066 1944/2846/2065 1937/3375/2334
f 1507/2191/1531 1508/2178/1518 1500/2192/1449
f 1508/2178/1518 1501/3333/1679 1500/2192/1449
f 2199/3116/1991 1631/2515/1808 2203/3010/1809
f 1297/2008/1377 1552/3685/2466 1295/2080/1426
f 2224/3314/2307 1623/2759/1617 2225/3011/1730
f 1569/2250/1578 1571/2249/1577 1419/3513/1468
f 1303/1641/1158 1596/2312/1626 213/301/261
f 1663/2381/1692 1661/3643/2445 1662/3515/2399
f 2455/3517/2273 2458/908/2108 2456/2927/2110
f 1600/147/128 1632/3522/2044 1617/2507/1802
f 2195/2981/2138 1808/3291/2277 1598/2648/100
f 1992/3518/2400 1986/3655/2229 1985/3050/2169
f 2218/2477/1775 1827/2476/1774 1826/2657/1914
f 2134/3155/2030 2142/2258/1584 2140/3678/1970
f 1966/2698/1950 1968/2543/1832 1965/2700/1952
f 1890/3117/2211 1884/2704/1954 2248/3033/2163
f 1884/2704/1954 1889/2668/1923 1825/2136/1470
f 2248/3033/2163 1884/2704/1954 1825/2136/1470
f 1699/3686/2187 1697/3437/2372 2346/3687/2467
f 1905/2484/1781 1903/3626/2438 1900/3413/2362
f 1783/2618/1614 2292/3038/1628 2294/2787/1629
f 1473/2173/1514 1466/2172/1513 1477/2174/1504
f 1560/3520/1563 2100/3290/2074 1518/2954/2126
f 1600/147/128 1603/2504/1799 1615/3521/1803
f 2101/3192/2249 2129/3191/2012 2128/3523/2014
f 1593/3525/1603 2062/2570/1602 198/3199/1061
f 198/3199/1061 1576/3198/2103 1589/3524/1606
f 1794/2660/1758 1849/3244/1757 2231/2982/1764
f 1849/3244/1757 1833/3243/1765 2231/2982/1764
f 1819/2739/1610 2211/3650/2069 1817/3475/2067
f 1744/3260/2278 1765/2635/1895 1770/2406/1717
f 2202/2750/1992 2203/3010/1809 2204/3526/2237
f 74/58/57 2341/2339/1651 75/146/127
f 2062/3340/1602 2124/2838/1793 2066/2727/1972
f 2452/360/2109 2457/362/2413 2460/3409/2360
f 1495/2199/1538 1494/3261/1448 1507/2191/1531
f 1803/2647/1906 1751/3688/1858 1802/3203/2251
f 1751/3688/1858 1613/3689/1857 1802/3203/2251
f 1613/3689/1857 1605/3069/2184 1802/3203/2251
f 1605/3069/2184 1606/3071/1797 1809/3160/2144
f 1802/3203/2251 1605/3069/2184 1809/3160/2144
f 2221/3527/1878 1828/3690/2266 2239/3528/2270
f 1838/2467/1768 1852/2707/1956 1839/3272/2286
f 1839/3272/2286 1846/2613/1877 1876/2468/1769
f 1846/2613/1877 1845/2615/1879 1876/2468/1769
f 2252/3691/2140 2251/3019/2155 2185/3568/1924
f 1755/2601/1868 1753/2590/1865 1754/2336/1648
f 1894/3530/1826 1895/3692/2363 1896/3274/2288
f 2273/3298/2300 2274/2608/1872 2271/3532/2404
f 2274/2608/1872 2267/2610/1874 2271/3532/2404
f 2263/2746/1989 2327/2857/2070 2358/3693/2468
f 2267/2610/1874 2263/2746/1989 2270/3531/2403
f 2263/2746/1989 2358/3693/2468 2270/3531/2403
f 1565/3183/1562 1566/770/642 166/1824/1240
f 2434/3694/2342 2394/3505/2347 2386/2081/1427
f 2397/3695/2343 2434/3694/2342 2386/2081/1427
f 2396/3696/2348 2397/3695/2343 2386/2081/1427
f 2398/2012/1381 2396/3696/2348 2386/2081/1427
f 1450/2150/1498 1409/2150/1497 1503/3533/1555
f 74/58/57 73/60/59 2338/2340/1652
f 73/60/59 2334/3028/2159 2338/2340/1652
f 1991/3135/2219 1989/3046/1990 1987/3225/2240
f 2210/2993/2147 2235/3296/1721 2237/3535/2379
f 2114/2951/2123 2103/3697/1573 2115/3187/2247
f 2103/3697/1573 2104/3492/2265 2115/3187/2247
f 1918/2692/1945 1924/2670/1925 1933/3536/1928
f 1651/3537/2040 1650/2433/1742 1652/3188/2248
f 2091/3156/2226 2132/2926/2107 2092/3698/2469
f 1316/2107/1429 2041/3597/2418 2044/3699/2233
f 1316/2107/1429 2044/3699/2233 1323/2106/1437
f 1316/2107/1429 1323/2106/1437 1317/2032/1391
f 1723/2578/1859 1726/3070/1735 1605/3069/2184
f 1616/2523/1816 1630/2422/1732 1606/3538/1797
f 2492/3700/2414 1614/2859/2071 1602/3701/2415
f 1513/3109/2209 2156/3702/2131 1515/3540/2303
f 1505/2182/1522 1487/2181/1521 1488/2201/1539
f 2311/3006/1947 2239/3528/2270 1817/2854/2067
f 2239/3528/2270 1828/3690/2266 2244/3555/2410
f 1817/2854/2067 2239/3528/2270 2244/3555/2410
f 2236/2294/1612 2233/2293/1611 2311/3006/1947
f 2105/2349/1661 2098/2437/1745 2116/2350/1662
f 2098/2437/1745 2101/3192/2249 2116/2350/1662
f 2306/3541/2405 2307/2394/1705 2300/2961/2129
f 183/1706/1187 2123/2272/1596 1580/2109/1443
f 183/1706/1187 1580/2109/1443 139/1238/952
f 1991/3543/2219 1992/3703/2400 1988/3544/2170
f 2015/2062/1444 2016/2720/1967 1304/2084/1430
f 2391/3704/2336 2430/2548/1836 2390/2418/2337
f 2276/2907/2099 2272/3240/2267 2264/2609/1873
f 2272/3240/2267 2268/3094/2200 2264/2609/1873
f 2268/3094/2200 2266/3093/2199 2264/2609/1873
f 2266/3093/2199 2262/2412/1723 2264/2609/1873
f 2262/2412/1723 2326/2247/1576 2265/2246/1575
f 2262/2412/1723 2265/2246/1575 2264/2609/1873
f 2436/3392/2346 2431/2547/1835 2432/2062/1416
f 2395/3395/2349 2436/3392/2346 2432/2062/1416
f 2432/2062/1416 1384/2059/1414 2433/2110/1445
f 2433/2110/1445 2395/3395/2349 2432/2062/1416
f 2435/3385/2341 1390/2111/1446 2431/2547/1835
f 1390/2111/1446 1142/1486/1082 2431/2547/1835
f 2431/2547/1835 2434/3386/2342 2435/3385/2341
f 1383/1560/1170 2390/2418/2337 1136/576/484
f 2390/2418/2337 2430/2548/1836 1136/576/484
f 2401/2046/1401 2399/3366/2330 1352/1982/1359
f 2083/2837/2059 2120/3546/2002 2084/2836/2058
f 2120/3546/2002 2163/3705/2004 2061/2318/1631
f 2163/3705/2004 2159/3231/2118 2061/2318/1631
f 2159/3231/2118 2067/2835/2057 2061/2318/1631
f 2108/2409/1720 2118/3223/2259 2106/3224/2260
f 2289/2781/2016 2281/2330/1642 2286/2329/1641
f 2315/3551/2409 2313/2517/1810 2314/3547/2407
f 2313/2517/1810 2359/2393/1704 2314/3547/2407
f 1866/2658/1915 1861/3254/2276 1867/2209/1546
f 1860/2655/1912 1870/2653/1910 1865/2466/1767
f 1867/2209/1546 1860/2655/1912 1866/2658/1915
f 1862/2211/1548 1863/3075/2186 1864/2663/1918
f 1862/2211/1548 1864/2663/1918 1867/2209/1546
f 2250/2986/2141 2184/2228/1559 2215/2230/1561
f 2495/81/78 16/9/9 1598/3641/100
f 2516/3706/2470 2514/3707/2471 1750/3708/2134
f 2494/3709/2472 1597/2652/1909 1601/2501/1796
f 2516/3706/2470 1749/3710/2375 2493/3711/2473
f 2513/149/130 2486/135/118 1600/147/128
f 2491/29/29 2489/88/85 4/3712/2474
f 2485/3713/2475 2493/3711/2473 1749/3710/2375
f 2524/3714/2476 2483/3715/2477 2167/2949/2121
f 2506/3716/2478 2524/3714/2476 2167/2949/2121
f 2515/3465/2386 1729/2730/1975 2502/3717/2479
f 2500/3718/2480 1601/2501/1796 5/83/80
f 2518/3719/2481 2503/3720/2482 1608/3488/114
f 2491/3721/29 2526/3722/2483 1599/109/30
f 2498/3723/2484 58/3724/2258 2088/2217/1554
f 2508/3725/2485 1608/3488/114 1597/3487/1909
f 2484/3726/2486 2525/3727/84 6/134/28
f 2499/3728/2487 1611/3181/2243 1610/132/116
f 2482/131/115 2499/3728/2487 1610/132/116
f 2512/85/82 2500/3718/2480 5/83/80
f 2504/136/119 2520/3729/2488 5/83/80
f 2517/3730/2489 1729/2730/1975 1728/2731/1976
f 2492/3731/2414 2505/3732/2490 1607/2505/1800
f 2490/3733/2491 2517/3730/2489 1728/2731/1976
f 2520/3729/2488 2523/84/81 5/83/80
f 2514/3707/2471 1718/3550/2167 1750/3708/2134
f 2507/3734/2492 2511/3129/2217 2095/3128/2216
f 2553/1965/1347 2533/3735/2493 218/400/353
f 2569/409/360 2551/3736/1160 362/407/270
f 2544/3737/2494 2535/3738/2495 1188/403/356
f 2558/3739/2496 1189/422/371 1187/424/373
f 2529/3740/2497 2559/3741/2498 348/313/271
f 2552/3742/2499 854/1007/818 849/1382/1020
f 2545/3743/2500 2539/1843/1245 629/1210/754
f 2563/1968/1349 2556/1964/1346 218/400/353
f 2545/3743/2500 334/1209/933 2557/3744/2501
f 2549/3745/2502 2554/1929/1317 1239/1192/920
f 2536/3746/2503 2546/3747/1335 1189/422/371
f 2535/3738/2495 2560/406/358 1188/403/356
f 2528/3748/2504 2542/3749/1350 223/1971/370
f 2528/3748/2504 1191/3750/683 2568/3751/1314
f 2552/3742/2499 851/813/679 2567/3752/2505
f 2544/3737/2494 218/400/353 2533/3735/2493
f 2551/3753/1160 348/313/271 362/312/270
f 2555/3754/2506 1239/3755/920 2534/3756/1318
f 2541/815/681 2567/3752/2505 851/813/679
f 2557/3744/2501 356/512/441 2548/1807/1233
f 59/2216/1553 2570/3127/2215 2487/3470/2388
f 57/27/27 2501/1941/1326 776/1179/916
f 57/27/27 2488/3757/2507 2572/25/25
f 778/1138/893 2575/3758/2508 2574/1916/1305
f 780/1245/891 2532/1911/1300 783/1193/921
f 2496/1942/1327 778/1138/893 776/1179/916
f 2171/3759/2125 2579/3760/2509 2580/3761/2510
f 2087/2878/2080 2577/2877/2079 2578/3762/2511
f 2171/3759/2125 2497/3763/2512 2170/2387/1698
f 2169/2950/2122 2167/2949/2121 2483/3715/2477
f 2485/3713/2475 1749/3710/2375 2483/3764/2477
f 360/1377/1019 2550/1817/1238 2562/3764/680
f 2581/3765/2513 2584/3766/2513 765/1578/1137
f 2582/1332/995 764/3767/821 854/1007/818
f 11/13/13 8/93/87 2521/14/14
f 6/28/28 2489/88/85 2491/29/29
f 15/7/7 16/9/9 2509/80/77
f 1599/109/30 2526/3722/2483 2495/110/78
f 1634/112/60 1611/3181/2243 2527/113/101
f 1608/130/114 2503/3768/2482 2482/131/115
f 2521/14/14 2484/3726/2486 6/134/28
f 5/83/80 1600/147/128 2486/135/118
f 2560/406/358 2566/408/359 234/405/272
f 362/407/270 234/405/272 2566/408/359
f 2583/1577/1136 852/3769/2514 765/1578/1137
f 230/445/390 362/1831/270 2551/1649/1160
f 2551/1721/1160 362/579/270 434/369/325
f 348/313/271 2559/3741/2498 2548/1807/1233
f 360/1377/1019 340/1667/596 2561/1669/1167
f 340/1667/596 629/1210/754 2539/1843/1245
f 2547/1877/1269 2530/1927/1315 226/1053/764
f 225/419/368 2543/1918/1307 2531/1884/1276
f 2564/1890/1282 2558/3770/2496 1187/424/373
f 2532/1911/1300 2549/3745/2502 1239/1192/920
f 2573/1915/1304 780/1136/891 778/1138/893
f 2538/1923/1312 216/1832/918 228/1566/1134
f 1208/816/682 1192/1963/1345 2568/1925/1314
f 242/1926/765 226/1053/764 2530/1927/1315
f 217/1714/369 2531/3771/1276 2563/1968/1349
f 2542/1969/1350 2537/3772/1306 225/1970/368
f 2170/2387/1698 2497/3763/2512 2481/2388/1699
f 1607/2505/1800 2505/3732/2490 2522/2506/1801
f 2570/3127/2215 59/2216/1553 2095/3128/2216
f 2515/3465/2386 2492/3773/2414 1607/3466/1800
f 2487/3470/2388 2498/3723/2484 2088/2217/1554
f 1617/2507/1802 2522/2506/1801 2519/148/129
f 2510/3549/2408 2490/3733/2491 1728/2731/1976
f 1810/2817/2043 1607/3566/1800 2492/3564/2414
f 2481/2388/1699 2506/3716/2478 2167/2949/2121
f 2492/3700/2414 1607/3556/1800 1614/2859/2071
f 2495/81/78 2509/80/77 16/9/9
f 2494/3709/2472 2508/3774/2485 1597/2652/1909
f 2516/3706/2470 1750/3708/2134 1749/3710/2375
f 2515/3465/2386 1730/2572/1856 1729/2730/1975
f 2500/3718/2480 2494/3709/2472 1601/2501/1796
f 2498/3723/2484 2488/3775/2507 58/3724/2258
f 2508/3725/2485 2518/3719/2481 1608/3488/114
f 2499/3728/2487 2527/113/101 1611/3181/2243
f 2517/3730/2489 2502/3717/2479 1729/2730/1975
f 2514/3707/2471 2510/3549/2408 1718/3550/2167
f 2558/3739/2496 2536/3746/2503 1189/422/371
f 2552/3742/2499 2540/1331/994 854/1007/818
f 2545/3743/2500 629/1210/754 334/1209/933
f 2528/3748/2504 223/1971/370 1191/3750/683
f 2552/3742/2499 849/1382/1020 851/813/679
f 2544/3737/2494 1188/403/356 218/400/353
f 2551/3753/1160 2529/3740/2497 348/313/271
f 2555/3754/2506 859/1596/1013 1239/3755/920
f 2557/3744/2501 334/1209/933 356/512/441
f 57/27/27 2571/26/26 2501/1941/1326
f 57/27/27 58/3218/2258 2488/3757/2507
f 780/1245/891 2573/3776/1304 2532/1911/1300
f 2496/1942/1327 2575/3758/2508 778/1138/893
f 2171/3759/2125 2580/3761/2510 2497/3763/2512
f 2582/1332/995 2583/3777/1136 764/3767/821
