# Blender 3.6.5
# www.blender.org
o exteriorp2
v -0.618736 -0.104015 1.898807
v -0.618740 -0.024895 1.898703
v -0.730662 -0.016039 1.888385
v -0.625580 -0.016227 1.898999
v -0.736800 -0.025115 1.886009
v -0.625569 -0.112978 1.899039
v -0.730608 -0.112523 1.888264
v -0.736738 -0.103795 1.885850
v -0.463160 -0.024895 1.900300
v -0.575023 -0.016007 1.901201
v -0.469840 -0.016138 1.901563
v -0.581207 -0.025115 1.899482
v -0.462249 -0.104535 1.901681
v -0.469955 -0.111646 1.899695
v -0.581176 -0.103795 1.899371
v -0.574966 -0.112549 1.901179
v -0.720723 0.385790 1.044254
v -0.706878 0.432980 1.082799
v -0.702253 0.431067 1.082866
v -0.684867 0.472166 1.042038
v -0.737772 -0.100000 1.899588
v -0.741884 -0.118655 1.899687
v -0.678711 -0.014221 1.906679
v -0.685548 -0.057909 1.904989
v -0.689305 -0.060916 1.881076
v -0.673303 -0.069717 1.906482
v -0.692585 -0.029957 1.881446
v -0.723378 -0.030681 1.878856
v -0.741699 -0.011114 1.900880
v -0.726592 -0.086417 1.877495
v -0.678068 -0.075951 1.882128
v -0.751803 -0.125511 1.851464
v -0.751127 -0.004492 1.852467
v -0.646428 -0.103912 1.885398
v -0.710044 -0.104146 1.878902
v -0.614546 -0.011476 1.913126
v -0.619057 -0.100456 1.911587
v -0.667272 -0.060906 1.882873
v -0.664225 -0.028754 1.884070
v -0.633133 -0.031668 1.888189
v -0.628750 -0.086526 1.887439
v -0.605500 -0.126965 1.866441
v -0.605757 -0.003871 1.867330
v -0.615862 -0.121353 1.912438
v -0.585997 -0.012504 1.914956
v -0.585815 -0.118137 1.913809
v -0.521407 -0.011218 1.915061
v -0.533763 -0.060911 1.889449
v -0.536968 -0.028845 1.890107
v -0.567921 -0.031299 1.890998
v -0.582284 -0.099893 1.913190
v -0.571423 -0.086395 1.890139
v -0.522445 -0.076423 1.889746
v -0.595767 -0.126528 1.866570
v -0.595402 -0.004157 1.867487
v -0.554786 -0.103741 1.889758
v -0.524690 -0.055781 1.913977
v -0.490982 -0.104101 1.889765
v -0.521146 -0.074578 1.913131
v -0.459839 -0.010321 1.915800
v -0.459301 -0.120098 1.913347
v -0.513223 -0.057092 1.889673
v -0.508487 -0.029512 1.890408
v -0.477639 -0.031227 1.891077
v -0.473800 -0.086580 1.889792
v -0.463617 -0.100600 1.913321
v -0.449211 -0.126110 1.866633
v -0.450524 -0.004436 1.867359
v 0.600028 -0.073384 1.899206
v 0.585597 -0.083614 1.904527
v 0.790790 0.001539 1.824572
v -0.788030 -0.092515 1.881558
v -0.790523 -0.003525 1.879299
v -0.803556 -0.005884 1.835146
v -0.801584 -0.094955 1.838412
v -0.763425 -0.129108 1.860736
v -0.614488 -0.095042 1.905845
v -0.739363 -0.012934 1.891294
v -0.739411 -0.094430 1.891284
v -0.426440 -0.014284 1.904592
v -0.457980 -0.012915 1.908169
v -0.457987 -0.093710 1.908722
v -0.585108 -0.012647 1.907341
v -0.585143 -0.093382 1.907507
v -0.585076 -0.122806 1.885792
v -0.614479 -0.012910 1.905435
v -0.737787 -0.126570 1.866289
v -0.458000 -0.123790 1.887600
v -0.427810 0.001736 1.898003
v -0.614569 -0.127505 1.882533
v -0.800458 -0.089471 1.830776
v -0.764799 -0.134352 1.822889
v -0.406831 -0.026007 1.896845
v -0.788453 0.000824 1.823457
v -0.788572 -0.094504 1.823116
v 0.771165 -0.130475 1.821918
v -0.410143 -0.077559 1.898951
v -0.800661 -0.215210 1.647857
v -0.767527 -0.351874 1.889075
v -0.782690 -0.367604 1.846607
v -0.737769 -0.365701 1.900903
v -0.793334 -0.205134 1.850938
v -0.752276 -0.143879 1.875121
v -0.787065 -0.153316 1.880274
v -0.721857 -0.143382 1.854591
v -0.796740 -0.206468 1.747102
v -0.801498 -0.206249 1.623698
v -0.801805 -0.206356 1.633799
v -0.794164 -0.117619 1.846302
v -0.661006 -0.148267 1.849706
v -0.790382 -0.117618 1.831248
v -0.789162 -0.344617 1.660897
v -0.783225 -0.357654 1.662868
v -0.790583 -0.187539 1.846425
v -0.789730 -0.200652 1.840928
v -0.792651 -0.115051 1.849553
v 0.735742 -0.364922 1.902909
v -0.783983 -0.352668 1.764680
v -0.787412 -0.364060 1.680765
v -0.779474 -0.365906 1.767675
v -0.754447 -0.352055 1.891941
v -0.729653 -0.351934 1.902913
v -0.718791 -0.244769 1.910972
v -0.660948 -0.352029 1.906617
v -0.779723 -0.352334 1.847664
v -0.770666 -0.352132 1.873004
v -0.786945 -0.219195 1.866190
v -0.776012 -0.365189 1.838970
v -0.782900 -0.160107 1.878738
v -0.765387 -0.168855 1.897671
v -0.741220 -0.170624 1.908812
v -0.661267 -0.170092 1.911664
v -0.764990 -0.163635 1.895078
v -0.740334 -0.164881 1.904820
v -0.330678 -0.165447 1.909461
v -0.782920 -0.153086 1.874822
v -0.744454 -0.149654 1.847243
v -0.727524 -0.148303 1.873295
v -0.330487 -0.148338 1.874892
v -0.791234 -0.166934 1.853825
v -0.661288 -0.165433 1.909403
v 0.000001 -0.165430 1.909286
v -0.787855 -0.188392 1.851321
v -0.792893 -0.122993 1.850438
v -0.750478 -0.148080 1.868497
v -0.751297 -0.149623 1.876548
v 0.330688 -0.165499 1.909559
v -0.709701 0.361491 1.665033
v -0.507406 0.698329 1.232127
v -0.000019 0.710808 1.235994
v -0.569131 0.683163 1.244796
v -0.710862 0.303815 1.735429
v -0.697659 0.285911 1.760558
v -0.650828 0.005713 1.942290
v -0.655095 0.220252 1.853100
v -0.669276 0.278566 1.780611
v -0.582075 0.191523 1.822606
v -0.640536 0.224388 1.782270
v -0.658979 0.273640 1.738955
v -0.551814 0.662565 1.241936
v -0.542209 0.695123 1.232278
v -0.656837 0.262823 1.735095
v -0.659905 0.261420 1.795814
v -0.596600 0.539742 1.387826
v -0.534430 0.668968 1.219263
v -0.629668 0.438996 1.509905
v -0.653203 -0.002570 1.911764
v -0.504123 0.670010 1.210204
v -0.582544 0.176259 1.894010
v 0.504783 0.669252 1.210718
v 0.169456 0.677092 1.214402
v 0.654114 0.000457 1.912044
v -0.762684 0.360506 1.205534
v -0.848100 0.236597 1.204075
v -0.757801 0.355916 1.200666
v -0.841072 0.209512 1.201552
v -0.849048 0.209614 1.204061
v -0.849961 0.214802 1.201685
v -0.846284 0.233921 1.527954
v -0.842956 0.221813 1.431644
v -0.834686 0.236882 1.197409
v -0.750215 0.380683 1.530506
v -0.834469 0.227536 1.529487
v -0.754146 0.358835 1.205044
v -0.777084 0.370661 1.186002
v -0.758348 0.380117 1.071867
v -0.888343 -0.057868 1.184218
v -0.853691 -0.016807 1.186087
v -0.856179 -0.047257 1.090026
v -0.854615 0.227500 1.185758
v -0.850004 0.218011 0.886475
v -0.854594 0.182492 0.909412
v -0.620254 0.703107 0.867810
v -0.613780 0.681232 0.862768
v -0.787781 -0.403274 0.972749
v -0.850404 -0.133985 1.011006
v -0.879235 -0.096284 1.086869
v -0.840271 -0.199337 1.012088
v -0.825771 -0.274416 0.988653
v -0.827156 -0.276051 0.978111
v -0.861618 -0.044742 0.269638
v -0.741495 0.427206 1.108280
v -0.779804 0.343117 1.189386
v -0.824944 0.267706 1.117230
v -0.847155 0.215937 0.898005
v -0.820733 0.207730 0.927122
v -0.837276 0.233885 0.904574
v -0.849816 0.196908 0.907848
v -0.851075 0.189297 0.924612
v -0.850269 0.184841 0.940795
v -0.849024 0.194401 1.121766
v -0.820520 0.218035 1.124723
v -0.848621 0.201321 1.136674
v -0.847134 0.210357 1.146043
v -0.844566 0.231129 1.153072
v -0.834916 0.248274 1.144535
v -0.826123 0.260250 1.109565
v -0.852763 0.190484 1.140945
v -0.828901 0.253205 0.914776
v -0.754832 0.358844 1.194093
v -0.877797 -0.076771 1.144628
v -0.880193 -0.065093 1.182519
v -0.745742 -0.410311 0.965842
v -0.847129 0.206942 1.193838
v -0.858853 -0.136544 1.059490
v -0.870974 -0.099416 1.101211
v -0.731582 0.389670 1.049961
v -0.716171 0.433271 1.083150
v -0.606997 0.666191 0.850722
v -0.678912 0.394009 1.002471
v -0.562775 0.642954 0.824511
v -0.563577 0.645942 0.853838
v -0.662496 0.436029 1.057930
v -0.662568 0.432332 1.035762
v -0.668830 0.446938 1.061934
v -0.820532 -0.284988 0.994852
v -0.661346 0.573250 0.980507
v -0.777120 -0.401569 0.524705
v -0.776842 -0.401227 0.859118
v -0.794909 -0.377970 0.467021
v -0.792226 -0.386036 0.979276
v -0.808700 -0.338766 0.939368
v -0.843341 -0.167717 1.024263
v -0.599568 0.689843 0.851715
v -0.819554 -0.273269 0.971196
v -0.848529 0.005366 1.103874
v -0.771347 0.337065 1.194447
v -0.708392 0.469894 1.080579
v -0.788279 -0.373125 0.484486
v -0.709249 0.228442 1.155588
v -0.820537 0.067814 1.122071
v -0.563901 0.669438 0.875973
v -0.661708 0.469044 1.071652
v -0.701871 -0.363711 0.486826
v -0.704023 -0.363197 0.856048
v -0.697707 0.347907 1.148191
v -0.698149 0.210360 1.145930
v -0.699293 0.076507 1.116235
v -0.701056 -0.091237 1.006393
v -0.705973 -0.321055 0.934136
v -0.551558 0.671975 0.856372
v -0.653014 0.470310 1.062387
v -0.879364 -0.065543 1.142242
v -0.710210 -0.371968 0.858047
v -0.710068 -0.333903 0.932273
v -0.709940 -0.272223 0.962090
v -0.606704 0.676060 0.882139
v -0.597331 0.677219 0.867597
v -0.710190 -0.147640 0.993817
v -0.695485 0.365301 1.105130
v -0.697355 0.214323 1.116419
v -0.702776 -0.313504 0.899588
v -0.682001 -0.289545 0.888929
v -0.696003 0.287957 0.825040
v -0.691130 0.263858 0.490498
v -0.699947 -0.287904 0.413702
v -0.695676 0.077309 1.078357
v -0.676282 0.075521 1.058305
v -0.700756 -0.103058 0.975523
v -0.698839 0.266802 0.519400
v -0.827940 0.243449 0.916062
v -0.872195 0.236728 0.955088
v -0.876620 0.214027 0.957389
v -0.872284 0.241898 1.086605
v -0.876469 0.220367 1.098713
v -0.852322 0.237952 0.955050
v -0.823706 0.242084 0.940633
v -0.832259 0.194256 0.945255
v -0.860569 0.215635 0.959334
v -0.860552 0.221672 1.093621
v -0.812741 0.207518 0.935353
v -0.825197 0.256364 1.128016
v -0.859238 0.204413 1.118140
v -0.855159 0.207346 1.106915
v -0.832502 0.202877 1.112547
v -0.843740 0.249222 1.094456
v -0.822325 0.250793 1.098647
v -0.814127 0.216907 1.115502
v -0.845788 0.243573 1.136572
v -0.839086 0.234702 1.195343
v -0.844202 -0.046990 1.066652
v -0.844862 -0.056115 1.059209
v -0.709929 -0.372191 0.484769
v -0.709283 0.333847 1.154737
v -0.825588 0.248673 0.932384
v -0.649741 -0.401694 0.208443
v -0.703854 -0.472749 0.188278
v -0.832994 -0.198006 1.015621
v -0.680346 0.143726 1.927183
v -0.716605 0.144354 1.924535
v -0.680416 0.006418 1.931427
v -0.716603 0.006389 1.928925
v -0.681285 0.009131 1.904769
v -0.717477 0.009111 1.902288
v -0.678214 0.168500 1.892692
v -0.680825 0.233137 1.816337
v -0.682656 0.168400 1.892164
v -0.714420 0.167666 1.890543
v -0.716984 0.231914 1.815264
v -0.718872 0.167568 1.889950
v -0.683280 0.143881 1.909272
v -0.719478 0.143000 1.907055
v -0.677540 0.143987 1.909882
v -0.683038 0.114850 1.916198
v -0.713756 0.143107 1.907664
v -0.719244 0.113971 1.913915
v -0.677795 0.114960 1.916802
v -0.682748 0.025305 1.919967
v -0.714004 0.114081 1.914518
v -0.718952 0.025283 1.917481
v -0.683427 0.014297 1.916807
v -0.719628 0.014298 1.914322
v -0.678104 0.025305 1.920563
v -0.714305 0.025283 1.918147
v -0.677386 0.014295 1.917418
v -0.713573 0.014297 1.914931
v -0.752895 0.141787 1.920597
v -0.752804 0.006374 1.924283
v -0.753625 0.009109 1.897648
v -0.755083 0.166756 1.885653
v -0.750625 0.166854 1.886246
v -0.753145 0.230692 1.812113
v -0.755685 0.142142 1.902690
v -0.755462 0.113091 1.909418
v -0.749963 0.142250 1.903231
v -0.755138 0.025262 1.912911
v -0.750209 0.113201 1.910020
v -0.755813 0.014298 1.909690
v -0.750512 0.025261 1.913514
v -0.749775 0.014294 1.910298
v -0.854551 0.206168 1.203954
v -0.850363 0.001643 1.390065
v -0.888643 -0.055602 1.198066
v -0.825872 0.009231 1.884741
v -0.806164 -0.005050 1.833534
v -0.799541 -0.017981 1.829990
v -0.658935 -0.003703 1.829164
v -0.799186 -0.097549 1.835472
v -0.794124 -0.195383 1.838519
v -0.794378 -0.108700 1.845714
v -0.843334 0.205311 1.197892
v -0.856590 -0.022569 1.192267
v -0.798337 -0.206497 1.619159
v -0.882935 -0.048568 1.191571
v -0.848578 -0.003781 1.194781
v -0.791221 -0.167204 1.845033
v -0.791048 -0.204181 1.828065
v -0.841213 0.211140 1.779835
v -0.830509 0.135744 1.855963
v -0.805880 0.008836 1.923241
v -0.807389 0.143299 1.919422
v -0.823655 0.131591 1.890666
v -0.770153 0.007356 1.926945
v -0.771249 -0.001413 1.900869
v -0.666382 0.146353 1.932069
v -0.660023 0.143628 1.932214
v -0.660378 0.168121 1.915136
v -0.665492 0.014142 1.928229
v -0.658520 0.143020 1.877297
v -0.666911 0.143472 1.917279
v -0.660081 0.114532 1.939032
v -0.658926 0.015230 1.940616
v -0.657156 0.239448 1.764876
v -0.662188 0.241888 1.827398
v -0.767916 0.234145 1.823751
v -0.769183 0.140914 1.917101
v -0.768093 0.015879 1.912014
v -0.662180 0.003978 1.909056
v -0.666274 0.243326 1.824500
v -0.830001 0.227307 1.792914
v -0.669367 0.240086 1.817338
v -0.659889 0.244020 1.775196
v -0.661612 0.243053 1.770227
v -0.179032 0.717666 1.235680
v -0.504243 0.707754 1.227656
v -0.490563 0.758977 0.932525
v -0.502057 0.673119 1.212100
v -0.340634 0.677719 1.216936
v -0.000002 0.679456 1.216443
v 0.179034 0.717413 1.235841
v -0.748819 0.384786 1.533866
v -0.745782 0.401705 1.520427
v -0.601889 0.722320 0.981112
v -0.611925 0.696786 1.179581
v -0.758028 0.361580 1.202508
v -0.712798 -0.471888 0.905821
v -0.548940 -0.283805 1.946315
v -0.548684 -0.255768 1.946415
v -0.567506 -0.255768 1.945912
v -0.632264 -0.283805 1.944149
v -0.632008 -0.255768 1.944283
v -0.650830 -0.255768 1.943814
v -0.577245 0.720480 1.199488
v -0.567728 0.745515 1.003896
v -0.748181 0.392668 1.615638
v -0.834066 0.264478 1.748645
v -0.841852 0.223689 1.765920
v -0.837249 0.236669 1.729317
v -0.820671 0.244587 1.808474
v -0.710773 0.416920 1.603220
v -0.715517 0.296841 1.749595
v -0.580174 0.693961 1.243531
v -0.652566 0.370210 1.607060
v -0.584918 0.670559 1.266199
v -0.606277 0.520313 1.422901
v -0.646449 0.526447 1.454850
v -0.613823 0.604968 1.353090
v -0.531742 0.677916 1.225017
v -0.671182 0.273861 1.784128
v -0.707228 0.295047 1.753813
v -0.816252 0.239550 1.814271
v -0.658207 0.248481 1.815788
v -0.845744 0.238276 1.537469
v -0.839432 0.228550 1.534263
v -0.664770 0.239886 1.812935
v -0.508426 0.684001 1.220404
v -0.823478 0.266062 1.534258
v -0.656163 0.257558 1.761582
v -0.657293 0.244568 1.758403
v -0.791134 -0.380377 0.858649
v -0.762509 -0.405007 0.973356
v -0.807467 -0.357351 0.980393
v -0.853258 -0.044074 1.132435
v -0.847902 -0.075423 1.080955
v -0.869697 -0.090865 1.098513
v -0.856545 -0.129663 1.055132
v -0.838813 -0.147966 1.012719
v -0.844407 0.058234 1.146175
v -0.817154 -0.274231 0.992180
v -0.844699 -0.021946 1.120539
v -0.769884 0.334834 1.170390
v -0.828446 -0.210496 1.003257
v -0.841245 -0.109433 1.031858
v -0.843233 0.205247 1.174761
v -0.838966 0.230764 1.195765
v -0.838851 0.229511 1.175116
v -0.787751 -0.373498 0.858508
v -0.819376 0.218827 1.156893
v -0.708472 0.203967 1.156012
v -0.708966 0.075620 1.126852
v -0.709376 -0.037309 1.047969
v -0.799341 -0.335361 0.933685
v -0.612613 0.573782 0.973745
v -0.557146 0.682971 0.850174
v -0.698836 0.368169 1.149255
v -0.698411 0.470019 1.073134
v -0.699477 -0.358571 0.854955
v -0.708855 -0.093735 1.020006
v -0.695542 0.202731 1.139700
v -0.709371 -0.209551 0.977651
v -0.697505 -0.266975 0.948603
v -0.606453 0.565864 0.961401
v -0.814734 -0.148211 0.995573
v -0.743915 0.356878 1.154967
v -0.747615 0.368725 1.158076
v -0.818401 -0.041610 1.046733
v -0.787764 -0.332221 0.392900
v -0.809710 -0.272924 0.964096
v -0.714013 -0.331312 0.494684
v -0.714701 -0.330577 0.848909
v -0.714066 -0.359318 0.487906
v -0.713983 -0.305012 0.443435
v -0.578344 0.654650 0.839945
v -0.559679 0.677597 0.851365
v -0.668993 0.469002 1.028228
v -0.655886 0.494976 1.043742
v -0.712604 0.348009 1.114870
v -0.708585 0.350469 1.142810
v -0.690596 0.359236 1.137549
v -0.714790 0.205758 1.114273
v -0.710951 0.202428 1.142120
v -0.714990 0.082157 1.087006
v -0.706121 0.069362 1.113074
v -0.688930 -0.076827 0.975222
v -0.717156 -0.094226 0.972645
v -0.713848 -0.103945 0.999140
v -0.697667 -0.121792 0.987959
v -0.715385 -0.305960 0.905863
v -0.707057 -0.326698 0.929728
v -0.843593 0.225315 1.256188
v -0.844115 0.217056 1.318170
v -0.767069 0.347325 1.201355
v -0.835033 0.204921 1.256176
v -0.819427 0.237848 1.208280
v -0.829696 0.250022 1.220164
v -0.788306 0.312007 1.214794
v -0.771794 0.309043 1.203876
v -0.749997 0.342800 1.249384
v -0.827966 0.216476 1.496292
v -0.744213 0.352859 1.486636
v -0.763190 0.351936 1.484775
v -0.764173 0.325870 1.536420
v -0.825898 0.230826 1.512903
v -0.810706 0.252719 1.538512
v -0.781035 0.329535 1.526014
v -0.843055 0.231966 1.200266
v -0.832661 0.251768 1.517897
v -0.768299 0.344282 1.261655
v -0.834742 0.248585 1.534394
v -0.832319 0.217761 1.239832
v -0.737849 0.353447 1.206945
v -0.746508 0.374602 1.534556
v -0.759247 0.365039 1.532915
v -0.780947 -0.364512 1.684849
v -0.330711 -0.171797 1.911295
v -0.285802 -0.294292 1.905480
v -0.789185 -0.131955 1.854512
v -0.753628 -0.141262 1.844097
v 0.751674 -0.143558 1.846659
v -0.784312 -0.090668 1.829308
v -0.388115 -0.317468 1.900913
v -0.479682 -0.230523 1.944083
v -0.481227 -0.305549 1.943929
v -0.714162 -0.229519 1.937860
v -0.717370 -0.308475 1.936564
v -0.420268 -0.310250 1.895158
v -0.416576 -0.212476 1.894627
v -0.656739 0.009596 1.884019
v -0.656972 0.043742 1.881428
v 0.748388 -0.197246 1.897001
v -0.577338 0.581756 1.328469
v -0.603444 0.514258 1.414671
v -0.537338 0.665238 1.221263
v -0.138678 0.041602 1.855065
v -0.695216 -0.007009 1.927512
v -0.693843 0.143630 1.859540
v -0.693018 0.168219 1.842596
v -0.693908 0.114581 1.866522
v -0.693700 0.023412 1.867808
v -0.693195 0.007142 1.859439
v -0.690016 0.215798 1.784475
v -0.703035 0.168022 1.841483
v -0.702319 0.143440 1.858447
v -0.702138 0.114369 1.865426
v -0.701305 0.023424 1.866601
v -0.701721 0.007215 1.858493
v -0.698749 0.146631 1.924757
v -0.704005 0.238562 1.823050
v -0.735185 0.145814 1.921044
v -0.731544 -0.007109 1.924066
v -0.730485 0.142771 1.855849
v -0.729732 0.167405 1.838967
v -0.739713 0.167186 1.837925
v -0.738931 0.142561 1.854816
v -0.730493 0.113700 1.862767
v -0.738723 0.113490 1.861659
v -0.737893 0.023425 1.862697
v -0.730144 0.023412 1.863859
v -0.729632 0.007142 1.855490
v -0.738339 0.007215 1.854526
v -0.726940 0.215140 1.781368
v -0.740743 0.238056 1.819968
v -0.692446 0.238799 1.826305
v -0.031007 -0.064301 1.828380
v -0.294376 -0.064301 1.828380
v -0.193699 -0.064301 1.828380
v -0.819486 0.225285 1.791246
v -0.834693 0.211889 1.769810
v -0.567761 -0.283805 1.945811
v -0.651117 -0.283805 1.943679
v -0.699756 -0.326892 0.425135
v -0.715393 -0.358753 0.855148
v -0.742211 0.214805 1.780476
v -0.729323 0.238295 1.823201
v -0.705318 0.215444 1.783613
v -0.025265 -0.060014 1.828276
v -0.187988 -0.060014 1.828277
v -0.138958 -0.050294 1.828026
v -0.300118 -0.060014 1.828289
v -0.137395 -0.060014 1.828276
v -0.131684 -0.064301 1.828380
v -0.301649 -0.050293 1.828065
v -0.135417 -0.043323 1.827843
v -0.193699 -0.041432 1.827843
v -0.298140 -0.043323 1.827910
v -0.027243 -0.043323 1.827843
v -0.187988 -0.045719 1.827946
v -0.023734 -0.050294 1.828026
v -0.839243 0.136088 1.887281
v -0.823206 -0.006795 1.860417
v -0.802478 -0.001407 1.926996
v -0.821012 0.000863 1.861062
v -0.811738 0.143312 1.940139
v -0.838899 0.017008 1.891271
v -0.661660 0.158335 1.937374
v -0.675577 0.003140 1.939880
v -0.811502 0.018140 1.943332
v -0.811031 0.159910 1.932948
v -0.662106 0.253699 1.831251
v -0.821219 0.256694 1.831806
v -0.810372 0.181643 1.913948
v -0.841681 0.232526 1.806876
v -0.675986 -0.002003 1.937274
v -0.672263 -0.012308 1.860471
v -0.843335 0.130819 1.856756
v -0.659381 0.153247 1.842971
v -0.659622 0.128414 1.859853
v -0.832124 0.222796 1.771466
v -0.658061 0.208165 1.774076
v -0.658274 0.224962 1.772189
v -0.658760 0.223972 1.768932
v -0.841646 0.210247 1.771104
v -0.833414 0.141377 1.856181
v -0.658683 0.134574 1.857579
v -0.831398 0.021504 1.858982
v -0.658791 0.009966 1.860484
v -0.788988 -0.010691 1.860034
v -0.675762 -0.009671 1.860695
v -0.821044 0.000342 1.859548
v -0.814046 -0.138908 1.710733
v -0.786976 -0.141899 1.725069
v -0.806814 -0.135924 1.732077
v 0.121967 -0.127180 1.817534
v -0.132536 0.011653 1.844306
v -0.132722 -0.127221 1.849598
v -0.685470 -0.005530 1.959510
v -0.648611 -0.044843 1.941939
v -0.648658 -0.014924 1.941841
v -0.685256 -0.054162 1.959632
v -0.156235 -0.077888 1.963149
v -0.803856 -0.011056 1.862344
v -0.788067 -0.009121 1.909741
v -0.774996 -0.065607 1.894628
v -0.779757 -0.068451 1.909668
v -0.596176 -0.071847 1.928980
v -0.130099 -0.070914 1.927314
v -0.756363 -0.126940 1.849568
v -0.789377 -0.093930 1.849569
v -0.786972 0.011442 1.849557
v 0.787119 0.011482 1.849559
v -0.795635 -0.110712 1.852521
v -0.771100 -0.069984 1.920149
v -0.755367 -0.122102 1.900581
v -0.596151 0.011366 1.921575
v -0.599887 -0.011727 1.929980
v -0.785175 0.011397 1.899929
v -0.800928 -0.065854 1.872973
v -0.129410 -0.071155 1.927499
v -0.129934 -0.121774 1.901832
v -0.777503 -0.014700 1.897949
v -0.775249 -0.065866 1.898169
v -0.778099 -0.015340 1.905759
v -0.161265 -0.055437 1.952499
v -0.148201 -0.097119 1.895249
v -0.443636 -0.045033 1.941462
v -0.262486 -0.044520 1.941454
v -0.262866 -0.013838 1.941423
v -0.444193 -0.014369 1.941431
v -0.085698 -0.114842 1.879615
v -0.083590 -0.026313 1.944867
v -0.100223 -0.028707 1.947717
v -0.139123 -0.020275 1.937661
v -0.080996 -0.058396 1.918208
v -0.079792 -0.047494 1.929135
v -0.115541 -0.043501 1.948952
v -0.124641 -0.036192 1.951880
v -0.118098 -0.034812 1.952919
v -0.138782 -0.042357 1.952014
v 0.787918 -0.406148 0.271344
v 0.797673 -0.374334 0.266675
v 0.807202 -0.344083 0.266324
v 0.809471 -0.349820 0.265837
v 0.812922 0.175906 0.291054
v 0.710110 -0.291671 0.365408
v 0.701468 -0.279768 0.368161
v 0.799815 -0.370522 0.287425
v 0.812768 -0.241973 0.290453
v 0.710192 0.053877 0.350935
v 0.813757 -0.220256 0.326019
v 0.780563 -0.057500 0.310865
v 0.763783 -0.019950 0.188701
v 0.759389 -0.054066 0.188027
v 0.797392 0.075233 0.309351
v 0.797952 -0.064750 0.309455
v 0.793554 -0.018356 0.289636
v 0.776866 -0.062075 0.239663
v 0.779356 -0.062794 0.193063
v 0.780315 -0.016353 0.290195
v 0.777488 -0.017243 0.193652
v 0.774720 -0.106821 0.317538
v 0.781920 0.090992 0.356486
v 0.785689 -0.108622 0.358589
v 0.829547 -0.107938 0.355729
v 0.839391 0.091150 0.349914
v 0.738447 0.054803 0.314058
v 0.735549 -0.052392 0.314977
v 0.733934 -0.099988 0.315820
v 0.727605 -0.138711 0.355434
v 0.767877 -0.097358 0.315112
v 0.795143 -0.058611 0.355792
v 0.731604 0.134964 0.354494
v 0.782904 -0.135726 0.355850
v 0.740587 -0.047876 0.261132
v 0.739655 -0.084535 0.265001
v 0.767370 -0.047882 0.193136
v 0.767476 -0.085101 0.193205
v 0.796349 -0.045121 0.326323
v 0.791200 -0.086757 0.188342
v 0.796349 -0.087125 0.326340
v 0.774382 -0.046890 0.241190
v 0.739861 -0.084072 0.316304
v 0.742127 0.093043 0.256030
v 0.742898 -0.410870 0.266440
v 0.816568 -0.105655 0.315554
v 0.856912 -0.134148 0.255040
v 0.743819 -0.415723 0.257442
v 0.811884 -0.364120 0.258646
v 0.789334 -0.404029 0.259487
v 0.838339 -0.221574 0.261941
v 0.852810 -0.095968 0.262144
v 0.737895 -0.411482 0.257441
v 0.781104 -0.403917 0.262413
v 0.792093 -0.379477 0.053493
v 0.809877 -0.252535 0.229302
v 0.803945 -0.339060 0.151262
v 0.809447 0.181784 0.222726
v 0.789132 -0.361048 0.042785
v 0.705199 -0.359824 0.042332
v 0.709271 -0.006094 0.185187
v 0.709255 -0.329264 0.133219
v 0.710061 -0.221870 0.185020
v 0.789270 -0.329916 0.133412
v 0.703296 -0.260985 0.170927
v 0.700859 -0.324254 0.124684
v 0.791574 -0.221570 0.185065
v 0.807371 -0.293967 0.185746
v 0.712798 -0.471888 0.905821
v 0.771423 -0.404187 -0.807514
v 0.595923 0.704866 0.871375
v 0.716856 -0.324358 0.101884
v 0.709773 -0.358557 0.039579
v 0.685788 -0.254188 0.408818
v 0.699081 -0.217533 0.374598
v 0.713738 0.195708 0.372783
v 0.699515 0.193617 0.372665
v 0.776034 -0.400024 0.524704
v 0.790512 -0.377919 0.038812
v 0.808021 -0.293022 0.339531
v 0.812625 -0.221252 0.206339
v 0.812720 0.157692 0.325589
v 0.812540 0.153800 0.206174
v 0.709282 0.160545 0.349763
v 0.709313 -0.219557 0.349814
v 0.709256 -0.375187 0.042731
v 0.790396 -0.285277 0.168646
v 0.708822 -0.285181 0.168469
v 0.699542 -0.280541 0.389746
v 0.792487 -0.378544 0.470177
v 0.788630 -0.219869 0.349163
v 0.756559 -0.127705 0.347481
v 0.770472 -0.122294 0.290423
v 0.810346 -0.129763 0.324621
v 0.808601 -0.094741 0.232687
v 0.786872 -0.129961 0.347022
v 0.769186 0.120057 0.291245
v 0.774438 -0.084686 0.224828
v 0.772609 0.079505 0.223112
v 0.746526 -0.101065 0.260720
v 0.702803 -0.326296 0.103318
v 0.706878 0.432980 1.082799
v 0.689461 0.474123 1.042038
v 0.702253 0.431067 1.082866
v 0.720723 0.385790 1.044254
v 0.602495 -0.028974 1.897248
v 0.788725 -0.074552 1.871950
v 0.786717 -0.117988 1.849210
v 0.787233 -0.095237 1.877290
v 0.786988 0.001840 1.870971
v 0.783827 -0.023286 1.878093
v 0.802413 -0.094113 1.838035
v 0.780488 -0.079512 1.882841
v 0.605202 -0.019586 1.902339
v 0.599949 0.002009 1.895192
v 0.762946 -0.131040 1.857909
v 0.799909 -0.098992 1.833495
v 0.800317 -0.089524 1.829549
v 0.804606 -0.019938 1.840365
v -0.757834 -0.165149 1.907875
v -0.745495 -0.143428 1.849681
v -0.330487 -0.148673 1.849829
v 0.767378 -0.351862 1.889017
v 0.782196 -0.367568 1.846608
v 0.799002 -0.120150 1.855940
v 0.794288 -0.207475 1.844290
v 0.757834 -0.165149 1.907875
v 0.787214 -0.153329 1.880332
v 0.752276 -0.143879 1.875121
v 0.796104 -0.206734 1.747073
v 0.790266 -0.187533 1.846578
v 0.789223 -0.200633 1.840835
v 0.788748 -0.166939 1.846300
v 0.729976 -0.352011 1.903293
v 0.754195 -0.352039 1.891519
v 0.735130 -0.244482 1.907369
v 0.660688 -0.363979 1.899426
v 0.780553 -0.352376 1.847702
v 0.771315 -0.352180 1.873471
v 0.788416 -0.205776 1.847075
v 0.751480 -0.364296 1.888033
v 0.776035 -0.365002 1.838926
v 0.782887 -0.160028 1.878619
v 0.793615 -0.132316 1.856449
v 0.782980 -0.152077 1.875474
v 0.764969 -0.162446 1.895615
v 0.750545 -0.148310 1.868361
v 0.744374 -0.149620 1.847223
v 0.789085 -0.166840 1.851279
v 0.661259 -0.170121 1.910563
v 0.330708 -0.170066 1.911430
v 0.787850 -0.188408 1.851351
v 0.788431 -0.120247 1.835240
v 0.785555 -0.363953 1.680676
v 0.782062 -0.356273 1.668598
v 0.781053 -0.146935 1.872330
v 0.789748 -0.121524 1.846734
v -0.217168 0.710788 1.239189
v 0.537800 0.697906 1.239380
v 0.712235 0.341980 1.694739
v 0.708586 0.299632 1.747142
v 0.507406 0.698644 1.231766
v 0.705937 0.366629 1.653930
v 0.542209 0.695123 1.232278
v 0.656706 0.144291 1.931055
v 0.657016 0.168822 1.914000
v 0.657042 0.012655 1.937827
v 0.656750 0.217310 1.854000
v -0.656368 0.144090 1.913878
v 0.651737 0.362498 1.625436
v 0.557790 0.646574 1.261987
v 0.584378 0.668162 1.266694
v 0.606596 0.520301 1.422806
v 0.646244 0.522692 1.453997
v 0.531595 0.677895 1.225172
v 0.551065 0.662533 1.242082
v 0.569005 0.683424 1.245037
v 0.668687 0.270874 1.782943
v 0.659141 0.271647 1.740750
v 0.707765 0.293853 1.749166
v 0.657113 0.261001 1.733730
v 0.658276 0.262116 1.796040
v 0.640429 0.223263 1.781291
v 0.629828 0.437382 1.508609
v 0.522691 0.669420 1.214003
v 0.545903 0.652600 1.234560
v 0.573265 0.579625 1.326251
v 0.656094 0.142415 1.914159
v 0.338940 0.677088 1.214256
v 0.283061 0.708621 1.239664
v 0.582542 0.176076 1.893965
v 0.599646 0.512184 1.412782
v 0.582076 0.190681 1.821865
v 0.740831 0.390328 1.053060
v 0.764445 0.358441 1.191035
v 0.855980 -0.046702 1.092156
v 0.849574 -0.010762 1.184869
v 0.845114 0.233393 1.192864
v 0.844715 0.237266 1.163562
v 0.850382 0.218280 0.886386
v 0.854084 0.182500 0.909446
v 0.613565 0.690952 0.867397
v 0.787505 -0.402477 0.972748
v 0.809572 -0.368380 0.271683
v 0.840807 -0.204449 1.006733
v 0.850189 -0.134281 1.010019
v 0.842832 -0.222157 0.270939
v 0.861946 -0.044742 0.269639
v 0.824342 0.267457 1.117322
v 0.837405 0.234011 0.904559
v 0.821003 0.207498 0.927058
v 0.820261 0.218282 1.124697
v 0.834837 0.248260 1.144549
v 0.829439 0.256414 1.127973
v 0.851969 0.190285 1.140934
v 0.829416 0.253515 0.914770
v 0.771695 -0.405071 0.960439
v 0.805614 -0.353710 0.981673
v 0.868132 -0.098481 1.101202
v 0.858948 -0.136218 1.059159
v 0.800438 -0.374904 0.979954
v 0.724407 0.433021 1.087349
v 0.608345 0.666706 0.852709
v 0.714119 0.433953 1.081950
v 0.561261 0.641972 0.830019
v 0.678824 0.393550 1.007022
v 0.729649 0.390535 1.050436
v 0.661314 0.439438 1.058241
v 0.662953 0.431796 1.040599
v 0.827809 -0.273233 0.978850
v 0.820570 -0.285033 0.994870
v 0.596585 0.697516 0.863508
v 0.776771 -0.400984 0.859121
v 0.843345 -0.167719 1.024263
v 0.819669 -0.273368 0.971381
v 0.844202 -0.046990 1.066652
v 0.754685 0.358751 1.194112
v 0.845293 0.206705 1.193724
v 0.710078 -0.331351 0.393829
v 0.563902 0.669368 0.875901
v 0.613639 0.572146 0.971587
v 0.557807 0.681179 0.849580
v 0.661699 0.469882 1.072507
v 0.703087 -0.337937 0.924040
v 0.703249 -0.091183 1.006328
v 0.698912 0.347317 1.148232
v 0.701706 0.111590 1.135326
v 0.700105 -0.325427 0.402109
v 0.551296 0.671818 0.856366
v 0.556688 0.656868 0.844261
v 0.653014 0.470310 1.062387
v 0.668830 0.446938 1.061934
v 0.804302 -0.338768 0.373125
v 0.741143 -0.411697 0.266755
v 0.776707 -0.400784 0.292428
v 0.700659 0.214423 1.116461
v 0.699597 -0.252390 0.390834
v 0.702480 0.077037 1.081264
v 0.691612 0.364187 1.103811
v 0.679488 -0.059956 0.981615
v 0.691130 0.263858 0.490498
v 0.696003 0.287957 0.825040
v 0.699776 -0.325572 0.472248
v 0.702776 -0.103520 0.976317
v 0.698839 0.266802 0.519400
v 0.828236 0.243454 0.916292
v 0.872195 0.236728 0.955088
v 0.842783 0.215811 0.898019
v 0.846665 0.189221 0.924591
v 0.845740 0.196984 0.907870
v 0.876620 0.214027 0.957389
v 0.872284 0.241898 1.086605
v 0.876469 0.220367 1.098713
v 0.845969 0.184850 0.940807
v 0.823727 0.248840 0.932370
v 0.823706 0.242084 0.940633
v 0.860569 0.215634 0.959334
v 0.812741 0.207518 0.935353
v 0.852322 0.237952 0.955050
v 0.859110 0.204259 1.118030
v 0.843363 0.210444 1.146148
v 0.839760 0.231021 1.153081
v 0.844156 0.201346 1.136660
v 0.843760 0.248685 1.095551
v 0.822325 0.250793 1.098647
v 0.814127 0.216907 1.115502
v 0.846346 0.242394 1.139079
v 0.855159 0.207346 1.106915
v 0.860552 0.221672 1.093621
v 0.826313 -0.273052 0.990130
v 0.787755 -0.319850 0.379918
v 0.788291 -0.373458 0.484308
v 0.832259 0.194256 0.945255
v 0.845030 0.194514 1.121761
v 0.832502 0.202877 1.112547
v 0.822592 0.260026 1.109541
v 0.847322 -0.060704 1.180555
v 0.875012 -0.075661 1.144450
v 0.784723 -0.344049 1.661482
v 0.673306 -0.400771 0.959939
v 0.822531 0.006856 1.354718
v 0.828102 -0.000759 1.213333
v -0.494085 0.725658 1.205356
v 0.504823 0.709463 1.225702
v 0.492461 0.761620 0.907053
v 0.503488 0.722113 1.211897
v 0.493498 0.733805 1.200282
v 0.502056 0.674367 1.210172
v 0.577117 0.720409 1.199466
v 0.568523 0.745881 1.003973
v 0.745792 0.396265 1.610212
v 0.596680 0.673220 1.271060
v 0.835162 0.265396 1.748813
v 0.749479 0.362524 1.663239
v 0.841737 0.223640 1.765818
v 0.836397 0.237620 1.726673
v 0.847994 0.234468 1.203896
v 0.819929 0.246105 1.808382
v 0.657574 0.257803 1.809414
v 0.560538 0.700196 1.234009
v 0.829062 0.228369 1.790354
v 0.614259 0.604148 1.352307
v 0.508427 0.684242 1.220051
v 0.658194 0.263521 1.753796
v 0.697315 0.287403 1.764093
v 0.715124 0.291024 1.757500
v 0.650648 0.376106 1.597509
v 0.537449 0.665120 1.221124
v 0.548940 -0.283805 1.946315
v 0.567761 -0.283805 1.945811
v 0.567506 -0.255768 1.945912
v 0.632264 -0.283805 1.944149
v 0.651117 -0.283805 1.943679
v 0.650830 -0.255768 1.943814
v 0.722901 -0.486319 0.904433
v 0.739655 -0.401257 0.974911
v 0.759561 -0.424164 0.973852
v 0.762621 -0.404943 0.973332
v 0.837209 -0.024524 1.506710
v 0.848144 0.209806 1.201324
v 0.850465 0.001583 1.389651
v 0.821974 -0.109167 1.619257
v 0.848389 -0.004036 1.194801
v 0.854989 -0.104909 1.555949
v 0.870195 -0.066423 1.490915
v 0.806603 -0.005817 1.832479
v 0.799624 -0.017929 1.829565
v 0.794307 -0.108725 1.845463
v 0.794000 -0.195308 1.838462
v 0.854098 -0.024543 1.192524
v 0.792275 -0.114087 1.845840
v 0.785814 -0.099700 1.833871
v 0.602211 0.725969 0.954965
v 0.745067 0.398331 1.522867
v 0.610633 0.698477 1.176972
v 0.761005 0.361814 1.203641
v 0.816189 0.239419 1.817485
v 0.841245 0.211151 1.779848
v 0.830680 0.135733 1.855687
v 0.812928 0.143365 1.916193
v 0.826008 0.009660 1.884562
v 0.788762 -0.003109 1.891172
v 0.767945 0.008677 1.925151
v 0.657439 0.250402 1.753070
v 0.667169 0.142776 1.916665
v 0.658934 0.114552 1.939123
v 0.665223 0.142368 1.934379
v 0.664269 0.012680 1.929090
v 0.767909 0.007894 1.906750
v 0.662015 0.002863 1.910425
v 0.767872 0.142318 1.915922
v 0.810233 0.234091 1.804298
v 0.819486 0.225285 1.791246
v 0.666269 0.242572 1.824808
v 0.669366 0.239448 1.817616
v 0.658534 0.244091 1.822528
v 0.832597 0.209870 1.766131
v 0.680825 0.233137 1.816337
v 0.680346 0.143726 1.927183
v 0.716512 0.238593 1.825462
v 0.716437 0.141705 1.925107
v 0.680416 0.006418 1.931427
v 0.716590 0.006389 1.928925
v 0.682656 0.168400 1.892164
v 0.713691 0.232584 1.816006
v 0.718737 0.167546 1.889923
v 0.678214 0.168500 1.892692
v 0.677539 0.143987 1.909882
v 0.683281 0.143881 1.909272
v 0.714376 0.167675 1.890550
v 0.713749 0.143111 1.907670
v 0.719248 0.142963 1.907018
v 0.677794 0.114960 1.916802
v 0.683038 0.114850 1.916198
v 0.713978 0.114081 1.914523
v 0.719216 0.113971 1.913910
v 0.678104 0.025305 1.920563
v 0.682748 0.025305 1.919967
v 0.714331 0.025283 1.918143
v 0.718980 0.025284 1.917486
v 0.683427 0.014297 1.916807
v 0.719628 0.014298 1.914322
v 0.677386 0.014295 1.917418
v 0.713573 0.014297 1.914931
v 0.681285 0.009131 1.904769
v 0.717477 0.009111 1.902288
v 0.752895 0.141787 1.920597
v 0.753145 0.230692 1.812113
v 0.752804 0.006373 1.924283
v 0.755083 0.166756 1.885653
v 0.755684 0.142142 1.902690
v 0.750625 0.166854 1.886246
v 0.749963 0.142250 1.903231
v 0.755462 0.113091 1.909418
v 0.750209 0.113201 1.910020
v 0.755139 0.025262 1.912911
v 0.750512 0.025261 1.913514
v 0.755812 0.014298 1.909690
v 0.749775 0.014294 1.910297
v 0.753625 0.009109 1.897648
v -0.250645 -0.189523 1.910062
v -0.291254 -0.253422 1.900606
v 0.780989 -0.351918 1.764445
v 0.783973 -0.362112 1.683486
v 0.779655 -0.327350 1.852118
v 0.776933 -0.363612 1.767474
v 0.743623 -0.325575 1.896017
v 0.788838 -0.203750 1.827895
v 0.787666 -0.133643 1.855484
v 0.739798 -0.165666 1.902128
v 0.661150 -0.167106 1.906280
v 0.660846 -0.351049 1.904336
v 0.748114 -0.142387 1.852973
v 0.657573 -0.002744 1.830911
v 0.785481 -0.116324 1.842691
v 0.000000 0.040699 1.854608
v 0.764246 -0.170492 1.895885
v 0.786360 -0.246948 1.830492
v 0.740661 -0.172162 1.903993
v 0.781759 -0.202326 1.862863
v 0.720450 -0.216139 1.893030
v 0.723917 -0.311349 1.889299
v 0.479682 -0.230523 1.944083
v 0.481227 -0.305561 1.943931
v 0.420269 -0.310239 1.895156
v 0.714162 -0.229519 1.937860
v 0.717370 -0.308463 1.936562
v 0.656958 0.009613 1.883999
v 0.656774 0.043754 1.881579
v 0.657365 0.143095 1.877377
v 0.591859 0.155880 1.873488
v 0.697101 0.144452 1.924644
v 0.691754 0.168291 1.842649
v 0.693718 0.143612 1.859557
v 0.696496 0.016390 1.930110
v 0.693857 0.114558 1.866535
v 0.691674 0.023430 1.867913
v 0.693547 0.215715 1.784297
v 0.703557 0.143430 1.858520
v 0.702408 0.114370 1.865419
v 0.702547 0.023419 1.866640
v 0.702795 0.007210 1.858531
v 0.697178 0.238713 1.825950
v 0.733452 0.154873 1.914025
v 0.728911 0.167407 1.839013
v 0.737910 0.142539 1.854731
v 0.729953 0.142779 1.855875
v 0.737954 0.113468 1.861583
v 0.734488 -0.003227 1.900510
v 0.730196 0.113708 1.862778
v 0.738726 0.023408 1.862710
v 0.730605 0.023418 1.863829
v 0.739656 0.007213 1.854586
v 0.725583 0.215123 1.781455
v 0.738888 0.238394 1.823207
v 0.738783 0.167179 1.837868
v 0.742101 0.214851 1.780546
v 0.703705 0.168017 1.841537
v 0.702574 0.215438 1.783512
v 0.764811 0.080407 1.945739
v 0.790768 0.093494 1.940824
v 0.785829 0.083250 1.937479
v 0.802261 0.108653 1.935130
v 0.774095 0.179182 1.929577
v 0.786219 0.170920 1.934391
v 0.777118 0.174746 1.924932
v 0.760607 0.189894 1.890811
v 0.745367 0.189681 1.871814
v 0.744689 0.196746 1.877687
v 0.749852 0.201079 1.863347
v 0.743264 0.233847 1.819366
v 0.762781 0.094434 1.943727
v 0.780835 0.097545 1.939366
v 0.782743 0.117440 1.940862
v 0.789505 0.117780 1.935184
v 0.760367 0.163255 1.933307
v 0.751262 0.164488 1.927199
v 0.754179 0.161986 1.921214
v 0.764965 0.190106 1.873012
v 0.768034 0.233448 1.823078
v 0.760115 0.230529 1.817194
v 0.791027 0.075928 1.947139
v 0.761418 0.066132 1.942610
v 0.792417 0.070111 1.942853
v 0.796773 0.086425 1.945634
v 0.799017 0.089478 1.953251
v 0.787470 0.112017 1.949134
v 0.777951 0.139484 1.951742
v 0.753636 0.164069 1.941692
v 0.757972 0.164877 1.953330
v 0.760279 0.168117 1.942274
v 0.728761 0.191714 1.869817
v 0.731132 0.199249 1.871112
v 0.722823 0.203691 1.863228
v 0.725291 0.235136 1.820099
v 0.751801 0.023472 1.961284
v 0.766891 0.042672 1.964894
v 0.767381 0.020555 1.956562
v 0.667271 0.020513 1.900896
v 0.669178 0.022838 1.959820
v 0.667333 0.140957 1.900900
v 0.766456 0.139193 1.957016
v 0.668391 0.139773 1.959349
v 0.714155 -0.331303 0.494688
v 0.714173 -0.359319 0.487906
v 0.710589 -0.359409 0.861394
v 0.714188 -0.326949 0.425052
v 0.714131 -0.305012 0.443434
v 0.714115 -0.253416 0.407722
v 0.714153 -0.264311 0.381992
v 0.699362 -0.326992 0.425020
v 0.578950 0.653330 0.851698
v 0.565133 0.678523 0.851341
v 0.553223 0.671226 0.850167
v 0.668683 0.469300 1.037742
v 0.655705 0.494906 1.043769
v 0.711399 0.354537 1.116086
v 0.708198 0.350468 1.142745
v 0.690622 0.359237 1.137528
v 0.714614 0.205752 1.114483
v 0.711205 0.202428 1.142171
v 0.695878 0.202781 1.139663
v 0.715083 0.081931 1.087351
v 0.706121 0.069362 1.113074
v 0.689470 -0.077031 0.975565
v 0.717264 -0.093984 0.972305
v 0.713395 -0.103907 0.999048
v 0.715126 -0.305997 0.905809
v 0.707909 -0.325706 0.933763
v 0.714268 -0.330577 0.848911
v 0.747731 0.368799 1.158075
v 0.658541 0.572878 0.981633
v 0.604389 0.675805 0.882678
v 0.598284 0.690587 0.851939
v 0.791394 -0.380349 0.858620
v 0.854010 -0.044032 1.132321
v 0.874393 -0.076794 1.120315
v 0.856640 -0.129557 1.055022
v 0.838575 -0.147920 1.012560
v 0.848721 -0.075279 1.080710
v 0.844981 0.058373 1.145938
v 0.817329 -0.274311 0.992402
v 0.828772 -0.210558 1.003272
v 0.769693 0.334716 1.170366
v 0.746273 0.370112 1.194813
v 0.706345 0.469552 1.081291
v 0.844728 -0.021949 1.120535
v 0.841654 -0.109168 1.031278
v 0.842840 0.205260 1.174651
v 0.838601 0.229507 1.175619
v 0.838480 0.230447 1.195750
v 0.768873 0.336184 1.194657
v 0.709172 -0.374075 0.858525
v 0.787742 -0.373609 0.858542
v 0.801034 -0.329960 0.940067
v 0.818748 -0.041366 1.046320
v 0.698324 0.469882 1.073036
v 0.709207 -0.373881 0.484467
v 0.700150 -0.359293 0.487910
v 0.708185 0.333977 1.157721
v 0.708623 0.204074 1.155440
v 0.709046 0.075526 1.127226
v 0.697215 -0.109269 0.993263
v 0.709128 -0.148467 0.995926
v 0.709280 -0.273010 0.964541
v 0.606468 0.565844 0.961375
v 0.844163 0.004379 1.105340
v 0.595641 0.681171 0.864478
v 0.819648 0.218733 1.157368
v 0.820208 0.075404 1.127217
v 0.843003 -0.057590 1.061658
v 0.806415 -0.339201 0.939973
v 0.709188 -0.037424 1.048200
v 0.814417 -0.171081 0.987452
v 0.298140 -0.062409 1.828412
v 0.031007 -0.064301 1.828380
v 0.131684 -0.064301 1.828380
v 0.548684 -0.255768 1.946415
v 0.632008 -0.255768 1.944283
v 0.879872 -0.049590 1.191786
v 0.660374 0.238383 1.828465
v 0.805989 0.008431 1.923326
v 0.692847 0.007160 1.859453
v 0.696948 -0.001793 1.903500
v 0.729272 0.007144 1.855509
v 0.790758 0.067252 1.950338
v 0.721001 0.229539 1.816080
v 0.768393 0.141759 1.900909
v 0.709373 -0.335375 0.933761
v 0.743919 0.356875 1.154681
v 0.699284 0.368180 1.148763
v 0.302260 -0.052866 1.828143
v 0.137395 -0.060014 1.828275
v 0.185882 -0.052867 1.828071
v 0.023734 -0.050294 1.828025
v 0.025297 -0.060014 1.828275
v 0.189966 -0.062411 1.828342
v 0.768346 0.019322 1.900911
v 0.189966 -0.043324 1.827805
v 0.027243 -0.043323 1.827843
v 0.298140 -0.043322 1.827875
v 0.135449 -0.043323 1.827843
v 0.138958 -0.050294 1.828025
v 0.656731 0.220023 1.759437
v 0.655835 0.124622 1.851098
v 0.836391 0.126234 1.853402
v 0.845293 0.205481 1.763067
v 0.655959 0.004490 1.851344
v 0.832895 0.001041 1.851528
v 0.836920 0.124501 1.851286
v 0.672588 -0.014311 1.851392
v 0.792694 -0.014750 1.851518
v 0.835974 0.218796 1.762499
v 0.331680 -0.274622 2.033310
v 0.346942 -0.263911 2.036337
v 0.331547 -0.263702 2.029701
v 0.346180 -0.274691 2.037169
v 0.330354 -0.274687 2.029635
v 0.333956 -0.279554 2.032598
v 0.341220 -0.279560 2.036442
v 0.333620 -0.280336 2.032468
v 0.341657 -0.280340 2.036630
v 0.341137 -0.339274 2.037586
v 0.354679 -0.266584 2.025720
v 0.353008 -0.274957 2.032366
v 0.349173 -0.279661 2.034070
v 0.348968 -0.279307 2.033836
v 0.345031 -0.275507 2.013026
v 0.342933 -0.268063 2.012004
v 0.354000 -0.275352 2.021639
v 0.352710 -0.279503 2.026682
v 0.350394 -0.279467 2.018941
v 0.350307 -0.279309 2.019008
v 0.352360 -0.339272 2.021723
v 0.338691 -0.275346 2.013378
v 0.343168 -0.279215 2.015393
v 0.343600 -0.280321 2.014929
v 0.335008 -0.339277 2.017167
v 0.335575 -0.279209 2.017760
v 0.335356 -0.279934 2.017480
v 0.331531 -0.279553 2.024738
v 0.331672 -0.279337 2.024780
v 0.720350 0.030021 2.017607
v 0.726199 0.033786 2.021466
v 0.721203 0.036154 2.017493
v 0.717088 0.029846 2.011493
v 0.737101 0.037057 2.017516
v 0.729258 0.045751 2.011774
v 0.720260 0.042513 2.010199
v 0.724166 0.046556 2.006422
v 0.718478 0.041613 2.003834
v 0.720414 0.039929 2.005937
v 0.721657 0.044498 2.003074
v 0.725504 0.054204 1.941848
v 0.715672 0.038277 1.941864
v 0.734260 0.033605 2.021048
v 0.737193 0.045437 2.004925
v 0.734756 0.044640 2.001276
v 0.739704 0.029692 2.016547
v 0.739682 0.024129 2.010811
v 0.738739 0.024094 2.004453
v 0.736456 0.029030 1.997286
v 0.741188 0.037626 2.003392
v 0.737537 0.035677 1.997197
v 0.737641 0.035921 1.996550
v 0.735498 0.041041 1.941672
v 0.737298 0.023391 2.003853
v 0.733675 0.020734 2.006905
v 0.728329 0.026946 1.996581
v 0.732067 0.030809 1.994241
v 0.732021 0.031019 1.993979
v 0.721258 0.023211 2.004608
v 0.717070 0.031993 2.002133
v 0.724023 0.030496 1.995270
v 0.724054 0.030666 1.994999
v 0.720484 0.024815 2.011549
v 0.721468 0.033772 2.002073
v 0.718381 0.035141 1.998972
v 0.725852 0.020843 2.007269
v 0.281320 -0.051155 1.902885
v 0.300623 -0.040893 1.928374
v 0.509878 -0.040390 1.928073
v 0.533165 -0.037919 1.900697
v 0.284887 -0.019504 1.901037
v 0.288824 -0.273672 2.038829
v 0.288901 -0.278559 2.051132
v 0.288621 -0.343857 2.002346
v 0.424453 -0.344421 2.002134
v 0.424047 -0.340459 1.989131
v 0.423972 -0.273399 2.039044
v 0.424376 -0.278682 2.050988
v 0.424246 -0.340892 1.988413
v 0.285846 -0.346642 2.000433
v 0.287881 -0.339036 1.989829
v 0.121967 0.011642 1.849607
v -0.119708 -0.127119 1.817529
v 0.409559 -0.314226 1.934487
v 0.403095 -0.329641 1.934487
v 0.411965 -0.322878 1.934487
v 0.403092 -0.290498 1.934487
v 0.401882 -0.308031 1.934487
v 0.409562 -0.305909 1.934487
v 0.411965 -0.297267 1.934487
v 0.295979 -0.278463 1.934921
v 0.401340 -0.342314 1.934852
v 0.296583 -0.343797 1.934908
v 0.402601 -0.278615 1.934925
v 0.399164 -0.344693 2.051223
v 0.307623 -0.291616 2.032006
v 0.299858 -0.340945 2.052108
v 0.386843 -0.285997 2.051362
v 0.387678 -0.291487 2.032082
v 0.308031 -0.330415 2.032016
v 0.391296 -0.331023 2.031976
v 0.395001 -0.282092 2.050049
v 0.395745 -0.282742 2.054945
v 0.297425 -0.279408 2.051034
v 0.310838 -0.286058 2.051403
v 0.386869 -0.286291 2.052880
v 0.388087 -0.335884 2.051444
v 0.398198 -0.307559 2.050367
v 0.288538 -0.338385 1.990548
v 0.813579 -0.025015 1.852125
v 0.778303 -0.014008 1.897735
v 0.788507 -0.010976 1.909271
v 0.599524 -0.012394 1.911230
v -0.119843 -0.067315 1.908173
v 0.596215 0.011413 1.921720
v 0.775059 -0.110179 1.907966
v 0.785281 0.011471 1.900895
v 0.596271 -0.008669 1.929338
v 0.780526 -0.070319 1.921506
v 0.789561 -0.113333 1.849200
v 0.783036 -0.073292 1.905110
v 0.130803 -0.121978 1.901765
v 0.130699 -0.071630 1.929657
v 0.131707 -0.130347 1.850081
v 0.124237 -0.064523 1.909023
v -0.119680 -0.122207 1.869491
v 0.131405 -0.069258 1.928826
v 0.129689 -0.084901 1.928375
v 0.788154 -0.067105 1.890823
v 0.603540 -0.074157 1.928061
v 0.756434 -0.126890 1.849599
v 0.132803 0.011642 1.849643
v 0.132803 -0.127180 1.849709
v 0.789448 -0.093947 1.849578
v 0.402321 -0.329243 2.055601
v 0.395637 -0.318665 2.052355
v 0.393092 -0.284685 2.051992
v 0.318878 -0.342539 2.052517
v 0.402366 -0.328515 2.053570
v 0.339377 -0.338044 2.051642
v 0.341063 -0.289707 2.029009
v 0.410793 -0.321450 2.052375
v 0.403465 -0.307231 2.055668
v 0.296205 -0.279449 2.052380
v 0.395704 -0.279024 2.052088
v 0.409729 -0.300070 2.052363
v 0.340258 -0.284432 2.052084
v 0.313490 -0.284332 2.052212
v 0.402565 -0.306855 2.054386
v 0.333552 -0.331888 2.029275
v 0.401966 -0.312073 1.935246
v 0.408617 -0.297934 2.051581
v 0.401983 -0.291050 2.051235
v 0.406819 -0.297702 1.934076
v 0.402151 -0.308657 2.052125
v 0.400192 -0.294861 1.934417
v 0.409426 -0.306051 2.051615
v 0.409907 -0.294513 2.051670
v 0.401882 -0.307219 2.052114
v -0.796575 -0.401490 0.273134
v -0.842529 -0.222123 0.271405
v -0.788320 -0.398065 0.266441
v -0.836959 -0.221283 0.267298
v -0.856616 -0.096221 0.265545
v -0.781093 -0.403463 0.266457
v -0.800460 -0.375581 0.266424
v -0.813242 -0.340303 0.264911
v -0.740349 -0.413814 0.269087
v -0.813746 0.176054 0.290933
v -0.709774 -0.219353 0.351498
v -0.710154 -0.291649 0.365435
v -0.789332 -0.219690 0.350944
v -0.701500 0.202395 0.359140
v -0.699907 -0.279765 0.368469
v -0.699823 -0.263601 0.379549
v -0.700368 -0.326580 0.401924
v -0.799341 -0.370559 0.287441
v -0.812524 -0.242024 0.290358
v -0.776832 -0.401440 0.292423
v -0.709980 -0.331274 0.393840
v -0.813877 0.157831 0.326161
v -0.809532 -0.292878 0.340186
v -0.805176 -0.338807 0.373203
v -0.789484 -0.292072 0.365068
v -0.700803 -0.212751 0.385359
v -0.782518 -0.062719 0.311269
v -0.764906 -0.020113 0.242339
v -0.764027 -0.056469 0.242329
v -0.785909 -0.017440 0.290497
v -0.801276 -0.060457 0.307556
v -0.776844 -0.061947 0.239690
v -0.774476 -0.019594 0.191848
v -0.774682 -0.106759 0.317517
v -0.796528 0.075307 0.309612
v -0.769265 -0.058302 0.190151
v -0.839391 0.091150 0.349914
v -0.785689 -0.108622 0.358589
v -0.816568 -0.105655 0.315554
v -0.733938 -0.100063 0.316589
v -0.767865 -0.097268 0.314975
v -0.782911 -0.135891 0.355690
v -0.795163 -0.058611 0.355779
v -0.731548 0.134965 0.354486
v -0.727629 -0.138629 0.355519
v -0.739110 -0.049339 0.316262
v -0.739632 -0.084118 0.316309
v -0.739885 -0.084661 0.265018
v -0.740374 -0.048312 0.261113
v -0.767498 -0.085108 0.193214
v -0.796371 -0.086765 0.326327
v -0.796390 -0.046428 0.326351
v -0.774383 -0.046690 0.241182
v -0.791201 -0.086746 0.188342
v -0.767331 -0.047612 0.193130
v -0.742127 0.093043 0.256030
v -0.742565 -0.409612 0.266436
v -0.781920 0.090992 0.356486
v -0.829547 -0.107938 0.355729
v -0.855928 -0.133942 0.255046
v -0.808808 -0.374520 0.257341
v -0.788073 -0.406202 0.257302
v -0.741139 -0.412644 0.261101
v -0.788125 -0.399565 0.263564
v -0.810038 -0.252544 0.229198
v -0.803049 -0.338879 0.151264
v -0.808650 0.181478 0.223553
v -0.789132 -0.361048 0.042785
v -0.709271 -0.006094 0.185187
v -0.708822 -0.285181 0.168469
v -0.705199 -0.359824 0.042332
v -0.700859 -0.324254 0.124684
v -0.703295 -0.260985 0.170927
v -0.791559 -0.221571 0.185080
v -0.812188 -0.221235 0.206325
v -0.790400 -0.285276 0.168642
v -0.806382 -0.344045 0.262385
v -0.693988 -0.464956 0.184454
v -0.673224 -0.404181 0.183867
v -0.680972 -0.469805 0.209664
v -0.595449 0.704573 0.870553
v -0.722901 -0.486319 0.904433
v -0.759561 -0.424164 0.973852
v -0.771054 -0.403822 -0.807514
v -0.790745 -0.378196 0.038337
v -0.812585 -0.220293 0.325440
v -0.792173 -0.379800 0.053496
v -0.788525 0.159249 0.348682
v -0.709268 0.160542 0.349385
v -0.709255 -0.375187 0.042731
v -0.709255 -0.329264 0.133219
v -0.789270 -0.329916 0.133412
v -0.709773 -0.358557 0.039579
v -0.702803 -0.326296 0.103318
v -0.807482 -0.293976 0.185750
v -0.710061 -0.221870 0.185020
v -0.812829 0.153808 0.206200
v -0.770524 -0.122383 0.290506
v -0.809024 -0.094953 0.232765
v -0.809767 -0.129781 0.324273
v -0.756562 -0.127687 0.348011
v -0.769243 0.119965 0.290993
v -0.716855 -0.324359 0.101884
v -0.713790 -0.326950 0.425053
v -0.713927 -0.253416 0.407733
v -0.713684 -0.264311 0.381993
v -0.685655 -0.254189 0.408807
v -0.713701 0.195707 0.372782
v -0.774438 -0.084686 0.224828
v -0.746526 -0.101065 0.260720
v -0.772596 0.079504 0.223150
v -0.787236 -0.129947 0.347796
v -0.728885 -0.483427 -0.052110
v -0.740304 0.362495 0.526888
v -0.768367 -0.414007 -0.004596
v -0.571909 0.650415 0.723957
v -0.787446 -0.405886 0.000963
v -0.856188 0.188331 0.407679
v -0.499649 0.757594 0.797317
v -0.491629 0.762352 0.800574
v -0.612261 0.680751 0.744721
v -0.856295 -0.095557 0.213370
v -0.612642 0.682928 0.746211
v -0.857857 -0.019943 0.265125
v -0.803551 -0.381364 0.017747
v -0.767702 0.327647 0.503036
v -0.617048 0.703484 0.760281
v 0.227202 0.772338 0.807409
v -0.722431 -0.483578 -0.052214
v -0.491221 0.758559 0.797977
v -0.724743 0.364546 0.528291
v -0.781695 0.314304 0.493903
v 0.184476 0.772030 0.807198
v -0.857660 -0.041712 0.250225
v -0.742278 0.354282 0.521267
v -0.809193 0.266736 0.461345
v -0.860489 -0.016030 0.267803
v -0.750653 -0.450245 -0.029399
v -0.602283 0.736315 0.782752
v -0.764393 0.336767 0.509278
v -0.855167 -0.134602 0.186646
v -0.581772 0.750527 0.792480
v -0.787474 0.308446 0.489894
v -0.857273 0.180330 0.402204
v -0.852502 -0.150067 0.176060
v -0.857131 -0.023359 0.262787
v -0.808514 -0.371991 0.024162
v -0.856829 -0.069892 0.230937
v -0.748842 0.351512 0.519370
v -0.861108 -0.013379 0.269617
v -0.802554 0.277754 0.468886
v -0.563540 0.644489 0.719901
v -0.859833 -0.014427 0.268900
v -0.788195 0.301490 0.485133
v -0.767108 -0.422483 -0.010397
v -0.607002 0.669056 0.736716
v -0.617916 0.700374 0.758152
v -0.678888 0.367316 0.530188
v 0.723987 0.364156 0.527603
v 0.857324 -0.026863 0.258281
v 0.561482 0.643966 0.720328
v 0.759309 0.346796 0.515646
v 0.493697 0.764564 0.803391
v 0.799281 0.280481 0.469970
v 0.597536 0.737776 0.784940
v 0.857722 0.180536 0.401131
v 0.612126 0.688345 0.750894
v 0.742415 0.355547 0.521673
v 0.597849 0.699057 0.758272
v 0.811648 -0.362090 0.027387
v 0.722429 -0.483566 -0.056282
v 0.767152 -0.422486 -0.014211
v 0.738839 0.362564 0.526506
v 0.745234 0.355447 0.521605
v 0.856823 0.188528 0.406636
v 0.853546 -0.150192 0.173336
v 0.608050 0.669466 0.737891
v 0.571070 0.649929 0.724435
v 0.857198 -0.094305 0.211830
v 0.510026 0.762807 0.802181
v 0.776939 -0.406530 -0.003221
v 0.854366 -0.022581 0.261230
v 0.728924 -0.483404 -0.056170
v 0.792365 0.292035 0.477928
v 0.573979 0.752919 0.795371
v 0.602552 0.727363 0.777768
v 0.597226 0.705141 0.762463
v 0.772153 0.322343 0.498803
v 0.856236 -0.135584 0.183398
v 0.613695 0.691804 0.753276
v 0.596765 0.707857 0.764333
v 0.859491 -0.031508 0.255082
v 0.861444 -0.010390 0.269627
v 0.788092 -0.404605 -0.001896
v 0.768454 -0.414023 -0.008382
v 0.764432 0.334637 0.507271
v 0.611725 0.693824 0.754668
v 0.805674 -0.373625 0.019442
v 0.859977 -0.011547 0.268831
v 0.750781 -0.450107 -0.033236
v 0.678473 0.366494 0.529214
v 0.859420 -0.015515 0.266098
v -0.568858 0.745615 0.793097
v -0.455185 0.757611 0.800556
v -0.462097 0.761174 0.800749
v 0.493004 0.763926 0.803372
v 0.465098 0.756145 0.803407
v 0.455044 0.750455 0.803291
v -0.700694 -0.471505 -0.053791
v -0.700572 -0.470201 -0.053769
v -0.718812 -0.478413 -0.052397
v 0.717579 -0.476636 -0.056698
v 0.714033 -0.471577 -0.057002
vn 0.0011 0.0377 0.9993
vn 0.0016 0.0390 0.9992
vn 0.2489 0.6276 0.7377
vn -0.2466 -0.5686 0.7848
vn -0.9873 0.1499 0.0518
vn -0.7614 0.5992 0.2474
vn -0.9733 0.2204 0.0644
vn 0.8372 0.1506 0.5258
vn -0.6669 -0.5955 -0.4479
vn 0.3044 0.2755 -0.9118
vn -0.8317 -0.4359 -0.3439
vn -0.6727 0.0701 -0.7366
vn -0.6848 0.0909 -0.7230
vn -0.0009 -0.1644 0.9864
vn 0.0118 0.4128 0.9108
vn 0.0094 0.4213 0.9069
vn -0.9267 0.3125 0.2086
vn -0.9360 -0.1718 0.3073
vn -0.9766 -0.2136 0.0241
vn -0.9908 -0.1329 0.0262
vn -0.3486 0.3214 -0.8805
vn -0.7721 0.1619 -0.6146
vn -0.8616 0.1839 -0.4731
vn -0.0437 0.8192 0.5719
vn -0.0382 -0.2970 0.9541
vn -0.0540 0.6000 0.7982
vn 0.6086 -0.7210 0.3313
vn 0.6837 -0.2648 0.6801
vn 0.0351 -0.9487 0.3144
vn 0.1239 0.1413 0.9822
vn 0.0345 0.8055 0.5916
vn 0.0243 0.8443 0.5353
vn 0.9446 -0.1584 0.2876
vn 0.9586 -0.1237 0.2565
vn 0.8380 -0.2882 0.4634
vn 0.3058 -0.3508 0.8851
vn 0.0414 0.1259 0.9912
vn 0.1870 0.5866 0.7880
vn -0.3999 0.5296 0.7481
vn -0.7145 -0.0751 0.6956
vn -0.3970 -0.0715 0.9150
vn -0.9835 0.0316 -0.1778
vn -0.5333 -0.3904 0.7505
vn -0.6632 -0.5797 0.4734
vn -0.0836 -0.3309 0.9400
vn -0.4294 -0.3453 0.8345
vn 0.3857 0.4152 0.8239
vn -0.0268 -0.0034 0.9996
vn -0.7673 -0.6413 0.0018
vn -0.8454 -0.5226 0.1105
vn -0.9789 0.1844 -0.0879
vn -0.9486 0.1913 -0.2523
vn -0.8505 0.4377 -0.2918
vn -0.8899 -0.2888 0.3531
vn -0.0248 0.6879 -0.7254
vn -0.6840 -0.1281 0.7182
vn -0.9912 0.1123 -0.0706
vn 0.2933 -0.1741 0.9400
vn -0.2519 0.1294 0.9591
vn 0.5783 0.2510 0.7763
vn -0.3238 0.5671 0.7573
vn -0.5450 0.0603 0.8362
vn 0.3945 -0.5548 0.7325
vn 0.0341 -0.7422 0.6693
vn -0.6114 0.3801 0.6941
vn -0.0499 0.3817 0.9229
vn -0.3742 -0.4033 0.8350
vn 0.0085 0.4115 0.9114
vn -0.8742 0.4320 0.2217
vn -0.0362 0.1119 -0.9931
vn 0.0752 -0.0285 -0.9968
vn -0.6191 -0.2708 0.7371
vn -0.9708 -0.2380 -0.0304
vn -0.9439 -0.1357 0.3010
vn -0.6964 -0.6682 -0.2617
vn -0.8928 -0.1301 0.4312
vn -0.9991 -0.0371 -0.0193
vn -0.3504 0.8615 -0.3675
vn -0.3991 -0.8731 0.2801
vn -0.2553 -0.8509 0.4590
vn -0.3615 -0.9168 -0.1697
vn -0.9873 0.0745 0.1402
vn -0.8048 0.5217 -0.2830
vn -0.3938 0.6738 -0.6253
vn 0.4118 0.8225 0.3923
vn -0.4192 -0.7590 -0.4981
vn -0.8240 -0.4551 -0.3373
vn 0.0071 -0.0229 -0.9997
vn 0.0071 -0.0232 -0.9997
vn 0.0973 0.9952 0.0135
vn 0.9261 0.3756 -0.0355
vn 0.5163 0.8529 -0.0766
vn -0.9914 0.0477 0.1217
vn 0.1420 0.7721 -0.6194
vn -0.9586 0.1201 0.2580
vn -0.2409 0.3424 -0.9082
vn -0.9980 -0.0359 0.0527
vn -0.9920 -0.0689 -0.1060
vn -0.5453 0.1898 0.8164
vn -0.7074 0.3574 0.6098
vn 0.4426 -0.7211 -0.5330
vn 0.4644 -0.0463 -0.8844
vn 0.5582 -0.7820 0.2775
vn -0.9722 -0.0636 0.2254
vn 0.5634 -0.7483 -0.3503
vn -0.1461 0.7899 0.5955
vn -0.9189 0.3725 -0.1297
vn 0.8470 -0.3900 0.3613
vn -0.0966 0.9146 0.3926
vn 0.0704 0.9021 0.4257
vn 0.0009 0.2722 0.9622
vn 0.0009 0.1539 0.9881
vn -0.0007 0.6678 0.7443
vn -0.0171 0.4372 0.8992
vn -0.0228 0.8778 0.4786
vn -0.0092 -0.8972 -0.4416
vn -0.6028 -0.1018 0.7914
vn 0.1359 0.3956 0.9083
vn 0.3009 -0.2241 0.9270
vn 0.5336 -0.0903 0.8409
vn -0.9144 -0.3970 -0.0793
vn 0.9342 -0.1396 0.3284
vn -0.1571 -0.5973 -0.7865
vn -0.9666 0.2562 -0.0034
vn -0.9362 0.3399 0.0893
vn 0.1387 -0.9332 0.3315
vn -0.5491 0.0601 0.8336
vn 0.3641 -0.6087 0.7049
vn 0.7113 -0.5603 0.4244
vn 0.2794 -0.0977 0.9552
vn -0.5671 0.4475 -0.6915
vn -0.0189 -0.6663 0.7455
vn 0.6450 0.1958 0.7386
vn 0.4281 0.3953 0.8127
vn 0.6749 0.4455 0.5882
vn 0.0212 -0.8341 -0.5512
vn -0.8775 -0.2715 -0.3953
vn -0.4754 -0.7954 -0.3760
vn -0.1838 -0.8146 -0.5501
vn -0.6266 0.6141 -0.4798
vn -0.4524 -0.5277 0.7189
vn -0.3992 0.4000 0.8250
vn -0.8336 0.3260 -0.4459
vn -0.7238 0.3133 -0.6147
vn -0.7802 -0.1706 -0.6018
vn -0.6488 0.3662 -0.6670
vn -0.8735 0.0255 -0.4862
vn 0.0659 -0.9047 -0.4209
vn -0.0661 0.3999 -0.9142
vn 0.4810 0.0160 -0.8766
vn -0.6443 0.4618 -0.6096
vn -0.9939 0.0624 0.0914
vn -0.0157 0.5689 0.8222
vn -0.9267 0.2161 0.3073
vn -0.9704 0.2023 -0.1321
vn -0.4297 0.8806 -0.1996
vn 0.3979 0.6618 0.6354
vn -0.9414 0.3163 0.1170
vn -0.9251 0.2807 0.2556
vn -0.9820 0.1457 0.1202
vn 0.9914 0.1289 0.0217
vn 0.9684 0.2413 -0.0625
vn 0.9490 0.3092 -0.0623
vn -0.3059 -0.5452 -0.7805
vn 0.0247 -0.4166 -0.9088
vn -0.3741 -0.0911 -0.9229
vn -0.7030 -0.0581 -0.7088
vn -0.6771 0.2830 -0.6792
vn 0.0487 0.4934 -0.8685
vn 0.8249 -0.2521 0.5060
vn -0.2595 0.4167 -0.8712
vn -0.1172 -0.9907 0.0697
vn 0.4562 -0.7941 -0.4016
vn 0.1849 0.7751 -0.6042
vn -0.0607 -0.7027 -0.7089
vn -0.0013 0.9827 0.1851
vn -0.0013 0.9829 0.1841
vn 0.3203 -0.0478 0.9461
vn -0.3825 -0.1662 -0.9089
vn 0.0002 0.0235 0.9997
vn 0.0004 0.0234 0.9997
vn -0.0001 0.0233 0.9997
vn 0.9720 0.2067 -0.1122
vn -0.2094 0.9101 0.3576
vn 0.0084 0.9720 -0.2349
vn -0.7836 0.4363 0.4424
vn 0.6005 -0.0286 0.7991
vn -0.6495 0.4998 0.5730
vn -0.9700 -0.2289 0.0823
vn -0.8538 -0.2720 0.4440
vn -0.7975 -0.2401 0.5535
vn 0.3870 0.6708 0.6326
vn 0.7401 0.5211 0.4252
vn 0.6694 0.4699 0.5754
vn 0.3371 -0.4245 0.8403
vn -0.9133 0.1494 -0.3788
vn -0.7205 0.6108 0.3283
vn -0.9274 0.3064 -0.2145
vn -0.6725 -0.7381 0.0541
vn 0.1272 0.2661 0.9555
vn -0.6093 -0.1026 0.7863
vn -0.9843 -0.1151 -0.1338
vn -0.9879 -0.0879 -0.1279
vn -0.7274 -0.1646 0.6662
vn -0.6813 -0.3640 0.6351
vn -0.2062 -0.0572 -0.9768
vn -0.8912 0.3446 -0.2950
vn -0.9598 0.0864 -0.2671
vn -0.8389 0.3149 -0.4439
vn -0.9661 0.2500 -0.0640
vn -0.9406 0.2837 -0.1867
vn -0.8759 0.3894 0.2848
vn -0.9222 0.3282 0.2042
vn -0.1265 -0.4170 0.9001
vn 0.1557 0.7654 0.6245
vn -0.8860 0.3487 0.3056
vn -0.9407 0.3363 -0.0455
vn -0.9375 0.3455 -0.0413
vn -0.7064 0.0633 0.7050
vn 0.6339 -0.6538 -0.4133
vn -0.8784 0.4774 -0.0205
vn -0.8448 0.4331 0.3143
vn -0.7410 0.6220 0.2530
vn 0.8384 -0.0521 0.5426
vn 0.8795 0.0784 0.4694
vn -0.4108 -0.8235 -0.3912
vn 0.8518 0.2845 0.4398
vn -0.9674 0.2086 -0.1439
vn -0.5449 0.8009 -0.2485
vn -0.3344 0.6255 -0.7050
vn -0.8133 0.5283 -0.2437
vn -0.6596 0.6161 -0.4306
vn -0.7508 0.4161 0.5130
vn -0.8944 0.4123 0.1735
vn -0.4160 0.7073 0.5715
vn -0.3903 0.9106 0.1360
vn -0.5188 0.4787 -0.7083
vn -0.9138 -0.4061 0.0059
vn -0.8959 -0.2441 0.3712
vn -0.0023 -0.6803 -0.7329
vn -0.1558 -0.1872 0.9699
vn -0.9827 0.0709 -0.1712
vn -0.9536 0.1681 -0.2498
vn -0.8526 0.2749 -0.4444
vn -0.3995 0.3904 -0.8295
vn -0.8644 0.2164 -0.4539
vn -0.9868 -0.1404 -0.0809
vn -0.8733 0.2932 -0.3892
vn -0.9974 0.0679 -0.0239
vn -0.9076 0.3307 -0.2588
vn -0.8335 0.5237 -0.1758
vn -0.7877 0.1540 -0.5964
vn -0.6439 0.2379 -0.7271
vn 0.2225 -0.1257 0.9668
vn 0.2413 0.0211 0.9702
vn 0.8129 0.1996 0.5472
vn 0.9670 -0.1901 0.1699
vn -0.3036 0.7312 0.6109
vn 0.8860 -0.3759 -0.2717
vn -0.0262 0.9712 0.2368
vn -0.2286 -0.9583 -0.1713
vn 0.6904 0.3675 -0.6231
vn -0.3832 -0.0350 0.9230
vn 0.9572 0.0666 0.2818
vn -0.4052 -0.6977 -0.5908
vn 0.8456 0.2681 0.4617
vn 0.9126 0.3829 0.1433
vn -0.7150 0.6671 -0.2091
vn -0.8826 -0.4700 -0.0079
vn -0.8361 -0.5343 0.1244
vn -0.8966 -0.4165 0.1505
vn -0.7257 0.6800 0.1047
vn 0.4328 0.7833 0.4462
vn 0.2970 0.4745 0.8286
vn 0.2448 -0.3002 -0.9220
vn 0.1736 -0.3013 -0.9376
vn -0.4807 -0.3866 0.7871
vn -0.9777 0.0055 0.2102
vn 0.0010 -0.6706 0.7418
vn -0.0020 0.3812 0.9245
vn 0.0013 0.4324 0.9017
vn 0.7114 -0.4635 0.5282
vn 0.6221 0.3007 0.7229
vn 0.1229 -0.2819 0.9515
vn -0.0000 -0.0693 0.9976
vn 0.0044 0.4218 0.9067
vn 0.0039 -0.6463 -0.7631
vn 0.2320 0.5956 0.7690
vn -0.7611 0.4934 -0.4211
vn 0.3850 -0.3454 0.8558
vn 0.0412 0.3696 0.9283
vn 0.5185 -0.4723 0.7128
vn -0.9994 0.0350 0.0070
vn -0.8958 0.0123 -0.4444
vn -0.0613 -0.9931 -0.1001
vn 0.9625 -0.2649 0.0584
vn 0.0007 -0.6719 0.7406
vn -0.6986 0.6264 0.3458
vn -0.6442 0.0128 -0.7648
vn -0.3747 0.1952 -0.9064
vn -0.4560 0.4693 0.7562
vn -0.1824 0.5979 0.7805
vn -0.5813 -0.7553 -0.3028
vn -0.6646 -0.7470 -0.0187
vn -0.5363 -0.8439 -0.0139
vn 0.7479 0.6580 0.0875
vn 0.5431 0.7037 0.4580
vn -0.9987 0.0486 -0.0169
vn -0.8923 -0.0088 0.4515
vn -0.6382 0.7116 0.2937
vn -0.8355 0.5114 0.2007
vn 0.1570 0.1295 0.9791
vn -0.4819 -0.5429 0.6878
vn 0.5085 0.0215 0.8608
vn -0.0116 -0.4746 0.8801
vn -0.0249 -0.0045 0.9997
vn -0.0249 -0.0046 0.9997
vn 0.2620 0.9585 -0.1125
vn -0.8661 0.1228 -0.4845
vn 0.0003 0.0256 0.9997
vn 0.0009 0.0258 0.9997
vn 0.0003 0.0257 0.9997
vn 0.5972 0.7293 0.3339
vn -0.0618 0.6908 0.7204
vn 0.0114 0.9407 -0.3392
vn -0.7044 0.5703 0.4225
vn -0.3883 -0.3386 0.8571
vn -0.1246 0.1071 0.9864
vn 0.3899 0.4353 0.8115
vn -0.1695 0.7544 0.6342
vn -0.6240 0.7560 0.1975
vn -0.8861 0.2535 -0.3880
vn -0.8966 -0.0177 0.4425
vn -0.9813 -0.1921 -0.0131
vn 0.0461 0.3054 0.9511
vn -0.7937 -0.5546 0.2498
vn -0.9991 0.0381 0.0204
vn 0.3643 -0.4112 0.8356
vn -0.7996 0.4083 -0.4403
vn -0.9604 0.2580 -0.1056
vn -0.8527 0.4614 -0.2451
vn -0.9876 -0.1563 0.0154
vn -0.9913 0.0120 0.1311
vn -0.9599 0.1064 -0.2595
vn 0.1791 0.3588 0.9161
vn -0.5975 0.3621 0.7154
vn -0.8218 -0.0155 0.5695
vn -0.0709 -0.4825 0.8730
vn 0.8177 -0.5581 0.1410
vn 0.0410 -0.6466 0.7617
vn 0.8537 0.4679 0.2286
vn 0.9750 0.0565 0.2148
vn -0.5498 0.8351 0.0153
vn -0.8500 0.0288 0.5260
vn -0.2096 -0.6018 0.7707
vn 0.8081 0.3204 0.4943
vn 0.3692 0.8782 0.3041
vn -0.5467 0.3341 -0.7678
vn -0.9528 0.2663 -0.1460
vn -0.8886 -0.1579 -0.4307
vn 0.8619 -0.0370 0.5057
vn -0.6085 0.1378 -0.7815
vn -0.6379 0.3796 0.6700
vn 0.0446 0.7891 0.6126
vn -0.9776 -0.1959 0.0763
vn -0.5219 0.5908 0.6152
vn 0.1307 0.8035 0.5807
vn -0.9577 0.2789 -0.0713
vn 0.9563 0.2700 0.1119
vn 0.6550 -0.3443 0.6727
vn -0.6378 0.5129 -0.5746
vn -0.0417 -0.6441 0.7638
vn -0.6952 0.6971 -0.1753
vn -0.5627 0.8250 -0.0524
vn -0.8711 0.4902 -0.0284
vn -0.0000 0.0010 1.0000
vn -0.6026 0.6019 -0.5240
vn -0.4412 0.4260 0.7899
vn -0.3808 0.8366 0.3937
vn -0.5514 0.5850 0.5947
vn 0.0087 -0.0846 0.9964
vn 0.2103 0.0194 0.9774
vn 0.0515 0.0053 0.9987
vn -0.4229 0.8556 -0.2986
vn -0.0017 -0.5710 -0.8210
vn -0.9358 0.3428 -0.0827
vn -0.9785 -0.2009 0.0466
vn -0.8789 0.4749 0.0439
vn -0.9406 -0.3389 0.0214
vn -0.8972 -0.2554 -0.3603
vn -0.9562 -0.2845 -0.0687
vn -0.7867 0.1453 -0.6000
vn -0.6343 -0.5087 -0.5821
vn -0.7807 -0.6080 -0.1441
vn -0.6681 -0.7272 0.1575
vn -1.0000 0.0022 -0.0034
vn 0.0205 0.4329 -0.9012
vn -0.5433 0.2488 0.8018
vn -0.6597 -0.5542 -0.5076
vn 0.4457 -0.6284 0.6375
vn -0.7473 0.6638 -0.0287
vn -0.8927 0.0813 0.4432
vn 0.7809 0.3719 -0.5019
vn 0.6595 -0.1848 -0.7287
vn -0.4960 0.3887 0.7765
vn 0.2485 0.9473 0.2024
vn -0.5198 0.3739 0.7681
vn -0.8437 0.3790 0.3801
vn -0.0142 0.2318 0.9727
vn 0.6580 0.5319 0.5330
vn -0.8429 0.3766 0.3844
vn -0.0115 0.2313 0.9728
vn 0.6550 0.5327 0.5360
vn 0.0067 0.9987 0.0500
vn 0.9992 0.0157 0.0373
vn -0.4254 0.3083 -0.8509
vn -0.7096 0.3386 0.6179
vn 0.0779 0.2438 0.9667
vn 0.1291 -0.2243 0.9659
vn 0.4633 -0.7099 0.5305
vn 0.2759 -0.9006 0.3357
vn -0.4324 0.3554 0.8287
vn 0.0017 0.8355 -0.5495
vn -0.7614 0.2983 0.5756
vn -0.9053 0.2619 0.3345
vn -0.8166 0.4451 0.3675
vn -0.9821 0.0969 0.1617
vn 0.0007 0.3682 0.9297
vn -0.9863 0.1435 -0.0808
vn -0.8185 -0.5402 -0.1954
vn 0.0668 -0.9783 -0.1960
vn -0.5703 0.7902 0.2242
vn 0.5141 0.8261 -0.2310
vn -0.3658 -0.9255 -0.0979
vn 0.5695 0.5712 0.5911
vn -0.9378 -0.0730 -0.3394
vn 0.9653 0.2533 -0.0637
vn 0.9973 0.0582 -0.0445
vn 0.9064 0.0455 -0.4199
vn 0.8561 0.0787 -0.5107
vn 0.9790 0.1354 -0.1523
vn 0.9081 -0.4151 0.0553
vn -0.9309 -0.1894 -0.3124
vn -0.9937 -0.1102 -0.0184
vn -0.9596 -0.2809 -0.0135
vn 0.0030 -0.4209 0.9071
vn 0.2291 -0.4155 0.8803
vn 0.8477 -0.5106 0.1441
vn -0.1404 0.3807 0.9140
vn 0.4916 0.6434 0.5868
vn -0.9907 -0.0062 0.1360
vn -0.9974 0.0696 -0.0159
vn -0.5755 -0.0799 0.8139
vn -0.2541 -0.7021 -0.6651
vn -0.7825 0.2488 0.5708
vn 0.1776 0.1663 -0.9699
vn -0.5409 -0.7039 -0.4604
vn -0.0022 0.9651 -0.2617
vn 0.9936 0.0087 -0.1127
vn 0.2831 0.9560 0.0771
vn -0.8431 0.5374 0.0206
vn 0.1475 0.9863 0.0735
vn 0.9947 -0.0890 0.0514
vn 0.9982 -0.0430 0.0428
vn -0.4812 -0.5197 0.7059
vn -0.9284 0.1192 0.3521
vn 0.8827 -0.1345 -0.4503
vn -0.2573 0.5728 0.7782
vn 0.0242 0.2640 0.9642
vn 0.0817 -0.2526 0.9641
vn 0.5911 0.2881 0.7534
vn -0.0358 0.9307 0.3641
vn -0.8626 -0.4655 0.1983
vn -0.5893 0.8054 0.0637
vn -0.3384 0.9375 0.0816
vn -0.2366 0.6153 0.7520
vn 0.9989 0.0346 0.0306
vn 0.3108 -0.2005 0.9291
vn -0.0050 -0.8667 0.4988
vn 0.0337 0.0004 0.9994
vn -0.0583 0.0001 0.9983
vn -0.0624 0.0004 0.9981
vn -0.9294 0.3688 0.0116
vn 0.2026 0.7774 0.5955
vn 0.6467 0.6195 -0.4449
vn -0.6077 -0.5951 -0.5259
vn 0.0591 -0.4838 0.8732
vn -0.9778 0.1223 -0.1704
vn -0.0838 -0.0087 0.9964
vn -0.2678 -0.0004 0.9635
vn -0.2813 -0.0015 0.9596
vn 0.0160 -0.2850 0.9584
vn 0.4255 0.0307 0.9045
vn -0.5089 0.8361 -0.2050
vn 0.0001 0.0001 1.0000
vn -0.0000 0.0001 1.0000
vn -0.9140 -0.3979 0.0793
vn -0.9947 0.0665 0.0782
vn -0.8229 -0.5303 -0.2038
vn -0.6750 -0.1715 -0.7176
vn -0.9428 0.1254 0.3089
vn -0.8775 0.4772 -0.0487
vn -0.3157 0.5533 -0.7708
vn -0.4218 0.8876 0.1851
vn -0.2753 -0.8656 0.4183
vn -0.4878 -0.2966 0.8210
vn 0.0170 -0.4413 -0.8972
vn 0.0035 -0.7074 -0.7068
vn -0.0075 -0.3830 -0.9237
vn 0.0139 -0.9362 0.3513
vn 0.0101 -0.6394 0.7688
vn -0.6293 -0.6102 -0.4813
vn 0.6234 0.6077 -0.4921
vn 0.6351 -0.5976 -0.4894
vn -0.2147 -0.9547 0.2062
vn -0.3630 0.8834 0.2963
vn -0.6679 -0.6632 -0.3377
vn 0.9780 -0.1182 -0.1722
vn 0.4475 -0.5516 0.7039
vn 0.1633 0.0366 -0.9859
vn 0.5885 0.0481 -0.8071
vn -0.4994 -0.7873 -0.3615
vn -0.1837 -0.9822 -0.0380
vn -0.9265 -0.0131 -0.3760
vn -0.4663 -0.4081 0.7849
vn -0.2798 -0.8283 0.4854
vn 0.4805 -0.3972 0.7819
vn -0.0287 -0.6727 -0.7393
vn -0.5709 -0.3105 0.7601
vn -0.9757 0.1499 -0.1600
vn -0.4178 -0.8024 0.4261
vn -0.0432 -0.5214 0.8522
vn -0.3180 0.8624 0.3939
vn -0.9310 -0.0374 0.3630
vn -0.0499 0.9841 0.1703
vn -0.6600 -0.5939 -0.4601
vn -0.4690 0.7597 0.4504
vn -0.0275 0.8120 0.5830
vn -0.9698 -0.2395 -0.0469
vn 0.2180 -0.5824 0.7831
vn 0.2086 -0.3724 0.9043
vn 0.1037 0.3760 0.9208
vn -0.0001 0.7660 0.6428
vn 0.4561 -0.2550 0.8526
vn 0.8052 0.5324 0.2611
vn 0.2618 -0.3763 0.8887
vn 0.1016 -0.3882 0.9160
vn 0.5550 -0.6187 0.5560
vn -0.1700 0.7069 -0.6866
vn 0.3425 -0.0105 0.9395
vn 0.6220 -0.0169 0.7828
vn 0.3626 0.0118 0.9319
vn -0.1658 -0.9411 0.2947
vn 0.0048 -0.9795 0.2014
vn -0.0145 -0.1359 0.9906
vn -0.0154 -0.1494 0.9887
vn -0.3636 0.0692 0.9290
vn 0.2862 -0.6594 -0.6951
vn -0.4702 0.8224 -0.3204
vn -0.0112 -0.5329 0.8461
vn 0.0006 -0.9497 -0.3133
vn -0.8858 0.1440 0.4412
vn -0.4212 -0.8911 -0.1689
vn -0.7773 -0.6128 -0.1424
vn -0.2976 0.4777 -0.8266
vn -0.9500 0.3119 -0.0137
vn -0.4940 0.0250 0.8691
vn 0.0108 -0.7887 0.6147
vn -0.1078 -0.6170 0.7795
vn 0.6723 0.3972 -0.6247
vn 0.9993 0.0234 0.0280
vn 0.9984 0.0266 0.0495
vn 0.5872 0.7992 0.1284
vn 0.9196 -0.3785 -0.1054
vn -0.9779 0.0058 0.2090
vn 0.0006 -0.6701 0.7423
vn 0.0502 0.3827 0.9225
vn 0.0096 -0.6089 -0.7932
vn -0.8083 0.5718 0.1404
vn -0.0625 -0.9931 -0.0990
vn 0.9618 -0.2677 0.0575
vn 0.5698 0.8204 -0.0476
vn 0.1895 0.9061 -0.3783
vn -0.9073 -0.4188 -0.0366
vn 0.9761 0.0055 0.2173
vn 0.9772 0.0102 0.2121
vn 0.7244 -0.0594 0.6868
vn -0.8280 0.4304 0.3594
vn -0.9836 0.0925 0.1551
vn -0.0063 0.3626 0.9319
vn -0.7685 0.6382 -0.0462
vn -0.9360 -0.0337 -0.3504
vn -0.1858 -0.3087 0.9328
vn -0.9728 -0.1145 0.2012
vn -0.2939 0.9242 -0.2438
vn -0.7666 0.6417 -0.0206
vn 0.9757 0.0060 0.2190
vn 0.9750 0.0103 0.2221
vn 0.8718 -0.4732 -0.1268
vn -0.9653 -0.2606 0.0160
vn 0.9499 0.3084 -0.0500
vn -0.1802 -0.0010 0.9836
vn -0.3596 -0.0014 0.9331
vn -0.3691 -0.0022 0.9294
vn -0.9742 -0.2073 0.0889
vn -0.9984 0.0065 0.0562
vn -0.9975 -0.0093 0.0694
vn 0.4338 0.0039 0.9010
vn 0.4341 0.0036 0.9009
vn -0.0624 -0.9931 -0.0994
vn 0.9620 -0.2671 0.0573
vn 0.6510 -0.6098 -0.4520
vn -0.8611 0.3106 0.4026
vn 0.7863 0.5705 -0.2370
vn 0.9759 0.0058 0.2182
vn 0.9755 0.0103 0.2199
vn -0.9985 0.0073 0.0534
vn -0.9977 -0.0088 0.0665
vn -0.9782 0.0040 0.2076
vn -0.9061 0.4179 0.0655
vn -0.0301 -0.0125 0.9995
vn 0.3189 -0.0100 0.9477
vn 0.0262 -0.0134 0.9996
vn 0.9996 0.0091 0.0278
vn 0.9979 0.0190 0.0627
vn -0.1032 0.7692 0.6306
vn 0.7505 0.5093 0.4212
vn 0.0237 -0.0208 0.9995
vn 0.9995 0.0077 0.0293
vn 0.9977 0.0180 0.0657
vn -0.0939 0.7747 0.6253
vn 0.7582 0.5064 0.4106
vn 0.9829 0.0928 0.1591
vn 0.8274 0.4370 0.3529
vn -0.8721 0.3779 0.3108
vn -0.9839 0.0892 0.1548
vn -0.0316 -0.3211 0.9465
vn -0.0267 -0.0034 0.9996
vn 0.0068 -0.0212 -0.9998
vn -0.0007 0.0231 0.9997
vn 0.0001 0.0224 0.9997
vn 0.0004 0.0227 0.9997
vn -0.0001 0.0225 0.9997
vn 0.0016 0.0233 0.9997
vn -0.0394 0.0644 0.9971
vn -0.0520 0.0834 0.9952
vn 0.0429 -0.4682 0.8826
vn -0.9742 -0.2074 0.0894
vn -0.9768 0.0100 0.2141
vn -0.0250 -0.0046 0.9997
vn 0.0012 0.0259 0.9997
vn -0.0003 0.0257 0.9997
vn -0.0012 0.0259 0.9997
vn -0.0009 0.0258 0.9997
vn -0.0003 0.0256 0.9997
vn -0.6996 -0.2315 -0.6760
vn -0.9997 0.0221 -0.0112
vn -0.0690 0.1091 0.9916
vn -0.9741 -0.2087 0.0875
vn -0.9660 0.2296 0.1187
vn 0.9942 -0.0890 0.0601
vn -0.2131 0.9763 0.0373
vn 0.9997 0.0110 0.0223
vn 0.0448 0.0013 0.9990
vn -0.0783 -0.0003 0.9969
vn 0.4414 0.8266 0.3492
vn 0.0171 0.0448 -0.9989
vn 0.2459 0.0479 -0.9681
vn 0.9934 -0.0885 0.0726
vn 1.0000 -0.0064 0.0057
vn 0.9996 -0.0141 0.0250
vn -0.6847 0.7267 -0.0551
vn -0.2530 0.5303 -0.8091
vn -0.0104 0.9951 0.0982
vn 0.2116 0.9725 0.0971
vn -0.9773 0.0106 0.2116
vn -0.0196 -0.9960 0.0867
vn 0.9821 0.0982 0.1608
vn 0.1059 0.9944 -0.0001
vn -0.1447 0.9895 -0.0004
vn -0.9309 -0.0705 0.3585
vn -0.0579 0.9967 -0.0563
vn -0.0956 0.9940 -0.0525
vn 0.5358 0.8113 -0.2338
vn -0.9123 0.4093 -0.0133
vn -0.8495 0.5271 -0.0212
vn -0.1757 -0.0013 0.9844
vn -0.9953 -0.0131 0.0965
vn -0.9955 -0.0196 0.0932
vn -0.9987 0.0001 0.0519
vn -0.9992 -0.0045 0.0398
vn 0.4336 0.0042 0.9011
vn 0.0519 -0.6499 0.7582
vn 0.9806 0.1007 0.1682
vn 0.4492 0.0060 0.8934
vn 0.0041 0.3784 0.9256
vn -0.9956 -0.0129 0.0931
vn -0.9958 -0.0194 0.0899
vn -0.9988 0.0006 0.0489
vn -0.9993 -0.0044 0.0358
vn -0.9794 0.0091 0.2016
vn -0.0310 -0.0151 0.9994
vn 0.9977 0.0107 0.0663
vn 0.9973 0.0176 0.0711
vn 0.9994 0.0155 0.0311
vn 0.9986 0.0061 0.0535
vn 0.9976 0.0097 0.0692
vn 0.9971 0.0169 0.0742
vn 0.9994 0.0143 0.0326
vn 0.9985 0.0047 0.0554
vn -0.0619 0.4006 0.9141
vn -0.1032 0.7760 0.6222
vn 0.3341 -0.3846 -0.8605
vn -0.5458 -0.3232 -0.7731
vn -0.6482 0.2230 -0.7281
vn 0.9605 -0.1621 -0.2260
vn 0.8289 -0.3509 -0.4357
vn 0.8255 -0.2607 -0.5006
vn -0.9202 0.3888 -0.0446
vn 0.6189 -0.6974 -0.3613
vn 0.0806 -0.9917 -0.0999
vn -0.8832 -0.2234 -0.4123
vn -0.5838 0.6614 -0.4710
vn 0.6901 -0.6268 0.3618
vn -0.5761 -0.0023 0.8173
vn -0.4593 -0.6117 0.6441
vn -0.9224 0.1649 0.3492
vn 0.9458 -0.3067 0.1070
vn -0.6045 0.1400 -0.7842
vn -0.9432 0.1030 -0.3159
vn 0.6977 0.1240 0.7056
vn 0.3872 0.1996 0.9001
vn 0.7927 0.1991 0.5762
vn 0.4587 0.5740 0.6783
vn -0.5912 0.7761 0.2194
vn 0.2908 0.2948 0.9102
vn -0.7406 -0.2083 -0.6388
vn 0.0461 0.3178 0.9470
vn -0.1867 0.0046 -0.9824
vn 0.8234 0.4980 -0.2720
vn -0.0952 -0.9837 -0.1525
vn -0.5923 -0.6625 -0.4585
vn 0.2142 -0.2939 -0.9315
vn 0.4423 -0.6461 -0.6220
vn 0.4444 -0.5645 -0.6956
vn 0.8790 -0.1398 -0.4559
vn 0.5282 -0.7771 0.3423
vn 0.8550 -0.3416 0.3902
vn 0.9491 -0.0560 -0.3098
vn -0.8744 0.0198 0.4848
vn -0.1411 -0.8758 0.4616
vn -0.9478 0.1228 0.2941
vn 0.7085 0.5471 -0.4457
vn -0.8736 0.1209 0.4713
vn -0.1410 -0.0013 0.9900
vn -0.5782 -0.1862 0.7944
vn -0.2078 -0.9774 -0.0398
vn -0.6766 -0.6883 0.2616
vn -0.0660 -0.9449 0.3207
vn 0.9823 -0.1005 0.1583
vn 0.1671 -0.8722 0.4597
vn 0.9758 -0.1873 0.1129
vn -0.7298 -0.6665 -0.1523
vn -0.6384 -0.7696 0.0095
vn -0.1125 0.2534 -0.9608
vn 0.5135 0.8184 0.2579
vn 0.8461 0.5274 0.0772
vn 0.7794 0.0025 -0.6265
vn 0.7597 0.6300 -0.1611
vn 0.6632 -0.2745 0.6963
vn 0.5619 0.8238 -0.0745
vn 0.9999 -0.0083 -0.0059
vn -0.6180 0.6950 -0.3675
vn 0.4416 -0.8971 0.0134
vn 0.9127 -0.0986 0.3966
vn 0.9656 -0.1627 0.2027
vn -0.6328 0.0111 0.7743
vn 0.9821 -0.1885 -0.0034
vn 0.9916 -0.1292 -0.0068
vn 0.3179 0.5926 0.7401
vn 0.2758 0.2570 0.9262
vn 0.4286 -0.0047 -0.9035
vn 0.6131 -0.2378 -0.7533
vn 0.9345 0.0182 -0.3555
vn -0.4848 -0.5411 -0.6872
vn -0.0201 -0.0080 -0.9998
vn 0.3292 0.8238 -0.4616
vn 0.9104 -0.2583 -0.3232
vn 0.7330 0.5640 0.3802
vn 0.8132 0.3464 0.4676
vn 0.9538 0.2686 0.1343
vn -0.9802 0.1232 0.1553
vn -0.9873 0.0128 0.1584
vn -0.9894 0.0140 -0.1444
vn -0.4369 -0.6081 -0.6628
vn 0.3988 0.0140 0.9169
vn 0.9638 0.2352 -0.1256
vn 0.9872 0.1590 0.0122
vn -0.7144 -0.5973 -0.3646
vn 0.8980 -0.0245 -0.4394
vn 0.9323 -0.0382 -0.3597
vn -0.0064 -0.9530 0.3028
vn -0.4611 -0.8873 -0.0023
vn 0.3916 -0.9202 -0.0003
vn -0.7272 0.6665 -0.1642
vn 0.7663 -0.6188 -0.1731
vn 0.9221 -0.3869 -0.0029
vn 0.5909 -0.3493 0.7272
vn -0.6390 -0.5964 0.4858
vn -0.8189 -0.5739 -0.0012
vn -0.8191 -0.5737 -0.0012
vn 0.9987 0.0413 -0.0296
vn 0.3124 0.0005 -0.9500
vn 0.3891 -0.9212 0.0015
vn 0.8092 -0.5874 0.0081
vn 0.5709 0.8195 0.0502
vn 0.9023 0.4310 0.0051
vn 0.7958 0.6053 0.0202
vn 0.8783 -0.0223 0.4775
vn 0.8899 -0.1801 0.4191
vn 0.7742 0.4346 0.4602
vn 0.2398 0.7567 0.6082
vn -0.6167 -0.7449 0.2544
vn 0.6184 0.7220 -0.3103
vn -0.8029 -0.4694 -0.3675
vn 0.7545 0.1011 -0.6485
vn 0.4208 0.2199 -0.8801
vn 0.6070 0.3134 -0.7303
vn 0.9647 0.0488 -0.2586
vn 0.4845 -0.8747 -0.0145
vn -0.8852 0.3078 -0.3487
vn -0.8703 -0.3578 -0.3384
vn 0.3613 0.0002 0.9325
vn 0.7321 -0.0098 0.6811
vn 1.0000 0.0009 0.0011
vn 0.9237 0.2181 0.3148
vn 0.9714 0.0043 0.2373
vn -0.6775 -0.0027 -0.7355
vn -0.8038 0.0012 -0.5949
vn 0.6231 0.4736 -0.6224
vn 0.9137 -0.4062 0.0063
vn 0.5185 -0.4849 0.7043
vn 0.8432 -0.5375 0.0043
vn 0.9997 -0.0214 -0.0131
vn 0.9887 0.0003 0.1496
vn -0.9989 0.0002 0.0461
vn -0.2676 0.7588 0.5938
vn 0.1300 0.8029 0.5818
vn -0.7328 0.4177 0.5371
vn -0.0095 0.0581 0.9983
vn -0.2484 0.6266 0.7387
vn 0.0074 0.0172 0.9998
vn 0.2466 -0.5686 0.7848
vn 0.5787 -0.0778 0.8118
vn 0.9701 -0.0870 0.2266
vn 0.9925 -0.0013 0.1219
vn 0.8141 0.5418 0.2092
vn 0.7500 0.4089 -0.5200
vn 0.8758 0.2809 -0.3926
vn 1.0000 0.0006 -0.0067
vn 1.0000 0.0004 -0.0062
vn 1.0000 0.0003 -0.0062
vn 0.9997 -0.0086 0.0244
vn 0.9952 -0.0983 0.0039
vn 0.5243 0.3349 0.7829
vn 0.4499 -0.5073 0.7350
vn 0.8227 -0.5164 0.2378
vn 0.9816 0.1897 0.0227
vn 0.5129 0.0552 0.8567
vn 0.7286 0.1245 0.6735
vn 0.5020 0.6806 0.5337
vn 0.9751 -0.2149 0.0555
vn 0.8215 0.0206 0.5699
vn 0.9965 0.0182 -0.0820
vn 0.6159 -0.3158 0.7218
vn 0.6276 0.3543 0.6933
vn 0.9782 -0.1603 0.1320
vn 0.6617 -0.6723 -0.3319
vn 0.3174 -0.7108 0.6277
vn 0.3166 0.8860 0.3388
vn 0.1315 0.8552 0.5013
vn -0.1756 0.9819 0.0705
vn 0.0742 0.5955 0.8000
vn 0.4181 0.8767 0.2381
vn -0.6414 0.5934 0.4864
vn -0.1444 -0.1351 0.9803
vn 0.1642 -0.1196 0.9792
vn -0.8905 -0.1324 0.4353
vn 0.5740 0.2834 0.7682
vn 0.6619 0.2996 0.6871
vn -0.1309 0.4944 -0.8593
vn -0.3315 -0.2207 0.9173
vn -0.9738 -0.0982 0.2049
vn 0.6234 0.7768 0.0899
vn 0.6839 -0.6409 -0.3486
vn -0.5810 0.5142 0.6309
vn 0.0469 0.1594 -0.9861
vn 0.9918 0.0320 -0.1238
vn 0.1951 -0.0515 0.9794
vn 0.0673 0.4567 0.8871
vn 0.7522 0.5973 0.2782
vn -0.0115 0.8229 0.5680
vn 0.9897 0.1027 0.0996
vn 0.9920 0.1065 0.0677
vn 0.1152 -0.3539 0.9282
vn 0.5104 -0.4897 0.7069
vn 0.1363 -0.4516 -0.8817
vn -0.0079 -0.5989 0.8008
vn -0.0017 0.9995 -0.0315
vn 0.0076 0.7884 0.6151
vn 0.1666 0.0397 0.9852
vn -0.2434 0.0285 -0.9695
vn 0.1866 0.3485 0.9186
vn 0.9947 0.0896 0.0514
vn -0.9827 0.0552 -0.1767
vn 0.9999 -0.0015 -0.0166
vn 0.9871 -0.1530 0.0472
vn 0.8402 -0.2392 0.4867
vn 0.9970 -0.0172 0.0750
vn 0.7629 0.5095 0.3980
vn -0.1091 0.6852 0.7201
vn 0.6897 0.4127 0.5950
vn 0.8669 0.0298 0.4977
vn 0.5345 0.0779 0.8416
vn 0.4762 -0.2732 0.8358
vn 0.9652 -0.0571 0.2551
vn 0.6552 -0.2698 -0.7057
vn -0.3941 -0.3501 0.8498
vn 0.9344 0.0422 0.3536
vn 0.9665 -0.2475 0.0686
vn 0.9294 -0.2357 0.2842
vn 0.8897 0.3925 0.2331
vn -0.0202 -0.0934 -0.9954
vn 0.8929 -0.0130 0.4501
vn -0.5613 0.0954 0.8221
vn 0.7201 0.6508 0.2407
vn -0.4397 0.8302 0.3427
vn 0.5840 0.5896 -0.5580
vn 0.7332 0.5176 0.4411
vn 0.6625 -0.0649 0.7462
vn 0.9928 0.0687 0.0977
vn 0.6580 -0.5652 -0.4976
vn 0.6402 -0.0030 0.7682
vn -0.4187 -0.8483 -0.3241
vn -0.4079 -0.8314 -0.3773
vn -0.5173 0.6292 0.5801
vn -0.8466 0.4239 0.3219
vn 0.8370 0.5469 0.0198
vn -0.0893 -0.9284 -0.3607
vn -0.8305 0.5495 0.0917
vn -0.5716 0.8154 0.0919
vn -0.9775 0.1743 0.1191
vn -0.8608 0.4123 0.2983
vn -0.3569 0.7493 0.5578
vn -0.6388 0.5660 0.5211
vn -0.5483 0.2468 0.7990
vn -0.4747 0.4824 0.7362
vn -0.5174 0.5440 0.6606
vn -0.3367 -0.1515 0.9293
vn -0.2485 -0.3687 0.8957
vn -0.7380 0.3074 0.6008
vn -0.9768 -0.0654 0.2040
vn 0.3853 0.4732 -0.7922
vn 0.0001 0.5176 -0.8556
vn 0.9407 0.2414 0.2385
vn -0.2221 0.7092 0.6691
vn -0.0021 0.3536 0.9354
vn 0.8706 0.4920 -0.0043
vn 0.6451 0.7146 0.2705
vn 0.8452 0.4944 0.2030
vn -0.7954 0.5882 0.1462
vn 0.9593 0.2013 0.1981
vn -0.4249 0.8160 0.3919
vn -0.1679 0.8251 0.5395
vn -0.4448 -0.6301 0.6365
vn 0.7438 0.6193 0.2515
vn 0.8741 -0.4835 -0.0461
vn 0.3098 -0.1110 -0.9443
vn -0.7074 -0.1371 -0.6933
vn -0.7768 -0.1232 -0.6176
vn 0.8837 -0.0107 -0.4680
vn -0.8378 0.4910 0.2389
vn 0.9369 0.3184 0.1442
vn 0.9686 0.1851 -0.1658
vn 0.9849 0.0367 0.1693
vn -0.6784 -0.6487 -0.3449
vn 0.4580 -0.7246 0.5149
vn -0.1511 -0.1812 0.9718
vn 0.9164 0.2321 0.3260
vn 0.8873 0.3700 0.2752
vn 0.8931 0.3635 0.2650
vn 0.9483 0.3040 0.0912
vn 0.9160 0.3517 -0.1931
vn 0.9070 0.3103 -0.2847
vn 0.9561 0.2740 -0.1042
vn -0.3786 -0.7206 0.5808
vn -0.6040 -0.7393 0.2976
vn 0.1039 -0.9759 0.1917
vn -0.5834 0.5774 -0.5712
vn -0.0002 0.0008 -1.0000
vn -0.7089 -0.0130 -0.7052
vn 0.8827 0.3332 -0.3314
vn 0.9404 0.1931 -0.2799
vn 0.9413 -0.0062 -0.3374
vn 0.5386 0.5496 0.6386
vn 0.7331 0.6478 -0.2074
vn 0.0373 -0.3187 0.9471
vn 0.9208 0.3425 -0.1864
vn 0.9282 0.3581 -0.1013
vn 0.9067 0.3023 0.2942
vn 0.9168 0.2658 0.2982
vn 0.1692 -0.8377 -0.5192
vn -0.5672 -0.6746 -0.4726
vn 0.6197 -0.6608 -0.4235
vn 0.8382 0.0347 0.5443
vn 0.7829 0.0448 -0.6205
vn 0.3672 -0.0975 -0.9250
vn 0.6875 -0.2567 -0.6794
vn 0.3774 -0.5034 -0.7773
vn 0.6720 -0.3359 -0.6600
vn 0.6965 -0.6356 -0.3330
vn 0.2787 -0.5660 -0.7759
vn -0.9413 -0.1567 0.2989
vn -0.0552 -0.4695 -0.8812
vn -0.8229 -0.0526 0.5658
vn -0.8839 0.0811 0.4605
vn 0.2497 -0.7694 -0.5879
vn -0.8806 0.2544 0.3997
vn 0.9388 0.0897 -0.3326
vn 0.9832 0.1632 -0.0817
vn 0.4951 0.8566 0.1454
vn 0.9917 0.0896 -0.0928
vn 0.8978 0.2115 -0.3862
vn 0.3616 0.5055 -0.7834
vn 0.5109 0.8188 -0.2617
vn 0.8561 0.0908 -0.5088
vn 0.7612 0.1764 -0.6241
vn 0.8963 -0.0487 -0.4407
vn 0.7160 -0.0085 -0.6981
vn 0.7384 0.4616 -0.4916
vn -0.8984 -0.0396 0.4375
vn 0.4689 0.4748 -0.7447
vn 0.1549 0.5819 -0.7984
vn 0.8488 0.1886 -0.4939
vn 0.9827 0.1576 -0.0970
vn 0.8812 0.4132 -0.2298
vn 0.8077 0.5603 -0.1837
vn -0.9151 -0.2855 0.2848
vn 0.9341 0.1978 -0.2972
vn -0.4875 0.8729 0.0169
vn -0.3004 0.9535 0.0235
vn 0.5988 0.1499 -0.7868
vn 0.6008 0.4720 -0.6452
vn 0.6953 0.3281 -0.6394
vn 0.3176 -0.9056 -0.2811
vn 0.2993 0.9372 0.1793
vn -0.9423 -0.0966 0.3204
vn -0.2581 0.1001 0.9609
vn 0.3180 -0.0264 0.9477
vn 0.9369 0.2249 -0.2678
vn 0.9390 0.2068 -0.2749
vn 0.7163 0.6601 -0.2265
vn 0.0584 -0.7121 -0.6997
vn 0.8972 -0.4196 0.1380
vn 0.7704 -0.6149 0.1685
vn 0.7413 0.5059 0.4411
vn 0.7195 0.6872 0.1000
vn -0.2907 0.4798 0.8278
vn -0.4318 0.7832 0.4473
vn -0.1680 -0.3223 -0.9316
vn -0.2639 -0.3134 -0.9122
vn 0.7207 -0.5084 0.4713
vn 0.6551 -0.1298 0.7444
vn 0.9874 -0.1579 0.0097
vn -0.3111 0.9189 0.2426
vn -0.0281 0.8190 0.5731
vn -0.3682 0.7446 0.5568
vn 0.7053 0.6654 -0.2445
vn 0.0321 0.8134 0.5808
vn 0.8608 0.3118 -0.4023
vn 0.8688 -0.3623 -0.3376
vn 0.4493 0.6187 -0.6445
vn 0.9852 0.1526 0.0778
vn -0.2686 0.9631 0.0186
vn -0.9136 0.2499 0.3207
vn -0.2275 0.4973 0.8372
vn 0.2409 0.8707 -0.4287
vn 0.6435 0.7347 -0.2145
vn -0.9636 -0.1336 0.2317
vn 0.1926 -0.7458 0.6377
vn 0.9060 0.0856 -0.4146
vn 0.5104 -0.3620 0.7800
vn -0.8762 0.2224 0.4275
vn -0.4909 -0.7594 -0.4270
vn 0.8146 0.0060 -0.5800
vn -0.6635 0.5886 0.4620
vn -0.8958 0.3695 0.2471
vn 0.0261 0.0078 0.9996
vn -0.2291 0.3619 0.9036
vn -0.3861 0.5858 0.7126
vn 0.3804 0.1895 -0.9052
vn 0.3193 0.3796 0.8683
vn -0.9775 -0.1601 -0.1371
vn 0.5187 -0.3143 -0.7951
vn 0.2861 -0.6647 0.6902
vn 0.9948 0.0309 0.0967
vn -0.0129 0.3155 0.9488
vn -0.7292 0.5058 0.4608
vn -0.4613 -0.7941 -0.3957
vn 0.9739 0.2204 -0.0545
vn 0.0112 0.9709 0.2394
vn 0.7713 0.0461 0.6348
vn 0.8185 -0.4022 0.4102
vn 0.7235 0.5002 0.4758
vn 0.3120 0.6036 0.7337
vn 0.8677 -0.0415 0.4953
vn 0.4992 0.2151 0.8393
vn 0.8087 -0.2155 0.5473
vn 0.2030 -0.0227 0.9789
vn -0.8579 -0.1022 0.5036
vn 0.9625 -0.2714 -0.0058
vn 0.9994 -0.0355 0.0009
vn 0.8317 0.4663 -0.3014
vn -0.7778 -0.4326 0.4560
vn 0.0322 0.9614 -0.2732
vn 0.9919 -0.1202 0.0398
vn 0.6584 -0.7321 -0.1747
vn 0.2702 0.9288 -0.2537
vn 0.0785 0.9955 -0.0536
vn 0.0492 0.9972 -0.0565
vn -0.4111 0.6281 0.6607
vn 0.5945 -0.6722 -0.4413
vn 0.9048 0.4258 0.0006
vn 0.9852 0.0394 0.1670
vn 0.9640 -0.2321 0.1296
vn 0.0249 -0.0045 0.9997
vn 0.0249 -0.0046 0.9997
vn 0.0250 -0.0046 0.9997
vn -0.7466 -0.6088 0.2682
vn 0.1144 -0.6213 -0.7752
vn 0.7729 -0.1585 -0.6144
vn 0.9635 -0.2675 -0.0121
vn 0.5381 0.2351 0.8094
vn -0.0105 -0.8219 0.5695
vn -0.9962 -0.0531 0.0688
vn -0.9917 -0.1081 0.0704
vn 0.0049 0.7248 0.6890
vn 0.7089 0.6276 0.3219
vn 0.9790 0.1266 -0.1600
vn 0.6317 -0.3513 0.6911
vn 0.9815 -0.1266 0.1439
vn 0.3173 0.2794 -0.9062
vn 0.9999 0.0118 -0.0074
vn 0.6829 0.1967 0.7035
vn 0.0259 0.1111 0.9935
vn 0.5403 0.4905 0.6837
vn 0.9842 0.0392 0.1727
vn -0.5926 -0.6670 0.4516
vn 0.5224 0.0312 -0.8521
vn 0.6825 0.0938 0.7249
vn -0.8754 0.4831 -0.0170
vn 0.1172 -0.9907 0.0697
vn -0.1330 0.7862 -0.6035
vn -0.6990 -0.6532 -0.2910
vn 0.6910 -0.3402 0.6378
vn 0.4905 -0.3305 0.8063
vn 0.2882 -0.7089 0.6437
vn -0.2837 -0.6019 0.7465
vn -0.1471 0.2519 -0.9565
vn 0.9322 0.3319 -0.1446
vn -0.7832 -0.0690 -0.6180
vn -0.2781 -0.3186 -0.9062
vn 0.2871 -0.1595 -0.9445
vn -0.1389 0.3954 0.9080
vn -0.3990 -0.3486 0.8481
vn 0.2822 0.3471 0.8944
vn -0.1921 0.9796 0.0597
vn -0.4016 0.9140 0.0577
vn -0.9949 0.0677 0.0748
vn -0.9054 -0.4229 0.0377
vn 0.7619 0.2708 -0.5884
vn 0.3353 -0.8335 -0.4392
vn -0.9857 0.1513 0.0745
vn -0.9514 -0.1922 -0.2404
vn 0.9876 0.0878 -0.1305
vn 0.2476 0.8026 0.5427
vn -0.3378 0.6496 0.6812
vn -0.2181 0.3482 0.9117
vn 0.6084 -0.6619 -0.4379
vn 0.3721 -0.7358 -0.5659
vn -0.4501 0.6263 0.6365
vn -0.8142 0.4991 0.2965
vn -0.8376 0.2860 0.4655
vn -0.7208 0.4255 0.5472
vn -0.9758 -0.2121 0.0522
vn -0.0939 0.3105 -0.9459
vn -0.6732 -0.3479 0.6525
vn 0.4677 -0.8141 0.3443
vn 0.9966 0.0698 0.0432
vn 0.8768 -0.2690 0.3986
vn 0.9556 0.1483 -0.2548
vn -0.5890 -0.4674 0.6592
vn 0.2932 -0.6882 0.6637
vn 0.9795 0.1031 0.1733
vn 0.8233 -0.3891 0.4133
vn -0.0838 -0.1876 -0.9787
vn 0.0255 -0.4220 -0.9062
vn -1.0000 0.0062 0.0011
vn -0.8369 -0.5334 0.1223
vn 0.9601 0.2648 0.0897
vn 0.6106 0.5496 0.5702
vn -0.1963 0.6809 0.7056
vn 0.6009 0.5095 0.6159
vn -0.7029 0.3845 0.5984
vn -0.0088 0.3741 0.9274
vn -0.0010 0.0019 1.0000
vn -0.0010 0.0020 1.0000
vn 0.9770 0.0052 0.2131
vn 0.9770 0.0120 0.2127
vn 0.7960 -0.2147 0.5659
vn 0.9968 0.0362 -0.0716
vn 0.0890 0.3396 -0.9363
vn -0.1107 0.1321 -0.9850
vn 0.1739 -0.9818 0.0763
vn 0.4518 -0.5769 -0.6805
vn -0.9295 -0.0656 -0.3629
vn 0.7695 -0.2033 0.6054
vn 0.5218 0.4714 0.7110
vn 0.9312 0.0279 0.3634
vn 0.1232 0.7541 0.6451
vn 0.9889 -0.0538 0.1388
vn 0.4254 -0.4827 0.7655
vn 0.8170 -0.1986 0.5414
vn 0.9953 -0.0327 0.0907
vn 0.9052 -0.3430 -0.2507
vn 0.9289 -0.3368 -0.1539
vn 0.6995 0.5045 0.5061
vn 0.9746 -0.0954 0.2028
vn 0.9940 -0.0544 0.0944
vn 0.1326 -0.9866 -0.0954
vn 0.6690 0.5277 0.5234
vn -0.0055 0.2093 0.9778
vn -0.5496 0.7391 -0.3894
vn -0.9136 0.1773 0.3659
vn 0.3344 0.5321 0.7779
vn -0.9479 0.3041 -0.0954
vn 0.6419 0.0558 -0.7648
vn 0.5597 -0.7626 -0.3242
vn -0.5955 -0.5348 0.5995
vn -0.5902 -0.5663 -0.5753
vn 0.9951 0.0806 -0.0580
vn 0.9173 -0.3897 0.0820
vn 0.9400 0.2316 0.2506
vn 0.9837 0.1624 -0.0776
vn -0.0429 -0.7961 -0.6036
vn 0.5527 -0.7453 -0.3729
vn 0.0143 -0.7245 0.6892
vn 0.5919 -0.7061 0.3887
vn -0.7083 0.3099 0.6343
vn 0.3867 0.3563 -0.8506
vn -0.5985 0.5674 0.5656
vn 0.9990 0.0434 -0.0117
vn 0.7211 -0.5788 -0.3809
vn 0.3194 0.2588 0.9116
vn -0.0395 0.6323 -0.7737
vn -0.7002 0.6479 0.3000
vn -0.1159 0.7356 0.6675
vn -0.9626 -0.0097 0.2709
vn 0.7106 0.0278 -0.7030
vn -0.3344 -0.7119 -0.6175
vn -0.3454 0.2984 -0.8897
vn 0.3924 0.9189 0.0413
vn 0.1366 0.9900 0.0341
vn 0.6296 0.7583 0.1691
vn 0.3290 0.9398 0.0929
vn 0.7572 -0.0770 -0.6486
vn -0.3047 -0.2087 0.9293
vn 0.9659 0.2350 0.1088
vn -0.9914 -0.0968 -0.0882
vn -0.9765 0.1393 0.1642
vn 0.0613 -0.9931 -0.1001
vn 0.9741 -0.2087 0.0875
vn -0.0007 -0.6719 0.7406
vn 0.9309 0.3181 0.1797
vn -0.4350 -0.8953 0.0957
vn -0.9770 0.0049 0.2133
vn -0.0022 -0.6713 0.7412
vn 0.4426 0.4339 0.7848
vn -0.4752 -0.4333 0.7658
vn 0.5838 -0.5231 0.6209
vn 0.7408 0.2825 0.6094
vn -0.2205 0.7585 0.6133
vn 0.0939 0.7747 0.6253
vn -0.0007 0.3682 0.9297
vn 0.8166 0.4451 0.3675
vn 0.1493 -0.1078 0.9829
vn -0.0112 -0.0119 0.9999
vn 0.0096 -0.0005 1.0000
vn 0.0467 0.5865 0.8086
vn -0.6076 0.5146 0.6050
vn 0.0268 -0.0034 0.9996
vn 0.0267 -0.0034 0.9996
vn 0.9694 0.2454 -0.0022
vn 0.2619 -0.6956 -0.6690
vn -0.1348 0.9405 0.3119
vn -0.9377 0.2219 0.2673
vn -0.0579 0.6862 0.7251
vn -0.9993 0.0153 -0.0354
vn 0.2688 0.5274 -0.8060
vn 0.3847 0.4999 -0.7760
vn -0.2336 -0.1644 -0.9583
vn -0.9732 0.0614 0.2218
vn -0.0283 0.3660 -0.9302
vn -0.9304 -0.3663 0.0138
vn -0.9984 -0.0238 0.0522
vn -0.4755 -0.0208 0.8795
vn -0.3519 0.0029 0.9360
vn -0.0181 0.0065 0.9998
vn -0.3462 0.8203 0.4553
vn -0.4262 0.5981 0.6787
vn 0.3588 0.7808 -0.5115
vn -0.5823 0.5765 0.5733
vn -0.9583 0.0393 -0.2832
vn 0.7818 0.4422 0.4397
vn 0.7987 0.5020 0.3319
vn 0.9004 0.2723 0.3393
vn 0.0217 0.7281 0.6851
vn 0.0245 0.5297 0.8478
vn 0.0064 0.6927 0.7212
vn 0.2187 -0.3455 0.9126
vn 0.0009 -0.9618 0.2739
vn -0.0169 0.0308 0.9994
vn 0.4672 -0.7450 -0.4761
vn 0.8648 0.4835 0.1359
vn 0.0601 -0.9979 -0.0221
vn -0.3612 -0.9268 0.1026
vn 0.7185 -0.5550 -0.4192
vn -0.0172 0.3759 0.9265
vn -0.9623 -0.2657 0.0573
vn 0.0625 -0.9931 -0.0994
vn 0.9979 0.0450 -0.0463
vn 0.3468 0.9346 0.0792
vn 0.6400 -0.0606 0.7660
vn -0.9931 0.0465 0.1078
vn -0.9618 -0.2677 0.0575
vn 0.0625 -0.9931 -0.0990
vn -0.0006 -0.6701 0.7423
vn -0.7422 -0.6046 -0.2891
vn -0.2758 -0.1275 0.9527
vn -0.6184 0.7178 -0.3200
vn 0.5935 -0.0856 0.8003
vn 0.9557 0.0185 -0.2939
vn 0.0171 0.8109 0.5849
vn -0.9702 -0.0158 0.2418
vn -0.0849 -0.3260 0.9416
vn -0.0584 -0.0893 0.9943
vn -0.0768 0.5652 0.8213
vn -0.6339 -0.6405 0.4336
vn -0.0023 -0.3315 0.9434
vn 0.0119 -0.4845 0.8747
vn 0.8523 -0.5177 -0.0749
vn 0.1399 -0.9886 -0.0551
vn -0.9849 -0.0701 0.1582
vn -0.5712 0.7272 0.3806
vn 0.4616 0.7447 0.4821
vn 0.6673 -0.7378 0.1016
vn 0.4655 0.5007 0.7298
vn -0.4068 0.7288 -0.5509
vn -0.0461 0.0877 0.9951
vn 0.1052 0.1375 0.9849
vn -0.0384 0.3858 0.9218
vn 0.2271 -0.1072 0.9680
vn -0.5797 -0.5401 0.6101
vn -0.7202 -0.6937 0.0097
vn 0.0253 0.0379 0.9990
vn -0.0559 -0.0024 0.9984
vn 0.0576 0.0538 0.9969
vn 0.3973 -0.7155 0.5747
vn 0.4109 -0.4128 0.8129
vn 0.1307 -0.2706 -0.9538
vn 0.9891 -0.1255 -0.0769
vn -0.0000 -0.0000 1.0000
vn -0.9759 0.0058 0.2182
vn 0.0063 0.3626 0.9319
vn 0.9973 0.0159 0.0717
vn 0.9974 0.0134 0.0713
vn -0.3966 0.9012 0.1749
vn -0.5856 0.5792 -0.5671
vn -0.3826 0.9145 0.1318
vn -0.9286 0.3251 0.1786
vn 0.0125 -0.7980 0.6025
vn -0.9677 0.1857 0.1706
vn -0.9408 0.2422 0.2372
vn 0.3433 0.4744 -0.8106
vn 0.0655 -0.0094 0.9978
vn 0.0313 -0.0411 0.9987
vn 0.0501 -0.0237 0.9985
vn 0.9335 -0.1968 -0.2998
vn 0.7712 0.0677 0.6329
vn -0.7504 0.5093 0.4213
vn -0.9806 0.1007 0.1682
vn 0.0108 0.7057 -0.7084
vn -0.6378 -0.0031 0.7702
vn -0.4492 0.0060 0.8934
vn 0.9738 -0.2089 0.0895
vn 0.3391 0.8953 0.2889
vn -0.0005 0.0281 0.9996
vn -0.0006 0.0281 0.9996
vn -0.9982 0.0019 0.0596
vn -0.9980 -0.0006 0.0639
vn 0.0002 0.0003 1.0000
vn 0.0005 0.0002 1.0000
vn 0.9779 0.0058 0.2090
vn 0.9773 0.0106 0.2116
vn -0.9761 0.0055 0.2173
vn 0.9782 0.0040 0.2076
vn 0.9794 0.0091 0.2016
vn 0.5536 -0.5641 0.6126
vn -0.9988 0.0179 0.0466
vn -0.9999 0.0082 0.0140
vn 0.2003 -0.9758 -0.0873
vn 0.9995 0.0198 -0.0251
vn 0.8962 0.4311 0.1051
vn -0.9175 -0.3871 0.0915
vn 0.9381 -0.0900 -0.3345
vn -0.5766 0.5758 0.5796
vn 0.9836 0.0925 0.1551
vn 0.8280 0.4304 0.3594
vn -0.5787 -0.7845 -0.2229
vn 0.9742 -0.2073 0.0889
vn -0.7582 0.5064 0.4106
vn -0.9821 0.0982 0.1608
vn 0.9453 0.2857 0.1571
vn 1.0000 0.0006 -0.0068
vn 0.5764 -0.5986 -0.5563
vn 0.9926 -0.1203 0.0148
vn 1.0000 -0.0031 0.0049
vn 0.9824 0.0975 0.1594
vn -0.2010 -0.8780 -0.4344
vn -0.0011 0.0259 0.9997
vn -0.0008 0.0258 0.9997
vn 0.0008 0.0258 0.9997
vn 0.0011 0.0259 0.9997
vn -0.7859 -0.5787 0.2179
vn 0.9956 -0.0161 0.0922
vn 0.9958 -0.0048 0.0917
vn 0.6458 0.7629 -0.0294
vn -0.9955 0.0860 0.0393
vn 0.3068 0.5455 0.7799
vn -0.0010 0.0017 1.0000
vn 0.9320 0.3443 -0.1132
vn -0.0026 -0.9749 0.2228
vn 0.8410 0.5406 -0.0237
vn 0.8442 0.5355 -0.0236
vn 0.0249 0.9964 0.0809
vn 0.8182 -0.4670 -0.3352
vn -0.9823 0.0986 0.1594
vn -0.9790 0.0092 0.2035
vn 0.9821 0.0969 0.1617
vn -0.9554 -0.2944 -0.0218
vn 0.7964 0.4971 0.3445
vn 0.8303 0.5570 -0.0198
vn 0.6290 -0.0577 -0.7753
vn 0.0001 0.2251 -0.9743
vn -0.9625 -0.2649 0.0584
vn -0.9755 0.0103 0.2199
vn 0.9976 0.0126 0.0682
vn 0.0100 -0.0317 0.9994
vn 0.9942 -0.0001 0.1071
vn 0.9970 0.0125 0.0758
vn 0.9937 0.0009 0.1120
vn 0.1077 0.0300 0.9937
vn 0.8763 0.4797 0.0455
vn 0.0163 0.5690 0.8221
vn 0.1849 -0.9750 0.1233
vn 0.0003 0.0281 0.9996
vn -0.9983 -0.0313 0.0490
vn -0.9987 -0.0485 0.0176
vn -0.9948 0.0001 0.1016
vn -0.9926 0.0201 0.1197
vn 0.0002 0.0005 1.0000
vn 0.0002 0.0004 1.0000
vn -0.2685 -0.9616 -0.0569
vn -0.9772 0.0102 0.2121
vn -0.0018 -0.9952 0.0976
vn -0.9999 -0.0133 -0.0047
vn -0.9999 -0.0115 -0.0070
vn -0.9997 -0.0142 0.0216
vn 0.9990 0.0431 0.0070
vn -0.2687 0.2555 0.9287
vn 0.9673 -0.0011 -0.2537
vn 0.8484 -0.1580 -0.5053
vn -0.9750 -0.1181 0.1881
vn 0.0120 -0.0091 -0.9999
vn -0.9938 -0.1109 0.0126
vn -0.7885 -0.0162 -0.6148
vn -0.9537 -0.2211 -0.2038
vn 0.8561 0.1098 -0.5050
vn 0.0309 -0.1109 0.9934
vn 0.7300 -0.3230 -0.6023
vn 0.7473 -0.4182 -0.5163
vn 0.6850 -0.5634 -0.4620
vn 0.0070 -0.0060 -1.0000
vn -0.4339 0.1920 0.8803
vn -0.7446 0.1102 -0.6583
vn -0.9656 0.0532 -0.2544
vn -0.6111 0.3155 -0.7259
vn 0.9331 0.3518 -0.0745
vn -0.7471 0.2192 0.6275
vn -0.9558 -0.2298 -0.1836
vn -0.3555 -0.9261 -0.1263
vn 0.4359 -0.6712 -0.5996
vn -0.4600 -0.2821 -0.8419
vn -0.5299 -0.8171 0.2269
vn 0.1325 -0.6741 0.7266
vn -0.2711 -0.2851 -0.9193
vn 0.9353 0.1101 -0.3363
vn 0.7410 0.4014 -0.5383
vn 0.5956 -0.6652 -0.4503
vn -0.4382 -0.6485 -0.6225
vn 0.5762 -0.0023 0.8173
vn 0.4592 -0.6119 0.6440
vn -0.4401 -0.5646 -0.6982
vn -0.8789 -0.1388 -0.4565
vn -0.3520 -0.4090 -0.8419
vn 0.7980 0.5983 -0.0729
vn -0.7765 0.5657 -0.2774
vn -0.7278 0.5299 -0.4354
vn 0.1064 -0.9842 -0.1417
vn 0.8736 0.1209 0.4713
vn 0.5782 -0.1862 0.7944
vn 0.1412 -0.0013 0.9900
vn 0.2074 -0.9774 -0.0401
vn 0.0660 -0.9449 0.3207
vn 0.6766 -0.6883 0.2616
vn -0.5347 0.0315 -0.8444
vn -0.9827 -0.1852 -0.0048
vn -0.8848 -0.3589 0.2972
vn -0.9994 -0.0099 0.0329
vn -0.9998 -0.0194 -0.0086
vn -0.6641 -0.2740 0.6956
vn -0.5885 0.5744 0.5690
vn -0.5532 0.8305 -0.0652
vn 0.8714 -0.4825 0.0886
vn -0.2145 0.9646 0.1533
vn 0.9747 0.0235 0.2225
vn -0.9956 0.0931 -0.0125
vn -0.8551 -0.5180 0.0246
vn -0.9597 -0.2809 0.0069
vn -0.0924 -0.9938 0.0614
vn -0.3788 0.0057 0.9255
vn 0.6319 0.0081 0.7750
vn 0.9572 0.1147 0.2657
vn -0.3328 0.8251 -0.4566
vn -0.3763 0.3137 0.8718
vn -0.7389 0.5679 0.3628
vn -0.5145 0.8183 0.2563
vn -0.8206 0.3428 0.4573
vn -0.8463 0.5270 0.0774
vn -0.6002 0.7998 0.0004
vn -0.3960 0.0138 0.9181
vn 0.6179 -0.7440 0.2541
vn -0.7657 0.1584 0.6233
vn 0.7389 0.0038 -0.6738
vn 0.4584 -0.8887 -0.0023
vn 0.8189 -0.5739 -0.0012
vn -0.8555 -0.5178 0.0057
vn -0.9909 -0.0725 -0.1133
vn 0.1126 0.2534 -0.9608
vn -0.5874 -0.5748 0.5696
vn -0.2797 0.2652 0.9227
vn -0.8987 -0.0088 -0.4384
vn -0.9920 -0.0017 0.1266
vn -0.8901 -0.1791 0.4191
vn 0.7432 0.6526 -0.1475
vn 0.8690 -0.3600 -0.3394
vn 0.8853 0.3085 -0.3479
vn -0.5571 -0.8301 0.0252
vn -0.6901 -0.6268 0.3618
vn -0.3308 0.5944 0.7329
vn 0.7138 0.6119 0.3407
vn 0.7343 -0.6653 -0.1350
vn 0.4400 -0.6043 -0.6643
vn -0.8531 -0.5218 -0.0038
vn -0.6171 0.7228 -0.3109
vn 0.5632 -0.3195 -0.7620
vn 0.9891 0.0136 -0.1468
vn -0.4481 0.3490 0.8231
vn -0.9758 -0.1873 0.1129
vn -0.9823 -0.1005 0.1583
vn 0.6313 -0.5715 0.5243
vn -0.4195 0.2203 -0.8806
vn 0.9961 0.0092 0.0874
vn 0.7485 0.0031 -0.6631
vn 0.6986 -0.3317 -0.6340
vn -0.9491 -0.0560 -0.3098
vn -0.9927 -0.1203 -0.0099
vn -0.9998 -0.0187 -0.0084
vn -0.9778 -0.0148 -0.2092
vn 0.9438 -0.3198 -0.0835
vn -0.9246 -0.3810 -0.0053
vn -0.9145 -0.4045 0.0063
vn -0.8434 -0.5373 0.0043
vn -0.9717 0.0047 0.2364
vn -0.7796 0.0025 -0.6263
vn -0.2443 -0.9697 0.0005
vn -0.1671 -0.8722 0.4597
vn -0.6326 0.7735 -0.0390
vn -0.9986 0.0517 0.0051
vn -0.8505 0.5255 -0.0214
vn -0.9578 0.2861 -0.0276
vn -0.7209 0.0256 -0.6926
vn -0.9831 0.0499 0.1763
vn -0.3915 -0.9202 -0.0003
vn -0.9146 -0.4043 -0.0101
vn -0.5803 -0.8143 -0.0077
vn -0.9639 0.0155 -0.2657
vn 0.4777 -0.8785 -0.0003
vn 0.8174 0.5758 -0.0185
vn 0.3082 0.9494 -0.0598
vn 0.5853 0.8107 0.0111
vn 0.4007 0.9148 -0.0509
vn 0.8766 -0.4812 -0.0036
vn 0.9266 -0.3761 -0.0042
vn 0.3569 0.9340 0.0180
vn 0.5325 -0.8463 -0.0143
vn 0.5072 -0.8617 -0.0178
vn 0.7090 -0.7050 -0.0188
vn 0.9156 0.0305 -0.4009
vn 0.6236 0.0180 -0.7816
vn 0.8668 0.4985 -0.0134
vn 0.9626 0.0140 -0.2707
vn -0.5871 0.8075 0.0581
vt 0.635742 0.861328
vt 0.637207 0.860352
vt 0.648926 0.876465
vt 0.635742 0.859375
vt 0.650391 0.844727
vt 0.523728 0.286742
vt 0.527344 0.286621
vt 0.525391 0.287109
vt 0.721401 0.025966
vt 0.719238 0.027115
vt 0.716797 0.027100
vt 0.705078 0.947465
vt 0.721093 0.944824
vt 0.722355 0.947591
vt 0.058105 0.109375
vt 0.078061 0.110194
vt 0.038067 0.109605
vt 0.523438 0.288086
vt 0.236293 0.518805
vt 0.212524 0.516602
vt 0.225342 0.517090
vt 0.461914 0.107727
vt 0.465444 0.107285
vt 0.331299 0.306396
vt 0.822266 0.402344
vt 0.823730 0.397752
vt 0.823730 0.402344
vt 0.965332 0.519043
vt 0.959961 0.519660
vt 0.959961 0.519043
vt 0.831641 0.402364
vt 0.882812 0.403564
vt 0.831557 0.403564
vt 0.345706 0.315289
vt 0.350586 0.302002
vt 0.358290 0.291788
vt 0.805515 0.716011
vt 0.801923 0.705401
vt 0.805281 0.706926
vt 0.462027 0.028448
vt 0.460610 0.007225
vt 0.464002 0.006036
vt 0.543896 0.254177
vt 0.535162 0.243050
vt 0.541016 0.250000
vt 0.885254 0.873047
vt 0.886931 0.866763
vt 0.891070 0.868251
vt 0.684082 0.072266
vt 0.683105 0.073669
vt 0.682617 0.072266
vt 0.404297 0.276123
vt 0.364502 0.273926
vt 0.364502 0.276855
vt 0.325439 0.310303
vt 0.319580 0.314209
vt 0.327148 0.313721
vt 0.180298 0.303711
vt 0.178833 0.311768
vt 0.178833 0.304443
vt 0.882805 0.851067
vt 0.890696 0.856236
vt 0.880859 0.854004
vt 0.887195 0.858386
vt 0.915039 0.720703
vt 0.911414 0.720422
vt 0.919626 0.716413
vt 0.916992 0.714355
vt 0.930176 0.725098
vt 0.928223 0.722656
vt 0.933935 0.723145
vt 0.933734 0.719238
vt 0.177807 0.386441
vt 0.180176 0.368164
vt 0.180176 0.371094
vt 0.813713 0.397642
vt 0.811849 0.397623
vt 0.812988 0.395794
vt 0.811169 0.402699
vt 0.811035 0.402344
vt 0.811035 0.397949
vt 0.810140 0.402995
vt 0.811523 0.402876
vt 0.607204 0.966309
vt 0.605957 0.965820
vt 0.607046 0.964844
vt 0.200684 0.186035
vt 0.200806 0.188477
vt 0.198534 0.189366
vt 0.278320 0.148071
vt 0.279541 0.151611
vt 0.273419 0.149084
vt 0.796875 0.178345
vt 0.793457 0.177368
vt 0.792480 0.175293
vt 0.428955 0.023605
vt 0.428955 0.023331
vt 0.430176 0.023926
vt 0.451904 0.023773
vt 0.453487 0.024331
vt 0.453125 0.024490
vt 0.453477 0.033250
vt 0.452637 0.033203
vt 0.453559 0.024335
vt 0.452393 0.032837
vt 0.453369 0.028107
vt 0.527959 0.156753
vt 0.528425 0.159081
vt 0.527832 0.157471
vt 0.453613 0.025925
vt 0.809082 0.699707
vt 0.811035 0.702148
vt 0.413971 0.038286
vt 0.413858 0.043186
vt 0.377272 0.038359
vt 0.536133 0.587402
vt 0.536133 0.586426
vt 0.535645 0.587402
vt 0.535162 0.589831
vt 0.535145 0.590791
vt 0.534180 0.587891
vt 0.534180 0.588379
vt 0.535645 0.585938
vt 0.532811 0.149151
vt 0.701128 0.153328
vt 0.533247 0.153328
vt 0.509766 0.587891
vt 0.509766 0.587402
vt 0.492188 0.587891
vt 0.527344 0.587891
vt 0.527344 0.587402
vt 0.532166 0.588867
vt 0.532227 0.589355
vt 0.651525 0.078689
vt 0.651855 0.074402
vt 0.651855 0.078247
vt 0.336182 0.379883
vt 0.337646 0.380127
vt 0.347656 0.393066
vt 0.467779 0.287020
vt 0.521090 0.290519
vt 0.171200 0.201678
vt 0.164185 0.199951
vt 0.166564 0.198729
vt 0.255615 0.224487
vt 0.255859 0.226440
vt 0.258545 0.223022
vt 0.260498 0.224487
vt 0.257791 0.221418
vt 0.236694 0.223755
vt 0.260742 0.220215
vt 0.263428 0.221802
vt 0.265381 0.218628
vt 0.275635 0.144531
vt 0.272194 0.148368
vt 0.274902 0.142456
vt 0.272056 0.123878
vt 0.272786 0.134812
vt 0.263672 0.128174
vt 0.835938 0.897949
vt 0.842773 0.880859
vt 0.842773 0.897461
vt 0.200073 0.518726
vt 0.199341 0.518555
vt 0.199667 0.516602
vt 0.199699 0.515089
vt 0.198730 0.518555
vt 0.200073 0.515625
vt 0.236816 0.518555
vt 0.237427 0.518236
vt 0.412354 0.057770
vt 0.376018 0.057332
vt 0.413086 0.057281
vt 0.376953 0.040710
vt 0.237183 0.520996
vt 0.200195 0.536133
vt 0.199951 0.536621
vt 0.199341 0.536133
vt 0.733398 0.365967
vt 0.734863 0.369525
vt 0.733398 0.369582
vt 0.543973 0.260025
vt 0.554683 0.258534
vt 0.554677 0.264429
vt 0.524053 0.295168
vt 0.524414 0.294189
vt 0.526367 0.295166
vt 0.539973 0.573361
vt 0.536621 0.576172
vt 0.536133 0.575684
vt 0.332275 0.381104
vt 0.275879 0.028687
vt 0.277588 0.032776
vt 0.320801 0.365234
vt 0.374534 0.297735
vt 0.479492 0.164185
vt 0.341064 0.321289
vt 0.334229 0.334473
vt 0.333008 0.334229
vt 0.366577 0.358360
vt 0.400635 0.357910
vt 0.403389 0.357605
vt 0.396484 0.912109
vt 0.397482 0.920922
vt 0.399182 0.912466
vt 0.692383 0.378662
vt 0.738770 0.379883
vt 0.740234 0.380615
vt 0.810547 0.397705
vt 0.789551 0.625977
vt 0.789551 0.626465
vt 0.789062 0.626953
vt 0.193107 0.188881
vt 0.168268 0.187322
vt 0.365723 0.286621
vt 0.358398 0.289795
vt 0.555664 0.307129
vt 0.555297 0.310023
vt 0.553965 0.310311
vt 0.531250 0.234985
vt 0.531733 0.226252
vt 0.532227 0.235107
vt 0.014030 0.630371
vt 0.005843 0.601144
vt 0.018387 0.645020
vt 0.876609 0.851074
vt 0.877116 0.847168
vt 0.678711 0.490479
vt 0.677807 0.489763
vt 0.679199 0.489014
vt 0.530182 0.220214
vt 0.531894 0.222273
vt 0.533203 0.235107
vt 0.545898 0.253662
vt 0.535390 0.251810
vt 0.730957 0.330525
vt 0.731934 0.329470
vt 0.731362 0.341008
vt 0.327637 0.366943
vt 0.326416 0.362305
vt 0.547363 0.291748
vt 0.550781 0.292236
vt 0.549805 0.294678
vt 0.547852 0.295898
vt 0.550293 0.289795
vt 0.548828 0.288574
vt 0.547363 0.287842
vt 0.525879 0.290527
vt 0.521973 0.290527
vt 0.001917 0.106894
vt 0.001723 0.110450
vt 0.001490 0.106228
vt 0.522949 0.292969
vt 0.546859 0.297186
vt 0.545898 0.296387
vt 0.984863 0.944824
vt 0.985342 0.944336
vt 0.985352 0.944824
vt 0.321777 0.368652
vt 0.330811 0.381104
vt 0.323242 0.368652
vt 0.353027 0.407715
vt 0.354313 0.410136
vt 0.342285 0.394531
vt 0.328303 0.364311
vt 0.348633 0.392822
vt 0.357910 0.405518
vt 0.360328 0.406038
vt 0.360840 0.407471
vt 0.364258 0.277832
vt 0.352783 0.282227
vt 0.555176 0.259521
vt 0.555176 0.263672
vt 0.423340 0.285889
vt 0.410889 0.279785
vt 0.420410 0.286865
vt 0.408691 0.280518
vt 0.352051 0.281250
vt 0.349756 0.274709
vt 0.333008 0.299561
vt 0.333936 0.301987
vt 0.337158 0.294434
vt 0.509766 0.589844
vt 0.531250 0.589355
vt 0.327881 0.312500
vt 0.322998 0.319824
vt 0.318604 0.326660
vt 0.322567 0.328399
vt 0.328369 0.303711
vt 0.327881 0.302979
vt 0.322510 0.307129
vt 0.317627 0.309570
vt 0.322754 0.308105
vt 0.321045 0.316895
vt 0.317871 0.310791
vt 0.313232 0.311279
vt 0.312744 0.312744
vt 0.313721 0.343750
vt 0.313477 0.346680
vt 0.311523 0.343750
vt 0.311523 0.346924
vt 0.312256 0.349609
vt 0.315918 0.361572
vt 0.318604 0.360840
vt 0.316510 0.364195
vt 0.606901 0.775181
vt 0.337950 0.376885
vt 0.415039 0.293457
vt 0.414062 0.294189
vt 0.406494 0.288574
vt 0.406250 0.289795
vt 0.353760 0.295410
vt 0.541016 0.572754
vt 0.541504 0.573242
vt 0.355322 0.408177
vt 0.169556 0.189819
vt 0.171114 0.188879
vt 0.364502 0.919922
vt 0.374035 0.917865
vt 0.365967 0.921387
vt 0.363770 0.916504
vt 0.367920 0.923340
vt 0.364502 0.913574
vt 0.374332 0.913985
vt 0.366455 0.911621
vt 0.368408 0.909668
vt 0.401387 0.913931
vt 0.396924 0.914551
vt 0.401744 0.917654
vt 0.395787 0.917271
vt 0.373535 0.920898
vt 0.369141 0.923828
vt 0.676270 0.490143
vt 0.676270 0.491211
vt 0.678711 0.487793
vt 0.676989 0.487873
vt 0.674316 0.488770
vt 0.675781 0.487793
vt 0.676682 0.488400
vt 0.815293 0.699844
vt 0.809570 0.699219
vt 0.815196 0.695801
vt 0.787109 0.561523
vt 0.788817 0.559763
vt 0.788818 0.573198
vt 0.022217 0.656738
vt 0.792782 0.131712
vt 0.807982 0.116280
vt 0.808278 0.131507
vt 0.020096 0.109741
vt 0.578125 0.133789
vt 0.587106 0.131836
vt 0.651855 0.133789
vt 0.532490 0.590657
vt 0.923900 0.730397
vt 0.927734 0.722656
vt 0.929688 0.725586
vt 0.376953 0.043182
vt 0.925293 0.746582
vt 0.924128 0.739370
vt 0.927246 0.742676
vt 0.994629 0.346076
vt 0.994263 0.353458
vt 0.994141 0.346087
vt 0.681641 0.008171
vt 0.703722 0.007897
vt 0.681980 0.009443
vt 0.843756 0.493979
vt 0.846191 0.495850
vt 0.844481 0.495885
vt 0.260986 0.028687
vt 0.244141 0.028687
vt 0.258057 0.027252
vt 0.200806 0.190918
vt 0.200317 0.199829
vt 0.162109 0.186035
vt 0.161865 0.188477
vt 0.321854 0.363997
vt 0.383750 0.265235
vt 0.532715 0.587891
vt 0.531250 0.587402
vt 0.806641 0.722656
vt 0.809082 0.719238
vt 0.882329 0.470703
vt 0.876910 0.472987
vt 0.876807 0.471165
vt 0.719238 0.030975
vt 0.722656 0.026840
vt 0.178711 0.352295
vt 0.180176 0.352783
vt 0.178711 0.367920
vt 0.691768 0.029322
vt 0.705145 0.011035
vt 0.313515 0.323146
vt 0.920085 0.728840
vt 0.934570 0.711914
vt 0.885068 0.713178
vt 0.906702 0.712820
vt 0.825195 0.700195
vt 0.818359 0.702148
vt 0.824427 0.696569
vt 0.690430 0.072266
vt 0.689453 0.073669
vt 0.688965 0.072266
vt 0.533691 0.156494
vt 0.161133 0.188599
vt 0.161255 0.185669
vt 0.786133 0.605469
vt 0.785645 0.604980
vt 0.786133 0.604492
vt 0.676758 0.487061
vt 0.677734 0.487305
vt 0.959961 0.526572
vt 0.965332 0.532715
vt 0.959961 0.532715
vt 0.534473 0.157135
vt 0.536319 0.155863
vt 0.989205 0.306971
vt 0.990234 0.308105
vt 0.989753 0.312273
vt 0.874205 0.869753
vt 0.878194 0.859151
vt 0.878418 0.871362
vt 0.652428 0.070340
vt 0.497886 0.869974
vt 0.878453 0.492686
vt 0.842535 0.536554
vt 0.874649 0.495017
vt 0.134155 0.599609
vt 0.134155 0.601562
vt 0.132804 0.598801
vt 0.132935 0.610840
vt 0.133301 0.609863
vt 0.134766 0.610938
vt 0.133168 0.620038
vt 0.132324 0.610840
vt 0.133179 0.618652
vt 0.136656 0.622112
vt 0.083343 0.621408
vt 0.870121 0.853519
vt 0.864366 0.854004
vt 0.864637 0.850098
vt 0.062999 0.645997
vt 0.062927 0.646973
vt 0.062055 0.646384
vt 0.060547 0.620605
vt 0.060608 0.616699
vt 0.060695 0.622882
vt 0.060878 0.615754
vt 0.980469 0.530273
vt 0.985561 0.525608
vt 0.981125 0.530357
vt 0.976562 0.587402
vt 0.976562 0.588867
vt 0.976562 0.587416
vt 0.976562 0.585449
vt 0.959961 0.538289
vt 0.701422 0.584345
vt 0.963089 0.538865
vt 0.965820 0.538086
vt 0.969238 0.550293
vt 0.968750 0.550781
vt 0.965820 0.550781
vt 0.969727 0.550781
vt 0.981934 0.531250
vt 0.980469 0.531250
vt 0.981934 0.531738
vt 0.966797 0.551270
vt 0.966309 0.551270
vt 0.965820 0.551270
vt 0.337402 0.302734
vt 0.347412 0.308838
vt 0.178833 0.328838
vt 0.180298 0.339111
vt 0.475098 0.952637
vt 0.475098 0.952148
vt 0.506940 0.953006
vt 0.452393 0.241211
vt 0.653809 0.078308
vt 0.329954 0.348827
vt 0.328369 0.350586
vt 0.328857 0.347900
vt 0.682617 0.028244
vt 0.683163 0.029414
vt 0.682129 0.028305
vt 0.681152 0.010857
vt 0.713018 0.010890
vt 0.695936 0.029768
vt 0.708984 0.005375
vt 0.708839 0.006874
vt 0.711426 0.008301
vt 0.712891 0.007812
vt 0.722168 0.025192
vt 0.714844 0.010544
vt 0.722168 0.024445
vt 0.710628 0.025164
vt 0.700684 0.030380
vt 0.711426 0.025803
vt 0.717189 0.030859
vt 0.713379 0.026047
vt 0.717773 0.031769
vt 0.654297 0.075500
vt 0.656034 0.075207
vt 0.655731 0.078810
vt 0.682630 0.026213
vt 0.690968 0.184012
vt 0.545410 0.188618
vt 0.545204 0.182713
vt 0.984375 0.944824
vt 0.872372 0.485258
vt 0.788727 0.487063
vt 0.788847 0.484967
vt 0.724609 0.861328
vt 0.814453 0.861816
vt 0.813965 0.876465
vt 0.254883 0.893066
vt 0.261858 0.875698
vt 0.261719 0.892578
vt 0.142627 0.222534
vt 0.254883 0.222534
vt 0.813877 0.403193
vt 4.871118 97.375000
vt 4.871094 97.437500
vt 4.867188 97.437500
vt 0.695640 0.113459
vt 0.692383 0.114685
vt 0.681152 0.110168
vt 0.531738 0.141148
vt 0.701696 0.163138
vt 0.578125 0.141479
vt 0.263428 0.033722
vt 0.278564 0.033722
vt 0.246443 0.035309
vt 0.281006 0.035309
vt 0.243652 0.027252
vt 0.225415 0.027252
vt 0.228027 0.028687
vt 0.225098 0.028687
vt 0.690430 0.120117
vt 0.689453 0.121948
vt 0.681152 0.120178
vt 0.681152 0.122192
vt 0.640137 0.122131
vt 0.632812 0.124268
vt 0.640137 0.120117
vt 0.629395 0.122620
vt 0.472900 0.115662
vt 0.475586 0.113403
vt 0.478516 0.119446
vt 0.477051 0.122009
vt 0.485107 0.122192
vt 0.484863 0.125122
vt 0.485840 0.118286
vt 0.480469 0.116089
vt 0.484863 0.116577
vt 0.486360 0.117095
vt 0.470459 0.109314
vt 0.470703 0.108704
vt 0.465403 0.101594
vt 0.470703 0.117615
vt 0.475098 0.124878
vt 0.467285 0.111755
vt 0.461914 0.093262
vt 0.463623 0.100403
vt 0.459717 0.093506
vt 0.460449 0.085938
vt 0.455811 0.086121
vt 0.272461 0.191772
vt 0.268652 0.182278
vt 0.279307 0.161207
vt 0.731934 0.362793
vt 0.731934 0.344482
vt 0.733398 0.362793
vt 0.180298 0.325928
vt 0.180298 0.332520
vt 0.730957 0.304578
vt 0.731716 0.297119
vt 0.731934 0.305102
vt 0.730957 0.344482
vt 0.730957 0.362793
vt 0.731934 0.365967
vt 0.730957 0.365967
vt 0.200806 0.188843
vt 0.200439 0.190796
vt 0.374512 0.911133
vt 0.162284 0.204538
vt 0.163543 0.208169
vt 0.161292 0.207022
vt 0.161499 0.203247
vt 0.161987 0.188843
vt 0.195068 0.190186
vt 0.197623 0.192122
vt 0.236157 0.538582
vt 0.578125 0.134399
vt 0.541504 0.133789
vt 0.525879 0.136230
vt 0.526917 0.139890
vt 0.524414 0.136475
vt 0.527832 0.136475
vt 0.525879 0.141602
vt 0.528320 0.137085
vt 0.541504 0.134399
vt 0.530273 0.141235
vt 0.526367 0.142334
vt 0.531250 0.139038
vt 0.344482 0.314941
vt 0.985352 0.359131
vt 0.985607 0.352884
vt 0.985840 0.359131
vt 0.972168 0.380127
vt 0.972228 0.373881
vt 0.972168 0.379883
vt 0.200073 0.535645
vt 0.506800 0.952003
vt 0.618652 0.195312
vt 0.603343 0.195312
vt 0.545410 0.193151
vt 0.345459 0.288818
vt 0.457520 0.029282
vt 0.951325 0.895996
vt 0.952455 0.897461
vt 0.738770 0.374512
vt 0.740723 0.373047
vt 0.199026 0.521206
vt 0.681641 0.013657
vt 0.774902 0.607910
vt 0.772461 0.602820
vt 0.774902 0.602804
vt 0.192457 0.674295
vt 0.197998 0.669922
vt 0.290703 0.657678
vt 0.527344 0.591309
vt 0.509766 0.591309
vt 0.554688 0.307129
vt 0.555664 0.293056
vt 0.554878 0.292334
vt 0.811523 0.397461
vt 0.541504 0.141479
vt 0.534180 0.141357
vt 0.811035 0.579102
vt 0.811035 0.575684
vt 0.812744 0.575066
vt 0.801300 0.717346
vt 0.549231 0.287664
vt 0.882812 0.870117
vt 0.195595 0.203613
vt 0.193080 0.201727
vt 0.481445 0.169434
vt 0.477539 0.168579
vt 0.180298 0.311035
vt 0.356201 0.410400
vt 0.532715 0.587402
vt 0.180176 0.383545
vt 0.731676 0.318848
vt 0.175415 0.185791
vt 0.188721 0.185913
vt 0.265625 0.194336
vt 0.267334 0.194214
vt 0.265833 0.198474
vt 0.279297 0.149658
vt 0.318581 0.368421
vt 0.414062 0.040710
vt 0.546387 0.579102
vt 0.541504 0.582031
vt 0.545751 0.578957
vt 0.535229 0.584347
vt 0.532227 0.578613
vt 0.533691 0.578125
vt 0.201360 0.204591
vt 0.195354 0.203491
vt 0.199585 0.515625
vt 0.704102 0.944336
vt 0.720470 0.944336
vt 0.545202 0.317602
vt 0.518408 0.351176
vt 0.517520 0.348806
vt 0.506896 0.351299
vt 0.505360 0.349439
vt 0.236694 0.523438
vt 0.134155 0.607422
vt 0.604492 0.964355
vt 0.604492 0.965332
vt 0.604004 0.964844
vt 0.362209 0.296072
vt 0.341299 0.334850
vt 0.349424 0.314131
vt 0.365967 0.287842
vt 0.815918 0.402344
vt 0.179077 0.387695
vt 0.697800 0.040036
vt 0.676270 0.055817
vt 0.675781 0.050079
vt 0.533203 0.134644
vt 0.534180 0.138794
vt 0.681641 0.011093
vt 0.880371 0.853516
vt 0.730957 0.338135
vt 0.733398 0.312256
vt 0.733398 0.318848
vt 0.731934 0.312256
vt 0.335525 0.295485
vt 0.450601 0.589314
vt 0.806761 0.595643
vt 0.780762 0.608398
vt 0.971191 0.586995
vt 0.970703 0.587172
vt 0.970865 0.579694
vt 0.675293 0.490723
vt 0.011147 0.578867
vt 0.011125 0.584688
vt 0.010155 0.582520
vt 0.780762 0.607910
vt 0.811523 0.702148
vt 0.990121 0.299503
vt 0.307730 0.560547
vt 0.988969 0.298380
vt 0.133568 0.147850
vt 0.332613 0.129432
vt 0.421623 0.106640
vt 0.919962 0.740803
vt 0.274170 0.027252
vt 0.809814 0.115756
vt 0.815918 0.132324
vt 0.994234 0.345459
vt 0.989013 0.519286
vt 0.987100 0.525813
vt 0.781668 0.544583
vt 0.443115 0.023758
vt 0.194824 0.189941
vt 0.529099 0.151655
vt 0.121093 0.648542
vt 0.088257 0.647461
vt 0.730957 0.369578
vt 0.585508 0.884766
vt 0.584961 0.883789
vt 0.585626 0.882290
vt 0.874475 0.860803
vt 0.882812 0.398149
vt 0.832031 0.398438
vt 0.830077 0.397743
vt 0.555664 0.289307
vt 0.846191 0.536133
vt 0.868164 0.856445
vt 0.648926 0.079285
vt 0.169334 0.203738
vt 0.457301 0.992864
vt 0.625977 0.071716
vt 0.730957 0.312256
vt 0.163940 0.190918
vt 0.163696 0.199951
vt 0.169646 0.203530
vt 0.246460 0.033722
vt 0.961426 0.546875
vt 0.960449 0.545410
vt 0.963519 0.545389
vt 0.369385 0.908203
vt 0.058105 0.104980
vt 0.019897 0.105896
vt 4.871094 97.375000
vt 4.867188 97.437500
vt 4.867188 97.375000
vt 0.677870 0.036815
vt 0.262695 0.206543
vt 0.926270 0.644043
vt 0.254883 0.875228
vt 0.492573 0.087706
vt 0.989258 0.899902
vt 0.949219 0.899902
vt 0.733398 0.329579
vt 0.666992 0.064880
vt 0.655762 0.072449
vt 4.824166 97.375000
vt 4.820312 97.437500
vt 4.820312 97.375000
vt 0.664551 0.059570
vt 0.192627 0.675293
vt 0.190918 0.675293
vt 0.537109 0.584473
vt 0.654785 0.067749
vt 0.652832 0.070618
vt 0.924316 0.712402
vt 0.917480 0.713867
vt 0.923550 0.708285
vt 0.672363 0.394775
vt 0.671875 0.406006
vt 0.675293 0.409424
vt 0.786621 0.118835
vt 0.784238 0.132359
vt 0.783691 0.116686
vt 0.676758 0.056946
vt 0.189871 0.673688
vt 0.556152 0.292480
vt 0.786133 0.148804
vt 0.787109 0.131592
vt 0.789062 0.146240
vt 0.790527 0.151123
vt 0.791992 0.144897
vt 0.783691 0.116638
vt 0.792480 0.115723
vt 0.792480 0.118347
vt 0.791289 0.163385
vt 0.810546 0.150029
vt 0.810059 0.163119
vt 0.615723 0.967285
vt 0.624262 0.967285
vt 0.789551 0.152588
vt 0.266357 0.876953
vt 0.471436 0.877441
vt 0.288086 0.876953
vt 0.475342 0.950195
vt 0.065125 0.988770
vt 0.057495 0.986328
vt 0.065247 0.981445
vt 0.647175 0.071459
vt 0.452637 0.220541
vt 0.530130 0.214783
vt 0.464699 0.860062
vt 0.471436 0.859166
vt 0.677734 0.491211
vt 0.529853 0.583984
vt 0.531250 0.578613
vt 0.740723 0.412109
vt 0.737793 0.411621
vt 0.738792 0.397705
vt 0.675614 0.380040
vt 0.676131 0.374196
vt 0.738770 0.379883
vt 0.764160 0.367432
vt 0.741211 0.368164
vt 0.474609 0.587402
vt 0.674805 0.387695
vt 0.671565 0.387783
vt 0.675293 0.386475
vt 0.692383 0.387695
vt 0.675293 0.381592
vt 0.671387 0.381348
vt 0.674805 0.380127
vt 0.670030 0.375805
vt 0.674316 0.389893
vt 0.692383 0.389893
vt 0.739258 0.369629
vt 0.475830 0.762207
vt 0.470459 0.751465
vt 0.475098 0.751465
vt 0.586914 0.789699
vt 0.595703 0.789551
vt 0.596191 0.790527
vt 0.599121 0.790464
vt 0.429688 0.825684
vt 0.425948 0.825643
vt 0.429932 0.824707
vt 0.431396 0.825565
vt 0.426758 0.823730
vt 0.425948 0.822860
vt 0.429935 0.824734
vt 0.382193 0.603308
vt 0.390379 0.594400
vt 0.390869 0.604004
vt 0.765615 0.369902
vt 0.812988 0.385986
vt 0.675295 0.386475
vt 0.675296 0.381592
vt 0.765137 0.381104
vt 0.197579 0.198714
vt 0.199951 0.199951
vt 0.724609 0.947266
vt 0.822267 0.395995
vt 0.830078 0.395996
vt 0.823730 0.395996
vt 0.077209 0.105225
vt 0.792969 0.130127
vt 0.263262 0.136196
vt 0.269809 0.141620
vt 0.339762 0.301270
vt 0.541537 0.312223
vt 0.476828 0.302518
vt 0.772706 0.595946
vt 0.774414 0.595843
vt 0.815918 0.708496
vt 0.820306 0.704349
vt 0.814235 0.395577
vt 0.815918 0.395996
vt 0.134410 0.608328
vt 0.134854 0.636978
vt 0.125610 0.645996
vt 0.734863 0.322021
vt 0.474486 0.952855
vt 0.814941 0.137817
vt 0.812988 0.148315
vt 0.807172 0.144760
vt 0.333392 0.366405
vt 0.811035 0.562988
vt 0.812743 0.561719
vt 0.830078 0.402344
vt 0.813965 0.102417
vt 0.818359 0.116943
vt 0.731577 0.282443
vt 0.733398 0.282486
vt 0.811532 0.559653
vt 0.813965 0.562012
vt 0.485107 0.148071
vt 0.482422 0.147827
vt 0.479248 0.131348
vt 0.869401 0.488249
vt 0.432129 0.278076
vt 0.424805 0.040863
vt 0.425049 0.039490
vt 0.427490 0.038605
vt 0.484863 0.150879
vt 0.482422 0.150513
vt 0.099670 0.647949
vt 0.813965 0.563477
vt 0.813965 0.572754
vt 0.164307 0.190918
vt 0.169189 0.190063
vt 0.166562 0.192145
vt 0.003111 0.114313
vt 0.843262 0.513184
vt 0.843262 0.509766
vt 0.844482 0.508701
vt 0.479947 0.307275
vt 0.478133 0.305569
vt 0.452393 0.261147
vt 0.815918 0.397615
vt 0.895293 0.721526
vt 0.894436 0.729150
vt 0.893185 0.722050
vt 0.733398 0.341049
vt 0.344238 0.288086
vt 0.778292 0.726515
vt 0.796690 0.549254
vt 0.760093 0.806484
vt 0.790039 0.561523
vt 0.790039 0.570312
vt 0.352572 0.268505
vt 0.434927 0.273934
vt 0.643066 0.107178
vt 0.694243 0.105807
vt 0.680176 0.107361
vt 0.533691 0.577148
vt 0.200073 0.199707
vt 0.466553 0.105164
vt 4.824199 97.375000
vt 0.201895 0.206789
vt 0.811035 0.561035
vt 0.969238 0.375488
vt 0.969238 0.373291
vt 0.342041 0.287354
vt 0.632323 0.106569
vt 0.630371 0.114197
vt 0.624512 0.114197
vt 0.224976 0.033722
vt 0.229370 0.033722
vt 0.965332 0.526283
vt 0.965332 0.519652
vt 0.787578 0.557696
vt 0.790039 0.559570
vt 0.806522 0.755371
vt 0.785818 0.748535
vt 0.806472 0.749023
vt 0.075684 0.646973
vt 0.241455 0.759766
vt 0.221069 0.766602
vt 0.219604 0.759766
vt 0.792480 0.134277
vt 0.810547 0.150024
vt 0.317239 0.345962
vt 0.817871 0.702148
vt 0.812012 0.708225
vt 0.846191 0.497559
vt 0.846191 0.506348
vt 0.919434 0.626953
vt 0.925986 0.625409
vt 0.872559 0.875977
vt 0.900244 0.916784
vt 0.835449 0.699707
vt 0.825684 0.699707
vt 0.536133 0.585449
vt 0.715332 0.032440
vt 0.982422 0.354492
vt 0.982422 0.352295
vt 0.543457 0.156494
vt 0.580078 0.156494
vt 0.236694 0.520996
vt 0.976562 0.579142
vt 0.482178 0.164917
vt 0.164185 0.191284
vt 0.164062 0.199585
vt 0.843262 0.497314
vt 0.733398 0.297119
vt 0.826904 0.933105
vt 0.828569 0.926269
vt 0.838867 0.926270
vt 0.356297 0.603213
vt 0.381945 0.594904
vt 0.972332 0.367351
vt 0.975586 0.367920
vt 0.975586 0.373047
vt 0.287842 0.883789
vt 0.267822 0.883789
vt 0.845232 0.522620
vt 0.846191 0.512695
vt 0.985575 0.346293
vt 0.988770 0.346924
vt 0.988770 0.352051
vt 0.531041 0.169661
vt 0.812943 0.589036
vt 0.813965 0.578613
vt 0.790039 0.573730
vt 0.790039 0.576660
vt 0.787109 0.577148
vt 0.787109 0.573730
vt 0.988636 0.526397
vt 0.983213 0.531738
vt 0.330580 0.314983
vt 0.704590 0.944824
vt 0.683970 0.976018
vt 0.685059 0.978027
vt 0.685091 0.982341
vt 0.822265 0.397672
vt 0.684082 0.073669
vt 0.810547 0.175537
vt 0.809082 0.177734
vt 0.835938 0.879649
vt 0.789551 0.626953
vt 0.783691 0.626953
vt 0.783691 0.625977
vt 0.783203 0.626465
vt 0.488486 0.055626
vt 0.491520 0.043889
vt 0.502479 0.050556
vt 0.812500 0.387695
vt 0.361724 0.404593
vt 0.787109 0.559570
vt 0.787109 0.570312
vt 0.924805 0.711914
vt 0.690430 0.073669
vt 0.791992 0.604492
vt 0.791992 0.604980
vt 0.791992 0.605469
vt 0.791504 0.605469
vt 0.990234 0.306641
vt 0.724121 0.876465
vt 0.731934 0.369514
vt 0.733398 0.344482
vt 0.502930 0.045632
vt 0.738770 0.379888
vt 0.199341 0.535645
vt 0.843262 0.495361
vt 0.190302 0.670911
vt 0.530273 0.135254
vt 0.733398 0.305079
vt 0.970981 0.593750
vt 0.691934 0.182734
vt 0.134644 0.618164
vt 0.531250 0.172681
vt 0.818358 0.116950
vt 0.780273 0.608887
vt 0.538912 0.439889
vt 0.959961 0.543945
vt 0.959961 0.539062
vt 0.304912 0.337788
vt 4.824146 97.437500
vt 0.976562 0.593177
vt 0.832520 0.394775
vt 0.452575 0.214186
vt 0.870605 0.872559
vt 0.464844 0.876953
vt 0.526855 0.578125
vt 0.529785 0.578613
vt 0.904440 0.729693
vt 0.884829 0.729710
vt 0.868652 0.856934
vt 0.361719 0.293650
vt 0.412604 0.298491
vt 0.333219 0.349287
vt 0.338050 0.334717
vt 0.909656 0.925685
vt 0.910156 0.923297
vt 0.918711 0.919760
vt 0.914235 0.901779
vt 0.919560 0.933152
vt 0.477334 0.303455
vt 0.885760 0.716204
vt 0.903607 0.716364
vt 0.578125 0.138794
vt 0.132812 0.609375
vt 0.534523 0.166770
vt 0.544922 0.166016
vt 0.581543 0.166016
vt 0.734863 0.328727
vt 0.079220 0.160935
vt 0.007328 0.159439
vt 0.811035 0.572266
vt 0.900899 0.919506
vt 0.899924 0.932824
vt 0.820801 0.101438
vt 0.730957 0.290527
vt 0.813965 0.575684
vt 0.602330 0.071716
vt 0.427625 0.102874
vt 0.456566 0.005902
vt 0.776959 0.449282
vt 0.800916 0.533490
vt 0.666271 0.884510
vt 0.604018 0.881110
vt 0.476382 0.301709
vt 0.474545 0.298540
vt 4.824159 97.437500
vt 0.180298 0.318604
vt 0.969238 0.367920
vt 0.969238 0.366943
vt 0.971680 0.380127
vt 0.969238 0.377441
vt 0.969238 0.381348
vt 0.623047 0.106571
vt 0.784068 0.755371
vt 0.241333 0.766602
vt 0.517458 0.949403
vt 0.517306 0.944732
vt 0.615234 0.944824
vt 0.846191 0.509766
vt 0.919434 0.643066
vt 0.370850 0.929688
vt 0.615234 0.134399
vt 0.651855 0.134399
vt 0.982422 0.346924
vt 0.982422 0.345947
vt 0.982422 0.356445
vt 0.982422 0.360352
vt 0.843262 0.506348
vt 0.989746 0.299805
vt 0.990234 0.304932
vt 0.848992 0.926270
vt 0.849383 0.933105
vt 0.356043 0.594588
vt 0.972656 0.380127
vt 0.975586 0.376709
vt 0.975586 0.375000
vt 0.975586 0.366943
vt 0.975586 0.380127
vt 0.988770 0.355713
vt 0.988770 0.354004
vt 0.988770 0.345947
vt 0.988770 0.359131
vt 0.705979 0.171506
vt 0.789156 0.586573
vt 0.707613 0.630625
vt 0.711472 0.630507
vt 0.710938 0.635254
vt 0.415283 0.449463
vt 0.415283 0.432709
vt 0.416016 0.449463
vt 0.416016 0.428467
vt 0.415039 0.427904
vt 0.416016 0.427246
vt 0.415283 0.422454
vt 0.416016 0.422852
vt 0.263916 0.350586
vt 0.202518 0.387889
vt 0.266423 0.355190
vt 0.416260 0.427979
vt 0.416260 0.422607
vt 0.416260 0.435303
vt 0.416016 0.434570
vt 0.416260 0.431641
vt 0.177734 0.424072
vt 0.177408 0.436830
vt 0.173584 0.438965
vt 0.180908 0.440186
vt 0.184692 0.440918
vt 0.184814 0.430908
vt 0.179584 0.421588
vt 0.191253 0.427793
vt 0.177856 0.413330
vt 0.181030 0.416992
vt 0.194946 0.435791
vt 0.195806 0.437449
vt 0.192871 0.443115
vt 0.191162 0.473633
vt 0.144653 0.317139
vt 0.132690 0.321777
vt 0.120300 0.316162
vt 0.262446 0.356810
vt 0.260432 0.360373
vt 0.260073 0.354275
vt 0.703034 0.626159
vt 0.702148 0.635254
vt 0.618652 0.394531
vt 0.619488 0.387928
vt 0.619629 0.392978
vt 0.618164 0.395020
vt 0.618164 0.391357
vt 0.203457 0.360277
vt 0.198328 0.382333
vt 0.198553 0.359464
vt 0.619629 0.381836
vt 0.619629 0.382568
vt 0.618652 0.382568
vt 0.618164 0.387695
vt 0.145304 0.332241
vt 0.145386 0.320557
vt 0.150391 0.335449
vt 0.130493 0.323242
vt 0.144043 0.313721
vt 0.132568 0.340576
vt 0.135376 0.364502
vt 0.129612 0.337375
vt 0.126343 0.330078
vt 0.125244 0.330811
vt 0.117477 0.327377
vt 0.992653 0.802207
vt 0.992188 0.798828
vt 0.993164 0.798828
vt 0.130262 0.556692
vt 0.124545 0.552964
vt 0.130127 0.552536
vt 0.129761 0.334473
vt 0.150133 0.156545
vt 0.216634 0.953441
vt 0.214425 0.932409
vt 0.416016 0.431641
vt 0.416260 0.449463
vt 0.130981 0.563477
vt 0.119384 0.564567
vt 0.121357 0.560059
vt 0.219177 0.365723
vt 0.213257 0.370117
vt 0.213668 0.365055
vt 0.619629 0.419141
vt 0.618652 0.409180
vt 0.154053 0.350586
vt 0.150456 0.384733
vt 0.628707 0.417316
vt 0.627623 0.418974
vt 0.144539 0.152777
vt 0.143589 0.155928
vt 0.746094 0.231270
vt 0.745117 0.369514
vt 0.746094 0.371826
vt 0.746094 0.368652
vt 0.710938 0.647949
vt 0.134142 0.084569
vt 0.122620 0.088074
vt 0.132324 0.083557
vt 0.746094 0.365967
vt 0.147376 0.150984
vt 0.157827 0.152798
vt 0.121033 0.087402
vt 0.085327 0.083923
vt 0.247314 0.365234
vt 0.247760 0.361079
vt 0.258760 0.366661
vt 0.715820 0.655762
vt 0.715820 0.625991
vt 0.219147 0.954338
vt 0.219158 0.962535
vt 0.064757 0.989616
vt 0.075106 0.989950
vt 0.074826 0.990018
vt 0.261410 0.362193
vt 0.170898 0.454102
vt 0.416016 0.471624
vt 0.415283 0.469155
vt 0.416016 0.463379
vt 0.502038 0.088521
vt 0.609119 0.088070
vt 0.608802 0.088747
vt 0.267090 0.378174
vt 0.124384 0.556851
vt 0.129761 0.567383
vt 0.000000 0.000000
vt 0.494192 0.098608
vt 0.501388 0.087033
vt 0.608932 0.085969
vt 0.608928 0.087356
vt 0.218872 0.370361
vt 0.618652 0.423340
vt 0.253906 0.360596
vt 0.206069 0.364640
vt 0.205833 0.380892
vt 0.228640 0.080045
vt 0.079468 0.080933
vt 0.028020 0.079454
vt 0.055898 0.992556
vt 0.072718 0.992728
vt 0.070403 0.992951
vt 0.619629 0.430475
vt 0.158813 0.156738
vt 0.114563 0.563965
vt 0.202271 0.418701
vt 0.190063 0.424561
vt 0.562988 0.469482
vt 0.561523 0.475586
vt 0.559082 0.469238
vt 0.574707 0.481201
vt 0.578613 0.490479
vt 0.575684 0.490723
vt 0.143433 0.308350
vt 0.144043 0.309082
vt 0.118958 0.318359
vt 0.135025 0.093322
vt 0.127563 0.097534
vt 0.124512 0.096436
vt 0.199145 0.433117
vt 0.198120 0.432373
vt 0.138550 0.327393
vt 0.136475 0.329102
vt 0.140503 0.337402
vt 0.143677 0.336670
vt 0.178345 0.412598
vt 0.130615 0.545898
vt 0.566406 0.482422
vt 0.562988 0.482910
vt 0.076956 0.423516
vt 0.076991 0.404889
vt 0.081149 0.403700
vt 0.648751 0.386516
vt 0.592285 0.480957
vt 0.589844 0.494385
vt 0.711914 0.624023
vt 0.116313 0.557457
vt 0.579102 0.480713
vt 0.577148 0.472656
vt 0.116251 0.552817
vt 0.566895 0.525391
vt 0.208984 0.415039
vt 0.618652 0.387207
vt 0.619188 0.430980
vt 0.618652 0.431443
vt 0.745117 0.231379
vt 0.743652 0.369582
vt 0.149758 0.183907
vt 0.197632 0.437500
vt 0.178467 0.484619
vt 0.096558 0.087463
vt 0.571955 0.491987
vt 0.153971 0.158773
vt 0.564941 0.474609
vt 0.135062 0.095032
vt 0.174909 0.487055
vt 0.207807 0.370257
vt 0.604339 0.096642
vt 0.494610 0.096241
vt 0.606327 0.093209
vt 0.119869 0.550179
vt 0.624422 0.423646
vt 0.591797 0.522461
vt 0.198314 0.440511
vt 0.573730 0.467041
vt 0.594727 0.472412
vt 0.598145 0.467041
vt 0.024623 0.704411
vt 0.074226 0.740913
vt 0.052429 0.724609
vt 0.745117 0.312256
vt 0.743652 0.318848
vt 0.743652 0.312256
vt 0.083435 0.698730
vt 0.082077 0.701477
vt 0.082034 0.684082
vt 0.802246 0.810059
vt 0.803711 0.816895
vt 0.802734 0.817871
vt 0.323391 0.468414
vt 0.332246 0.460048
vt 0.989980 0.545355
vt 0.989258 0.538329
vt 0.944682 0.545948
vt 0.788810 0.625209
vt 0.633055 0.949597
vt 0.694631 0.815653
vt 0.892412 0.403455
vt 0.894764 0.402832
vt 0.891514 0.402149
vt 0.893752 0.401938
vt 0.893968 0.398140
vt 0.894531 0.402100
vt 0.894531 0.398438
vt 0.891931 0.397926
vt 0.893509 0.396774
vt 0.894531 0.397949
vt 0.687012 0.965820
vt 0.685787 0.964786
vt 0.687988 0.965332
vt 0.685700 0.966309
vt 0.112670 0.114574
vt 0.079314 0.777793
vt 0.113383 0.140801
vt 0.764160 0.607910
vt 0.767074 0.608095
vt 0.895538 0.572199
vt 0.207411 0.940430
vt 0.206290 0.916509
vt 0.212623 0.916295
vt 0.701564 0.149151
vt 0.705276 0.151655
vt 0.272217 0.460205
vt 0.280025 0.477395
vt 0.267421 0.454088
vt 0.260851 0.071655
vt 0.261502 0.071141
vt 0.264890 0.071289
vt 0.706055 0.156982
vt 0.706055 0.157227
vt 0.706259 0.158586
vt 0.636719 0.033203
vt 0.636230 0.028107
vt 0.637207 0.032837
vt 0.707031 0.157227
vt 0.706891 0.156510
vt 0.706543 0.157471
vt 0.983620 0.380127
vt 0.986816 0.377441
vt 0.986816 0.381348
vt 0.457275 0.577637
vt 0.453113 0.578125
vt 0.457520 0.578125
vt 0.454346 0.578613
vt 0.457275 0.587402
vt 0.457275 0.587891
vt 0.452881 0.587402
vt 0.453369 0.583984
vt 0.474609 0.587891
vt 0.447021 0.584473
vt 0.447842 0.584722
vt 0.447998 0.585449
vt 0.448242 0.586426
vt 0.448486 0.585938
vt 0.448486 0.587402
vt 0.448242 0.587402
vt 0.448975 0.589844
vt 0.449219 0.589355
vt 0.450195 0.588379
vt 0.450195 0.587891
vt 0.448730 0.587402
vt 0.451416 0.587891
vt 0.448730 0.585938
vt 0.451660 0.587402
vt 0.450928 0.577148
vt 0.450928 0.578125
vt 0.447510 0.576172
vt 0.335898 0.431353
vt 0.336426 0.443115
vt 0.335205 0.443115
vt 0.284352 0.387905
vt 0.281982 0.385010
vt 0.283447 0.369385
vt 0.312341 0.518069
vt 0.349701 0.558241
vt 0.349739 0.559615
vt 0.112549 0.967285
vt 0.110279 0.967205
vt 0.110162 0.961389
vt 0.743652 0.365967
vt 0.745117 0.365967
vt 0.895020 0.398193
vt 0.286628 0.524902
vt 0.287354 0.525879
vt 0.286865 0.525879
vt 0.387546 0.350504
vt 0.384250 0.350586
vt 0.384338 0.350072
vt 0.974121 0.573332
vt 0.971145 0.573242
vt 0.971096 0.572754
vt 0.122742 0.142578
vt 0.121948 0.144653
vt 0.125511 0.148490
vt 0.124268 0.148926
vt 0.118534 0.163333
vt 0.125197 0.164917
vt 0.118225 0.161377
vt 0.134277 0.221802
vt 0.136841 0.220215
vt 0.132324 0.218628
vt 0.137207 0.224487
vt 0.139160 0.223145
vt 0.141968 0.226562
vt 0.142090 0.224487
vt 0.140684 0.222377
vt 0.161011 0.223755
vt 0.748535 0.513672
vt 0.746826 0.522461
vt 0.746827 0.509045
vt 0.049171 0.710183
vt 0.036498 0.704831
vt 0.022023 0.686383
vt 0.127687 0.141742
vt 0.125532 0.123853
vt 0.125000 0.134644
vt 0.133789 0.128296
vt 0.484375 0.841797
vt 0.490234 0.840820
vt 0.484555 0.844649
vt 0.221870 0.916319
vt 0.217354 0.940430
vt 0.217285 0.916334
vt 0.380517 0.350829
vt 0.379563 0.350342
vt 0.343440 0.503176
vt 0.321777 0.504395
vt 0.341553 0.502930
vt 0.338336 0.422765
vt 0.337347 0.428339
vt 0.335930 0.423265
vt 0.345459 0.498535
vt 0.341553 0.498779
vt 0.344238 0.496338
vt 0.342285 0.495361
vt 0.340332 0.494873
vt 0.320312 0.496094
vt 0.320312 0.500000
vt 0.318604 0.496826
vt 0.198120 0.665039
vt 0.693631 0.584418
vt 0.199098 0.664557
vt 0.686035 0.730957
vt 0.668080 0.720292
vt 0.685547 0.719727
vt 0.317383 0.498047
vt 0.316650 0.500488
vt 0.317627 0.502930
vt 0.312258 0.500711
vt 0.311523 0.500488
vt 0.312012 0.497559
vt 0.319580 0.503906
vt 0.320758 0.505253
vt 0.343262 0.502441
vt 0.344727 0.500977
vt 0.214600 0.870605
vt 0.219941 0.872535
vt 0.212990 0.872549
vt 0.286377 0.525391
vt 0.291504 0.507324
vt 0.291265 0.502831
vt 0.282471 0.520020
vt 0.281006 0.520020
vt 0.296476 0.503001
vt 0.258758 0.548859
vt 0.270996 0.533203
vt 0.277100 0.518555
vt 0.265625 0.531738
vt 0.275635 0.519043
vt 0.285645 0.505371
vt 0.284819 0.502983
vt 0.264648 0.531250
vt 0.255127 0.543945
vt 0.252809 0.544810
vt 0.210931 0.870631
vt 0.635968 0.023934
vt 0.635742 0.025925
vt 0.204590 0.419434
vt 0.248779 0.415527
vt 0.263834 0.413884
vt 0.261230 0.420166
vt 0.261064 0.421872
vt 0.248901 0.416748
vt 0.268799 0.427002
vt 0.279199 0.440632
vt 0.271240 0.426025
vt 0.280029 0.438232
vt 0.275879 0.433350
vt 0.284668 0.442627
vt 0.285156 0.441895
vt 0.285400 0.451416
vt 0.286133 0.452393
vt 0.281738 0.445312
vt 0.292236 0.455566
vt 0.293701 0.453125
vt 0.299561 0.455811
vt 0.299316 0.458252
vt 0.290283 0.458740
vt 0.131026 0.753503
vt 0.118044 0.753418
vt 0.129155 0.753418
vt 0.299316 0.482422
vt 0.301514 0.482422
vt 0.299561 0.485352
vt 0.301758 0.485840
vt 0.301025 0.488525
vt 0.294434 0.499756
vt 0.297119 0.500488
vt 0.207153 0.428467
vt 0.206665 0.427246
vt 0.722915 0.903865
vt 0.725075 0.908203
vt 0.723150 0.910258
vt 0.498291 0.158325
vt 0.498597 0.153721
vt 0.503906 0.154541
vt 0.484811 0.848529
vt 0.494385 0.850586
vt 0.492920 0.852539
vt 0.490723 0.854004
vt 0.495117 0.847168
vt 0.494141 0.844238
vt 0.492432 0.842285
vt 0.459462 0.843259
vt 0.461962 0.845215
vt 0.457357 0.844596
vt 0.456914 0.848103
vt 0.462928 0.847935
vt 0.489746 0.854492
vt 0.485107 0.852051
vt 0.641602 0.489014
vt 0.643084 0.489657
vt 0.642090 0.490479
vt 0.643066 0.487305
vt 0.643822 0.487870
vt 0.642578 0.487793
vt 0.644359 0.488407
vt 0.645508 0.487793
vt 0.646484 0.488770
vt 0.451904 0.578613
vt 0.453125 0.578613
vt 0.333109 0.451187
vt 0.988281 0.564941
vt 0.993652 0.564941
vt 0.993652 0.565918
vt 0.014458 0.701660
vt 0.016101 0.700270
vt 0.016251 0.701660
vt 0.300293 0.451660
vt 0.812500 0.389893
vt 0.788798 0.605293
vt 0.754947 0.560674
vt 0.787938 0.602561
vt 0.390869 0.351074
vt 0.388131 0.351074
vt 0.700533 0.156450
vt 0.971664 0.573730
vt 0.966717 0.572515
vt 0.761542 0.554909
vt 0.760895 0.553372
vt 0.275111 0.515557
vt 0.829590 0.386475
vt 0.833984 0.386963
vt 0.830078 0.387695
vt 0.131958 0.194458
vt 0.134888 0.206665
vt 0.138214 0.219563
vt 0.007252 0.702017
vt 0.010712 0.703125
vt 0.008591 0.703125
vt 0.011917 0.706543
vt 0.663574 0.732422
vt 0.661621 0.733887
vt 0.646406 0.733036
vt 0.497314 0.203125
vt 0.497559 0.190063
vt 0.499512 0.203491
vt 0.891439 0.398393
vt 0.701363 0.159804
vt 0.959961 0.572799
vt 0.961299 0.572754
vt 0.961254 0.573460
vt 0.986816 0.375488
vt 0.983592 0.373853
vt 0.387448 0.350859
vt 0.386066 0.351074
vt 0.462158 0.842773
vt 0.318396 0.495916
vt 0.812988 0.378662
vt 0.831231 0.381410
vt 0.363355 0.617355
vt 0.362061 0.617676
vt 0.362549 0.616699
vt 0.830078 0.380127
vt 0.012489 0.686523
vt 0.015549 0.684082
vt 0.014147 0.686641
vt 0.667286 0.935844
vt 0.670639 0.938383
vt 0.667669 0.943593
vt 0.891533 0.395710
vt 0.764745 0.598320
vt 0.744251 0.599489
vt 0.966983 0.572967
vt 0.965332 0.572996
vt 0.041260 0.093933
vt 0.082214 0.095886
vt 0.041229 0.095947
vt 0.511316 0.146198
vt 0.509277 0.150635
vt 0.745362 0.344482
vt 0.746094 0.362793
vt 0.745117 0.362793
vt 0.811975 0.448730
vt 0.911402 0.366253
vt 0.837525 0.448730
vt 0.135986 0.217285
vt 0.257080 0.549316
vt 0.260010 0.546387
vt 0.017822 0.681641
vt 0.018318 0.682472
vt 0.083557 0.684082
vt 0.715820 0.064941
vt 0.716797 0.066345
vt 0.715332 0.066345
vt 0.378174 0.351148
vt 0.379064 0.350586
vt 0.379533 0.351173
vt 0.292913 0.448399
vt 0.295654 0.448486
vt 0.290527 0.445801
vt 0.746094 0.304578
vt 0.745117 0.305102
vt 0.983599 0.366455
vt 0.980469 0.367920
vt 0.980469 0.366943
vt 0.745117 0.282452
vt 0.746094 0.290527
vt 0.745335 0.297119
vt 0.743652 0.329579
vt 0.745117 0.329470
vt 0.743652 0.341049
vt 0.274490 0.439057
vt 0.995117 0.550781
vt 0.996582 0.550293
vt 0.766602 0.608887
vt 0.023486 0.683005
vt 0.017929 0.681152
vt 0.409353 0.023476
vt 0.382407 0.018673
vt 0.408271 0.018672
vt 0.882812 0.402138
vt 0.636230 0.024490
vt 0.375009 0.666825
vt 0.370605 0.664062
vt 0.361329 0.655260
vt 0.247559 0.425293
vt 0.253300 0.429750
vt 0.756589 0.561302
vt 0.962543 0.572793
vt 0.961524 0.572754
vt 0.212646 0.496826
vt 0.246704 0.497105
vt 0.209850 0.496390
vt 0.460576 0.851790
vt 0.967089 0.572754
vt 0.628746 0.007225
vt 0.627573 0.028448
vt 0.625279 0.006244
vt 0.996094 0.550781
vt 0.819336 0.355957
vt 0.818864 0.355967
vt 0.822151 0.354757
vt 0.312931 0.473245
vt 0.491943 0.189819
vt 0.494629 0.203857
vt 0.850812 0.273756
vt 0.854424 0.274380
vt 0.851563 0.277931
vt 0.644769 0.490301
vt 0.645508 0.490723
vt 0.644531 0.491211
vt 0.315676 0.501105
vt 0.724609 0.899414
vt 0.722679 0.897335
vt 0.724609 0.896484
vt 0.114809 0.110391
vt 0.114286 0.106894
vt 0.114697 0.106228
vt 0.076172 0.744141
vt 0.073975 0.741699
vt 0.361738 0.626465
vt 0.362061 0.625488
vt 0.089783 0.098022
vt 0.082520 0.093933
vt 0.093140 0.096436
vt 0.179932 0.223755
vt 0.108861 0.159099
vt 0.110157 0.156642
vt 0.980469 0.376709
vt 0.963379 0.572754
vt 0.294434 0.465332
vt 0.286621 0.500977
vt 0.254586 0.071070
vt 0.253770 0.070669
vt 0.255398 0.070496
vt 0.082748 0.681527
vt 0.029938 0.701660
vt 0.005527 0.701172
vt 0.005215 0.700195
vt 0.252441 0.545898
vt 0.257581 0.547218
vt 0.073691 0.752457
vt 0.075195 0.751953
vt 0.079474 0.721111
vt 0.064148 0.733887
vt 0.009855 0.707374
vt 0.004799 0.702637
vt 0.130249 0.194336
vt 0.128798 0.182417
vt 0.077393 0.748047
vt 0.077209 0.751953
vt 0.265625 0.447510
vt 0.074829 0.749023
vt 0.073224 0.749184
vt 0.073364 0.746094
vt 0.962434 0.572754
vt 0.643555 0.491211
vt 0.363085 0.638261
vt 0.412873 0.639639
vt 0.363037 0.636719
vt 0.363770 0.628906
vt 0.363281 0.627930
vt 0.362061 0.620117
vt 0.363281 0.628906
vt 0.361328 0.629004
vt 0.362793 0.627930
vt 0.360352 0.626953
vt 0.360840 0.625977
vt 0.361572 0.625977
vt 0.361084 0.625488
vt 0.361572 0.625488
vt 0.636042 0.032901
vt 0.633034 0.005902
vt 0.997559 0.549316
vt 0.997307 0.549400
vt 0.998047 0.549316
vt 0.992837 0.544636
vt 0.199585 0.666016
vt 0.197998 0.666504
vt 0.753215 0.595297
vt 0.753418 0.603423
vt 0.752930 0.596191
vt 0.983887 0.543945
vt 0.983398 0.545410
vt 0.980476 0.545389
vt 0.983887 0.539062
vt 0.980957 0.538865
vt 0.983887 0.538289
vt 0.982750 0.538086
vt 0.978516 0.538086
vt 0.978016 0.550781
vt 0.975098 0.550188
vt 0.978027 0.551270
vt 0.977539 0.551270
vt 0.748535 0.522949
vt 0.313291 0.517527
vt 0.311768 0.515137
vt 0.229617 0.870627
vt 0.235985 0.872833
vt 0.227843 0.872554
vt 0.494385 0.189453
vt 0.491699 0.187012
vt 0.494385 0.186768
vt 0.810059 0.163696
vt 0.810547 0.175659
vt 0.748535 0.497559
vt 0.748535 0.506348
vt 0.746094 0.329816
vt 0.745393 0.340885
vt 0.281982 0.354004
vt 0.281982 0.369385
vt 0.281982 0.327393
vt 0.283447 0.331763
vt 0.281982 0.340576
vt 0.042053 0.081116
vt 0.688477 0.133789
vt 0.688477 0.134399
vt 0.672363 0.919289
vt 0.675781 0.923340
vt 0.672363 0.926379
vt 0.616063 0.045150
vt 0.617859 0.043006
vt 0.624109 0.043308
vt 0.624512 0.040710
vt 0.625488 0.039398
vt 0.633301 0.039215
vt 0.633789 0.040588
vt 0.625488 0.057922
vt 0.626331 0.053202
vt 0.626953 0.057251
vt 0.616261 0.057585
vt 0.615524 0.055686
vt 0.622800 0.057719
vt 0.635742 0.057037
vt 0.645020 0.041229
vt 0.642578 0.039319
vt 0.645020 0.039886
vt 0.702148 0.136475
vt 0.704590 0.136230
vt 0.703613 0.139648
vt 0.705566 0.136475
vt 0.704590 0.141602
vt 0.702148 0.137085
vt 0.697266 0.134033
vt 0.699707 0.134644
vt 0.697266 0.134644
vt 0.698508 0.131572
vt 0.700195 0.141235
vt 0.703613 0.142334
vt 0.383713 0.351117
vt 0.198853 0.223755
vt 0.201625 0.916794
vt 0.974121 0.572754
vt 0.296042 0.484634
vt 0.284424 0.486816
vt 0.986816 0.366943
vt 0.983443 0.367863
vt 0.960822 0.380069
vt 0.960449 0.380127
vt 0.960793 0.374326
vt 0.378174 0.350342
vt 0.390869 0.350104
vt 0.255060 0.070129
vt 0.258462 0.070496
vt 0.258230 0.070655
vt 0.444370 0.573361
vt 0.447998 0.575684
vt 0.965332 0.572754
vt 0.496582 0.944047
vt 0.480440 0.941406
vt 0.497070 0.941406
vt 0.105823 0.958496
vt 0.104405 0.960099
vt 0.104126 0.958008
vt 0.011482 0.045502
vt 0.027679 0.045502
vt 0.024689 0.046936
vt 0.499756 0.160889
vt 0.491943 0.164062
vt 0.491699 0.161133
vt 0.505859 0.156494
vt 0.501465 0.163818
vt 0.497559 0.170166
vt 0.514648 0.132202
vt 0.516113 0.124878
vt 0.517090 0.132446
vt 0.033020 0.095764
vt 0.060443 0.045502
vt 0.057770 0.046936
vt 0.042206 0.045502
vt 0.041656 0.046936
vt 0.673179 0.903046
vt 0.672376 0.898837
vt 0.674289 0.899916
vt 0.688477 0.964844
vt 0.109373 0.960146
vt 0.110291 0.959961
vt 0.275391 0.512695
vt 0.123596 0.139038
vt 0.280273 0.473145
vt 0.291260 0.468018
vt 0.287598 0.449219
vt 0.995897 0.898043
vt 0.012466 0.708008
vt 0.031105 0.716109
vt 0.705078 0.133911
vt 0.283447 0.353516
vt 0.675508 0.918496
vt 0.671875 0.914062
vt 0.675293 0.914062
vt 0.644043 0.487061
vt 0.451904 0.589355
vt 0.182405 0.228489
vt 0.160767 0.227539
vt 0.672607 0.889440
vt 0.674293 0.888184
vt 0.674293 0.891113
vt 0.255465 0.071106
vt 0.258562 0.070893
vt 0.975586 0.519319
vt 0.970215 0.519652
vt 0.970215 0.519043
vt 0.264891 0.070602
vt 0.126784 0.745442
vt 0.129065 0.751848
vt 0.060760 0.046936
vt 0.034648 0.987486
vt 0.133179 0.743164
vt 0.103455 0.745605
vt 0.192627 0.661133
vt 0.200323 0.662122
vt 0.035621 0.952486
vt 0.036957 0.953125
vt 0.292480 0.503906
vt 0.489502 0.838867
vt 0.343948 0.494994
vt 0.704102 0.142090
vt 0.703613 0.139893
vt 0.222168 0.870117
vt 0.225952 0.870156
vt 0.825190 0.558188
vt 0.825684 0.559570
vt 0.823976 0.560248
vt 0.004799 0.053589
vt 0.007282 0.051971
vt 0.022247 0.051971
vt 0.039276 0.051971
vt 0.056427 0.051971
vt 0.059514 0.053589
vt 0.346365 0.498771
vt 0.120403 0.660919
vt 0.147678 0.660645
vt 0.125854 0.661621
vt 0.745605 0.497559
vt 0.746827 0.496043
vt 0.826660 0.696289
vt 0.198242 0.302002
vt 0.830078 0.303223
vt 0.413281 0.389893
vt 0.413086 0.383267
vt 0.413818 0.383631
vt 0.081712 0.741701
vt 0.260799 0.410866
vt 0.752930 0.604980
vt 0.753113 0.609375
vt 0.800340 0.590014
vt 0.801026 0.576102
vt 0.802246 0.580566
vt 0.364258 0.615723
vt 0.362793 0.616211
vt 0.513184 0.139282
vt 0.637695 0.023773
vt 0.724121 0.750977
vt 0.744629 0.751953
vt 0.719727 0.751953
vt 0.746094 0.312256
vt 0.615493 0.949219
vt 0.651367 0.716797
vt 0.666016 0.713379
vt 0.666992 0.716797
vt 0.616211 0.040161
vt 0.619141 0.040222
vt 0.646484 0.023743
vt 0.695801 0.072266
vt 0.696777 0.073669
vt 0.695312 0.073669
vt 0.492432 0.097229
vt 0.399969 0.495264
vt 0.699884 0.157138
vt 0.745375 0.318848
vt 0.198853 0.228149
vt 0.672363 0.933957
vt 0.675781 0.927831
vt 0.675350 0.937660
vt 0.322408 0.525711
vt 0.060883 0.051971
vt 0.058962 0.051025
vt 0.077679 0.745886
vt 0.041534 0.083923
vt 0.026869 0.087214
vt 0.275211 0.473658
vt 0.271484 0.468994
vt 0.263706 0.458635
vt 0.670898 0.952006
vt 0.670898 0.944036
vt 0.281982 0.312500
vt 0.413516 0.375919
vt 0.259521 0.434326
vt 0.279635 0.505217
vt 0.980469 0.375000
vt 0.621582 0.040436
vt 0.125122 0.191895
vt 0.631836 0.029282
vt 0.745117 0.741699
vt 0.746094 0.740234
vt 0.744141 0.750977
vt 0.306885 0.321498
vt 0.306641 0.324219
vt 0.299392 0.306059
vt 0.009972 0.046936
vt 0.117981 0.151733
vt 0.118286 0.149902
vt 0.128784 0.206421
vt 0.254883 0.428711
vt 0.652131 0.690918
vt 0.642090 0.710938
vt 0.642090 0.690918
vt 0.724585 0.902344
vt 0.394454 0.627603
vt 0.399525 0.636616
vt 0.387847 0.627222
vt 0.791503 0.164666
vt 0.789551 0.152710
vt 0.810059 0.150297
vt 0.671875 0.938477
vt 0.643066 0.713379
vt 0.630371 0.716797
vt 0.630859 0.713379
vt 0.810059 0.163703
vt 0.413456 0.009368
vt 0.413330 0.019516
vt 0.068395 0.925308
vt 0.062482 0.952637
vt 0.072332 0.952637
vt 0.312821 0.893066
vt 0.318965 0.893812
vt 0.311918 0.892086
vt 0.970215 0.532715
vt 0.975586 0.526572
vt 0.975586 0.532715
vt 0.745605 0.495850
vt 0.748066 0.493975
vt 0.148315 0.661621
vt 0.151489 0.659668
vt 0.063049 0.925158
vt 0.059408 0.925046
vt 0.319423 0.893057
vt 0.298665 0.892660
vt 0.295662 0.893555
vt 0.296875 0.894043
vt 0.799316 0.562988
vt 0.801749 0.561118
vt 0.801026 0.563151
vt 0.960449 0.426533
vt 0.961426 0.427024
vt 0.960449 0.427979
vt 0.968750 0.427001
vt 0.969238 0.427191
vt 0.803235 0.810547
vt 0.802286 0.810019
vt 0.815411 0.810059
vt 0.644043 0.716797
vt 0.650879 0.713379
vt 0.675235 0.713379
vt 0.674805 0.716797
vt 0.661621 0.742676
vt 0.663574 0.738770
vt 0.663281 0.742871
vt 0.766113 0.374268
vt 0.830045 0.380124
vt 0.766602 0.379615
vt 0.621094 0.753138
vt 0.655762 0.752930
vt 0.655762 0.760722
vt 0.766602 0.378662
vt 0.766602 0.379639
vt 0.830566 0.389893
vt 0.834716 0.374999
vt 0.723780 0.736841
vt 0.730957 0.738770
vt 0.746094 0.745605
vt 0.748535 0.747070
vt 0.730947 0.738789
vt 0.729004 0.739746
vt 0.748535 0.742188
vt 0.746144 0.745453
vt 0.655273 0.749512
vt 0.621094 0.752930
vt 0.655762 0.751465
vt 0.691895 0.750488
vt 0.687500 0.748535
vt 0.690430 0.748047
vt 0.687012 0.750488
vt 0.829715 0.376644
vt 0.730944 0.749512
vt 0.667584 0.952607
vt 0.670410 0.958496
vt 0.666992 0.958496
vt 0.666504 0.747070
vt 0.666943 0.749463
vt 0.669434 0.750000
vt 0.822754 0.562012
vt 0.823975 0.573154
vt 0.061981 0.739258
vt 0.052338 0.730469
vt 0.071045 0.744629
vt 0.051941 0.731445
vt 0.963867 0.375488
vt 0.963867 0.377441
vt 0.506348 0.148193
vt 0.134321 0.136318
vt 0.110413 0.969238
vt 0.104126 0.969238
vt 0.055786 0.925029
vt 0.052252 0.925423
vt 0.050995 0.952637
vt 0.382459 0.010307
vt 0.745605 0.522461
vt 0.745605 0.512695
vt 0.119263 0.148193
vt 0.269537 0.348111
vt 0.991699 0.324707
vt 0.991419 0.322940
vt 0.992519 0.331766
vt 0.703937 0.132221
vt 0.994087 0.247604
vt 0.994629 0.247995
vt 0.994387 0.255320
vt 0.970215 0.526283
vt 0.646526 0.743439
vt 0.683105 0.743164
vt 0.682838 0.738370
vt 0.680420 0.739989
vt 0.989258 0.894043
vt 0.996807 0.895929
vt 0.675212 0.884264
vt 0.672852 0.884766
vt 0.723670 0.915039
vt 0.725067 0.911148
vt 0.726073 0.913576
vt 0.822754 0.577148
vt 0.822754 0.574219
vt 0.669922 0.710938
vt 0.669434 0.690918
vt 0.283447 0.306886
vt 0.032043 0.093872
vt 0.724586 0.905273
vt 0.766602 0.602820
vt 0.764648 0.602813
vt 0.489014 0.834961
vt 0.656738 0.881348
vt 0.666084 0.882578
vt 0.748535 0.495605
vt 0.261834 0.407765
vt 0.206781 0.873021
vt 0.495361 0.208374
vt 0.499268 0.207520
vt 0.082066 0.744883
vt 0.791016 0.615723
vt 0.785645 0.615723
vt 0.791504 0.614746
vt 0.957520 0.375000
vt 0.957520 0.373047
vt 0.648438 0.742676
vt 0.830078 0.409424
vt 0.833008 0.406006
vt 0.802246 0.564453
vt 0.802246 0.573730
vt 0.766356 0.595946
vt 0.799316 0.564941
vt 0.825684 0.561523
vt 0.825684 0.570801
vt 0.408447 0.004829
vt 0.408504 0.010068
vt 0.980469 0.373047
vt 0.714835 0.588219
vt 0.478027 0.941406
vt 0.448045 0.345016
vt 0.320994 0.885759
vt 0.314834 0.884440
vt 0.317872 0.884764
vt 0.608887 0.040131
vt 0.706055 0.169922
vt 0.815430 0.816895
vt 0.816895 0.817871
vt 0.816406 0.809570
vt 0.743652 0.297119
vt 0.251557 0.543362
vt 0.225357 0.940430
vt 0.082776 0.753418
vt 0.520996 0.125000
vt 0.078247 0.952637
vt 0.074279 0.925728
vt 0.104361 0.966796
vt 0.101929 0.967285
vt 0.825684 0.574219
vt 0.825684 0.577637
vt 0.674289 0.896973
vt 0.802246 0.562500
vt 0.799316 0.580078
vt 0.799316 0.577148
vt 0.743652 0.304700
vt 0.083130 0.703125
vt 0.803223 0.810547
vt 0.670410 0.933594
vt 0.283203 0.389160
vt 0.112549 0.959961
vt 0.743652 0.344482
vt 0.743652 0.362793
vt 0.748535 0.510254
vt 0.667480 0.730957
vt 0.218384 0.870117
vt 0.987793 0.565918
vt 0.987793 0.565430
vt 0.987793 0.564941
vt 0.673212 0.894043
vt 0.308350 0.892196
vt 0.663568 0.738815
vt 0.986816 0.367920
vt 0.986816 0.373291
vt 0.913633 0.363292
vt 0.716797 0.064941
vt 0.746094 0.282429
vt 0.758789 0.608887
vt 0.758789 0.608398
vt 0.995605 0.551270
vt 0.980469 0.380127
vt 0.691895 0.188618
vt 0.451954 0.590708
vt 0.448788 0.590661
vt 0.233401 0.870627
vt 0.791504 0.164673
vt 0.792480 0.177002
vt 0.236946 0.870620
vt 0.200439 0.940430
vt 0.479129 0.944135
vt 0.730957 0.750488
vt 0.282475 0.453655
vt 0.707031 0.133057
vt 0.392414 0.508595
vt 0.393223 0.507149
vt 0.200734 0.664937
vt 0.083959 0.160895
vt 0.675756 0.905299
vt 0.674805 0.902832
vt 0.745605 0.509766
vt 0.745605 0.506348
vt 0.169800 0.696289
vt 0.248779 0.412598
vt 0.802246 0.577148
vt 0.373291 0.615723
vt 0.807617 0.322998
vt 0.807617 0.330811
vt 0.805003 0.333712
vt 0.402408 0.631707
vt 0.696777 0.072266
vt 0.390279 0.512757
vt 0.326057 0.520376
vt 0.991699 0.333008
vt 0.991699 0.331543
vt 0.725080 0.893546
vt 0.480814 0.940869
vt 0.480946 0.940430
vt 0.497314 0.940629
vt 0.652344 0.710938
vt 0.726073 0.890624
vt 0.723385 0.891240
vt 0.765137 0.397705
vt 0.764160 0.412354
vt 0.818102 0.356021
vt 0.814935 0.354242
vt 0.671298 0.747425
vt 0.822754 0.560059
vt 0.822754 0.570801
vt 0.963867 0.381348
vt 0.960694 0.366776
vt 0.963867 0.367920
vt 0.963867 0.373291
vt 0.963867 0.366943
vt 0.698730 0.139038
vt 0.500977 0.172485
vt 0.991699 0.329834
vt 0.110413 0.958008
vt 0.681202 0.742237
vt 0.996054 0.894979
vt 0.823712 0.587073
vt 0.743652 0.282877
vt 0.742187 0.369525
vt 0.295705 0.885759
vt 0.298582 0.884763
vt 0.301644 0.884909
vt 0.982910 0.546875
vt 0.207388 0.870620
vt 0.785156 0.615234
vt 0.785645 0.614746
vt 0.791504 0.615479
vt 0.957520 0.376709
vt 0.957520 0.380127
vt 0.957520 0.367920
vt 0.957520 0.366943
vt 0.767578 0.411865
vt 0.766113 0.397705
vt 0.226536 0.916794
vt 0.311496 0.884384
vt 0.305363 0.884383
vt 0.308350 0.884274
vt 0.764648 0.595797
vt 0.799316 0.573730
vt 0.377686 0.004898
vt 0.206346 0.433303
vt 0.279966 0.488207
vt 0.263717 0.453047
vt 0.435522 0.641080
vt 0.433586 0.664320
vt 0.359295 0.642090
vt 0.699707 0.135254
vt 0.815430 0.810059
vt 0.400617 0.494412
vt 0.742188 0.328747
vt 0.101929 0.959961
vt 0.420410 0.304443
vt 0.420898 0.351766
vt 0.417460 0.298745
vt 0.745605 0.565137
vt 0.746582 0.555176
vt 0.746582 0.569336
vt 0.451660 0.263768
vt 0.451660 0.255371
vt 0.451660 0.227661
vt 0.451416 0.227051
vt 0.451416 0.223389
vt 0.942146 0.313497
vt 0.945038 0.312020
vt 0.945476 0.313450
vt 0.430908 0.345947
vt 0.428467 0.302002
vt 0.030090 0.473633
vt 0.025024 0.482910
vt 0.028152 0.483643
vt 0.432495 0.282468
vt 0.428467 0.291992
vt 0.946289 0.313232
vt 0.230302 0.324450
vt 0.237360 0.323197
vt 0.238030 0.324466
vt 0.745605 0.533647
vt 0.746582 0.533203
vt 0.746582 0.534180
vt 0.451416 0.219727
vt 0.451904 0.220215
vt 0.435752 0.298087
vt 0.435547 0.285156
vt 0.439697 0.300293
vt 0.435303 0.281738
vt 0.435059 0.279053
vt 0.435303 0.274414
vt 0.230154 0.352748
vt 0.228815 0.348059
vt 0.231234 0.345486
vt 0.224121 0.369385
vt 0.224826 0.346401
vt 0.735443 0.626159
vt 0.736328 0.635254
vt 0.730718 0.630630
vt 0.746625 0.533995
vt 0.747070 0.541016
vt 0.746582 0.537109
vt 0.746582 0.528320
vt 0.023300 0.466797
vt 0.024578 0.460243
vt 0.035950 0.467773
vt 0.746582 0.541504
vt 0.038147 0.469238
vt 0.048431 0.462402
vt 0.036133 0.486572
vt 0.039090 0.483371
vt 0.033325 0.510742
vt 0.042358 0.476074
vt 0.051255 0.473373
vt 0.043365 0.477051
vt 0.240391 0.319694
vt 0.238036 0.340280
vt 0.451660 0.223389
vt 0.736827 0.563310
vt 0.745605 0.537565
vt 0.442383 0.315430
vt 0.601562 0.113647
vt 0.637207 0.110168
vt 0.625977 0.113647
vt 0.744867 0.575586
vt 0.742766 0.572331
vt 0.689974 0.655273
vt 0.678223 0.653809
vt 0.687770 0.650879
vt 0.237671 0.353027
vt 0.237427 0.351807
vt 0.232540 0.358314
vt 0.238037 0.356689
vt 0.803772 0.370616
vt 0.802734 0.362549
vt 0.806641 0.362061
vt 0.946338 0.326188
vt 0.946088 0.325821
vt 0.115299 0.072817
vt 0.223874 0.071318
vt 0.224211 0.073781
vt 0.745537 0.528326
vt 0.799316 0.418457
vt 0.799805 0.375488
vt 0.417969 0.304932
vt 0.018230 0.530729
vt 0.014679 0.496826
vt 0.023378 0.478481
vt 0.235792 0.329285
vt 0.588330 0.110811
vt 0.590332 0.109802
vt 0.599609 0.114319
vt 0.801270 0.367676
vt 0.260746 0.302615
vt 0.258010 0.308139
vt 0.250255 0.304416
vt 0.451904 0.219238
vt 0.451660 0.214600
vt 0.249268 0.308350
vt 0.253988 0.310466
vt 0.418457 0.297119
vt 0.443654 0.101023
vt 0.427618 0.103733
vt 0.451416 0.241211
vt 0.224889 0.962535
vt 0.224945 0.954338
vt 0.227458 0.953441
vt 0.049774 0.464355
vt 0.432373 0.301270
vt 0.434814 0.345703
vt 0.109200 0.063138
vt 0.109856 0.061793
vt 0.216377 0.063619
vt 0.224976 0.329590
vt 0.038971 0.480469
vt 0.679688 0.658203
vt 0.771484 0.365479
vt 0.791992 0.360107
vt 0.788574 0.365723
vt 0.794078 0.385054
vt 0.731934 0.231379
vt 0.775879 0.387451
vt 0.774414 0.415771
vt 0.773438 0.373779
vt 0.694824 0.654785
vt 0.018280 0.481445
vt 0.684956 0.647671
vt 0.692871 0.643232
vt 0.692871 0.648277
vt 0.717053 0.533654
vt 0.241398 0.347225
vt 0.245295 0.318825
vt 0.787109 0.383545
vt 0.787109 0.373779
vt 0.263542 0.304329
vt 0.678711 0.647561
vt 0.684715 0.643632
vt 0.726074 0.624023
vt 0.732422 0.624512
vt 0.718920 0.536688
vt 0.451660 0.241211
vt 0.598145 0.122681
vt 0.587388 0.119568
vt 0.726912 0.630538
vt 0.722656 0.655762
vt 0.722649 0.625991
vt 0.424805 0.292480
vt 0.791016 0.374023
vt 0.790527 0.383789
vt 0.594727 0.123779
vt 0.587596 0.121278
vt 0.679199 0.643356
vt 0.032196 0.475342
vt 0.416363 0.305676
vt 0.435059 0.278564
vt 0.678711 0.636719
vt 0.689486 0.640625
vt 0.227417 0.341797
vt 0.438335 0.348277
vt 0.941276 0.312248
vt 0.245545 0.341795
vt 0.737967 0.565040
vt 0.740984 0.569491
vt 0.746307 0.577622
vt 0.243408 0.351968
vt 0.768066 0.360107
vt 0.264488 0.307611
vt 0.719742 0.537917
vt 0.114480 0.071729
vt 0.112466 0.068287
vt 0.024689 0.455078
vt 0.025323 0.454590
vt 0.258251 0.335487
vt 0.727539 0.635254
vt 0.227183 0.963391
vt 0.089847 0.404889
vt 0.089853 0.423516
vt 0.085620 0.403661
vt 0.493942 0.106290
vt 0.715354 0.339069
vt 0.714844 0.335693
vt 0.715820 0.335693
vt 0.746582 0.577880
vt 0.797708 0.542195
vt 0.467187 0.286162
vt 0.473763 0.297084
vt 0.506439 0.351258
vt 0.452282 0.264511
vt 0.452112 0.264266
vt 0.110129 0.063881
vt 0.795003 0.542962
vt 0.803863 0.542833
vt 0.876535 0.470668
vt 0.452393 0.264620
vt 0.648689 0.387809
vt 0.841701 0.551837
vt 0.841760 0.553818
vt 0.394923 0.562057
vt 0.362174 0.558556
vt 0.915837 0.370898
vt 0.887958 0.401522
vt 0.646342 0.391733
vt 0.645241 0.393210
vt 0.361452 0.559669
vt 0.221356 0.485107
vt 0.314822 0.504070
vt 0.215356 0.485107
vt 0.318313 0.506606
vt 0.603483 0.097683
vt 0.089842 0.922900
vt 0.415569 0.472431
vt 0.415445 0.472879
vt 0.388555 0.513968
vt 0.406212 0.517435
vt 0.415284 0.472992
vt 0.113440 0.153532
vt 0.883001 0.473000
vt 0.789101 0.487786
vt 0.437982 0.993173
vt 0.763749 0.596102
vt 0.810433 0.445877
vt 0.947754 0.277199
vt 0.825188 0.538076
vt 0.214784 0.487405
vt 0.841812 0.554204
s 1
f 18/1/1 19/2/2 20/3/3
f 19/2/2 18/4/1 17/5/4
f 192/6/5 210/7/6 209/8/7
f 432/9/8 163/10/9 429/11/10
f 229/12/11 234/13/12 228/14/13
f 150/15/14 400/16/15 394/17/16
f 192/6/5 209/8/7 208/18/17
f 179/19/18 501/20/19 180/21/20
f 473/22/21 447/23/22 453/24/23
f 86/25/24 84/26/25 83/27/26
f 388/28/27 387/29/28 374/30/29
f 80/31/30 793/32/31 89/33/32
f 259/34/33 470/35/34 260/36/35
f 28/37/36 21/38/37 30/39/38
f 798/40/39 99/41/40 101/42/41
f 197/43/42 198/44/43 225/45/44
f 23/46/45 40/47/46 36/48/47
f 407/49/48 409/50/48 579/51/48
f 238/52/49 239/53/50 440/54/51
f 444/55/52 443/56/53 301/57/54
f 265/58/55 471/59/56 499/60/57
f 26/61/58 37/62/59 38/63/60
f 41/64/61 38/63/60 37/62/59
f 34/65/62 44/66/63 31/67/64
f 26/68/58 31/67/64 44/66/63
f 48/69/65 57/70/66 49/71/67
f 47/72/68 49/71/67 57/70/66
f 489/73/69 459/74/70 250/75/71
f 72/76/72 75/77/73 116/78/74
f 74/79/75 356/80/76 75/77/73
f 91/81/77 75/77/73 356/80/76
f 356/80/76 74/79/75 94/82/78
f 355/83/79 94/82/78 74/79/75
f 76/84/80 116/85/74 92/86/81
f 434/87/82 519/88/83 517/89/84
f 153/90/85 152/91/86 159/92/87
f 627/93/88 629/94/89 625/95/89
f 363/96/90 107/97/90 108/98/91
f 367/99/92 102/100/93 115/101/94
f 116/102/74 109/103/95 102/104/93
f 109/103/95 111/105/96 366/106/97
f 116/107/74 111/108/96 109/109/95
f 115/101/94 102/100/93 114/110/98
f 30/39/38 24/111/99 25/112/100
f 176/113/101 181/114/102 183/115/103
f 366/116/97 114/117/98 140/118/104
f 140/118/104 366/116/97 144/119/105
f 111/120/96 144/119/105 366/116/97
f 129/121/106 144/119/105 136/122/107
f 129/121/106 140/118/104 144/119/105
f 140/118/104 143/123/108 129/121/106
f 798/124/39 807/125/109 103/126/110
f 135/127/111 525/128/112 142/129/113
f 135/127/111 141/130/114 525/128/112
f 132/131/115 525/128/112 141/130/114
f 146/132/116 144/119/105 145/133/117
f 395/134/118 161/135/119 149/136/120
f 253/137/121 262/138/122 463/139/123
f 1588/140/124 192/6/5 191/141/125
f 136/122/107 144/119/105 146/132/116
f 508/142/126 506/143/127 507/144/128
f 436/145/129 149/146/120 428/147/130
f 161/148/119 428/147/130 149/146/120
f 165/149/131 436/145/129 398/150/132
f 428/147/130 161/148/119 160/151/133
f 151/152/134 160/151/133 161/148/119
f 151/152/134 424/153/135 160/151/133
f 153/90/85 159/92/87 429/154/10
f 159/92/87 162/155/136 429/154/10
f 163/156/9 429/154/10 162/155/136
f 847/157/137 155/158/138 169/159/139
f 55/160/140 46/161/141 45/162/142
f 174/163/143 516/164/144 178/165/145
f 176/166/101 178/165/145 455/167/146
f 177/168/147 501/20/19 178/165/145
f 177/168/147 176/166/101 501/20/19
f 434/169/82 179/19/18 183/170/103
f 184/171/148 182/172/149 175/173/150
f 519/174/83 183/115/103 181/114/102
f 183/170/103 519/175/83 434/169/82
f 173/176/151 184/177/148 175/178/150
f 482/179/152 1577/180/153 1575/181/154
f 189/182/155 187/183/156 188/184/157
f 219/185/158 281/186/159 305/187/160
f 119/188/161 118/189/162 120/190/163
f 466/191/164 465/192/165 474/193/166
f 475/194/167 474/195/166 451/196/168
f 461/197/169 258/198/170 460/199/171
f 274/200/172 280/201/172 275/202/172
f 290/203/173 296/204/174 294/205/175
f 645/206/176 646/207/177 1425/208/178
f 95/209/179 356/80/76 94/82/78
f 576/210/180 587/211/181 594/212/182
f 509/213/183 500/214/184 517/89/84
f 264/215/185 260/36/35 265/216/55
f 247/217/186 220/218/187 185/219/188
f 200/220/189 442/221/190 199/222/191
f 426/223/192 148/224/193 427/225/194
f 26/61/58 39/226/195 23/227/45
f 216/228/196 299/229/197 215/230/198
f 195/231/199 241/232/200 442/221/190
f 449/233/201 199/222/191 241/232/200
f 199/222/191 449/233/201 198/44/43
f 226/234/202 197/43/42 225/45/44
f 197/43/42 189/182/155 196/235/203
f 497/236/204 496/237/205 499/238/57
f 474/195/166 465/239/165 304/240/206
f 212/241/207 215/242/198 216/243/196
f 212/241/207 216/243/196 292/244/208
f 212/241/207 214/245/209 215/242/198
f 212/241/207 213/246/210 214/245/209
f 212/241/207 211/247/211 213/246/210
f 206/248/212 205/249/213 208/18/17
f 192/6/5 208/18/17 205/249/213
f 397/250/214 395/251/118 168/252/215
f 206/248/212 207/253/216 205/249/213
f 191/141/125 207/253/216 219/185/158
f 206/248/212 281/186/159 207/253/216
f 281/186/159 219/185/158 207/253/216
f 219/185/158 305/187/160 204/254/217
f 206/248/212 305/187/160 281/186/159
f 217/255/218 204/254/217 305/187/160
f 217/255/218 292/244/208 204/254/217
f 199/256/191 236/257/219 449/258/201
f 475/259/167 248/260/220 474/261/166
f 466/191/164 474/261/166 248/260/220
f 267/262/221 193/263/222 237/264/223
f 465/239/165 256/265/224 253/137/121
f 472/266/225 463/139/123 262/138/122
f 463/139/123 252/267/226 472/266/225
f 261/268/227 252/267/226 472/266/225
f 252/267/226 261/268/227 464/269/228
f 457/270/229 462/271/230 265/216/55
f 188/184/157 364/272/231 362/273/232
f 1494/274/233 240/275/234 477/276/235
f 249/277/236 477/276/235 240/275/234
f 240/275/234 440/54/51 249/277/236
f 457/270/229 249/277/236 440/54/51
f 457/270/229 440/54/51 462/271/230
f 242/278/237 462/271/230 440/54/51
f 440/54/51 242/278/237 241/279/200
f 243/280/238 447/281/22 452/282/239
f 139/283/240 146/132/116 138/284/241
f 453/24/23 301/57/54 302/285/242
f 246/286/243 448/287/244 251/288/245
f 446/289/246 447/281/22 243/280/238
f 446/289/246 225/290/44 243/280/238
f 226/291/202 221/292/247 445/293/248
f 450/294/249 246/286/243 301/57/54
f 450/294/249 301/57/54 443/56/53
f 246/286/243 450/294/249 448/287/244
f 263/295/250 445/293/248 221/292/247
f 263/295/250 443/56/53 445/293/248
f 221/292/247 222/296/251 263/295/250
f 187/297/156 222/296/251 263/295/250
f 448/287/244 454/298/252 251/288/245
f 454/298/252 456/299/253 224/300/254
f 455/301/146 224/300/254 456/299/253
f 456/299/253 300/302/255 455/301/146
f 247/303/186 451/304/168 220/305/187
f 475/194/167 220/305/187 451/304/168
f 233/306/256 235/307/257 256/265/224
f 1491/308/258 1487/309/259 303/310/260
f 254/311/261 303/310/260 1487/309/259
f 266/312/262 260/36/35 470/35/34
f 119/188/161 113/313/263 112/314/264
f 466/191/164 268/315/265 253/137/121
f 520/316/266 500/214/184 503/317/267
f 207/318/216 282/319/268 281/320/159
f 207/318/216 205/321/213 282/319/268
f 305/322/160 281/320/159 282/319/268
f 205/321/213 208/323/17 282/319/268
f 283/324/269 282/319/268 208/323/17
f 283/324/269 208/323/17 209/325/7
f 209/325/7 210/326/6 283/324/269
f 294/205/175 293/327/270 285/328/271
f 293/327/270 299/329/197 285/328/271
f 284/330/272 285/328/271 299/329/197
f 286/331/273 287/332/274 282/319/268
f 305/322/160 282/319/268 287/332/274
f 296/333/174 299/229/197 217/334/218
f 214/335/209 215/230/198 293/336/270
f 299/229/197 293/336/270 215/230/198
f 298/337/275 295/338/276 294/339/175
f 302/285/242 301/57/54 246/286/243
f 27/340/277 24/341/99 23/342/45
f 330/343/278 312/344/279 310/345/280
f 501/20/19 179/19/18 178/165/145
f 427/225/194 148/224/193 424/346/135
f 608/347/281 606/348/282 605/349/283
f 836/350/284 394/17/16 395/251/118
f 525/351/112 1099/352/285 829/353/286
f 144/119/105 137/354/287 145/133/117
f 52/355/288 57/356/66 48/357/65
f 519/174/83 182/172/149 437/358/289
f 47/359/68 50/360/290 49/361/67
f 264/215/185 303/310/260 249/277/236
f 387/362/28 386/363/291 373/364/292
f 434/365/82 418/366/293 433/367/294
f 339/368/295 350/369/296 338/370/297
f 253/371/121 463/372/123 486/373/298
f 437/374/289 515/375/299 517/89/84
f 177/376/147 500/214/184 516/377/144
f 451/304/168 474/378/166 458/379/300
f 133/380/301 146/132/116 134/381/302
f 23/382/45 28/37/36 27/383/277
f 231/384/303 1626/385/304 1586/386/305
f 393/387/306 432/9/8 435/388/307
f 493/389/308 460/390/171 469/391/309
f 415/392/310 433/367/294 416/393/311
f 188/394/157 450/294/249 448/287/244
f 50/360/290 51/395/312 52/355/288
f 34/396/62 22/397/313 44/398/63
f 56/399/314 59/400/315 46/401/141
f 410/402/316 412/403/317 580/404/316
f 116/107/74 799/405/318 111/108/96
f 466/191/164 248/260/220 237/264/223
f 177/376/147 455/406/146 361/407/319
f 593/408/320 588/409/321 591/410/322
f 293/336/270 211/411/211 213/412/210
f 386/413/291 384/414/323 385/415/324
f 137/416/287 799/405/318 105/417/325
f 847/418/137 377/419/326 155/420/138
f 64/421/327 66/422/328 60/423/329
f 422/424/330 404/425/331 415/392/310
f 296/204/174 282/319/268 284/330/272
f 202/426/332 229/427/11 228/428/13
f 114/429/98 366/430/97 359/431/333
f 91/432/77 358/433/334 530/434/335
f 355/435/79 91/436/77 356/437/76
f 354/438/336 352/439/337 355/435/79
f 57/440/66 63/441/338 47/442/68
f 351/443/339 177/444/147 361/445/319
f 362/446/232 364/447/231 365/448/340
f 353/449/341 365/448/340 364/447/231
f 578/450/342 369/451/343 368/452/344
f 376/453/345 377/454/326 375/455/346
f 381/456/347 376/453/345 375/455/346
f 378/457/348 388/458/27 538/459/349
f 388/458/27 357/460/350 538/459/349
f 383/461/351 393/462/306 384/463/323
f 393/462/306 383/461/351 439/464/352
f 439/464/352 393/462/306 392/462/353
f 392/462/353 384/463/323 393/462/306
f 390/465/354 578/466/342 577/467/355
f 435/468/307 391/469/356 384/463/323
f 389/470/357 384/463/323 391/469/356
f 470/35/34 473/471/21 269/472/358
f 497/473/204 461/474/169 493/389/308
f 268/315/265 463/139/123 253/137/121
f 294/339/175 211/411/211 293/336/270
f 173/475/151 184/476/148 401/477/359
f 200/220/189 198/44/43 1472/478/360
f 395/134/118 149/136/120 436/479/129
f 235/307/257 472/266/225 262/138/122
f 257/480/361 250/481/71 459/482/70
f 293/336/270 213/412/210 214/335/209
f 182/483/149 401/484/359 522/485/362
f 434/365/82 433/367/294 519/486/83
f 419/487/363 420/488/364 416/393/311
f 578/489/342 417/490/365 418/366/293
f 390/491/354 577/492/355 419/487/363
f 389/493/357 432/9/8 419/487/363
f 431/494/366 419/487/363 577/492/355
f 389/493/357 419/487/363 391/495/356
f 431/494/366 391/495/356 419/487/363
f 420/488/364 421/496/367 148/497/193
f 430/498/368 438/499/369 421/496/367
f 153/500/85 430/498/368 421/496/367
f 430/498/368 153/500/85 438/499/369
f 421/496/367 432/9/8 153/500/85
f 438/499/369 153/500/85 429/11/10
f 438/499/369 393/387/306 439/501/352
f 429/11/10 163/10/9 438/499/369
f 432/9/8 389/493/357 435/388/307
f 391/495/356 435/388/307 389/493/357
f 428/502/130 543/503/370 436/479/129
f 168/504/215 436/479/129 543/503/370
f 168/504/215 395/134/118 436/479/129
f 522/485/362 523/505/371 182/483/149
f 1112/506/372 538/507/349 357/508/350
f 200/509/189 236/257/219 199/256/191
f 186/510/373 1619/511/374 1610/512/375
f 667/513/376 668/514/376 665/515/376
f 33/516/377 22/517/313 29/518/378
f 170/519/379 168/520/215 398/150/132
f 75/77/73 73/521/380 74/79/75
f 13/522/381 9/523/382 11/524/383
f 442/525/190 242/526/237 440/527/51
f 799/528/318 529/529/384 800/530/385
f 418/366/293 416/393/311 433/367/294
f 248/531/220 475/532/167 1551/533/386
f 405/534/387 1551/533/386 475/532/167
f 472/535/225 486/373/298 463/372/123
f 484/536/388 472/535/225 252/537/226
f 252/537/226 464/538/228 484/536/388
f 265/539/55 499/540/57 264/541/185
f 467/542/389 264/541/185 499/540/57
f 254/543/261 581/544/390 303/545/260
f 1491/546/258 303/545/260 581/544/390
f 444/547/52 445/548/248 443/549/53
f 443/549/53 450/550/249 444/547/52
f 443/549/53 362/551/232 450/550/249
f 365/552/340 450/550/249 362/551/232
f 364/553/231 263/554/250 222/555/251
f 364/553/231 222/555/251 353/556/341
f 445/548/248 444/547/52 446/557/246
f 225/558/44 446/557/246 308/559/391
f 302/560/242 444/547/52 450/550/249
f 450/550/249 246/561/243 302/560/242
f 302/560/242 453/562/23 444/547/52
f 447/23/22 446/557/246 444/547/52
f 449/563/201 308/559/391 452/564/239
f 449/563/201 245/565/392 442/566/190
f 242/567/237 442/566/190 245/565/392
f 426/568/192 166/569/393 148/570/193
f 481/571/394 582/572/395 479/573/396
f 469/391/309 459/74/70 489/73/69
f 269/574/358 468/575/397 497/473/204
f 489/576/69 486/577/298 488/578/398
f 582/572/395 481/571/394 467/579/389
f 467/579/389 499/238/57 582/572/395
f 254/580/261 467/579/389 481/571/394
f 481/571/394 1574/581/399 254/580/261
f 581/582/390 254/580/261 1574/581/399
f 517/89/84 519/583/83 437/584/289
f 289/585/400 296/204/174 290/203/173
f 502/586/401 521/587/402 405/588/387
f 247/589/186 455/406/146 502/586/401
f 516/590/144 502/586/401 455/406/146
f 513/591/403 517/89/84 514/592/404
f 173/176/151 182/593/149 184/177/148
f 525/351/112 135/594/111 132/595/115
f 140/596/104 527/597/405 366/598/97
f 140/596/104 129/599/106 527/597/405
f 109/600/95 366/598/97 527/597/405
f 129/599/106 136/601/107 527/597/405
f 141/602/114 132/595/115 135/594/111
f 527/597/405 528/603/406 360/604/407
f 799/528/318 527/597/405 145/605/117
f 527/597/405 799/528/318 528/603/406
f 468/606/397 259/34/33 461/197/169
f 558/607/408 557/608/409 573/609/410
f 572/610/411 559/611/412 584/612/413
f 179/19/18 173/613/151 174/163/143
f 401/477/359 184/476/148 522/614/362
f 180/21/20 183/170/103 179/19/18
f 210/326/6 289/585/400 283/324/269
f 419/487/363 416/393/311 417/490/365
f 417/490/365 578/489/342 390/491/354
f 502/586/401 405/588/387 247/589/186
f 1114/615/414 544/616/414 539/617/415
f 256/265/224 304/240/206 257/480/361
f 462/271/230 478/618/416 266/312/262
f 99/41/40 798/40/39 104/619/417
f 97/620/418 93/621/419 80/31/30
f 1425/208/178 659/622/420 1437/623/421
f 173/613/151 181/624/102 174/163/143
f 83/27/26 89/33/32 73/521/380
f 437/625/289 401/484/359 523/505/371
f 385/626/324 371/627/422 386/628/291
f 40/47/46 37/62/59 36/48/47
f 268/315/265 464/269/228 252/267/226
f 374/629/29 357/630/350 388/631/27
f 182/483/149 523/505/371 401/484/359
f 198/44/43 200/220/189 199/222/191
f 110/632/423 800/633/385 137/354/287
f 247/217/186 203/634/424 300/635/255
f 203/634/424 190/636/425 300/635/255
f 75/77/73 91/81/77 358/637/334
f 799/528/318 110/638/423 528/639/406
f 317/640/426 321/641/427 309/642/428
f 259/34/33 269/472/358 470/35/34
f 28/37/36 29/643/378 21/38/37
f 210/7/6 218/644/429 211/247/211
f 23/46/45 39/645/195 40/47/46
f 511/646/430 508/142/126 510/647/431
f 451/196/168 405/648/387 475/649/167
f 422/424/330 415/392/310 420/488/364
f 265/58/55 266/650/262 471/59/56
f 193/263/222 267/262/221 244/651/432
f 134/381/302 133/380/301 130/652/433
f 250/75/71 304/653/206 489/73/69
f 493/654/308 496/237/205 497/236/204
f 355/83/79 74/79/75 73/521/380
f 501/655/19 180/656/20 500/214/184
f 516/164/144 455/167/146 178/165/145
f 542/657/434 425/658/435 164/659/436
f 153/90/85 430/660/368 152/91/86
f 30/39/38 21/38/37 24/111/99
f 248/260/220 237/264/223 220/661/187
f 237/264/223 193/263/222 220/661/187
f 176/113/101 455/662/146 181/114/102
f 108/663/91 106/664/437 98/665/438
f 127/666/439 126/667/440 125/668/441
f 515/375/299 523/669/371 511/670/430
f 395/134/118 422/424/330 161/135/119
f 253/137/121 256/265/224 262/138/122
f 176/166/101 177/671/147 178/165/145
f 233/306/256 232/672/442 235/673/257
f 202/674/332 185/219/188 193/675/222
f 194/676/443 1627/677/444 1593/678/445
f 194/676/443 202/674/332 193/675/222
f 165/149/131 428/147/130 436/145/129
f 179/19/18 437/679/289 182/593/149
f 366/430/97 109/680/95 359/431/333
f 466/191/164 253/137/121 465/192/165
f 95/681/179 358/682/334 91/683/77
f 273/684/446 278/685/446 279/686/447
f 461/197/169 259/34/33 258/198/170
f 475/259/167 248/260/220 220/661/187
f 264/215/185 255/687/448 260/36/35
f 78/688/449 86/25/24 83/27/26
f 489/73/69 304/653/206 465/689/165
f 423/690/450 425/691/435 426/692/192
f 134/693/302 138/694/241 145/605/117
f 185/219/188 203/634/424 247/217/186
f 268/315/265 237/264/223 267/262/221
f 433/367/294 437/625/289 519/695/83
f 26/61/58 38/696/60 39/226/195
f 499/238/57 471/697/56 497/236/204
f 490/698/451 492/699/452 491/700/453
f 188/184/157 187/183/156 364/272/231
f 243/280/238 225/290/44 198/701/43
f 834/702/454 146/132/116 139/283/240
f 146/132/116 145/133/117 138/284/241
f 431/703/366 384/463/323 389/704/357
f 262/138/122 256/265/224 235/307/257
f 244/651/432 268/315/265 267/262/221
f 375/705/346 380/706/455 378/707/348
f 294/339/175 296/333/174 298/337/275
f 296/333/174 297/708/456 298/337/275
f 155/709/138 156/710/457 163/711/9
f 384/712/323 431/703/366 385/626/324
f 27/340/277 25/713/100 24/341/99
f 199/222/191 442/221/190 241/232/200
f 154/714/458 172/715/459 167/716/458
f 214/245/209 218/644/429 215/242/198
f 220/218/187 193/675/222 185/219/188
f 1675/717/460 1590/718/461 396/719/462
f 284/330/272 299/329/197 296/204/174
f 52/355/288 51/395/312 57/356/66
f 47/359/68 45/720/142 50/360/290
f 486/373/298 489/721/69 253/371/121
f 489/721/69 465/192/165 253/371/121
f 613/722/463 617/723/464 605/349/283
f 387/362/28 373/364/292 374/724/29
f 451/304/168 458/379/300 456/299/253
f 370/725/465 372/726/466 354/727/336
f 102/100/93 367/99/92 106/728/437
f 393/387/306 438/499/369 432/9/8
f 513/729/403 509/213/183 517/89/84
f 266/312/262 265/216/55 260/36/35
f 50/360/290 45/720/142 51/395/312
f 104/730/417 798/124/39 103/126/110
f 188/394/157 443/56/53 450/294/249
f 116/107/74 103/126/110 799/405/318
f 418/731/293 180/732/20 351/443/339
f 1486/733/467 581/582/390 1574/581/399
f 94/734/78 355/735/79 73/736/380
f 210/7/6 192/6/5 218/644/429
f 139/283/240 138/284/241 800/633/385
f 132/131/115 141/130/114 134/381/302
f 181/624/102 455/167/146 516/164/144
f 64/421/327 65/737/468 66/422/328
f 70/738/469 97/739/418 82/740/470
f 224/741/254 190/636/425 188/184/157
f 296/204/174 286/331/273 282/319/268
f 202/426/332 194/742/443 229/427/11
f 57/440/66 62/743/471 63/441/338
f 191/141/125 192/6/5 205/249/213
f 460/390/171 459/74/70 469/391/309
f 191/141/125 205/249/213 207/253/216
f 252/267/226 463/139/123 268/315/265
f 799/405/318 137/416/287 111/108/96
f 294/339/175 295/338/276 211/411/211
f 425/658/435 160/151/133 164/659/436
f 160/151/133 165/149/131 164/659/436
f 362/273/232 443/56/53 188/184/157
f 431/703/366 577/467/355 390/465/354
f 176/166/101 180/21/20 501/20/19
f 241/279/200 239/53/50 440/54/51
f 104/730/417 103/126/110 116/107/74
f 422/424/330 395/134/118 981/744/472
f 165/149/131 398/150/132 168/520/215
f 226/291/202 445/293/248 446/289/246
f 523/669/371 502/586/401 518/745/473
f 800/530/385 110/638/423 799/528/318
f 403/746/474 404/425/331 414/747/475
f 488/578/398 491/700/453 489/576/69
f 491/700/453 469/748/309 489/576/69
f 493/654/308 469/748/309 491/700/453
f 289/585/400 286/331/273 296/204/174
f 505/749/476 506/750/127 502/586/401
f 506/750/127 518/751/473 502/586/401
f 294/205/175 285/328/271 290/203/173
f 390/465/354 578/450/342 368/452/344
f 237/752/223 248/531/220 1551/533/386
f 180/21/20 176/166/101 183/170/103
f 377/753/326 376/754/345 379/755/477
f 210/326/6 288/756/478 289/585/400
f 150/15/14 394/17/16 399/757/479
f 394/17/16 836/350/284 398/758/132
f 399/757/479 394/17/16 398/758/132
f 447/23/22 444/547/52 453/562/23
f 1/759/480 4/760/481 6/761/482
f 404/425/331 402/762/483 415/392/310
f 164/659/436 165/149/131 541/763/484
f 541/763/484 542/657/434 164/659/436
f 508/142/126 511/646/430 518/745/473
f 43/764/485 32/765/486 33/516/377
f 395/251/118 394/17/16 981/766/472
f 792/767/487 80/768/30 93/621/419
f 159/92/87 166/569/393 162/155/136
f 496/237/205 492/699/452 495/769/488
f 296/333/174 217/334/218 297/708/456
f 493/654/308 492/699/452 496/237/205
f 541/770/484 543/503/370 160/771/133
f 16/772/489 12/773/490 15/774/491
f 420/488/364 415/392/310 416/393/311
f 428/147/130 165/149/131 160/151/133
f 40/47/46 41/64/61 37/62/59
f 425/658/435 427/775/194 426/692/192
f 523/669/371 518/745/473 511/646/430
f 373/776/292 370/777/465 374/629/29
f 367/778/92 127/666/439 106/664/437
f 11/524/383 16/772/489 13/522/381
f 427/775/194 424/779/135 422/424/330
f 16/772/489 14/761/492 13/522/381
f 428/502/130 160/771/133 543/503/370
f 422/424/330 151/780/134 161/135/119
f 163/10/9 432/9/8 438/499/369
f 35/781/493 26/782/58 22/783/313
f 649/784/494 648/785/495 647/786/496
f 604/787/497 615/788/498 602/789/499
f 425/691/435 423/690/450 542/790/434
f 374/629/29 370/777/465 354/791/336
f 455/792/146 190/636/425 224/741/254
f 622/793/500 599/794/501 612/795/502
f 599/794/501 622/793/500 615/788/498
f 612/795/502 618/796/503 622/793/500
f 618/796/503 612/795/502 610/797/504
f 602/798/499 601/799/505 604/787/497
f 604/787/497 601/799/505 607/800/506
f 601/799/505 606/348/282 607/800/506
f 623/801/507 621/802/508 624/803/509
f 90/804/510 92/86/81 88/805/511
f 605/349/283 606/348/282 613/722/463
f 604/787/497 599/794/501 615/788/498
f 621/802/508 622/806/500 618/796/503
f 54/807/512 68/808/513 67/809/514
f 623/801/507 622/806/500 621/802/508
f 522/614/362 184/476/148 521/810/402
f 630/811/515 631/812/515 632/813/515
f 413/814/516 422/424/330 981/744/472
f 364/553/231 443/549/53 263/554/250
f 1471/815/517 223/816/518 195/231/199
f 64/421/327 62/743/471 65/737/468
f 68/808/513 61/817/519 67/818/514
f 292/819/208 299/229/197 216/228/196
f 123/820/520 121/821/521 130/652/433
f 1394/822/522 635/823/523 634/824/524
f 652/825/525 653/826/526 658/827/527
f 633/828/528 1437/623/421 1394/829/522
f 142/129/113 525/128/112 829/830/286
f 642/831/529 641/832/530 660/833/531
f 642/831/529 660/833/531 655/834/532
f 643/835/533 657/836/534 644/837/535
f 358/682/334 116/78/74 75/77/73
f 641/832/530 649/784/494 651/838/536
f 651/838/536 657/836/534 641/832/530
f 652/825/525 651/838/536 653/826/526
f 656/839/537 649/784/494 641/832/530
f 641/832/530 642/831/529 656/839/537
f 660/833/531 641/832/530 643/835/533
f 657/836/534 643/835/533 641/832/530
f 656/839/537 642/831/529 654/840/538
f 655/834/532 654/840/538 642/831/529
f 635/841/523 659/622/420 653/826/526
f 664/842/539 640/843/539 663/844/539
f 669/845/540 670/846/541 671/847/542
f 670/846/541 672/848/543 671/847/542
f 675/849/544 673/850/545 677/851/546
f 677/851/546 678/852/547 675/849/544
f 677/851/546 673/850/545 674/853/548
f 673/854/545 676/855/549 674/853/548
f 532/856/550 536/857/551 537/858/552
f 653/826/526 659/622/420 658/827/527
f 1425/208/178 1437/623/421 1435/859/553
f 657/836/534 651/838/536 652/825/525
f 655/834/532 660/833/531 1424/860/554
f 662/861/555 661/862/556 1425/208/178
f 1436/863/557 662/861/555 1425/208/178
f 651/838/536 635/841/523 653/826/526
f 511/670/430 512/864/558 515/865/299
f 303/310/260 255/687/448 264/215/185
f 102/104/93 366/106/97 114/110/98
f 234/13/12 227/866/559 228/14/13
f 284/330/272 283/324/269 285/328/271
f 90/867/510 88/868/511 85/869/560
f 399/757/479 397/250/214 171/870/561
f 599/794/501 607/800/506 603/871/562
f 157/872/563 155/158/138 158/873/564
f 65/737/468 57/440/66 66/422/328
f 461/197/169 476/874/565 251/288/245
f 246/286/243 251/288/245 476/874/565
f 186/875/373 1613/876/566 185/219/188
f 50/360/290 48/357/65 49/71/67
f 34/65/62 31/67/64 35/781/493
f 649/784/494 635/823/523 651/838/536
f 386/628/291 370/877/465 373/878/292
f 58/879/567 53/880/568 56/399/314
f 76/881/80 90/867/510 87/882/569
f 40/47/46 38/696/60 41/64/61
f 109/600/95 527/597/405 360/883/407
f 369/884/343 578/885/342 418/731/293
f 1437/623/421 635/841/523 1394/829/522
f 277/886/570 495/769/488 492/699/452
f 505/749/476 516/590/144 500/214/184
f 184/476/148 405/887/387 521/810/402
f 185/219/188 202/674/332 186/875/373
f 616/888/571 619/889/572 609/890/573
f 118/189/162 119/188/161 112/314/264
f 233/306/256 256/265/224 270/891/574
f 328/892/575 311/893/576 309/642/428
f 89/33/32 81/894/577 80/31/30
f 105/417/325 103/126/110 807/125/109
f 1471/815/517 195/231/199 442/221/190
f 218/644/429 213/246/210 211/247/211
f 601/895/505 628/896/578 606/348/282
f 484/897/388 483/898/579 486/577/298
f 313/899/580 335/900/581 311/893/576
f 361/901/319 454/902/252 448/903/244
f 186/510/373 228/428/13 227/904/559
f 1490/905/582 240/275/234 238/52/49
f 130/652/433 131/381/583 123/820/520
f 212/241/207 210/7/6 211/247/211
f 112/906/264 113/907/263 524/908/584
f 227/904/559 1619/511/374 186/510/373
f 454/902/252 455/909/146 456/910/253
f 134/381/302 130/652/433 131/381/583
f 542/657/434 166/569/393 425/658/435
f 95/681/179 92/86/81 358/682/334
f 283/324/269 290/203/173 285/328/271
f 418/731/293 434/911/82 180/732/20
f 132/131/115 134/381/302 131/381/583
f 358/682/334 92/86/81 116/78/74
f 303/310/260 254/311/261 255/687/448
f 399/757/479 398/758/132 397/250/214
f 333/912/585 327/913/586 309/642/428
f 505/914/476 520/915/266 504/916/587
f 414/747/475 981/917/472 396/719/462
f 435/468/307 392/462/353 393/462/306
f 340/918/588 343/919/589 337/920/590
f 448/287/244 224/300/254 188/394/157
f 143/123/108 140/118/104 114/117/98
f 186/875/373 1610/921/375 1596/922/591
f 196/235/203 201/923/592 198/44/43
f 104/619/417 116/102/74 102/104/93
f 78/688/449 72/76/72 79/924/593
f 26/925/58 23/926/45 24/927/99
f 499/238/57 498/928/594 582/572/395
f 473/22/21 478/618/416 245/929/392
f 230/930/595 1584/931/596 227/932/559
f 541/770/484 425/691/435 542/790/434
f 189/182/155 197/43/42 187/183/156
f 352/439/337 365/448/340 353/449/341
f 334/933/597 329/934/598 310/345/280
f 458/379/300 250/481/71 459/482/70
f 459/482/70 258/198/170 257/480/361
f 223/935/518 1479/936/599 238/52/49
f 238/937/49 441/938/600 239/939/50
f 128/940/601 118/189/162 125/668/441
f 203/634/424 219/185/158 204/254/217
f 212/241/207 217/255/218 206/248/212
f 515/941/299 514/592/404 517/89/84
f 243/942/238 308/559/391 446/557/246
f 7/943/602 5/773/603 8/774/604
f 148/570/193 166/569/393 159/92/87
f 216/243/196 204/254/217 292/244/208
f 121/821/521 126/667/440 127/666/439
f 521/587/402 523/669/371 522/944/362
f 88/868/511 70/738/469 82/740/470
f 129/121/106 130/652/433 133/380/301
f 331/945/605 313/899/580 311/893/576
f 148/497/193 438/499/369 423/690/450
f 559/611/412 564/946/606 566/947/607
f 242/278/237 449/948/201 241/279/200
f 639/949/608 637/950/609 638/951/608
f 206/248/212 209/8/7 210/7/6
f 608/347/281 609/890/573 610/797/504
f 190/636/425 215/242/198 218/644/429
f 244/952/432 267/953/221 1551/533/386
f 380/954/455 387/29/28 378/955/348
f 314/956/610 336/957/611 312/344/279
f 43/958/485 29/959/378 36/960/47
f 501/961/19 351/443/339 180/732/20
f 42/962/612 22/963/313 32/964/486
f 599/794/501 603/871/562 611/965/613
f 452/282/239 447/281/22 245/929/392
f 620/966/614 610/797/504 609/890/573
f 300/302/255 451/304/168 247/303/186
f 458/967/300 454/902/252 456/299/253
f 158/873/564 163/156/9 162/155/136
f 59/968/315 58/879/567 61/969/519
f 349/970/615 347/971/616 337/920/590
f 43/764/485 44/972/63 42/973/612
f 28/37/36 25/713/100 27/383/277
f 47/974/68 64/421/327 60/423/329
f 497/473/204 468/575/397 461/474/169
f 198/701/43 452/282/239 243/280/238
f 254/543/261 264/541/185 467/542/389
f 286/331/273 289/585/400 288/756/478
f 127/666/439 125/668/441 118/189/162
f 73/521/380 78/688/449 83/27/26
f 46/975/141 58/976/567 56/977/314
f 423/690/450 420/488/364 148/497/193
f 127/666/439 367/778/92 115/978/94
f 251/288/245 458/967/300 459/482/70
f 162/979/136 438/499/369 439/501/352
f 557/608/409 553/980/617 554/981/618
f 110/982/423 105/417/325 800/983/385
f 189/182/155 218/644/429 192/6/5
f 395/251/118 398/758/132 836/350/284
f 72/76/72 116/78/74 76/881/80
f 519/984/83 179/19/18 434/169/82
f 378/985/348 381/456/347 375/455/346
f 451/196/168 455/909/146 247/986/186
f 505/987/476 507/144/128 506/988/127
f 346/989/619 338/370/297 337/920/590
f 4/760/481 7/943/602 6/761/482
f 485/990/620 488/578/398 486/577/298
f 55/991/140 45/992/142 47/993/68
f 534/994/621 533/995/622 532/856/550
f 179/19/18 174/163/143 178/165/145
f 560/996/623 568/997/624 565/998/625
f 303/310/260 1491/308/258 477/276/235
f 54/807/512 61/999/519 46/1000/141
f 342/1001/626 337/920/590 341/1002/627
f 545/1003/628 549/1004/629 548/1005/630
f 360/1006/407 530/434/335 358/433/334
f 316/1007/631 309/642/428 315/1008/632
f 310/345/280 325/1009/633 318/1010/634
f 320/1011/635 322/1012/636 310/345/280
f 372/726/466 371/1013/422 431/1014/366
f 242/278/237 245/929/392 478/618/416
f 468/606/397 476/1015/565 461/197/169
f 229/12/11 231/1016/303 234/13/12
f 92/1017/81 95/1018/179 94/1019/78
f 302/285/242 476/874/565 453/24/23
f 476/874/565 473/22/21 453/24/23
f 86/25/24 77/1020/637 84/26/25
f 388/28/27 378/955/348 387/29/28
f 407/49/48 408/1021/638 409/50/48
f 238/52/49 440/54/51 240/275/234
f 444/55/52 301/57/54 453/24/23
f 500/214/184 180/656/20 517/89/84
f 180/656/20 434/87/82 517/89/84
f 623/801/507 624/803/509 627/93/88
f 624/803/509 626/1022/639 627/93/88
f 623/801/507 627/93/88 625/95/89
f 626/1022/639 628/1023/578 627/93/88
f 508/142/126 518/751/473 506/143/127
f 55/160/140 54/1024/512 46/161/141
f 351/443/339 361/445/319 365/448/340
f 1425/208/178 643/835/533 645/206/176
f 643/835/533 644/837/535 645/206/176
f 95/209/179 91/81/77 356/80/76
f 587/211/181 597/1025/640 594/212/182
f 594/212/182 595/1026/641 575/1027/642
f 595/1026/641 592/1028/643 575/1027/642
f 592/1028/643 589/1027/644 575/1027/642
f 575/1027/642 576/210/180 594/212/182
f 509/213/183 503/317/267 500/214/184
f 537/1029/552 531/1030/645 1100/1031/646
f 654/840/538 655/834/532 1429/1032/647
f 457/270/229 265/216/55 264/215/185
f 261/268/227 472/266/225 232/1033/442
f 472/266/225 235/307/257 232/1033/442
f 330/343/278 332/1034/648 312/344/279
f 310/345/280 322/1012/636 326/1035/649
f 326/1035/649 330/343/278 310/345/280
f 608/347/281 607/800/506 606/348/282
f 525/351/112 132/595/115 1099/352/285
f 144/119/105 111/120/96 137/354/287
f 519/174/83 181/114/102 182/172/149
f 181/114/102 175/173/150 182/172/149
f 264/215/185 249/277/236 457/270/229
f 437/374/289 523/669/371 515/375/299
f 177/376/147 501/655/19 500/214/184
f 136/601/107 145/605/117 527/597/405
f 133/380/301 136/122/107 146/132/116
f 23/382/45 29/643/378 28/37/36
f 493/389/308 461/474/169 460/390/171
f 415/392/310 401/484/359 433/367/294
f 34/396/62 35/1036/493 22/397/313
f 56/399/314 53/880/568 59/400/315
f 410/402/316 411/1037/650 412/403/317
f 466/191/164 237/264/223 268/315/265
f 177/376/147 516/377/144 455/406/146
f 590/410/651 591/410/322 588/409/321
f 591/410/322 574/1038/652 593/408/320
f 574/1038/652 586/1039/653 598/1040/654
f 598/1040/654 596/1041/655 574/1038/652
f 596/1041/655 593/408/320 574/1038/652
f 386/413/291 380/954/455 384/414/323
f 847/418/137 376/1042/345 377/419/326
f 422/424/330 413/814/516 404/425/331
f 1472/478/360 1471/815/517 200/220/189
f 1471/815/517 442/221/190 200/220/189
f 257/480/361 304/240/206 250/481/71
f 667/513/376 665/515/376 666/1043/376
f 33/516/377 32/765/486 22/517/313
f 75/77/73 72/76/72 73/521/380
f 418/366/293 417/490/365 416/393/311
f 426/568/192 425/658/435 166/569/393
f 1576/1044/656 1574/581/399 482/179/152
f 1574/581/399 481/571/394 479/573/396
f 482/179/152 1574/581/399 479/573/396
f 582/572/395 498/928/594 480/1045/657
f 582/572/395 480/1045/657 479/573/396
f 482/179/152 1575/181/154 1576/1044/656
f 1100/1031/646 531/1030/645 526/1046/658
f 468/606/397 269/472/358 259/34/33
f 179/19/18 182/593/149 173/613/151
f 417/490/365 390/491/354 419/487/363
f 256/265/224 465/239/165 304/240/206
f 462/271/230 266/312/262 265/216/55
f 80/31/30 82/740/470 97/620/418
f 1425/208/178 658/1047/527 659/622/420
f 175/1048/150 181/624/102 173/613/151
f 181/624/102 516/164/144 174/163/143
f 385/626/324 431/703/366 371/627/422
f 339/368/295 338/370/297 348/1049/659
f 374/629/29 355/1050/79 357/630/350
f 309/642/428 316/1007/631 317/640/426
f 451/196/168 247/986/186 405/648/387
f 179/19/18 519/984/83 437/679/289
f 136/601/107 133/1051/301 145/605/117
f 133/1051/301 134/693/302 145/605/117
f 369/451/343 354/727/336 372/726/466
f 372/726/466 368/452/344 369/451/343
f 433/367/294 401/484/359 437/625/289
f 491/700/453 488/578/398 490/698/451
f 488/578/398 487/1052/660 490/698/451
f 198/44/43 197/43/42 196/235/203
f 375/705/346 384/1053/323 380/706/455
f 1112/1054/372 357/1055/350 530/1056/335
f 357/1055/350 356/437/76 91/432/77
f 530/1056/335 357/1055/350 91/432/77
f 981/766/472 394/17/16 400/16/15
f 613/722/463 614/1057/661 617/723/464
f 370/725/465 371/1013/422 372/726/466
f 145/133/117 137/354/287 138/284/241
f 137/354/287 800/633/385 138/284/241
f 226/291/202 446/289/246 225/290/44
f 389/704/357 391/1058/356 431/703/366
f 413/814/516 414/747/475 404/425/331
f 1612/1059/662 403/746/474 414/747/475
f 440/527/51 239/939/50 441/938/600
f 376/754/345 381/1060/347 379/755/477
f 381/1060/347 382/1061/663 539/1062/415
f 382/1061/663 538/459/349 539/1062/415
f 539/1062/415 379/755/477 381/1060/347
f 379/755/477 383/461/351 384/463/323
f 384/463/323 377/753/326 379/755/477
f 1/759/480 2/523/664 4/760/481
f 43/764/485 42/962/612 32/765/486
f 498/928/594 499/238/57 495/769/488
f 499/238/57 496/237/205 495/769/488
f 493/654/308 491/700/453 492/699/452
f 16/772/489 10/1063/665 12/773/490
f 424/153/135 427/775/194 160/151/133
f 160/151/133 427/775/194 425/658/435
f 11/524/383 10/1063/665 16/772/489
f 420/488/364 426/692/192 422/424/330
f 426/692/192 427/775/194 422/424/330
f 424/779/135 151/780/134 422/424/330
f 35/781/493 31/67/64 26/782/58
f 649/784/494 647/786/496 635/823/523
f 384/1064/323 375/455/346 377/454/326
f 354/791/336 355/1050/79 374/629/29
f 455/792/146 300/635/255 190/636/425
f 90/804/510 76/84/80 92/86/81
f 54/807/512 55/991/140 68/808/513
f 364/553/231 362/551/232 443/549/53
f 650/1065/666 649/784/494 654/840/538
f 649/784/494 656/839/537 654/840/538
f 1471/815/517 1479/1066/599 223/816/518
f 64/421/327 63/1067/338 62/743/471
f 68/808/513 60/1068/329 61/817/519
f 124/1069/667 122/1070/668 123/820/520
f 123/820/520 131/381/583 132/131/115
f 123/820/520 132/131/115 124/1069/667
f 132/131/115 525/128/112 124/1069/667
f 292/819/208 217/334/218 299/229/197
f 23/926/45 36/1071/47 29/1072/378
f 123/820/520 122/1070/668 121/821/521
f 532/856/550 533/995/622 536/857/551
f 511/670/430 510/647/431 512/864/558
f 102/104/93 109/103/95 366/106/97
f 234/13/12 230/930/595 227/866/559
f 284/330/272 282/319/268 283/324/269
f 84/26/25 77/1020/637 85/869/560
f 77/1020/637 90/867/510 85/869/560
f 599/794/501 604/787/497 607/800/506
f 157/872/563 169/159/139 155/158/138
f 65/737/468 62/1073/471 57/440/66
f 260/36/35 255/687/448 272/1074/669
f 254/311/261 1487/309/259 276/1075/670
f 257/480/361 258/198/170 271/1076/671
f 258/198/170 259/34/33 277/1077/570
f 270/891/574 256/265/224 257/480/361
f 279/686/447 277/1077/570 259/34/33
f 461/197/169 251/288/245 460/199/171
f 246/286/243 476/874/565 302/285/242
f 57/1078/66 59/1079/315 66/1080/328
f 59/1079/315 61/1081/519 66/1080/328
f 61/1081/519 60/1082/329 66/1080/328
f 186/875/373 1596/922/591 1602/1083/672
f 50/360/290 52/355/288 48/357/65
f 314/956/610 312/344/279 332/1034/648
f 386/628/291 371/627/422 370/877/465
f 22/397/313 26/925/58 21/1084/37
f 26/925/58 24/927/99 21/1084/37
f 21/1084/37 29/1072/378 22/397/313
f 37/1085/59 26/925/58 44/398/63
f 44/398/63 36/1071/47 37/1085/59
f 87/882/569 79/924/593 76/881/80
f 79/924/593 72/76/72 76/881/80
f 145/605/117 138/694/241 799/528/318
f 138/694/241 139/1086/240 799/528/318
f 40/47/46 39/645/195 38/696/60
f 360/883/407 358/1087/334 109/600/95
f 358/1087/334 359/431/333 109/600/95
f 1437/623/421 659/622/420 635/841/523
f 528/1088/406 110/1089/423 800/1090/385
f 277/886/570 494/1091/673 495/769/488
f 505/749/476 502/586/401 516/590/144
f 184/476/148 173/475/151 405/887/387
f 620/966/614 609/890/573 619/889/572
f 609/890/573 605/349/283 616/888/571
f 605/349/283 617/723/464 616/888/571
f 1603/1092/674 1674/1093/675 981/917/472
f 328/892/575 331/945/605 311/893/576
f 309/642/428 321/641/427 324/1094/676
f 324/1094/676 328/892/575 309/642/428
f 80/31/30 81/894/577 82/740/470
f 89/33/32 83/27/26 81/894/577
f 59/1079/315 57/1078/66 46/975/141
f 57/1078/66 51/1095/312 46/975/141
f 51/1095/312 45/1096/142 46/975/141
f 105/417/325 799/405/318 103/126/110
f 218/644/429 214/245/209 213/246/210
f 601/895/505 600/1097/677 628/896/578
f 483/898/579 485/990/620 486/577/298
f 450/550/249 365/552/340 448/903/244
f 365/552/340 361/901/319 448/903/244
f 186/510/373 202/426/332 228/428/13
f 212/241/207 206/248/212 210/7/6
f 454/902/252 361/901/319 455/909/146
f 283/324/269 289/585/400 290/203/173
f 484/897/388 486/577/298 472/1098/225
f 311/893/576 335/900/581 333/912/585
f 327/913/586 323/1099/678 309/642/428
f 311/893/576 333/912/585 309/642/428
f 505/914/476 500/214/184 520/915/266
f 414/747/475 413/814/516 981/917/472
f 435/468/307 384/463/323 392/462/353
f 337/920/590 342/1001/626 340/918/588
f 448/287/244 454/298/252 224/300/254
f 1673/1100/679 396/719/462 1589/1101/680
f 189/182/155 201/923/592 196/235/203
f 201/923/592 1472/478/360 198/44/43
f 100/1102/681 99/41/40 102/104/93
f 99/41/40 104/619/417 102/104/93
f 78/688/449 73/521/380 72/76/72
f 473/22/21 245/929/392 447/23/22
f 230/930/595 1628/1103/682 1601/1104/683
f 541/770/484 160/771/133 425/691/435
f 142/129/113 135/127/111 146/132/116
f 135/127/111 141/130/114 146/132/116
f 141/130/114 134/381/302 146/132/116
f 312/344/279 336/957/611 334/933/597
f 329/934/598 325/1009/633 310/345/280
f 312/344/279 334/933/597 310/345/280
f 304/240/206 250/481/71 474/378/166
f 474/378/166 250/481/71 458/379/300
f 415/392/310 402/762/483 401/484/359
f 459/482/70 460/199/171 258/198/170
f 238/52/49 239/53/50 223/935/518
f 239/53/50 241/279/200 223/935/518
f 71/1105/684 94/734/78 89/1106/32
f 94/734/78 73/736/380 89/1106/32
f 128/940/601 120/190/163 118/189/162
f 1624/1107/685 219/185/158 203/634/424
f 1621/1108/686 191/141/125 219/185/158
f 204/254/217 190/636/425 203/634/424
f 292/244/208 217/255/218 212/241/207
f 217/255/218 305/187/160 206/248/212
f 515/941/299 512/864/558 514/592/404
f 243/942/238 452/564/239 308/559/391
f 7/943/602 3/1109/687 5/773/603
f 159/92/87 152/91/86 148/570/193
f 216/243/196 190/636/425 204/254/217
f 129/121/106 130/652/433 127/666/439
f 130/652/433 121/821/521 127/666/439
f 521/587/402 502/586/401 523/669/371
f 355/435/79 356/437/76 357/508/350
f 129/121/106 133/380/301 136/122/107
f 148/497/193 421/496/367 438/499/369
f 269/574/358 497/473/204 470/1110/34
f 567/1111/688 570/1112/689 560/996/623
f 560/996/623 559/611/412 566/947/607
f 559/611/412 572/1113/411 563/1114/690
f 564/946/606 559/611/412 563/1114/690
f 572/1113/411 583/1115/691 563/1114/690
f 566/947/607 567/1111/688 560/996/623
f 242/278/237 245/929/392 449/948/201
f 639/949/608 638/951/608 636/1116/692
f 206/248/212 208/18/17 209/8/7
f 608/347/281 605/349/283 609/890/573
f 190/636/425 216/243/196 215/242/198
f 267/953/221 237/752/223 1551/533/386
f 380/954/455 386/413/291 387/29/28
f 43/958/485 33/1117/377 29/959/378
f 354/727/336 369/884/343 352/439/337
f 369/884/343 418/731/293 352/439/337
f 418/731/293 351/443/339 352/439/337
f 351/443/339 365/448/340 352/439/337
f 501/961/19 177/444/147 351/443/339
f 42/962/612 44/1118/63 22/963/313
f 93/1119/419 97/1120/418 69/1121/693
f 610/797/504 612/795/502 611/965/613
f 612/795/502 599/794/501 611/965/613
f 452/282/239 245/929/392 449/948/201
f 620/966/614 618/796/503 610/797/504
f 300/302/255 456/299/253 451/304/168
f 458/967/300 251/288/245 454/902/252
f 158/873/564 155/158/138 163/156/9
f 59/968/315 53/880/568 58/879/567
f 338/370/297 350/369/296 349/970/615
f 347/971/616 345/1122/694 337/920/590
f 338/370/297 349/970/615 337/920/590
f 43/764/485 36/1123/47 44/972/63
f 28/37/36 30/39/38 25/713/100
f 47/974/68 63/1067/338 64/421/327
f 198/701/43 449/948/201 452/282/239
f 254/543/261 303/545/260 264/541/185
f 291/1124/695 287/332/274 288/756/478
f 287/332/274 286/331/273 288/756/478
f 141/602/114 135/594/111 139/1086/240
f 135/594/111 142/1125/113 139/1086/240
f 142/1125/113 147/1126/696 139/1086/240
f 139/1086/240 138/694/241 141/602/114
f 138/694/241 134/693/302 141/602/114
f 46/975/141 61/1081/519 58/976/567
f 423/690/450 426/692/192 420/488/364
f 115/978/94 143/123/108 127/666/439
f 143/123/108 129/121/106 127/666/439
f 251/288/245 459/482/70 460/199/171
f 420/488/364 419/487/363 421/496/367
f 419/487/363 432/9/8 421/496/367
f 162/979/136 423/690/450 438/499/369
f 555/1127/697 556/1128/698 545/1003/628
f 545/1003/628 557/608/409 554/981/618
f 557/608/409 558/607/408 552/1129/699
f 553/980/617 557/608/409 552/1129/699
f 558/607/408 585/1130/700 552/1129/699
f 554/981/618 555/1127/697 545/1003/628
f 110/982/423 137/416/287 105/417/325
f 201/923/592 189/182/155 192/6/5
f 189/182/155 188/184/157 218/644/429
f 188/184/157 190/636/425 218/644/429
f 395/251/118 397/250/214 398/758/132
f 451/196/168 456/910/253 455/909/146
f 505/987/476 504/916/587 507/144/128
f 346/989/619 348/1049/659 338/370/297
f 337/920/590 343/919/589 344/1131/701
f 344/1131/701 346/989/619 337/920/590
f 4/760/481 3/1109/687 7/943/602
f 485/990/620 487/1052/660 488/578/398
f 382/1132/663 381/1133/347 847/418/137
f 381/1133/347 376/1042/345 847/418/137
f 60/1134/329 68/1135/513 47/993/68
f 68/1135/513 55/991/140 47/993/68
f 534/994/621 535/1136/702 533/995/622
f 584/1137/413 559/611/412 562/1138/703
f 559/611/412 560/996/623 565/998/625
f 561/1139/704 559/611/412 565/998/625
f 560/996/623 569/1140/705 568/997/624
f 562/1138/703 571/1141/706 584/1137/413
f 561/1139/704 562/1138/703 559/611/412
f 303/310/260 477/276/235 249/277/236
f 54/807/512 67/809/514 61/999/519
f 345/1122/694 341/1002/627 337/920/590
f 573/609/410 557/608/409 547/1142/707
f 557/608/409 545/1003/628 548/1005/630
f 546/1143/708 557/608/409 548/1005/630
f 545/1003/628 550/1144/709 549/1004/629
f 547/1142/707 551/1145/710 573/609/410
f 546/1143/708 547/1142/707 557/608/409
f 360/1006/407 1030/1146/711 530/434/335
f 323/1099/678 315/1008/632 309/642/428
f 319/1147/712 310/345/280 318/1010/634
f 310/345/280 319/1147/712 320/1011/635
f 390/465/354 368/452/344 431/1014/366
f 368/452/344 372/726/466 431/1014/366
f 242/278/237 478/618/416 462/271/230
f 476/1015/565 468/606/397 473/471/21
f 473/471/21 468/606/397 269/472/358
f 709/1148/713 707/1149/714 706/1150/715
f 885/1151/716 882/1152/717 729/1153/718
f 686/1154/719 679/1155/720 732/1156/721
f 679/1155/720 932/1157/722 732/1156/721
f 723/1158/723 732/1156/721 932/1157/722
f 703/1159/724 701/1160/725 702/1161/726
f 686/1162/719 732/1156/721 723/1163/723
f 681/1164/727 682/1165/728 680/1166/729
f 681/1167/727 687/1168/730 729/1169/718
f 689/1170/731 769/1171/732 758/1172/733
f 687/1168/730 681/1167/727 686/1173/719
f 969/1174/734 758/1172/733 769/1171/732
f 686/1173/719 723/1175/723 933/1176/735
f 684/1177/736 685/1178/737 763/1179/738
f 763/1179/738 685/1178/737 688/1180/739
f 680/1181/729 735/1182/740 733/1183/741
f 700/1184/742 694/1185/743 724/1186/744
f 712/1187/745 709/1148/713 710/1188/746
f 682/1189/728 728/1190/747 727/1191/748
f 682/1189/728 681/1192/727 728/1190/747
f 680/1193/729 728/1190/747 681/1192/727
f 724/1194/744 704/1195/749 703/1196/724
f 731/1197/750 726/1198/751 723/1199/723
f 680/1193/729 732/1200/721 728/1190/747
f 734/1201/752 681/1202/727 729/1203/718
f 735/1182/740 733/1183/741 742/1204/753
f 680/1181/729 733/1183/741 732/1205/721
f 741/1206/754 739/1207/755 743/1208/756
f 740/1209/757 744/1210/758 738/1211/759
f 751/1212/760 750/1213/761 779/1214/762
f 706/1215/715 714/1216/763 721/1217/764
f 743/1208/756 766/1218/765 741/1206/754
f 771/1219/766 778/1220/767 722/1221/768
f 680/1222/729 882/1152/717 679/1155/720
f 681/1164/727 682/1165/728 729/1223/718
f 717/1224/769 776/1225/770 720/1226/771
f 697/1227/772 698/1228/773 696/1229/774
f 725/1230/775 729/1231/718 727/1191/748
f 682/1189/728 727/1191/748 729/1231/718
f 730/1232/776 736/1233/777 734/1201/752
f 725/1230/775 1646/1234/778 1659/1235/779
f 774/1236/780 771/1219/766 770/1237/781
f 755/1238/782 1208/1239/783 753/1240/784
f 1208/1239/783 767/1241/785 753/1240/784
f 705/1242/786 706/1150/715 707/1149/714
f 757/1243/787 742/1244/753 733/1245/741
f 1208/1239/783 1209/1246/788 767/1241/785
f 771/1219/766 772/1247/789 773/1248/790
f 735/1249/740 768/1250/791 733/1245/741
f 691/1251/792 692/1252/793 698/1253/773
f 711/1254/794 707/1149/714 708/1255/795
f 778/1220/767 776/1256/770 777/1257/796
f 749/1258/797 1657/1259/798 1661/1260/798
f 700/1184/742 690/1261/799 694/1185/743
f 687/1168/730 730/1262/776 729/1169/718
f 1652/1263/800 886/1264/801 730/1265/776
f 1013/1266/802 1641/1267/803 1653/1268/804
f 700/1184/742 702/1161/726 701/1269/725
f 729/1203/718 730/1232/776 734/1201/752
f 692/1252/793 690/1261/799 698/1253/773
f 706/1215/715 713/1270/805 714/1216/763
f 682/1165/728 729/1153/718 882/1152/717
f 717/1224/769 719/1271/806 776/1225/770
f 1665/1272/807 728/1190/747 1016/1273/808
f 747/1274/809 1683/1275/810 1682/1276/811
f 697/1227/772 699/1277/812 698/1228/773
f 725/1230/775 730/1278/776 729/1231/718
f 696/1279/774 694/1185/743 690/1261/799
f 694/1280/743 693/1281/813 724/1194/744
f 748/1282/814 756/1283/815 1016/1284/808
f 1031/1285/816 1656/1286/817 1635/1287/818
f 1662/1288/819 730/1278/776 725/1230/775
f 776/1289/770 771/1219/766 773/1248/790
f 720/1226/771 776/1225/770 718/1290/820
f 686/1173/719 768/1291/791 931/1292/821
f 917/1293/822 767/1294/785 1209/1295/788
f 769/1296/732 772/1297/789 774/1298/780
f 731/1299/750 723/1300/723 732/1205/721
f 730/1265/776 885/1151/716 729/1153/718
f 737/1301/823 740/1209/757 738/1211/759
f 764/1302/824 779/1303/762 740/1304/757
f 926/1305/825 684/1177/736 917/1306/822
f 696/1279/774 690/1261/799 692/1252/793
f 746/1307/826 765/1308/827 745/1309/828
f 734/1201/752 759/1310/829 746/1307/826
f 740/1304/757 757/1243/787 764/1302/824
f 933/1176/735 723/1175/723 932/1311/722
f 741/1206/754 745/1309/828 765/1308/827
f 719/1312/806 721/1217/764 714/1216/763
f 724/1186/744 702/1161/726 700/1184/742
f 767/1294/785 763/1313/738 753/1314/784
f 777/1315/796 776/1316/770 773/1317/790
f 757/1243/787 733/1245/741 756/1283/815
f 1651/1318/830 728/1190/747 1665/1272/807
f 772/1297/789 759/1319/829 773/1320/790
f 684/1177/736 969/1174/734 769/1171/732
f 709/1148/713 708/1321/795 707/1149/714
f 715/1322/831 713/1270/805 720/1226/771
f 759/1319/829 689/1323/731 758/1324/733
f 716/1325/832 713/1270/805 715/1322/831
f 758/1172/733 689/1170/731 687/1168/730
f 753/1314/784 763/1313/738 762/1326/833
f 686/1173/719 680/1222/729 679/1155/720
f 756/1327/815 933/1176/735 932/1311/722
f 726/1198/751 732/1328/721 723/1199/723
f 741/1206/754 745/1309/828 739/1207/755
f 730/1278/776 1630/1329/834 1652/1330/800
f 706/1150/715 705/1242/786 709/1148/713
f 1208/1239/783 754/1331/835 1207/1332/836
f 680/1181/729 681/1202/727 735/1182/740
f 771/1219/766 775/1333/837 770/1237/781
f 969/1174/734 931/1292/821 758/1172/733
f 680/1222/729 682/1165/728 882/1152/717
f 685/1178/737 926/1305/825 767/1334/785
f 727/1191/748 1646/1234/778 725/1230/775
f 774/1236/780 772/1247/789 771/1219/766
f 768/1291/791 686/1173/719 933/1176/735
f 760/1335/838 689/1170/731 769/1171/732
f 735/1249/740 931/1336/821 768/1250/791
f 763/1313/738 769/1296/732 770/1337/781
f 769/1296/732 774/1298/780 770/1337/781
f 763/1313/738 770/1337/781 762/1326/833
f 776/1289/770 778/1338/767 771/1219/766
f 917/1293/822 684/1339/736 767/1294/785
f 769/1296/732 689/1323/731 772/1297/789
f 730/1265/776 886/1264/801 885/1151/716
f 737/1301/823 742/1204/753 740/1209/757
f 764/1302/824 751/1340/760 779/1303/762
f 926/1305/825 685/1178/737 684/1177/736
f 683/1341/839 687/1168/730 689/1170/731
f 733/1183/741 742/1204/753 737/1301/823
f 746/1307/826 745/1309/828 759/1310/829
f 735/1182/740 681/1202/727 746/1307/826
f 681/1202/727 734/1201/752 746/1307/826
f 740/1304/757 742/1244/753 757/1243/787
f 694/1280/743 696/1229/774 695/1342/840
f 696/1229/774 698/1228/773 695/1342/840
f 969/1174/734 684/1177/736 917/1306/822
f 1013/1266/802 1642/1343/841 1015/1344/842
f 1013/1266/802 1653/1268/804 1670/1345/843
f 741/1206/754 765/1308/827 766/1218/765
f 714/1216/763 716/1325/832 776/1346/770
f 776/1346/770 719/1312/806 714/1216/763
f 725/1230/775 1659/1235/779 1649/1347/844
f 724/1186/744 703/1159/724 702/1161/726
f 767/1294/785 684/1339/736 763/1313/738
f 768/1250/791 756/1283/815 733/1245/741
f 772/1297/789 689/1323/731 759/1319/829
f 684/1177/736 769/1171/732 763/1179/738
f 773/1320/790 759/1319/829 761/1348/845
f 709/1148/713 712/1187/745 708/1321/795
f 767/1334/785 926/1305/825 935/1349/846
f 687/1168/730 683/1341/839 730/1262/776
f 706/1215/715 717/1224/769 713/1270/805
f 717/1224/769 720/1226/771 713/1270/805
f 758/1324/733 931/1350/821 746/1351/826
f 931/1350/821 735/1352/740 746/1351/826
f 746/1351/826 759/1319/829 758/1324/733
f 716/1325/832 714/1216/763 713/1270/805
f 769/1171/732 763/1179/738 688/1180/739
f 687/1168/730 686/1173/719 758/1172/733
f 686/1173/719 931/1292/821 758/1172/733
f 686/1173/719 681/1167/727 680/1222/729
f 726/1198/751 728/1190/747 732/1328/721
f 838/1353/847 990/1354/848 852/1355/849
f 780/1/850 781/3/851 782/2/852
f 782/2/852 783/5/853 780/4/850
f 1219/1356/854 1221/1357/855 1218/1358/856
f 1250/1359/857 1034/1360/858 995/1361/859
f 1385/1362/860 1383/1363/861 1384/1364/862
f 886/1264/801 874/1365/863 884/1366/864
f 1038/1367/865 1280/1368/866 1039/1369/867
f 797/1370/868 789/1371/869 785/1372/870
f 788/1373/871 797/1370/868 71/1374/684
f 789/1375/869 797/1376/868 788/1373/871
f 797/1370/868 790/1377/872 1025/1378/873
f 796/1379/874 1025/1378/873 790/1377/872
f 787/1380/875 786/1381/876 790/1377/872
f 790/1377/872 786/1381/876 795/1382/877
f 786/1383/876 96/1384/878 795/1385/877
f 794/1386/879 96/1384/878 786/1383/876
f 985/1387/880 984/1388/881 983/1389/882
f 1178/1390/883 1035/1391/884 1279/1392/885
f 1321/1393/886 1320/1394/887 1319/1395/888
f 805/1396/889 806/1397/890 807/125/109
f 1271/1398/891 925/1399/892 923/1400/893
f 1165/1401/894 1177/1402/895 1178/1403/883
f 786/1404/876 1113/1405/896 831/1406/897
f 831/1407/897 811/1408/898 835/1409/899
f 831/1406/897 1029/1410/900 803/1411/901
f 1113/1405/896 1029/1412/900 831/1406/897
f 803/1411/901 1029/1412/900 1113/1405/896
f 1113/1405/896 786/1404/876 803/1411/901
f 1141/1413/902 1156/1414/903 1157/1415/904
f 815/1416/905 819/1417/906 1110/1418/907
f 812/1419/908 1110/1418/907 819/1417/906
f 828/1420/909 1109/1421/910 829/830/286
f 1117/1422/911 814/1423/912 828/1420/909
f 1117/1422/911 1108/1422/913 828/1420/909
f 1109/1421/910 828/1420/909 1108/1422/913
f 147/1424/696 829/830/286 1109/1421/910
f 1106/1425/914 818/1426/915 810/1427/916
f 809/1428/917 830/1429/918 810/1427/916
f 830/1429/918 809/1428/917 827/1430/919
f 811/1431/898 827/1430/919 809/1428/917
f 827/1430/919 811/1431/898 835/1432/899
f 835/1432/899 822/1433/920 827/1430/919
f 822/1433/920 835/1432/899 1107/1433/921
f 1107/1433/921 823/1434/922 822/1433/920
f 821/1435/923 822/1433/920 823/1434/922
f 827/1436/919 822/1433/920 821/1435/923
f 823/1434/922 824/1437/924 821/1435/923
f 821/1435/923 830/1438/918 827/1436/919
f 1115/1439/925 821/1435/923 824/1437/924
f 824/1437/924 1108/1422/913 1115/1439/925
f 819/1417/906 820/1440/926 816/1441/927
f 816/1441/927 818/1426/915 1101/1442/928
f 899/1443/929 908/1444/930 968/1445/931
f 1217/1446/932 1258/1447/933 1220/1448/934
f 915/1449/935 880/1450/936 910/1451/937
f 1286/1452/938 1200/1453/939 1195/1454/940
f 1206/1455/941 1205/1456/942 1208/1239/783
f 96/1457/878 1025/1378/873 796/1379/874
f 909/1458/943 908/1459/930 968/1460/931
f 1166/1461/944 1164/1462/945 1162/1463/946
f 1193/1464/947 1191/1465/948 1190/1466/949
f 860/1467/950 856/1468/951 859/1469/952
f 857/1470/953 859/1469/952 856/1468/951
f 841/1471/954 848/1472/955 838/1473/847
f 855/1474/956 854/1475/957 850/1476/958
f 855/1474/956 842/1477/959 854/1475/957
f 853/1478/960 854/1475/957 842/1477/959
f 842/1477/959 840/1479/961 853/1478/960
f 1001/1480/962 853/1478/960 840/1479/961
f 863/1481/963 170/519/379 867/1482/964
f 1064/1483/965 1058/1484/966 1059/1485/967
f 1032/1486/968 989/1487/969 991/1488/970
f 859/1469/952 861/1489/971 860/1467/950
f 866/1490/972 846/1491/973 869/1492/974
f 955/1493/975 952/1494/976 949/1495/977
f 1335/1496/978 1336/1497/979 1338/1498/980
f 840/1479/961 1001/1480/962 867/1482/964
f 1161/1499/981 1159/1500/982 1162/1463/946
f 894/1501/983 974/1502/984 953/1503/985
f 895/1504/986 881/1505/987 1014/1506/988
f 899/1443/929 1014/1506/988 881/1505/987
f 946/1507/989 889/1508/990 948/1509/991
f 948/1509/991 889/1508/990 947/1510/992
f 947/1510/992 889/1508/990 952/1511/976
f 972/1512/993 890/1513/994 961/1514/995
f 1047/1515/996 1048/1516/997 1040/1517/998
f 1402/1518/999 1403/1519/1000 1404/1520/1001
f 961/1514/995 890/1513/994 959/1521/1002
f 959/1521/1002 890/1513/994 960/1522/1003
f 960/1522/1003 890/1513/994 891/1523/1004
f 876/1524/1005 1249/1525/1006 916/1526/1007
f 892/1527/1008 887/1528/1009 891/1523/1004
f 974/1502/984 887/1528/1009 892/1527/1008
f 953/1503/985 889/1508/990 944/1529/1010
f 944/1529/1010 888/1530/1011 894/1501/983
f 1366/1531/1012 1370/1532/1013 1365/1533/1014
f 968/1460/931 1240/1534/1015 909/1458/943
f 1229/1535/1016 1288/1536/1017 1244/1537/1018
f 1255/1538/1019 1244/1537/1018 1288/1536/1017
f 915/1539/935 910/1540/937 1230/1541/1020
f 921/1542/1021 919/1543/1022 929/1544/1023
f 1289/1545/1024 921/1542/1021 924/1546/1025
f 929/1544/1023 924/1546/1025 921/1542/1021
f 1264/1547/1026 929/1544/1023 919/1543/1022
f 919/1543/1022 1264/1547/1026 918/1548/1027
f 927/1549/1028 1264/1547/1026 918/1548/1027
f 1358/1550/1029 1366/1531/1012 1365/1533/1014
f 811/1408/898 804/1551/1030 809/1552/917
f 931/1292/821 969/1174/734 768/1291/791
f 970/1553/1031 768/1291/791 969/1174/734
f 768/1291/791 970/1553/1031 1233/1554/1032
f 1233/1554/1032 899/1555/929 1270/1556/1033
f 1270/1556/1033 1233/1554/1032 1253/1557/1034
f 1252/1558/1035 1253/1557/1034 1233/1554/1032
f 1252/1558/1035 1233/1554/1032 970/1553/1031
f 913/1559/1036 1237/1560/1037 1240/1561/1015
f 912/1562/1038 1241/1563/1039 1237/1560/1037
f 1236/1564/1040 912/1562/1038 898/1565/1041
f 1236/1564/1040 912/1562/1038 1237/1560/1037
f 1269/1566/1042 914/1567/1043 1246/1568/1044
f 1245/1569/1045 1234/1570/1046 914/1567/1043
f 1234/1570/1046 1245/1569/1045 1028/1571/1047
f 875/1572/1048 1245/1569/1045 1028/1571/1047
f 1245/1569/1045 914/1567/1043 1265/1573/1049
f 1676/1574/1050 983/1575/882 1633/1576/1051
f 1247/1577/1052 916/1578/1007 1248/1579/1053
f 1249/1580/1006 1248/1579/1053 916/1578/1007
f 876/1581/1005 1248/1579/1053 1249/1580/1006
f 1248/1579/1053 876/1581/1005 1242/1582/1054
f 1250/1583/857 1242/1582/1054 876/1581/1005
f 1257/1584/1055 926/1305/825 1256/1585/1056
f 917/1306/822 1256/1585/1056 926/1305/825
f 1316/1586/1057 1318/1587/1058 1315/1588/1059
f 1234/1589/1046 1235/1590/1060 1238/1591/1061
f 1269/1566/1042 1265/1573/1049 914/1567/1043
f 944/1529/1010 894/1501/983 953/1503/985
f 945/1592/1062 888/1593/1011 944/1594/1010
f 953/1595/985 945/1592/1062 944/1594/1010
f 946/1596/989 945/1592/1062 948/1597/991
f 949/1495/977 948/1597/991 945/1592/1062
f 948/1597/991 949/1495/977 947/1598/992
f 947/1598/992 949/1495/977 952/1494/976
f 966/1599/1063 951/1600/1064 958/1601/1065
f 958/1601/1065 951/1600/1064 965/1602/1066
f 950/1603/1067 965/1602/1066 951/1600/1064
f 953/1595/985 954/1604/1068 945/1592/1062
f 957/1605/1069 945/1592/1062 954/1604/1068
f 960/1606/1003 965/1607/1066 891/1608/1004
f 961/1609/995 958/1610/1065 959/1611/1002
f 966/1612/1063 973/1613/1070 964/1614/1071
f 1115/1439/925 817/1615/1072 813/1616/1073
f 968/1445/931 908/1444/930 883/1617/1074
f 1274/1618/322 1275/1619/652 1300/1620/655
f 1003/1621/1075 1004/1622/1076 858/1623/1077
f 1234/1570/1046 1028/1571/1047 1278/1624/1078
f 654/840/538 1429/1032/647 1426/1625/1079
f 880/1626/936 900/1627/1080 901/1628/1081
f 1166/1461/944 1086/1629/1082 1168/1630/1083
f 1111/1631/1084 786/1404/876 831/1406/897
f 1192/1632/1085 1190/1466/949 1188/1633/1086
f 905/1634/1087 900/1627/1080 872/1635/1088
f 1264/1547/1026 930/1636/1089 929/1544/1023
f 1422/1637/1090 1421/1638/1091 1423/1639/1092
f 870/1640/1093 865/1641/1094 864/1642/1095
f 997/1643/1096 856/1644/951 860/1645/950
f 1003/1621/1075 1002/1646/1097 856/1644/951
f 1406/1647/1098 1418/1648/1099 1408/1649/1100
f 1242/1650/1054 1267/1651/1101 1288/1652/1017
f 791/1653/1102 787/1380/875 785/1372/870
f 1111/1654/1084 529/529/384 799/528/318
f 1181/1655/1103 1182/1656/1104 1284/1657/1105
f 1137/1658/1106 1156/1414/903 1130/1659/1107
f 1167/1660/1108 1165/1661/894 1168/1630/1083
f 966/1599/1063 967/1662/1109 951/1600/1064
f 893/1663/1110 961/1514/995 959/1521/1002
f 1436/863/557 1441/1664/1111 1440/1665/1112
f 1027/1666/1113 809/1667/917 810/1668/916
f 1025/1378/873 71/1374/684 797/1370/868
f 1441/1664/1111 1432/1669/1114 1440/1665/1112
f 1050/1670/1115 999/1671/1116 996/1672/1117
f 1323/1673/1118 1313/1674/1119 1312/1675/1120
f 786/1381/876 787/1380/875 794/1676/879
f 880/1626/936 1637/1677/1121 1660/1678/1122
f 1189/1679/1123 1188/1633/1086 1186/1680/1124
f 1251/1681/1125 1257/1682/1055 1204/1683/1126
f 1237/1684/1037 1246/1685/1044 1238/1591/1061
f 1204/1686/1126 1257/1687/1055 1203/1688/1127
f 904/1689/1128 1629/1690/1129 1671/1691/1130
f 864/1642/1095 854/1475/957 849/1692/1131
f 910/1540/937 1232/1693/1132 1231/1694/1133
f 1055/1695/1134 993/1696/1135 999/1671/1116
f 995/1361/859 1249/1697/1006 1250/1359/857
f 1010/1698/1136 1012/1699/1137 1277/1700/1138
f 1158/1701/1139 1160/1702/1140 1183/1703/1141
f 1235/1704/1060 976/1705/1142 897/1706/1142
f 1217/1707/932 1219/1356/854 1216/1708/1143
f 1282/1709/1144 1135/1710/1145 1281/1711/1146
f 1211/1712/1147 1264/1713/1026 1214/1714/1148
f 1224/1715/1149 1225/1716/1150 1226/1717/1151
f 1246/1568/1044 1237/1560/1037 1272/1718/1152
f 1035/1719/884 999/1720/1116 1050/1721/1115
f 994/1722/1153 993/1696/1135 1055/1723/1134
f 794/1676/879 787/1380/875 70/738/469
f 1119/1724/1154 1121/1725/1155 1124/1726/1156
f 792/1727/487 788/1373/871 793/32/31
f 804/1551/1030 810/1728/916 809/1552/917
f 994/1729/1153 1055/1730/1134 1037/1731/1157
f 1257/1584/1055 1251/1732/1125 922/1733/1158
f 900/1627/1080 902/1734/1159 901/1628/1081
f 1184/1735/1160 1180/1736/1161 1284/1657/1105
f 943/1737/1162 940/1738/1162 939/1739/1162
f 945/1592/1062 962/1740/1163 950/1603/1067
f 1188/1633/1086 1190/1466/949 1187/1741/1164
f 801/1742/1165 805/1743/889 117/1744/1166
f 1051/1745/1167 1055/1695/1134 999/1671/1116
f 1015/1746/842 1014/1747/988 978/1748/1168
f 875/1749/1048 876/1524/1005 916/1526/1007
f 70/738/469 787/1380/875 791/1653/1102
f 1205/1456/942 1257/1687/1055 1209/1246/788
f 1249/1750/1006 1242/1650/1054 1250/1751/857
f 1015/1752/842 978/1753/1168 747/1754/809
f 962/1755/1163 963/1756/1169 974/1757/984
f 877/1758/1170 959/1521/1002 960/1522/1003
f 1337/1759/1171 1333/1760/1172 1334/1761/1173
f 982/1762/1174 986/1763/1175 170/1764/379
f 990/1354/848 855/1765/956 850/1766/958
f 1027/1666/1113 1026/1767/1176 1029/1768/900
f 1209/1769/788 1256/1770/1056 917/1771/822
f 867/1482/964 170/519/379 171/1772/561
f 1678/1773/1177 983/1389/882 1677/1774/1178
f 1141/1413/902 1131/1775/1179 1130/1659/1107
f 891/1523/1004 877/1758/1170 960/1522/1003
f 1188/1633/1086 1185/1776/1180 1184/1735/1160
f 916/1578/1007 1247/1577/1052 1239/1777/1181
f 1258/1778/933 1289/1545/1024 1288/1536/1017
f 1171/1779/1182 1170/1780/1183 1172/1781/1184
f 995/1361/859 1018/1782/1185 1249/1697/1006
f 996/1672/1117 991/1488/970 992/1783/1186
f 1052/1784/1187 1053/1785/1188 996/1672/1117
f 1050/1670/1115 996/1672/1117 1053/1785/1188
f 918/1548/1027 920/1786/1189 1266/1787/1190
f 170/1788/379 1001/1789/962 982/1790/1174
f 850/1766/958 1000/1791/1191 990/1354/848
f 858/1623/1077 1004/1622/1076 838/1353/847
f 1002/1646/1097 858/1623/1077 838/1353/847
f 856/1644/951 997/1643/1096 1003/1621/1075
f 1002/1646/1097 1042/1792/1192 856/1644/951
f 860/1645/950 856/1644/951 1042/1792/1192
f 860/1645/950 1042/1792/1192 997/1643/1096
f 997/1643/1096 1042/1792/1192 1054/1793/1193
f 1053/1785/1188 1052/1784/1187 1054/1793/1193
f 848/1472/955 851/1794/1194 862/1795/1195
f 1180/1736/1161 1181/1655/1103 1284/1657/1105
f 981/917/472 984/1388/881 985/1387/880
f 842/1796/959 982/1790/1174 840/1797/961
f 922/1733/1158 1262/1798/1196 923/1400/893
f 853/1799/960 1006/1800/1197 854/1801/957
f 1183/1802/1141 1180/1736/1161 1185/1776/1180
f 747/1274/809 1013/1266/802 1015/1344/842
f 965/1607/1066 892/1803/1008 891/1608/1004
f 1039/1369/867 1024/1804/1198 1019/1805/1199
f 1024/1804/1198 1025/1806/873 796/1807/874
f 1026/1767/1176 1027/1666/1113 795/1808/877
f 809/1667/917 1027/1666/1113 811/1809/898
f 796/1810/874 1030/1811/711 795/1812/877
f 1026/1767/1176 1030/1811/711 1113/1813/896
f 1113/1814/896 1029/1815/900 1026/1767/1176
f 1113/1816/896 835/1817/899 1029/1815/900
f 1029/1768/900 835/1817/899 811/1809/898
f 804/1551/1030 803/1818/901 802/1819/1200
f 1055/1820/1134 999/1720/1116 1036/1821/1201
f 1055/1822/1134 1036/1821/1201 1037/1823/1157
f 1280/1824/866 1041/1825/1202 1040/1517/998
f 1047/1515/996 1040/1517/998 1041/1825/1202
f 1046/1826/1203 1045/1827/1204 845/1828/1205
f 1044/1829/1206 843/1830/1207 1128/1831/1208
f 845/1832/1205 1126/1833/1209 1046/1834/1203
f 1048/1835/997 1046/1834/1203 1126/1833/1209
f 1112/1836/372 1048/1835/997 1126/1833/1209
f 1279/1392/885 1054/1837/1193 1042/1838/1192
f 834/702/454 1107/1433/921 823/1434/922
f 1052/1839/1187 1053/1840/1188 1279/1392/885
f 1054/1837/1193 1279/1392/885 1053/1840/1188
f 1285/1841/1210 1058/1484/966 1064/1483/965
f 873/1842/1211 1250/1843/857 876/1524/1005
f 1214/1714/1148 1217/1707/932 1216/1708/1143
f 1342/1844/1212 1345/1845/1213 1343/1846/1214
f 1248/1847/1053 1018/1848/1185 1247/1849/1052
f 1303/1850/1215 1306/1851/1216 1310/93/1217
f 1078/1852/1218 1074/1853/1219 1059/1485/967
f 1225/1716/1150 1261/1854/1220 1227/1855/1221
f 1260/1856/1222 1220/1448/934 1259/1857/1223
f 1262/1858/1196 1261/1859/1220 1271/1860/891
f 911/1861/1224 1016/1284/808 756/1283/815
f 69/1121/693 97/1120/418 785/1372/870
f 829/353/286 828/1862/909 147/1126/696
f 1109/1863/910 147/1126/696 828/1862/909
f 851/1794/1194 848/1472/955 841/1471/954
f 875/1572/1048 1239/1777/1181 1245/1569/1045
f 1360/1864/1225 1370/1865/1013 1371/1866/1226
f 1120/1867/1227 1105/1868/1228 1103/1869/1229
f 1103/1869/1229 816/1870/927 820/1871/926
f 820/1871/926 1104/1872/1230 1103/1869/1229
f 1101/1873/928 1103/1869/1229 1104/1872/1230
f 810/1874/916 1116/1875/1231 1106/1876/914
f 540/1877/1232 1119/1878/1154 1118/1879/1233
f 1106/1876/914 1116/1875/1231 808/1880/1234
f 977/1881/1235 1102/1882/1236 833/1883/1235
f 821/1884/923 827/1885/919 1107/1886/921
f 827/1885/919 811/1887/898 1107/1886/921
f 835/1888/899 1107/1886/921 811/1887/898
f 821/1884/923 1107/1886/921 823/1889/922
f 1117/1890/911 1115/1891/925 1108/1892/913
f 1117/1890/911 828/1862/909 540/1893/1232
f 529/1894/384 1111/1654/1084 1113/1895/896
f 768/1291/791 933/1176/735 756/1327/815
f 1162/1463/946 1163/1896/1237 1165/1661/894
f 399/1897/479 170/519/379 398/150/132
f 1321/1393/886 1329/1898/1238 1320/1394/887
f 1285/1899/1210 1192/1632/1085 1193/1464/947
f 1288/1536/1017 1267/1900/1101 1259/1901/1223
f 1282/1709/1144 1140/1902/1239 1133/1903/1240
f 1153/1904/1241 1193/1905/947 1142/1906/1242
f 1170/1907/1183 1158/1701/1139 1159/1500/982
f 1183/1703/1141 1159/1500/982 1158/1701/1139
f 1158/1701/1139 1170/1907/1183 1160/1702/1140
f 1159/1500/982 1160/1702/1140 1170/1907/1183
f 1183/1703/1141 1160/1702/1140 1161/1499/981
f 1167/1660/1108 1168/1630/1083 1169/1908/1243
f 1086/1629/1082 1169/1908/1243 1168/1630/1083
f 1169/1908/1243 1086/1629/1082 1166/1461/944
f 1185/1909/1180 1172/1781/1184 1170/1780/1183
f 1165/1661/894 1164/1462/945 1166/1461/944
f 1175/1910/1244 1174/1911/1245 1165/1401/894
f 1170/1780/1183 1171/1779/1182 1185/1909/1180
f 1177/1402/895 1165/1401/894 1174/1911/1245
f 1101/1442/928 832/1912/1246 1104/1913/1230
f 1183/1802/1141 1185/1776/1180 1186/1680/1124
f 1200/1914/939 1186/1680/1124 1185/1776/1180
f 1200/1914/939 1188/1633/1086 1187/1741/1164
f 901/1915/1081 907/1916/1247 903/1917/1248
f 1133/1918/1240 1198/1919/1249 1197/1920/1250
f 1217/1921/932 1214/1922/1148 921/1923/1021
f 1227/1855/1221 1204/1686/1126 1226/1717/1151
f 803/1411/901 807/125/109 806/1397/890
f 970/1553/1031 969/1174/734 917/1306/822
f 1234/1589/1046 1238/1591/1061 1245/1924/1045
f 1021/1925/1251 1028/1926/1047 1245/1924/1045
f 1269/1927/1042 1245/1924/1045 1238/1591/1061
f 1245/1924/1045 1269/1927/1042 1265/1928/1049
f 1265/1928/1049 1239/1929/1181 1245/1924/1045
f 1269/1927/1042 1238/1591/1061 1246/1685/1044
f 1240/1930/1015 896/1931/1252 913/1932/1036
f 1204/1683/1126 1227/1933/1221 1251/1681/1125
f 1212/1934/1253 918/1935/1027 1264/1936/1026
f 1264/1936/1026 919/1937/1022 1214/1922/1148
f 1361/1938/1254 1367/1939/1255 1368/1940/1256
f 795/1385/877 96/1384/878 796/1941/874
f 1194/1942/1257 1196/1943/1258 1195/1454/940
f 930/1636/1089 906/1944/1259 924/1546/1025
f 861/1489/971 846/1491/973 1054/1945/1193
f 830/1429/918 818/1426/915 821/1435/923
f 1271/1398/891 1260/1946/1222 1268/1947/1260
f 1238/1948/1061 1246/1568/1044 914/1567/1043
f 792/767/487 93/621/419 789/1949/869
f 859/1950/952 1002/1646/1097 1005/1951/1261
f 830/1952/918 821/1884/923 1118/1879/1233
f 962/1740/1163 955/1493/975 967/1662/1109
f 881/1505/987 895/1504/986 679/1155/720
f 1260/1856/1222 1222/1953/1262 1220/1448/934
f 873/1842/1211 887/1528/1009 894/1501/983
f 1359/1954/1263 1361/1955/1254 1345/1956/1213
f 972/1957/993 966/1612/1063 958/1610/1065
f 1266/1787/1190 1231/1694/1133 1230/1541/1020
f 835/1432/899 834/702/454 825/1958/1264
f 1189/1679/1123 1200/1914/939 1187/1741/1164
f 868/1959/1265 400/1960/15 840/1479/961
f 1184/1735/1160 1183/1802/1141 1186/1680/1124
f 1347/1961/1266 1348/1962/1267 1349/1963/1268
f 1184/1735/1160 1182/1656/1104 1183/1802/1141
f 1119/1878/1154 1120/1867/1227 1118/1879/1233
f 853/1478/960 864/1642/1095 863/1481/963
f 862/1795/1195 859/1469/952 848/1472/955
f 1035/1719/884 1036/1821/1201 999/1720/1116
f 1173/1964/1269 1176/1965/1270 1174/1911/1245
f 1047/1966/996 1046/1967/1203 1048/1968/997
f 80/31/30 792/1727/487 793/32/31
f 1192/1632/1085 1188/1633/1086 1191/1465/948
f 1188/1633/1086 1189/1679/1123 1191/1465/948
f 1165/1661/894 1163/1896/1237 1164/1462/945
f 1179/1969/1271 1178/1403/883 1177/1402/895
f 795/1382/877 796/1379/874 790/1377/872
f 786/1404/876 807/125/109 803/1411/901
f 946/1596/989 888/1593/1011 945/1592/1062
f 983/1575/882 1655/1970/1272 1650/1971/1273
f 876/1524/1005 893/1663/1110 877/1758/1170
f 1172/1781/1184 1173/1964/1269 1171/1779/1182
f 920/1972/1189 918/1935/1027 1212/1934/1253
f 982/1790/1174 1001/1789/962 840/1797/961
f 1033/1973/1274 1031/1974/816 988/1975/1275
f 1040/1517/998 1112/1976/372 1024/1977/1198
f 925/1399/892 1259/1901/1223 1258/1778/933
f 863/1481/963 867/1482/964 1001/1480/962
f 1018/1782/1185 995/1361/859 994/1722/1153
f 1271/1398/891 1260/1946/1222 925/1399/892
f 1178/1403/883 1179/1969/1271 1165/1401/894
f 1034/1978/858 1243/1979/1276 749/1258/797
f 915/1449/935 873/1842/1211 880/1450/936
f 1168/1630/1083 1165/1661/894 1166/1461/944
f 915/1539/935 1244/1537/1018 1229/1535/1016
f 1184/1735/1160 1185/1776/1180 1180/1736/1161
f 1288/1536/1017 1229/1980/1016 1242/1582/1054
f 955/1493/975 971/1981/1277 952/1494/976
f 857/1470/953 848/1472/955 859/1469/952
f 1000/1791/1191 852/1355/849 990/1354/848
f 894/1501/983 887/1528/1009 974/1502/984
f 972/1512/993 893/1663/1110 952/1511/976
f 893/1663/1110 879/1982/1278 952/1511/976
f 1113/1983/896 1107/1984/921 835/1888/899
f 1167/1660/1108 1162/1463/946 1165/1661/894
f 1169/1908/1243 1166/1461/944 1167/1660/1108
f 1374/1985/1279 1341/1986/1280 1370/1532/1013
f 910/1540/937 1231/1694/1133 1230/1541/1020
f 1230/1541/1020 1244/1537/1018 915/1539/935
f 811/1408/898 803/1818/901 804/1551/1030
f 1098/1987/1281 1096/1988/1282 1087/1989/1283
f 992/1783/1186 989/1487/969 990/1354/848
f 992/1783/1186 991/1488/970 989/1487/969
f 964/1614/1071 963/1756/1169 966/1612/1063
f 963/1756/1169 962/1755/1163 966/1612/1063
f 1243/1990/1276 1229/1991/1016 1244/1992/1018
f 1230/1993/1020 1231/1994/1133 749/1995/797
f 1003/1621/1075 997/1643/1096 1004/1622/1076
f 1234/1570/1046 1278/1624/1078 1235/1704/1060
f 947/1510/992 879/1982/1278 948/1509/991
f 948/1509/991 878/1996/1284 946/1507/989
f 1111/1631/1084 807/125/109 786/1404/876
f 868/1997/1265 837/1998/1285 400/1999/15
f 905/1634/1087 902/1734/1159 900/1627/1080
f 1077/2000/1286 1061/2001/1287 1059/1485/967
f 1411/2002/1288 1410/2003/1289 1407/2004/1290
f 1279/2005/885 1045/2006/1204 1043/2007/1291
f 139/283/240 825/1958/1264 834/702/454
f 1242/1650/1054 1248/1847/1053 1267/1651/1101
f 1032/1486/968 1033/2008/1274 989/1487/969
f 1233/1554/1032 895/2009/986 899/1555/929
f 844/2010/1292 1045/1827/1204 1279/2011/885
f 1056/2012/1293 1057/2013/1294 1062/2014/1295
f 1106/2015/914 1027/1666/1113 810/2016/916
f 1167/1660/1108 1166/1461/944 1162/1463/946
f 1185/1909/1180 1174/1911/1245 1172/1781/1184
f 1241/2017/1039 1240/1930/1015 1237/1684/1037
f 1251/1681/1125 1256/1770/1056 1257/1682/1055
f 796/1810/874 1025/1806/873 1112/1054/372
f 804/1551/1030 1106/2018/914 810/1728/916
f 1259/1901/1223 1267/1900/1101 1268/1947/1260
f 1459/2019/1296 1456/2020/1297 1455/2021/1298
f 1279/1392/885 1035/1391/884 1052/1839/1187
f 981/766/472 400/16/15 984/1388/881
f 1217/1707/932 1220/2022/934 1219/1356/854
f 789/1371/869 93/1119/419 784/2023/1299
f 1411/2024/1288 1418/2025/1099 1412/2026/1300
f 974/1502/984 889/1508/990 953/1503/985
f 88/868/511 794/1676/879 70/738/469
f 923/1400/893 1262/1798/1196 1271/1398/891
f 1194/1942/1257 1133/1918/1240 1197/1920/1250
f 792/1727/487 789/1375/869 788/1373/871
f 1164/1462/945 1161/1499/981 1162/1463/946
f 1164/1462/945 1163/1896/1237 1161/1499/981
f 1193/1464/947 1192/1632/1085 1191/1465/948
f 1105/1868/1228 812/2027/908 813/2028/1073
f 808/2029/1234 1106/2018/914 804/1551/1030
f 1175/1910/1244 1176/1965/1270 1172/1781/1184
f 945/1592/1062 957/1605/1069 962/1740/1163
f 1007/2030/1301 1009/2031/1301 1276/2032/1302
f 1016/1273/808 1014/2033/988 1015/1344/842
f 879/1982/1278 1645/2034/1303 878/1996/1284
f 826/2035/1304 1111/1631/1084 831/1406/897
f 967/1662/1109 966/1599/1063 962/1740/1163
f 1222/2036/1262 1221/1357/855 1219/1356/854
f 150/2037/14 868/1959/1265 399/1897/479
f 1180/1736/1161 1182/1656/1104 1181/1655/1103
f 1346/2038/1305 1344/2039/1306 1345/2040/1213
f 900/2041/1080 880/1450/936 873/1842/1211
f 877/1758/1170 893/1663/1110 959/1521/1002
f 1232/2042/1132 1231/1994/1133 1266/2043/1190
f 990/1354/848 998/2044/1307 855/1765/956
f 1189/1679/1123 1190/1466/949 1191/1465/948
f 1029/1768/900 811/1809/898 1027/1666/1113
f 1016/1284/808 1233/2045/1032 896/2046/1252
f 540/1893/1232 1115/1891/925 1117/1890/911
f 1190/1466/949 1189/1679/1123 1187/1741/1164
f 893/1663/1110 972/1512/993 961/1514/995
f 1159/1500/982 1161/1499/981 1160/1702/1140
f 936/2047/1308 1223/2048/1309 938/2049/1310
f 1161/1499/981 1163/1896/1237 1183/1703/1141
f 891/1523/1004 887/1528/1009 877/1758/1170
f 1327/2050/1311 1312/1675/1120 1314/2051/1312
f 1188/1633/1086 1200/1914/939 1185/1776/1180
f 1101/1873/928 1104/1872/1230 1102/1882/1236
f 1175/1910/1244 1172/1781/1184 1174/1911/1245
f 1162/1463/946 1183/1703/1141 1163/1896/1237
f 1030/1811/711 1026/1767/1176 795/1812/877
f 1247/1849/1052 1018/1848/1185 1239/1929/1181
f 1185/1909/1180 1173/1964/1269 1174/1911/1245
f 1262/1858/1196 1263/2052/1313 1261/1859/1220
f 1183/1802/1141 1182/1656/1104 1180/1736/1161
f 117/1744/1166 802/1819/1200 801/1742/1165
f 1046/2053/1203 1043/2007/1291 1045/2006/1204
f 842/1796/959 998/2044/1307 982/1790/1174
f 922/1733/1158 1263/2054/1313 1262/1798/1196
f 1266/1787/1190 919/1543/1022 918/1548/1027
f 1173/1964/1269 1185/1909/1180 1171/1779/1182
f 1179/1969/1271 1176/1965/1270 1165/1401/894
f 937/2055/1314 924/1546/1025 906/1944/1259
f 1248/1847/1053 1249/1750/1006 1018/1848/1185
f 1261/1859/1220 1222/1953/1262 1271/1860/891
f 1116/1875/1231 1118/1879/1233 1103/1869/1229
f 1132/2056/1315 1130/1659/1107 1131/1775/1179
f 817/2057/1072 816/1870/927 1103/1869/1229
f 851/1794/1194 841/1471/954 852/2058/849
f 1001/1480/962 853/1478/960 863/1481/963
f 801/1742/1165 806/2059/890 805/1743/889
f 1447/2060/1316 1446/2061/1317 1448/2062/1318
f 1042/2063/1192 859/2064/952 1129/2065/1319
f 814/1423/912 1117/1422/911 1115/1439/925
f 1285/1899/1210 1190/1466/949 1192/1632/1085
f 1258/1778/933 1288/1536/1017 1259/1901/1223
f 842/1796/959 855/1765/956 998/2044/1307
f 921/1923/1021 1289/2066/1024 1217/1921/932
f 1214/1922/1148 919/1937/1022 921/1923/1021
f 1219/1356/854 1220/2022/934 1222/2036/1262
f 839/2067/1320 857/1470/953 858/2068/1077
f 1208/1239/783 1205/1456/942 1209/1246/788
f 850/1476/958 849/1692/1131 1000/2069/1191
f 1225/1716/1150 1222/2036/1262 1261/1854/1220
f 924/1546/1025 929/1544/1023 930/1636/1089
f 922/1733/1158 1287/2070/1321 1263/2054/1313
f 927/1549/1028 918/1548/1027 920/1786/1189
f 999/1671/1116 993/1696/1135 996/1672/1117
f 1176/1965/1270 1173/1964/1269 1172/1781/1184
f 859/1950/952 1042/1792/1192 1002/1646/1097
f 962/1740/1163 957/1605/1069 955/1493/975
f 1177/1402/895 1174/1911/1245 1176/1965/1270
f 895/1504/986 932/1157/722 679/1155/720
f 1415/2071/1322 1404/2072/1001 1408/2073/1100
f 972/1957/993 973/1613/1070 966/1612/1063
f 1189/1679/1123 1186/1680/1124 1200/1914/939
f 1184/1735/1160 1284/1657/1105 1182/1656/1104
f 1337/1759/1171 1339/2074/1323 1333/1760/1172
f 889/1508/990 888/1530/1011 944/1529/1010
f 1022/2075/1324 1017/2076/1325 1020/2077/1326
f 1304/2078/1327 1305/2079/1328 1302/2080/1329
f 1346/2038/1305 1345/2040/1213 1361/2081/1254
f 1416/2082/1330 1410/2083/1289 1409/2084/1331
f 1304/2078/1327 1302/2080/1329 1303/2085/1215
f 1311/796/1332 1302/2080/1329 1305/2079/1328
f 1124/1726/1156 1120/2086/1227 1119/2087/1154
f 1255/1538/1019 1266/1787/1190 1230/1541/1020
f 1351/2088/1333 1353/2089/1334 1352/2090/1335
f 654/840/538 1426/1625/1079 650/1065/666
f 1351/2091/1333 1356/2092/1336 1350/2093/1337
f 1279/2094/885 1049/2095/1338 1178/2096/883
f 828/1420/909 814/1423/912 1110/1418/907
f 1082/2097/1339 1084/2098/1340 1061/2001/1287
f 837/1998/1285 842/2099/959 855/2100/956
f 1376/2101/1341 1373/2102/1342 1353/2089/1334
f 1355/2103/1343 1350/2093/1337 1356/2092/1336
f 1363/2104/1344 1355/2105/1343 1356/2106/1336
f 1081/2107/1345 1083/2108/1346 1060/2109/1347
f 1378/2110/1348 1379/2111/1349 1382/2112/1350
f 1379/2111/1349 1378/2110/1348 1380/2113/1351
f 1381/2114/1352 1380/2113/1351 1378/2110/1348
f 1379/2111/1349 1380/2113/1351 1382/2112/1350
f 1381/2114/1352 1382/2112/1350 1380/2113/1351
f 1392/2115/1353 1391/2116/1353 1390/2117/1353
f 1425/208/178 1435/859/553 1436/863/557
f 1411/2024/1288 1407/2118/1290 1408/2119/1100
f 1408/2119/1100 1407/2118/1290 1416/2082/1330
f 1413/2120/1354 1412/2026/1300 1418/2025/1099
f 1410/2121/1289 1412/2026/1300 1413/2120/1354
f 1417/2122/1355 1419/2123/1356 1414/2124/1357
f 1433/2125/1358 1430/2126/1359 1434/2127/1360
f 1467/2128/1361 1463/2129/1362 1466/2130/1361
f 1433/2125/1358 1439/2131/1363 1435/859/553
f 1436/863/557 1435/859/553 1439/2131/1363
f 1439/2131/1363 1438/2132/1364 1436/863/557
f 1421/1638/1091 1422/1637/1090 1440/1665/1112
f 1423/1639/1092 1421/1638/1091 1428/2133/1365
f 1428/2133/1365 1421/1638/1091 650/1065/666
f 650/1065/666 1421/1638/1091 1431/2134/1366
f 1449/2135/1367 1447/2060/1316 1451/2136/1368
f 1460/2137/1369 1448/2062/1318 1446/2061/1317
f 1460/2137/1369 1457/2138/1370 1448/2062/1318
f 1451/2139/1368 1461/2140/1371 1449/2135/1367
f 1453/2141/1372 1454/2142/1372 1450/2061/1372
f 1464/2143/1373 1465/2144/1374 1463/2145/1362
f 1464/2146/1373 1468/2147/1375 1469/2148/1376
f 1470/2149/1377 1468/2147/1375 1464/2146/1373
f 1431/2134/1366 1427/2150/1378 1435/859/553
f 633/828/528 1435/859/553 1437/623/421
f 1461/2140/1371 1451/2139/1368 1452/2151/1379
f 1433/2125/1358 1427/2150/1378 1430/2126/1359
f 1432/1669/1114 1427/2150/1378 1440/1665/1112
f 1422/1637/1090 662/861/555 1436/863/557
f 1436/863/557 1440/1665/1112 1422/1637/1090
f 1427/2150/1378 1433/2125/1358 1435/859/553
f 1326/2152/1380 1322/2153/1381 1323/2154/1118
f 882/1152/717 881/1505/987 679/1155/720
f 1399/2155/1382 1400/2156/1382 1401/2157/1382
f 1095/2158/1383 1087/1989/1283 1085/2159/1384
f 865/2160/1094 851/2161/1194 849/2162/1131
f 870/2163/1093 1005/1951/1261 851/2161/1194
f 1144/2164/1385 1154/2165/1386 1142/1906/1242
f 1232/2042/1132 749/1995/797 1231/1994/1133
f 1238/1591/1061 1236/2166/1040 1237/1684/1037
f 400/16/15 150/15/14 171/870/561
f 871/2167/1387 869/1492/974 846/1491/973
f 1005/1951/1261 852/1355/849 851/2161/1194
f 171/870/561 397/250/214 986/1763/1175
f 1286/2168/938 1197/1920/1250 1199/2169/1388
f 1378/2110/1348 1382/2112/1350 1381/2114/1352
f 1369/2170/1389 1363/2171/1344 1364/2172/1390
f 1122/2173/1391 1124/1726/1156 1121/1725/1155
f 1198/1919/1249 1133/1918/1240 1194/1942/1257
f 1247/1577/1052 1267/1900/1101 1248/1579/1053
f 1369/2170/1389 1364/2172/1390 1353/2089/1334
f 1440/1665/1112 1431/2134/1366 1421/1638/1091
f 1058/1484/966 1063/2174/1392 1068/2175/1393
f 1003/2176/1075 858/2068/1077 857/1470/953
f 873/1842/1211 877/1758/1170 887/1528/1009
f 820/1440/926 1101/1442/928 1104/1913/1230
f 1254/2177/1394 1262/1798/1196 1271/1860/891
f 845/2178/1205 172/2179/459 866/2180/972
f 1118/2181/1233 1115/1891/925 540/1893/1232
f 885/1151/716 883/1617/1074 908/1444/930
f 1047/2182/996 1041/2183/1202 1049/2184/1338
f 994/1722/1153 991/1488/970 993/1696/1135
f 1253/1557/1034 1272/1718/1152 913/1559/1036
f 1047/1966/996 1043/2185/1291 1046/1967/1203
f 1417/2122/1355 1414/2124/1357 1415/2186/1322
f 1270/1556/1033 1240/1561/1015 913/1559/1036
f 1243/1990/1276 1230/1993/1020 749/1995/797
f 892/1803/1008 962/1755/1163 974/1757/984
f 997/1643/1096 1054/1793/1193 1052/1784/1187
f 1227/1855/1221 1226/1717/1151 1225/1716/1150
f 1462/2187/1395 1396/2188/1396 1397/2189/1397
f 849/2162/1131 1006/1800/1197 865/2160/1094
f 1258/1778/933 924/1546/1025 925/1399/892
f 1252/1558/1035 970/1553/1031 1256/1585/1056
f 1263/2054/1313 1262/1798/1196 1272/1718/1152
f 70/2190/469 785/2191/870 97/620/418
f 959/1611/1002 965/1607/1066 960/1606/1003
f 1242/1582/1054 915/1539/935 1229/1980/1016
f 1355/2192/1343 1346/2193/1305 1361/1938/1254
f 790/1377/872 785/1372/870 787/1380/875
f 1328/2194/1398 1324/2195/1399 1329/2196/1238
f 862/1795/1195 851/1794/1194 870/1640/1093
f 1090/2197/1400 1091/2198/1401 1085/2159/1384
f 1321/1393/886 1319/1395/888 1336/1497/979
f 967/1662/1109 949/1495/977 951/1600/1064
f 1111/1654/1084 823/1889/922 1107/1984/921
f 1405/2199/1402 1415/2071/1322 1414/2200/1357
f 1227/2201/1221 1263/2052/1313 1287/2202/1321
f 1317/2203/1403 1316/1586/1057 1339/2074/1323
f 1038/2204/865 1178/1390/883 1049/2205/1338
f 954/1604/1068 956/2206/1404 971/1981/1277
f 796/1807/874 1020/2077/1326 1024/1804/1198
f 793/2207/31 788/2208/871 71/1105/684
f 1279/1392/885 1042/1838/1192 1128/1831/1208
f 1084/2098/1340 1080/2209/1405 1061/2001/1287
f 952/1511/976 890/1513/994 972/1512/993
f 895/2009/986 1014/2210/988 899/1555/929
f 1345/2211/1213 1358/1550/1029 1365/1533/1014
f 1254/2177/1394 1265/1928/1049 1269/1566/1042
f 1243/2212/1276 1242/1650/1054 1229/2213/1016
f 990/1354/848 1033/2008/1274 987/2214/1406
f 1428/2133/1365 1429/1032/647 1423/1639/1092
f 785/1372/870 784/2023/1299 69/1121/693
f 1177/1402/895 1176/1965/1270 1179/1969/1271
f 1299/2215/1407 1297/2216/1408 1273/2217/1407
f 1142/1906/1242 1145/2218/1409 1148/2219/1410
f 1233/1554/1032 756/1283/815 768/1250/791
f 1415/2186/1322 1408/1649/1100 1416/2220/1330
f 1252/1558/1035 1251/1732/1125 1287/2070/1321
f 650/1065/666 1442/2221/1411 1445/2222/1412
f 1076/2223/1413 1072/2224/1414 1057/2013/1294
f 814/1423/912 813/1616/1073 812/1419/908
f 93/1119/419 69/1121/693 784/2023/1299
f 1355/2192/1343 1347/1961/1266 1346/2193/1305
f 1049/2205/1338 1280/2225/866 1038/2204/865
f 1289/1545/1024 921/1542/1021 1255/1538/1019
f 1075/2226/1415 1060/2109/1347 1057/2013/1294
f 1094/2227/1416 1092/2228/1417 1085/2159/1384
f 1122/2173/1391 1120/2229/1227 1125/2230/1418
f 1134/2231/1419 1135/1710/1145 1130/1659/1107
f 987/2214/1406 998/2044/1307 990/1354/848
f 907/1916/1247 905/2232/1087 904/2233/1128
f 1044/1829/1206 1128/1831/1208 1127/2234/1420
f 818/1426/915 817/1615/1072 821/1435/923
f 1452/2151/1379 1449/2135/1367 1461/2140/1371
f 1287/2070/1321 922/1733/1158 1251/1732/1125
f 1329/2235/1238 1335/2236/978 1331/2237/1421
f 1105/1868/1228 1110/2238/907 812/2027/908
f 1113/2239/896 1030/1146/711 529/529/384
f 1333/1760/1172 1339/2074/1323 1316/1586/1057
f 1388/2240/1422 1389/2241/1422 1386/2242/1422
f 853/1799/960 170/1788/379 1006/1800/1197
f 1216/1708/1143 1213/2243/1423 1214/1714/1148
f 879/1982/1278 893/1663/1110 874/1365/863
f 928/2244/1424 1264/1547/1026 927/1549/1028
f 1335/1496/978 1332/2245/1425 1336/1497/979
f 888/1530/1011 878/1996/1284 894/1501/983
f 984/2246/881 988/1975/1275 983/1575/882
f 1021/1925/1251 1239/1929/1181 1018/1848/1185
f 890/1513/994 892/1527/1008 891/1523/1004
f 1270/2247/1033 896/2046/1252 1233/2045/1032
f 949/1495/977 950/1603/1067 951/1600/1064
f 1352/2090/1335 1364/2248/1390 1356/2249/1336
f 1198/1919/1249 1201/2250/1426 1199/2251/1388
f 1085/2159/1384 1089/2252/1427 1088/2253/1428
f 813/2028/1073 1103/1869/1229 1105/1868/1228
f 992/1783/1186 990/1354/848 838/1353/847
f 1368/1940/1256 1367/1939/1255 1372/2254/1429
f 1083/2108/1346 1079/2255/1430 1060/2109/1347
f 1065/2256/1431 1066/2257/1432 1057/2013/1294
f 1215/2258/1433 1216/1708/1143 1218/1358/856
f 1216/1708/1143 1219/1356/854 1218/1358/856
f 1250/1359/857 1243/2259/1276 1034/1360/858
f 1385/1362/860 1420/2260/1434 1383/1363/861
f 884/1366/864 883/1617/1074 886/1264/801
f 883/1617/1074 885/1151/716 886/1264/801
f 1323/1673/1118 1322/2261/1381 1313/1674/1119
f 1141/1413/902 1130/1659/1107 1156/1414/903
f 819/1417/906 816/1441/927 817/1615/1072
f 1289/2262/1024 1258/1447/933 1217/1446/932
f 1258/1447/933 1259/1857/1223 1220/1448/934
f 1195/1454/940 1196/1943/1258 1296/2263/1435
f 1296/2263/1435 1286/1452/938 1195/1454/940
f 1228/2264/1436 1226/1717/1151 1204/1686/1126
f 1204/1686/1126 1203/1688/1127 1202/2265/1437
f 1203/1688/1127 1205/1456/942 1202/2265/1437
f 1202/2265/1437 1228/2264/1436 1204/1686/1126
f 1206/1455/941 1202/2265/1437 1205/1456/942
f 1207/1332/836 1206/1455/941 1208/1239/783
f 96/1457/878 71/1374/684 1025/1378/873
f 1070/2266/1438 1064/1483/965 1059/1485/967
f 991/1488/970 995/1361/859 1032/1486/968
f 995/1361/859 1034/1360/858 1032/1486/968
f 867/1482/964 171/1772/561 868/1959/1265
f 171/1772/561 399/1897/479 868/1959/1265
f 868/1959/1265 840/1479/961 867/1482/964
f 1402/1518/999 1405/2267/1402 1403/1519/1000
f 1366/1531/1012 1377/2268/1439 1370/1532/1013
f 1316/1586/1057 1317/2203/1403 1318/1587/1058
f 993/1696/1135 991/1488/970 996/1672/1117
f 1115/1439/925 821/1435/923 817/1615/1072
f 1291/1619/1440 1301/1620/1441 1275/1619/652
f 1301/1620/1441 1300/1620/655 1275/1619/652
f 1300/1620/655 1298/2269/320 1274/1618/322
f 1298/2269/320 1293/2270/1442 1274/1618/322
f 1293/2270/1442 1294/2271/1443 1274/1618/322
f 1375/2272/1444 1347/1961/1266 1349/1963/1268
f 1038/1367/865 1039/1369/867 1037/1823/1157
f 1037/1823/1157 1036/1821/1201 1038/1367/865
f 1376/2273/1341 1351/2091/1333 1350/2093/1337
f 1423/1639/1092 1429/1032/647 1422/1637/1090
f 1429/1032/647 655/834/532 1424/860/554
f 1429/1032/647 1424/860/554 1422/1637/1090
f 1315/1588/1059 1318/1587/1058 1324/2195/1399
f 1003/1621/1075 858/1623/1077 1002/1646/1097
f 1406/1647/1098 1419/2274/1356 1418/1648/1099
f 1130/1659/1107 1133/1903/1240 1139/2275/1445
f 1130/1659/1107 1138/2276/1446 1137/1658/1106
f 1133/1903/1240 1140/1902/1239 1139/2275/1445
f 1139/2275/1445 1138/2276/1446 1130/1659/1107
f 1436/863/557 1438/2132/1364 1441/1664/1111
f 901/1628/1081 1637/1677/1121 880/1626/936
f 1341/1986/1280 1342/1844/1212 1343/1846/1214
f 904/1689/1128 1643/2277/1447 1629/1690/1129
f 851/1794/1194 870/1640/1093 849/1692/1131
f 870/1640/1093 864/1642/1095 849/1692/1131
f 1010/1698/1136 1011/2278/1136 1012/1699/1137
f 838/1353/847 1005/1951/1261 1002/1646/1097
f 1282/1709/1144 1133/1903/1240 1135/1710/1145
f 1211/1712/1147 1212/2279/1253 1264/1713/1026
f 1224/1715/1149 1221/1357/855 1225/1716/1150
f 1246/1568/1044 1272/1718/1152 1254/2177/1394
f 1050/1721/1115 1053/2280/1188 1035/1719/884
f 1053/2280/1188 1052/2281/1187 1035/1719/884
f 1186/1680/1124 1188/1633/1086 1184/1735/1160
f 1051/1745/1167 999/1671/1116 1050/2282/1115
f 1205/1456/942 1203/1688/1127 1257/1687/1055
f 1249/1750/1006 1248/1847/1053 1242/1650/1054
f 1209/1769/788 1257/1682/1055 1256/1770/1056
f 1141/1413/902 1136/2283/1448 1131/1775/1179
f 984/1388/881 400/16/15 982/1790/1174
f 982/1790/1174 998/2044/1307 984/1388/881
f 1112/506/372 1126/2284/1209 538/507/349
f 834/702/454 835/1432/899 1107/1433/921
f 873/1842/1211 915/1449/935 1250/1843/857
f 825/1958/1264 826/2285/1304 835/1432/899
f 826/2285/1304 831/2286/897 835/1432/899
f 1342/1844/1212 1354/2287/1449 1345/1845/1213
f 1303/1850/1215 1310/93/1217 1308/2288/1217
f 1308/2288/1217 1310/93/1217 1307/2289/1217
f 1310/93/1217 1306/1851/1216 1309/1023/1450
f 1061/2001/1287 1080/2209/1405 1078/1852/1218
f 1074/1853/1219 1070/2266/1438 1059/1485/967
f 1061/2001/1287 1078/1852/1218 1059/1485/967
f 1354/2287/1449 1357/2290/1451 1345/1845/1213
f 875/1572/1048 916/1578/1007 1239/1777/1181
f 1360/1864/1225 1359/1954/1263 1370/1865/1013
f 399/1897/479 171/1772/561 170/519/379
f 1321/1393/886 1332/2291/1425 1329/1898/1238
f 901/1915/1081 902/2292/1159 907/1916/1247
f 970/1553/1031 917/1306/822 1256/1585/1056
f 1458/2293/1452 1459/2019/1296 1452/2151/1379
f 1260/1946/1222 1259/1901/1223 925/1399/892
f 861/1489/971 1054/1945/1193 860/1467/950
f 830/1429/918 810/1427/916 818/1426/915
f 1271/1398/891 1268/1947/1260 1254/2294/1394
f 1238/1948/1061 914/1567/1043 1234/1570/1046
f 1116/1875/1231 810/2295/916 1118/1879/1233
f 810/2295/916 830/1952/918 1118/1879/1233
f 1260/1856/1222 1271/1860/891 1222/1953/1262
f 878/1996/1284 1654/2296/1453 894/1501/983
f 878/1996/1284 1645/2034/1303 1634/2297/1454
f 1370/1532/1013 1341/1986/1280 1343/1846/1214
f 1280/1824/866 1040/1517/998 1039/2298/867
f 1040/1517/998 1024/1977/1198 1039/2298/867
f 1359/1954/1263 1360/1864/1225 1361/1955/1254
f 853/1478/960 854/1475/957 864/1642/1095
f 1598/2299/1455 985/1387/880 1678/1773/1177
f 812/1419/908 819/1417/906 813/1616/1073
f 1040/1517/998 1048/1516/997 1112/1976/372
f 1113/1983/896 1111/1654/1084 1107/1984/921
f 1355/2300/1343 1361/1938/1254 1362/2301/1456
f 947/1510/992 952/1511/976 879/1982/1278
f 948/1509/991 879/1982/1278 878/1996/1284
f 1371/1866/1226 1370/1865/1013 1344/2039/1306
f 1077/2000/1286 1082/2097/1339 1061/2001/1287
f 1059/1485/967 1069/2302/1457 1073/2303/1458
f 1073/2303/1458 1077/2000/1286 1059/1485/967
f 1411/2002/1288 1412/2304/1300 1410/2003/1289
f 1233/1554/1032 911/2305/1224 895/2009/986
f 1067/2306/1459 1062/2014/1295 1057/2013/1294
f 1106/2015/914 808/2307/1234 1027/1666/1113
f 530/1056/335 1030/1811/711 1112/1054/372
f 1030/1811/711 796/1810/874 1112/1054/372
f 979/2308/1460 980/2309/1460 975/2310/1460
f 1019/1805/1199 1017/2076/1325 1023/2311/1461
f 1259/1901/1223 1268/1947/1260 1260/1946/1222
f 1448/2062/1318 1457/2138/1370 1456/2020/1297
f 1455/2021/1298 1449/2135/1367 1459/2019/1296
f 1459/2019/1296 1448/2062/1318 1456/2020/1297
f 1411/2024/1288 1408/2119/1100 1418/2025/1099
f 974/1502/984 890/1513/994 889/1508/990
f 1007/2030/1301 1008/2312/1301 1009/2031/1301
f 1222/2036/1262 1225/1716/1150 1221/1357/855
f 1346/2038/1305 1371/1866/1226 1344/2039/1306
f 1658/2313/1462 872/2314/1088 873/1842/1211
f 873/1842/1211 872/2314/1088 900/2041/1080
f 1016/1284/808 911/1861/1224 1233/2045/1032
f 1327/2050/1311 1326/2152/1380 1312/1675/1120
f 844/2315/1292 843/2316/1207 866/2180/972
f 1162/1463/946 1159/1500/982 1183/1703/1141
f 921/1542/1021 919/1543/1022 1255/1538/1019
f 1255/1538/1019 919/1543/1022 1266/1787/1190
f 1334/1761/1173 1333/1760/1172 1330/2317/1463
f 848/1472/955 857/1470/953 838/1473/847
f 838/1473/847 857/1470/953 839/2067/1320
f 906/2318/1259 930/2319/1089 928/2320/1424
f 852/2058/849 1000/2069/1191 851/1794/1194
f 851/1794/1194 1000/2069/1191 849/1692/1131
f 849/1692/1131 850/1476/958 854/1475/957
f 1415/2071/1322 1402/2321/999 1404/2072/1001
f 1336/1497/979 1319/1395/888 1338/1498/980
f 889/1508/990 946/1507/989 888/1530/1011
f 1022/2075/1324 1023/2311/1461 1017/2076/1325
f 1329/2322/1238 1330/2317/1463 1328/2323/1398
f 1416/2082/1330 1407/2118/1290 1410/2083/1289
f 1124/1726/1156 1125/2230/1418 1120/2086/1227
f 1255/1538/1019 1230/1541/1020 1244/1537/1018
f 1428/2133/1365 650/1065/666 1426/1625/1079
f 1372/2254/1429 1367/1939/1255 1375/2272/1444
f 1279/2094/885 1043/2185/1291 1049/2095/1338
f 829/830/286 828/1420/909 1110/1418/907
f 814/1423/912 812/1419/908 1110/1418/907
f 806/2059/890 801/1742/1165 803/1818/901
f 801/1742/1165 802/1819/1200 803/1818/901
f 142/129/113 829/830/286 147/1424/696
f 1393/2324/1464 633/2325/528 1394/822/522
f 1016/2326/808 896/2327/1252 1014/1747/988
f 1326/2152/1380 1327/2050/1311 1322/2153/1381
f 882/1152/717 899/1443/929 881/1505/987
f 1399/2155/1382 1401/2157/1382 1398/2328/1382
f 1095/2158/1383 1097/2329/1465 1087/1989/1283
f 1085/2159/1384 1091/2198/1401 1093/2330/1466
f 1093/2330/1466 1095/2158/1383 1085/2159/1384
f 865/2160/1094 870/2163/1093 851/2161/1194
f 1155/2331/1467 1153/1904/1241 1154/2165/1386
f 1153/1904/1241 1142/1906/1242 1154/2165/1386
f 1142/1906/1242 1147/2332/1468 1149/2333/1469
f 1142/1906/1242 1146/2334/1470 1144/2164/1385
f 1147/2332/1468 1151/2335/1471 1149/2333/1469
f 1149/2333/1469 1146/2334/1470 1142/1906/1242
f 1238/1591/1061 1235/1590/1060 1236/2166/1040
f 965/1602/1066 950/1603/1067 962/1740/1163
f 399/757/479 171/870/561 150/15/14
f 171/870/561 986/1763/1175 400/16/15
f 986/1763/1175 982/1790/1174 400/16/15
f 871/2167/1387 846/1491/973 861/1489/971
f 1263/2054/1313 1253/1557/1034 1287/2070/1321
f 1005/1951/1261 838/1353/847 852/1355/849
f 958/1610/1065 961/1609/995 972/1957/993
f 1312/1675/1120 1313/1674/1119 1314/2051/1312
f 1286/2168/938 1296/2263/1435 1197/1920/1250
f 139/1086/240 825/2336/1264 1111/1654/1084
f 1122/2173/1391 1125/2230/1418 1124/1726/1156
f 1267/1900/1101 1247/1577/1052 1268/2337/1260
f 1268/2337/1260 1247/1577/1052 1239/1929/1181
f 1369/2170/1389 1353/2089/1334 1373/2102/1342
f 1440/1665/1112 1427/2150/1378 1431/2134/1366
f 1068/2175/1393 1069/2302/1457 1059/1485/967
f 1059/1485/967 1058/1484/966 1068/2175/1393
f 1003/2176/1075 857/1470/953 856/1468/951
f 873/1842/1211 876/1524/1005 877/1758/1170
f 820/1440/926 816/1441/927 1101/1442/928
f 1254/2177/1394 1272/1718/1152 1262/1798/1196
f 1364/2172/1390 1363/2171/1344 1356/2249/1336
f 843/2316/1207 1044/2338/1206 866/2180/972
f 1044/2338/1206 845/2178/1205 866/2180/972
f 1118/2181/1233 821/1884/923 1115/1891/925
f 899/1443/929 882/1152/717 908/1444/930
f 882/1152/717 885/1151/716 908/1444/930
f 1038/1367/865 1036/1821/1201 1035/1719/884
f 994/1722/1153 995/1361/859 991/1488/970
f 1111/1631/1084 105/417/325 807/125/109
f 1270/1556/1033 1253/1557/1034 913/1559/1036
f 913/1559/1036 1272/1718/1152 1237/1560/1037
f 1047/1966/996 1049/2095/1338 1043/2185/1291
f 1243/1990/1276 1244/1992/1018 1230/1993/1020
f 1197/1920/1250 1296/2339/1435 1194/1942/1257
f 1296/2339/1435 1196/1943/1258 1194/1942/1257
f 1120/1867/1227 1103/1869/1229 1118/1879/1233
f 892/1803/1008 965/1607/1066 962/1755/1163
f 1462/2187/1395 1397/2189/1397 1395/2340/1472
f 849/2162/1131 854/1801/957 1006/1800/1197
f 1258/1778/933 1289/1545/1024 924/1546/1025
f 1252/1558/1035 1256/1585/1056 1251/1732/1125
f 1263/2054/1313 1272/1718/1152 1253/1557/1034
f 70/2190/469 791/2341/1102 785/2191/870
f 959/1611/1002 958/1610/1065 965/1607/1066
f 1242/1582/1054 1250/1583/857 915/1539/935
f 819/1417/906 817/1615/1072 813/1616/1073
f 790/1377/872 797/1370/868 785/1372/870
f 1328/2194/1398 1315/1588/1059 1324/2195/1399
f 1103/1869/1229 1101/1873/928 1116/1875/1231
f 1085/2159/1384 1086/2342/1082 1090/2197/1400
f 967/1662/1109 955/1493/975 949/1495/977
f 1285/1899/1210 1193/1464/947 1190/1466/949
f 1211/1712/1147 1214/1714/1148 1210/2343/1473
f 1214/1714/1148 1213/2243/1423 1210/2343/1473
f 1098/1987/1281 1087/1989/1283 1097/2329/1465
f 1111/1654/1084 825/2336/1264 823/1889/922
f 834/702/454 823/1434/922 824/1437/924
f 1108/1422/913 834/702/454 824/1437/924
f 1108/1422/913 1109/1421/910 834/702/454
f 1109/1421/910 147/1424/696 834/702/454
f 1176/1965/1270 1175/1910/1244 1165/1401/894
f 1206/1455/941 1207/1332/836 752/2344/1474
f 1112/506/372 1025/1806/873 1024/1804/1198
f 1405/2199/1402 1402/2321/999 1415/2071/1322
f 1227/2201/1221 1261/1859/1220 1263/2052/1313
f 1287/2202/1321 1251/1681/1125 1227/2201/1221
f 1329/2345/1238 1325/2346/1475 1320/2347/887
f 1038/2204/865 1035/1391/884 1178/1390/883
f 955/1493/975 957/1605/1069 971/1981/1277
f 957/1605/1069 954/1604/1068 971/1981/1277
f 89/1106/32 793/2207/31 71/1105/684
f 843/1830/1207 844/2348/1292 1128/1831/1208
f 844/2348/1292 1279/1392/885 1128/1831/1208
f 952/1511/976 889/1508/990 890/1513/994
f 1328/2323/1398 1330/2317/1463 1333/1760/1172
f 1345/2211/1213 1357/2349/1451 1358/1550/1029
f 1239/1929/1181 1265/1928/1049 1268/2337/1260
f 1268/2337/1260 1265/1928/1049 1254/2177/1394
f 1254/2177/1394 1269/1566/1042 1246/1568/1044
f 1243/2212/1276 1250/1751/857 1242/1650/1054
f 990/1354/848 989/1487/969 1033/2008/1274
f 1428/2133/1365 1426/1625/1079 1429/1032/647
f 785/1372/870 789/1371/869 784/2023/1299
f 1292/2350/1408 1295/2351/1408 1297/2216/1408
f 1295/2351/1408 1273/2217/1407 1297/2216/1408
f 1273/2217/1407 1290/2352/1476 1299/2215/1407
f 1142/1906/1242 1193/1905/947 1143/2353/1477
f 1193/1905/947 1152/2354/1478 1143/2353/1477
f 1147/2332/1468 1142/1906/1242 1150/2355/1479
f 1283/2356/1480 1147/2332/1468 1150/2355/1479
f 1142/1906/1242 1143/2353/1477 1145/2218/1409
f 1148/2219/1410 1150/2355/1479 1142/1906/1242
f 1233/1554/1032 911/2305/1224 756/1283/815
f 1362/2301/1456 1361/1938/1254 1368/1940/1256
f 1417/2122/1355 1415/2186/1322 1416/2220/1330
f 1252/1558/1035 1287/2070/1321 1253/1557/1034
f 1444/2357/1481 1442/2221/1411 1443/2358/1482
f 1443/2358/1482 1442/2221/1411 650/1065/666
f 1332/2245/1425 1335/1496/978 1329/2359/1238
f 1060/2109/1347 1079/2255/1430 1076/2223/1413
f 1072/2224/1414 1067/2306/1459 1057/2013/1294
f 1060/2109/1347 1076/2223/1413 1057/2013/1294
f 814/1423/912 1115/1439/925 813/1616/1073
f 1338/2360/980 1319/2361/888 1340/2362/1483
f 1352/2090/1335 1356/2249/1336 1351/2088/1333
f 1355/2192/1343 1348/1962/1267 1347/1961/1266
f 1049/2205/1338 1041/2363/1202 1280/2225/866
f 1289/1545/1024 1255/1538/1019 1288/1536/1017
f 1075/2226/1415 1081/2107/1345 1060/2109/1347
f 1057/2013/1294 1066/2257/1432 1071/2364/1484
f 1071/2364/1484 1075/2226/1415 1057/2013/1294
f 1087/1989/1283 1096/1988/1282 1094/2227/1416
f 1092/2228/1417 1089/2252/1427 1085/2159/1384
f 1087/1989/1283 1094/2227/1416 1085/2159/1384
f 803/1818/901 811/1408/898 831/1407/897
f 1122/2173/1391 1123/2365/1485 1120/2229/1227
f 1133/1903/1240 1130/1659/1107 1135/1710/1145
f 1130/1659/1107 1132/2056/1315 1134/2231/1419
f 987/2214/1406 984/1388/881 998/2044/1307
f 1377/2268/1439 1374/1985/1279 1370/1532/1013
f 926/1305/825 1257/1584/1055 941/2366/1486
f 923/1400/893 925/1399/892 936/2047/1308
f 925/1399/892 924/1546/1025 934/2367/1487
f 936/2047/1308 942/2368/1488 923/1400/893
f 907/1916/1247 902/2292/1159 905/2232/1087
f 1199/2169/1388 1201/2250/1426 1286/2168/938
f 1201/2250/1426 1200/1453/939 1286/2168/938
f 1126/1833/1209 845/1832/1205 1127/2234/1420
f 845/1832/1205 1044/1829/1206 1127/2234/1420
f 818/1426/915 816/1441/927 817/1615/1072
f 1452/2151/1379 1459/2019/1296 1449/2135/1367
f 1019/1805/1199 1021/2369/1251 1018/2370/1185
f 1018/2370/1185 994/1729/1153 1019/1805/1199
f 994/1729/1153 1037/1731/1157 1019/1805/1199
f 1037/1731/1157 1039/2371/867 1019/1805/1199
f 1109/1863/910 1108/1892/913 825/2336/1264
f 1108/1892/913 824/2372/924 825/2336/1264
f 824/2372/924 823/1889/922 825/2336/1264
f 1388/2240/1422 1386/2242/1422 1387/2373/1422
f 853/1799/960 1001/1789/962 170/1788/379
f 1216/1708/1143 1215/2258/1433 1213/2243/1423
f 874/1365/863 886/1264/801 879/1982/1278
f 886/1264/801 1636/2374/1489 879/1982/1278
f 876/1524/1005 875/1749/1048 893/1663/1110
f 875/1749/1048 874/1365/863 893/1663/1110
f 928/2244/1424 930/1636/1089 1264/1547/1026
f 1376/2101/1341 1353/2089/1334 1351/2088/1333
f 888/1530/1011 946/1507/989 878/1996/1284
f 984/2246/881 987/2214/1406 988/1975/1275
f 1221/1357/855 1224/1715/1149 1223/2375/1309
f 1194/1942/1257 1195/1454/940 1198/1919/1249
f 1195/1454/940 1200/1453/939 1201/2250/1426
f 1198/1919/1249 1195/1454/940 1201/2250/1426
f 1021/1925/1251 1245/1924/1045 1239/1929/1181
f 988/1975/1275 987/2214/1406 1033/1973/1274
f 932/1311/722 895/2009/986 756/1327/815
f 756/1327/815 895/2009/986 911/2305/1224
f 890/1513/994 974/1502/984 892/1527/1008
f 1270/2247/1033 913/1932/1036 896/2046/1252
f 949/1495/977 945/1592/1062 950/1603/1067
f 1199/2251/1388 1197/2376/1250 1198/1919/1249
f 1086/2342/1082 1085/2159/1384 1088/2253/1428
f 813/2028/1073 817/2057/1072 1103/1869/1229
f 838/1353/847 1004/1622/1076 996/1672/1117
f 992/1783/1186 838/1353/847 996/1672/1117
f 1004/1622/1076 997/1643/1096 1052/1784/1187
f 1052/1784/1187 996/1672/1117 1004/1622/1076
f 1057/2013/1294 1056/2012/1293 1065/2256/1431
f 1481/2377/1490 1484/2378/1491 1485/2379/1492
f 1530/2380/1493 1474/2381/1494 1475/2382/1495
f 201/923/592 1594/2383/1496 1475/2384/1495
f 1478/2385/1497 1547/2386/1498 1477/2387/1499
f 1549/2388/1500 1550/2389/1501 1548/2390/1502
f 1558/2391/1503 1481/2377/1490 1483/2392/1504
f 1565/2393/1505 1545/2394/1506 1544/2395/1507
f 1488/2396/1508 1493/2397/1509 1494/274/233
f 1548/2390/1502 1550/2389/1501 307/2398/1510
f 1502/2399/1511 1497/2400/1512 1501/2401/1513
f 1532/2402/1514 1476/2403/1515 1473/2404/1516
f 1476/2405/1515 1473/2406/1516 1477/2387/1499
f 1489/2407/1517 1547/2408/1498 1474/2409/1494
f 1547/2408/1498 1489/2407/1517 1488/2396/1508
f 1547/2408/1498 1488/2396/1508 1477/2410/1499
f 1476/2411/1515 1490/905/582 1527/2412/1518
f 1497/2413/1512 1504/2414/1519 1509/2415/1520
f 1504/2414/1519 1528/2416/1521 1508/2417/1522
f 1512/2418/1523 1513/2419/1524 1511/2420/1525
f 1534/2421/1526 1547/2422/1498 1477/2423/1499
f 1476/2403/1515 1527/2424/1518 1534/2421/1526
f 1476/2403/1515 1534/2421/1526 1473/2404/1516
f 1547/2425/1498 1534/2426/1526 1536/2427/1527
f 1478/2428/1497 1474/2381/1494 1530/2380/1493
f 1536/2427/1527 1562/2429/1528 1557/2430/1529
f 1566/2431/1530 1543/2432/1531 1539/2433/1532
f 1561/2434/1533 1541/2435/1534 1542/2436/1535
f 1501/2401/1513 1509/2437/1520 1505/2438/1536
f 1478/2385/1497 1477/2439/1499 1471/815/517
f 1615/2440/1537 1531/2441/1538 1530/2380/1493
f 1489/2407/1517 1474/2409/1494 1475/2442/1495
f 1536/2443/1527 240/2444/234 1494/2445/233
f 1475/2382/1495 1604/2446/1539 1618/2447/1540
f 1579/2448/1541 1522/2449/1542 1523/2450/1543
f 1486/733/467 1574/581/399 1576/1044/656
f 1499/2451/1544 1497/2413/1512 1502/2452/1511
f 1500/2453/1545 1499/2451/1544 1498/2454/1546
f 1486/2455/467 1491/2456/258 581/2457/390
f 307/2398/1510 1680/2458/1547 1679/2459/1547
f 1585/2460/1548 1553/2461/1549 441/2462/600
f 1476/2403/1515 1533/2463/1550 1527/2424/1518
f 1559/2464/1551 1481/2465/1490 1486/2455/467
f 1486/2466/467 1485/2379/1492 1484/2378/1491
f 1537/2467/1552 1475/2468/1495 1535/2469/1553
f 1500/2470/1545 1502/2399/1511 1501/2401/1513
f 1555/2471/1554 1557/2472/1529 1562/2473/1528
f 1482/2474/1555 1486/2455/467 1481/2465/1490
f 1570/2475/1556 1568/2476/1557 1569/2477/1558
f 1479/1066/599 1476/2478/1515 1527/2479/1518
f 1488/2396/1508 1494/274/233 240/275/234
f 1579/2480/1541 1568/2476/1557 1580/2481/1559
f 1497/2400/1512 1509/2437/1520 1501/2401/1513
f 1481/2377/1490 1485/2379/1492 1482/2482/1555
f 1531/2441/1538 1473/2404/1516 1477/2423/1499
f 396/719/462 1590/2483/461 1600/2484/1560
f 1472/478/360 201/923/592 1475/2384/1495
f 1478/2385/1497 1474/2485/1494 1547/2386/1498
f 1471/815/517 1473/2406/1516 1476/2478/1515
f 1581/2486/1561 1579/2487/1541 1580/2488/1559
f 1557/2430/1529 1538/2489/1562 1562/2429/1528
f 1527/2412/1518 1490/905/582 1479/936/599
f 1483/2392/1504 1556/2490/1563 1492/2491/1564
f 1530/2380/1493 1531/2441/1538 1478/2428/1497
f 1478/2428/1497 1531/2441/1538 1477/2423/1499
f 1471/815/517 1472/478/360 1478/2385/1497
f 1599/2492/1565 1681/2493/1566 1552/2494/1567
f 1502/2399/1511 1500/2470/1545 1503/2495/1568
f 1543/2432/1531 1566/2431/1530 1540/2496/1569
f 1534/2421/1526 1477/2423/1499 1473/2404/1516
f 1579/2448/1541 1521/2497/1570 1522/2449/1542
f 1500/2453/1545 1497/2413/1512 1499/2451/1544
f 1476/2403/1515 1532/2402/1514 1533/2463/1550
f 1565/2498/1505 1494/2499/233 1493/2500/1509
f 1571/2501/1571 1481/2465/1490 1559/2464/1551
f 1486/733/467 1576/1044/656 1578/2502/1572
f 1479/1066/599 1471/815/517 1476/2478/1515
f 1471/815/517 1477/2439/1499 1473/2406/1516
f 1569/2503/1558 1567/2504/1573 1545/2505/1506
f 1524/2506/1574 1579/2448/1541 1523/2450/1543
f 1535/2469/1553 1474/2507/1494 1547/2425/1498
f 1531/2441/1538 1532/2402/1514 1473/2404/1516
f 1519/2508/1575 1520/2509/1576 1525/2510/1577
f 1587/2511/1578 1585/1272/1548 1533/2463/1550
f 1528/2512/1521 1529/2513/1579 1508/2417/1522
f 1561/2434/1533 1538/2489/1562 1541/2435/1534
f 1570/2514/1556 1545/2505/1506 1556/2515/1563
f 1582/2516/1580 1568/2476/1557 1570/2475/1556
f 1516/2517/1581 1518/2518/1582 1519/2508/1575
f 1511/2420/1525 1515/2519/1583 1512/2520/1523
f 1595/2521/1584 1532/2402/1514 1531/2441/1538
f 1472/478/360 1474/2522/1494 1478/2385/1497
f 1555/2471/1554 1561/2523/1533 1560/2524/1585
f 1510/2525/1586 1514/2526/1587 1515/2527/1583
f 1482/2482/1555 1487/309/259 1491/308/258
f 1483/2392/1504 1495/2528/1588 1482/2482/1555
f 1547/2425/1498 1536/2427/1527 1565/2393/1505
f 1570/2514/1556 1483/2529/1504 1582/2530/1580
f 1560/2524/1585 1564/2531/1589 1563/2532/1590
f 1556/2490/1563 1493/2397/1509 1489/2407/1517
f 1544/2395/1507 1566/2431/1530 1539/2433/1532
f 1522/2449/1542 1517/2533/1591 1516/2517/1581
f 1494/274/233 477/276/235 1495/2528/1588
f 1546/2534/1592 1544/2395/1507 1566/2431/1530
f 1493/2397/1509 1495/2528/1588 1483/2392/1504
f 1482/2482/1555 1495/2528/1588 477/276/235
f 1557/2430/1529 1536/2427/1527 1534/2426/1526
f 1496/2535/1593 1486/2466/467 1484/2378/1491
f 1477/2410/1499 1490/905/582 1476/2536/1515
f 1518/2518/1582 1521/2537/1570 1579/2538/1541
f 1509/2415/1520 1508/2417/1522 1529/2539/1579
f 1475/2442/1495 1480/2540/1594 1489/2407/1517
f 1549/2388/1500 306/2541/1595 1550/2389/1501
f 1565/2393/1505 1544/2395/1507 1546/2534/1592
f 1488/2396/1508 1489/2407/1517 1493/2397/1509
f 1509/2437/1520 1529/2513/1579 1507/2542/1596
f 1530/2380/1493 1611/2543/1597 1615/2440/1537
f 1536/2443/1527 1557/2472/1529 240/2444/234
f 1475/2382/1495 1592/2544/1598 1530/2380/1493
f 1475/2382/1495 1616/2545/1599 1604/2446/1539
f 1502/2452/1511 1506/2546/1600 1499/2451/1544
f 1486/2455/467 1482/2474/1555 1491/2456/258
f 1575/181/154 1578/2502/1572 1576/1044/656
f 1579/2480/1541 1569/2477/1558 1568/2476/1557
f 238/937/49 240/2444/234 1557/2472/1529
f 1555/2471/1554 238/937/49 1557/2472/1529
f 1556/2515/1563 1545/2505/1506 1493/2500/1509
f 1545/2505/1506 1565/2498/1505 1493/2500/1509
f 1565/2498/1505 1536/2547/1527 1494/2499/233
f 1571/2501/1571 1582/2530/1580 1483/2529/1504
f 1571/2501/1571 1483/2529/1504 1481/2465/1490
f 1535/2469/1553 1475/2468/1495 1474/2507/1494
f 1519/2508/1575 1518/2518/1582 1520/2509/1576
f 1561/2434/1533 1562/2429/1528 1538/2489/1562
f 1570/2514/1556 1569/2503/1558 1545/2505/1506
f 1582/2516/1580 1571/2548/1571 1568/2476/1557
f 1516/2517/1581 1517/2533/1591 1518/2518/1582
f 1487/309/259 1485/2379/1492 276/1075/670
f 1485/2379/1492 1486/2466/467 276/1075/670
f 1511/2420/1525 1510/2525/1586 1515/2519/1583
f 1531/2441/1538 1617/2549/1601 1595/2521/1584
f 1472/478/360 1475/2384/1495 1474/2522/1494
f 1552/2494/1567 1625/2550/1602 1608/2551/1603
f 1555/2471/1554 1562/2473/1528 1561/2523/1533
f 1482/2482/1555 1485/2379/1492 1487/309/259
f 1498/2454/1546 1499/2451/1544 1506/2546/1600
f 1483/2392/1504 1482/2482/1555 1481/2377/1490
f 1545/2394/1506 1535/2469/1553 1565/2393/1505
f 1535/2469/1553 1547/2425/1498 1565/2393/1505
f 1527/2552/1518 1533/2553/1550 1534/2426/1526
f 1572/2554/1604 1568/2476/1557 1571/2548/1571
f 1570/2514/1556 1556/2515/1563 1483/2529/1504
f 1560/2524/1585 1561/2523/1533 1564/2531/1589
f 1510/2525/1586 1511/2420/1525 1516/2555/1581
f 1489/2407/1517 1480/2540/1594 1556/2490/1563
f 1490/905/582 1488/2396/1508 240/275/234
f 1580/2481/1559 1568/2476/1557 1526/2556/1605
f 1522/2449/1542 1521/2497/1570 1517/2533/1591
f 1579/2557/1541 1581/2558/1561 1569/2559/1558
f 1494/274/233 1495/2528/1588 1493/2397/1509
f 1546/2534/1592 1566/2431/1530 1540/2496/1569
f 1493/2397/1509 1483/2392/1504 1556/2490/1563
f 1490/905/582 238/52/49 1479/936/599
f 238/937/49 1554/2560/1606 441/938/600
f 1482/2482/1555 477/276/235 1491/308/258
f 1496/2535/1593 276/1075/670 1486/2466/467
f 1563/2561/1590 1564/2562/1589 1573/2563/1607
f 1477/2410/1499 1488/2396/1508 1490/905/582
f 1523/2450/1543 1522/2449/1542 1519/2508/1575
f 1522/2449/1542 1516/2517/1581 1519/2508/1575
f 1519/2508/1575 1525/2510/1577 1523/2450/1543
f 1520/2509/1576 1518/2518/1582 1579/2538/1541
f 1518/2518/1582 1517/2533/1591 1521/2537/1570
f 1509/2415/1520 1504/2414/1519 1508/2417/1522
f 1594/2564/1496 1616/2545/1599 1475/2382/1495
f 1584/931/596 1605/2565/1608 227/932/559
f 1614/2566/1609 201/923/592 192/6/5
f 1606/2567/1610 1588/140/124 191/141/125
f 1600/2484/1560 1589/1101/680 396/719/462
f 1592/2544/1598 1611/2543/1597 1530/2380/1493
f 1597/2568/1611 1627/677/444 193/675/222
f 1613/876/566 203/634/424 185/219/188
f 1623/2569/1612 1607/2570/1613 201/923/592
f 1583/2571/1614 1599/2492/1565 1552/2494/1567
f 1603/1092/674 985/1387/880 1598/2299/1455
f 1608/2551/1603 1583/2571/1614 1552/2494/1567
f 1591/2572/1615 229/427/11 194/2573/443
f 1586/386/305 1622/2574/1616 231/384/303
f 1620/2575/1617 1623/2569/1612 201/923/592
f 1651/1318/830 1664/2576/1618 728/1190/747
f 1632/2577/1619 1644/2578/1620 872/1635/1088
f 1660/2579/1122 1667/2580/1621 880/1450/936
f 1638/2581/1622 1643/2582/1447 905/2232/1087
f 1668/2583/1623 1640/2584/1624 727/1191/748
f 1639/2585/1625 880/1450/936 1667/2580/1621
f 1668/2583/1623 728/1190/747 1664/2576/1618
f 1631/2586/1626 1648/2587/1627 903/2588/1248
f 1647/2589/1628 903/2588/1248 1648/2587/1627
f 1649/1347/844 1662/1288/819 725/1230/775
f 1658/2313/1462 894/1501/983 1654/2296/1453
f 1665/2590/807 1015/1344/842 1642/1343/841
f 1650/1971/1273 1633/1576/1051 983/1575/882
f 1655/1970/1272 1031/1285/816 1635/2591/818
f 1672/2592/1629 1669/2593/1630 886/1264/801
f 1644/2578/1620 905/1634/1087 872/1635/1088
f 1666/2594/1631 1632/2595/1619 872/2314/1088
f 1669/2593/1630 1663/2596/1632 886/1264/801
f 414/747/475 1673/1100/679 1612/1059/662
f 396/719/462 1674/1093/675 1675/717/460
f 983/1389/882 1676/2597/1050 1677/1774/1178
f 1533/2463/1550 1532/2402/1514 1587/2511/1578
f 1682/1276/811 1013/1266/802 747/1274/809
f 1588/140/124 1614/2566/1609 192/6/5
f 231/384/303 229/2598/11 1626/385/304
f 194/676/443 193/675/222 1627/677/444
f 186/875/373 1602/1083/672 1613/876/566
f 227/904/559 1605/2599/1608 1619/511/374
f 230/930/595 1601/1104/683 1584/931/596
f 1612/1059/662 1609/2600/1633 403/746/474
f 1673/1100/679 414/747/475 396/719/462
f 1624/1107/685 1621/1108/686 219/185/158
f 1621/1108/686 1606/2567/1610 191/141/125
f 1652/1263/800 1672/2592/1629 886/1264/801
f 1662/1288/819 1630/1329/834 730/1278/776
f 727/1191/748 1640/2584/1624 1646/1234/778
f 1013/1266/802 1670/1345/843 1642/1343/841
f 1678/1773/1177 985/1387/880 983/1389/882
f 983/1575/882 988/1975/1275 1655/1970/1272
f 879/1982/1278 1636/2374/1489 1645/2034/1303
f 901/1628/1081 1647/2601/1628 1637/1677/1121
f 904/1689/1128 905/2602/1087 1643/2277/1447
f 878/1996/1284 1634/2297/1454 1654/2296/1453
f 1658/2313/1462 1666/2594/1631 872/2314/1088
f 886/1264/801 1663/2596/1632 1636/2374/1489
f 201/923/592 1607/2570/1613 1594/2383/1496
f 1615/2440/1537 1617/2549/1601 1531/2441/1538
f 307/2398/1510 406/2603/1547 1680/2458/1547
f 1585/2460/1548 1625/2550/1602 1553/2461/1549
f 1595/2521/1584 1587/2511/1578 1532/2402/1514
f 1475/2382/1495 1618/2447/1540 1592/2544/1598
f 1552/2494/1567 1553/2461/1549 1625/2550/1602
f 1614/2566/1609 1620/2575/1617 201/923/592
f 1613/876/566 1624/1107/685 203/634/424
f 1603/1092/674 981/917/472 985/1387/880
f 1591/2572/1615 1626/2604/304 229/427/11
f 1639/2585/1625 910/1451/937 880/1450/936
f 1668/2583/1623 727/1191/748 728/1190/747
f 1647/2589/1628 901/2605/1081 903/2588/1248
f 1658/2313/1462 873/1842/1211 894/1501/983
f 1665/2590/807 1016/1273/808 1015/1344/842
f 1655/1970/1272 988/1975/1275 1031/1285/816
f 1644/2578/1620 1638/2606/1622 905/1634/1087
f 396/719/462 981/917/472 1674/1093/675
f 1682/1276/811 1641/1267/803 1013/1266/802
