# Blender 3.6.5
# www.blender.org
o interior
v -0.196548 0.221158 -0.619876
v -0.228071 0.221359 -0.619733
v -0.227992 0.247303 -0.650466
v -0.195879 0.247164 -0.650737
v -0.228192 0.156831 -0.604586
v -0.228422 0.196299 -0.607735
v -0.195854 0.195937 -0.608263
v -0.196096 0.156813 -0.604549
v -0.197851 0.219736 -0.629366
v -0.224970 0.219716 -0.629366
v -0.224970 0.238460 -0.651096
v -0.197830 0.238518 -0.651143
v -0.224482 0.161558 -0.612939
v -0.224482 0.191669 -0.614581
v -0.199761 0.191688 -0.614628
v -0.199761 0.161597 -0.612939
v 0.489467 -0.246812 0.030842
v 0.481976 -0.178722 -0.321540
v 0.480030 -0.170884 -0.384679
v 0.522967 -0.136109 -0.402322
v 0.525944 -0.212170 0.014080
v 0.527780 -0.061848 0.034165
v 0.479451 -0.103364 0.053654
v 0.510837 -0.008981 0.063812
v 0.480090 -0.028833 0.081857
v 0.472849 0.243964 0.160349
v 0.492946 0.084862 0.167758
v 0.527137 0.156196 0.134801
v 0.443200 0.253993 0.180642
v 0.484486 0.327841 0.201801
v 0.443411 0.330441 0.235300
v 0.472911 0.344445 0.237792
v 0.443344 0.331155 0.254887
v 0.479986 -0.199151 -0.462274
v 0.520487 -0.168011 -0.465560
v 0.479903 -0.216237 -0.474843
v 0.521298 -0.220053 -0.505939
v 0.479453 -0.246699 0.026026
v 0.443129 0.216310 0.170676
v 0.479234 0.087923 0.169601
v 0.443150 0.318475 0.212119
v 0.578616 0.144942 0.166559
v 0.586161 -0.049702 0.061864
v 0.516258 0.336755 0.237417
v 0.493109 0.333402 0.282449
v 0.431840 0.328168 0.272570
v 0.575776 -0.148505 -0.395314
v 0.578935 -0.231335 0.028371
v 0.525839 -0.220978 -0.010162
v 0.540852 0.242842 0.181229
v 0.577860 -0.186358 -0.464057
v 0.578584 -0.246131 -0.500947
v 0.489853 0.306643 0.309193
v 0.471917 0.330976 0.283671
v 0.523185 0.322441 0.275919
v 0.600991 0.134477 0.200881
v 0.541272 0.316528 0.227892
v 0.544473 0.291159 0.278204
v 0.543192 0.266500 0.278665
v 0.544020 0.300345 0.266271
v 0.528307 -0.276420 -0.506712
v 0.606797 -0.186424 -0.388036
v 0.604983 -0.245961 -0.472008
v 0.126466 -0.247206 0.031284
v 0.088416 -0.219909 -0.008356
v 0.133247 -0.177288 -0.334937
v 0.091647 -0.146869 -0.398729
v 0.135425 -0.169160 -0.383404
v 0.094386 -0.214902 0.015836
v 0.135628 -0.104008 0.053537
v 0.093029 -0.056913 0.037748
v 0.103990 -0.003244 0.067213
v 0.135073 0.084337 0.166242
v 0.122535 0.085118 0.168630
v 0.141455 0.242766 0.158622
v 0.171712 0.253000 0.180193
v 0.171330 0.316321 0.212681
v 0.142086 0.327429 0.202732
v 0.170521 0.329508 0.251972
v 0.142656 0.344641 0.237197
v 0.092251 -0.208567 -0.495580
v 0.135480 -0.203685 -0.472568
v 0.085629 -0.261927 -0.505026
v 0.135068 -0.259098 -0.479093
v 0.171773 0.216310 0.170676
v 0.135450 -0.246701 0.026029
v 0.134893 -0.034531 0.079313
v 0.094063 0.320430 0.209211
v 0.143302 0.329763 0.283296
v 0.093639 0.324297 0.276822
v 0.180727 0.328266 0.270927
v 0.092491 0.246193 0.172510
v 0.093662 0.309685 0.295387
v 0.092547 0.325521 0.277689
v 0.142836 0.330634 0.283496
v 0.142980 0.296161 0.317397
v 0.089902 0.250387 0.296812
v 0.089318 0.161887 0.135686
v 0.068608 0.251566 0.197697
v 0.078615 0.327078 0.239954
v 0.070982 0.300431 0.265976
v 0.071763 0.290923 0.278613
v 0.071866 0.300281 0.266111
v 0.046020 0.208050 0.196531
v -0.000380 0.204816 0.196989
v 0.000308 0.165862 0.147145
v 0.010124 -0.068475 0.036902
v -0.000963 -0.163162 -0.391779
v -0.001155 -0.229429 0.022128
v -0.000942 -0.239713 -0.007895
v -0.000478 -0.230118 -0.474276
v 0.408328 0.330329 0.283318
v -0.000262 -0.259393 -0.477824
v 0.115761 -0.258989 0.189863
v 0.142490 -0.279199 0.174149
v 0.472412 -0.276825 0.174665
v 0.504630 -0.252716 0.195938
v 0.517412 -0.274983 0.156824
v 0.093303 -0.279920 0.157581
v -0.001093 -0.254465 0.178799
v 0.007448 -0.280542 0.157440
v 0.498958 0.238531 0.307347
v 0.606371 -0.049819 0.111538
v 0.541884 -0.249011 0.162462
v 0.603801 -0.255289 0.159085
v 0.582096 -0.275034 0.156314
v 0.541884 -0.277195 0.134724
v 0.601550 0.139072 0.247256
v 0.598689 0.133161 0.238308
v 0.602893 0.128022 0.248269
v 0.596270 0.136742 0.246615
v 0.542401 0.216402 0.267266
v 0.598689 0.133161 0.219769
v 0.000000 -0.025625 0.059301
v 0.000000 -0.102663 0.037288
v 0.480392 -0.258378 -0.477156
v 0.603383 -0.264826 0.062637
v -0.000130 0.263012 0.278639
v 0.001341 0.245567 0.287850
v 0.067197 0.267405 0.278741
v 0.000000 -0.280581 0.150306
v 0.072205 0.297764 0.222480
v 0.069974 0.307407 0.240709
v 0.594478 0.136642 0.210096
v 0.206212 0.330329 0.283318
v 0.547284 0.248957 0.197407
v 0.541884 0.297610 0.222350
v 0.541884 0.265943 0.204234
v 0.541219 0.307389 0.240928
v 0.541884 0.300238 0.265952
v 0.492867 -0.287160 -0.476172
v 0.479541 -0.291870 -0.453268
v 0.513090 -0.275404 -0.499029
v 0.574348 -0.274031 -0.488217
v 0.593459 -0.274696 -0.438455
v 0.593298 -0.276183 0.154193
v 0.604738 -0.254768 0.158802
v 0.590499 -0.274703 0.153545
v 0.000075 -0.285915 -0.450478
v 0.084986 -0.284714 -0.474911
v 0.122034 -0.291481 -0.457586
v 0.135339 -0.291870 -0.453268
v -0.648620 -0.332400 0.031787
v -0.654326 -0.330717 -0.707837
v -0.688887 -0.319530 -0.745062
v -0.689229 -0.279551 -0.763819
v -0.669168 0.115424 -0.762988
v -0.655805 0.112242 -0.765308
v -0.644498 0.215507 0.138413
v -0.649440 0.326508 0.167362
v -0.660285 0.328916 0.163140
v -0.686816 0.206150 0.141813
v -0.658846 -0.257132 0.123682
v -0.686915 -0.312111 0.091999
v -0.645032 -0.281533 0.123856
v -0.663035 -0.328692 0.848597
v -0.689318 -0.337855 0.493339
v -0.650904 -0.303518 0.443182
v -0.661511 -0.251698 0.409768
v -0.651393 0.206652 0.399652
v -0.658687 0.333194 0.359313
v -0.666144 -0.306488 0.898375
v -0.644512 -0.250943 0.397221
v -0.647818 0.339975 0.342353
v -0.636312 -0.336949 0.494710
v -0.603315 -0.360928 -0.705587
v -0.601023 -0.361220 0.033111
v -0.541290 -0.362026 0.847520
v -0.604374 -0.119234 -0.951033
v -0.534466 -0.051549 -1.008258
v -0.478258 -0.132694 -1.044526
v -0.535511 -0.347090 -0.887094
v -0.531699 -0.186182 -0.942605
v -0.424870 -0.440179 -1.091020
v -0.579252 -0.441664 -0.705587
v -0.576982 -0.441683 0.033111
v -0.463968 -0.471954 0.822658
v -0.342123 -0.441099 -1.170752
v -0.610572 -0.343780 -0.845686
v -0.610296 -0.298118 -0.892432
v -0.344648 -0.281788 -1.199007
v -0.530532 -0.478139 -0.705587
v -0.349784 -0.478139 -1.098192
v 0.000000 -0.478139 -1.098192
v 0.000000 -0.441099 -1.170752
v -0.645515 -0.309567 -0.831050
v -0.647862 -0.306232 -0.752136
v -0.645118 -0.077418 -0.928431
v -0.637828 0.029417 -1.025199
v -0.418593 -0.113886 -1.078120
v 0.000000 -0.114166 -1.078245
v 0.000000 -0.255264 -1.198696
v -0.320140 -0.234394 -1.189151
v -0.535561 0.037477 -1.063273
v -0.598859 0.047072 -1.057547
v -0.687684 -0.343955 -0.708215
v -0.685393 -0.344598 0.035505
v -0.684912 0.115570 -0.772056
v -0.678196 0.326812 0.174158
v -0.685393 -0.218122 0.141201
v -0.685393 -0.275891 0.127074
v -0.687684 -0.340316 0.851222
v -0.687684 -0.312619 0.437074
v -0.687684 -0.272562 0.406520
v -0.687684 -0.215397 0.392722
v -0.687684 0.204126 0.389248
v -0.682120 0.336669 0.339410
v -0.690188 -0.312658 0.905807
v -0.541439 -0.343410 0.909421
v -0.640322 -0.310692 0.904023
v -0.434471 -0.433061 0.878914
v -0.665807 0.336246 0.347852
v -0.655070 0.337258 0.347993
v -0.611008 0.114798 -1.026682
v -0.584024 0.115408 -1.065657
v -0.274175 -0.084608 -1.075618
v -0.425720 0.095725 -1.068498
v -0.443617 0.105168 -1.056543
v -0.260630 -0.085040 -1.086913
v 0.000000 -0.478139 0.826019
v 0.000000 -0.343410 0.909421
v 0.000000 -0.433061 0.878914
v 0.000000 -0.088036 -1.086926
v 0.648620 -0.332400 0.031787
v 0.654326 -0.330717 -0.707837
v 0.647862 -0.306232 -0.752136
v 0.688887 -0.319530 -0.745062
v 0.689229 -0.279551 -0.763819
v 0.655805 0.112242 -0.765308
v 0.669168 0.115424 -0.762988
v 0.644498 0.215507 0.138413
v 0.686816 0.206150 0.141813
v 0.660285 0.328916 0.163140
v 0.649440 0.326508 0.167362
v 0.658846 -0.257132 0.123682
v 0.645032 -0.281533 0.123856
v 0.686915 -0.312111 0.091999
v 0.663035 -0.328692 0.848597
v 0.689318 -0.337855 0.493339
v 0.650904 -0.303518 0.443182
v 0.661511 -0.251698 0.409768
v 0.651393 0.206652 0.399652
v 0.658687 0.333194 0.359313
v 0.666144 -0.306488 0.898375
v 0.644512 -0.250943 0.397221
v 0.647818 0.339975 0.342353
v 0.636312 -0.336949 0.494710
v 0.601023 -0.361220 0.033111
v 0.603315 -0.360928 -0.705587
v 0.541290 -0.362026 0.847520
v 0.604374 -0.119234 -0.951033
v 0.534466 -0.051549 -1.008258
v 0.478258 -0.132694 -1.044526
v 0.535511 -0.347090 -0.887094
v 0.424870 -0.440179 -1.091020
v 0.531699 -0.186182 -0.942605
v 0.576982 -0.441683 0.033111
v 0.579252 -0.441664 -0.705587
v 0.463968 -0.471954 0.822658
v 0.342123 -0.441099 -1.170752
v 0.610572 -0.343780 -0.845686
v 0.610318 -0.298118 -0.892432
v 0.344648 -0.281788 -1.199007
v 0.530532 -0.478139 -0.705587
v 0.349784 -0.478139 -1.098192
v 0.000000 -0.478139 -1.098192
v 0.000000 -0.441099 -1.170752
v 0.645515 -0.309567 -0.831050
v 0.645118 -0.077418 -0.928431
v 0.637828 0.029417 -1.025199
v 0.000000 -0.114166 -1.078245
v 0.418593 -0.113886 -1.078120
v 0.000000 -0.255264 -1.198696
v 0.320140 -0.234394 -1.189151
v 0.535561 0.037477 -1.063273
v 0.598859 0.047072 -1.057547
v 0.687684 -0.343955 -0.708215
v 0.685393 -0.344598 0.035505
v 0.684912 0.115570 -0.772056
v 0.678196 0.326812 0.174158
v 0.685393 -0.218122 0.141201
v 0.685393 -0.275891 0.127074
v 0.687684 -0.340316 0.851222
v 0.687684 -0.312619 0.437074
v 0.687684 -0.272562 0.406520
v 0.687684 -0.215397 0.392722
v 0.687684 0.204126 0.389248
v 0.682120 0.336669 0.339410
v 0.690188 -0.312658 0.905807
v 0.541439 -0.343410 0.909421
v 0.640322 -0.310692 0.904023
v 0.434471 -0.433061 0.878914
v 0.655070 0.337258 0.347993
v 0.665807 0.336246 0.347852
v 0.611008 0.114798 -1.026682
v 0.584024 0.115408 -1.065657
v 0.274175 -0.084608 -1.075618
v 0.443617 0.105168 -1.056543
v 0.456181 0.108330 -1.068343
v 0.260630 -0.085040 -1.086913
v 0.000000 -0.478139 0.826019
v 0.000000 -0.343410 0.909421
v 0.000000 -0.433061 0.878914
v -0.000000 -0.088036 -1.086926
v -0.000833 -0.130639 -0.399534
v 0.012880 -0.189335 -0.518976
v 0.017315 -0.180187 -0.501141
v 0.080022 -0.174993 -0.164729
v -0.008502 -0.195205 -0.136812
v 0.085968 -0.132772 -0.403964
v 0.075260 -0.210059 -0.132456
v -0.068512 -0.451209 -0.459562
v -0.045558 -0.267073 -0.634435
v -0.015227 -0.151348 -0.413063
v -0.046372 -0.440000 -0.411658
v -0.008488 -0.148072 -0.360855
v -0.045325 -0.440926 -0.146250
v -0.013347 -0.188187 -0.171522
v -0.016742 -0.216117 -0.146459
v 0.048416 -0.441752 -0.130631
v -0.039382 -0.441488 -0.130743
v -0.039404 -0.270657 -0.668653
v -0.039149 -0.204475 -0.517495
v -0.064900 -0.442650 -0.705547
v -0.068131 -0.436892 -0.689128
v -0.075538 -0.478368 -0.142254
v -0.057006 -0.463202 -0.110574
v -0.061859 -0.479068 -0.112202
v -0.045558 -0.267073 -0.634435
v -0.010780 -0.151906 -0.414125
v -0.008488 -0.148072 -0.360855
v -0.013347 -0.188187 -0.171522
v -0.016742 -0.216117 -0.146459
v -0.049060 -0.293739 -0.661656
v -0.049060 -0.293739 -0.661656
v -0.069328 -0.438670 -0.689255
v 0.100432 -0.267073 -0.634435
v 0.104888 -0.205646 -0.518836
v 0.055947 -0.440208 -0.411547
v 0.090204 -0.151906 -0.414125
v 0.088846 -0.148072 -0.360855
v 0.083966 -0.188187 -0.171522
v 0.054712 -0.441040 -0.146228
v 0.080571 -0.216117 -0.146459
v 0.086893 -0.461087 -0.723456
v -0.086829 -0.479068 -0.723252
v 0.086829 -0.479068 -0.723252
v 0.094496 -0.269408 -0.666621
v 0.105562 -0.204013 -0.516164
v 0.073491 -0.443048 -0.705909
v 0.078922 -0.437258 -0.689336
v 0.061859 -0.479068 -0.112202
v 0.061882 -0.461295 -0.111989
v 0.073320 -0.460611 -0.142831
v 0.072656 -0.479093 -0.142564
v 0.100432 -0.267073 -0.634435
v 0.090204 -0.151906 -0.414125
v 0.088846 -0.148072 -0.360855
v 0.083966 -0.188187 -0.171522
v 0.080571 -0.216117 -0.146459
v 0.097483 -0.293739 -0.661656
v 0.097483 -0.293739 -0.661656
v 0.079884 -0.439926 -0.689400
v 0.082862 -0.180810 -0.502362
v 0.084221 -0.190036 -0.520337
v 0.019904 -0.197880 -0.535591
v 0.006154 -0.231046 -0.600173
v 0.012753 -0.221197 -0.581023
v 0.074353 -0.198405 -0.536624
v 0.071001 -0.219407 -0.577503
v 0.078131 -0.228827 -0.595808
v 0.031787 -0.173297 -0.487718
v 0.051712 -0.170864 -0.482978
v 0.070746 -0.173667 -0.488469
v 0.036137 -0.203057 -0.545682
v 0.030599 -0.214696 -0.568351
v 0.052837 -0.214015 -0.566990
v 0.056444 -0.203252 -0.546057
v 0.013283 -0.240466 -0.618477
v 0.031447 -0.245858 -0.628990
v 0.053707 -0.245177 -0.627676
v 0.071531 -0.238656 -0.615004
v -0.094306 -0.461159 -0.692596
v -0.081981 -0.462995 -0.724892
v -0.045096 -0.439931 -0.146213
v 0.074663 -0.452389 -0.443324
v 0.100333 -0.479170 -0.526919
v 0.097909 -0.460319 -0.692416
v 0.055088 -0.440860 -0.146076
v -0.074396 -0.479073 -0.409385
v -0.073421 -0.478817 -0.142109
v -0.099581 -0.478378 -0.521410
v -0.097398 -0.479093 -0.692727
v -0.098172 -0.478834 -0.693150
v 0.074396 -0.479073 -0.409385
v 0.073083 -0.478967 -0.142133
v 0.097398 -0.479093 -0.692727
v 0.097949 -0.478986 -0.693146
v -0.654078 0.120516 -0.755894
v -0.628402 0.216737 -0.811985
v -0.618834 0.264709 -0.820917
v -0.669478 0.113235 -0.763322
v -0.682492 0.118943 -0.774960
v -0.671685 0.199902 -0.817103
v -0.662306 0.222714 -0.825598
v -0.648619 0.244241 -0.827428
v -0.640464 0.261755 -0.832582
v -0.614976 0.198288 -0.826932
v -0.607667 0.263235 -0.825010
v -0.610846 0.112669 -1.026547
v -0.584256 0.113013 -1.065684
v -0.477971 0.114008 -1.067215
v -0.436417 0.109425 -1.056139
v -0.429226 0.100568 -1.068368
v -0.279900 -0.071784 -1.085713
v -0.273608 -0.076180 -1.074935
v -0.214212 -0.088707 -1.087256
v -0.655589 0.117548 -0.766596
v -0.598391 0.260163 -0.862162
v -0.499495 0.177828 -0.944114
v -0.622755 0.136067 -0.873520
v -0.497756 0.255703 -0.943655
v -0.481904 0.139823 -0.987603
v -0.210706 0.183685 -0.966629
v -0.213405 0.253291 -0.967386
v -0.563534 0.280648 -0.982078
v -0.226137 0.278244 -1.053229
v -0.588379 0.136136 -1.039193
v -0.574497 0.285674 -1.017782
v -0.567921 0.283363 -0.995406
v -0.582499 0.288637 -1.005074
v 0.654078 0.120516 -0.755894
v 0.628402 0.216737 -0.811985
v 0.618834 0.264709 -0.820917
v 0.669478 0.113235 -0.763322
v 0.671685 0.199902 -0.817103
v 0.682492 0.118943 -0.774960
v 0.648619 0.244241 -0.827428
v 0.662306 0.222714 -0.825598
v 0.641360 0.258067 -0.834370
v 0.273608 -0.076180 -1.074935
v 0.607667 0.263235 -0.825010
v 0.610846 0.112669 -1.026547
v 0.584256 0.113013 -1.065684
v 0.477971 0.114008 -1.067215
v 0.436417 0.109425 -1.056139
v 0.425720 0.095725 -1.068498
v 0.279900 -0.071784 -1.085713
v 0.214212 -0.088707 -1.087256
v 0.655589 0.117548 -0.766596
v 0.598391 0.260163 -0.862162
v 0.614976 0.198288 -0.826932
v 0.499495 0.177828 -0.944114
v 0.622755 0.136067 -0.873520
v 0.481904 0.139823 -0.987603
v 0.497756 0.255703 -0.943655
v 0.563534 0.280648 -0.982078
v 0.200044 0.258189 -0.970586
v 0.226137 0.278244 -1.053229
v 0.588379 0.136136 -1.039193
v 0.574497 0.285674 -1.017782
v 0.567921 0.283363 -0.995406
v 0.582499 0.288637 -1.005074
v 0.554748 0.538705 -0.702968
v 0.591248 0.287437 -0.994116
v 0.582540 0.288541 -1.005100
v 0.617207 0.355832 -0.805657
v 0.603313 0.359525 -0.819737
v 0.594997 0.468366 -0.673578
v 0.545260 0.601973 -0.519842
v 0.554991 0.617598 -0.480076
v 0.569873 0.592272 -0.620061
v 0.608630 0.362856 -0.916382
v 0.623796 0.237868 -0.859125
v 0.597035 0.261404 -0.867501
v 0.563545 0.281472 -0.981944
v 0.582074 0.262459 -0.995077
v 0.567921 0.283363 -0.995406
v 0.615266 0.267731 -0.825077
v 0.615594 0.272308 -0.993822
v 0.538757 0.612189 -0.476120
v 0.522278 0.612846 -0.475327
v 0.526309 0.624754 -0.481383
v 0.514214 0.616992 -0.480209
v 0.522637 0.652558 -0.509471
v 0.505090 0.658547 -0.520901
v 0.500061 0.649535 -0.515597
v 0.525381 0.672481 -0.523013
v 0.604546 0.263451 -0.829446
v 0.641497 0.262509 -0.831564
v 0.531129 0.659387 -0.509042
v 0.535754 0.654133 -0.505141
v 0.535156 0.653065 -0.510151
v 0.521154 0.662620 -0.505821
v 0.076639 0.260018 -1.060433
v 0.068024 0.202985 -0.606441
v 0.048963 -0.085917 -1.093229
v 0.047071 -0.070988 -0.810146
v 0.048034 -0.085253 -1.093119
v 0.049028 -0.085008 -0.887149
v 0.073433 0.144447 -0.600818
v 0.046334 -0.078801 -0.820995
v 0.049272 -0.035221 -0.756370
v 0.069982 0.256208 -0.661152
v 0.071607 0.207026 -0.605407
v 0.071633 0.150169 -0.599108
v 0.049886 -0.033176 -0.752238
v 0.044991 0.059030 -0.670417
v 0.071555 0.258506 -0.660027
v 0.071695 0.259260 -1.060472
v -0.071393 0.207453 -0.605830
v -0.071348 0.149233 -0.599463
v 0.048259 0.019471 -0.702846
v -0.044303 0.064594 -0.738681
v 0.044436 0.064553 -0.739843
v 0.039910 0.027661 -0.736465
v -0.039745 0.027697 -0.737654
v -0.037232 0.006434 -0.788908
v 0.037352 0.006397 -0.789775
v 0.032865 -0.030321 -0.786646
v -0.032701 -0.030286 -0.787820
v 0.038433 0.029229 -0.703865
v 0.046888 0.066712 -0.671954
v -0.044243 0.064590 -0.671794
v 0.044391 0.064590 -0.671794
v 0.031391 -0.028752 -0.753945
v 0.039797 0.008560 -0.722174
v 0.053502 0.202480 -0.609297
v 0.053882 0.157775 -0.604955
v 0.054096 0.152108 -0.619144
v 0.054049 0.187709 -0.652910
v -0.053898 0.202958 -0.609700
v 0.054046 0.202958 -0.609700
v -0.053890 0.187458 -0.653543
v 0.057748 0.163602 -0.603147
v 0.059839 0.199084 -0.607260
v 0.054046 0.202958 -0.609700
v -0.057738 0.199871 -0.605772
v -0.071489 0.259082 -1.060472
v 0.040792 0.253081 -0.818310
v 0.039472 0.254337 -0.712433
v -0.049731 -0.034116 -0.753080
v -0.049089 -0.086312 -1.093225
v 0.054046 0.157588 -0.604772
v -0.054016 0.157287 -0.604915
v -0.058860 0.164985 -0.602977
v -0.071487 0.258055 -0.660331
v -0.076511 0.260004 -1.060435
v -0.067632 0.202972 -0.606242
v -0.046919 -0.070987 -0.810146
v -0.047885 -0.085253 -1.093119
v -0.048879 -0.085008 -0.887149
v -0.073433 0.144283 -0.600858
v -0.045884 -0.076991 -0.819572
v -0.049123 -0.035221 -0.756370
v -0.069826 0.256192 -0.660958
v -0.044273 0.062510 -0.671101
v -0.047774 0.016092 -0.705660
v -0.038137 0.029222 -0.703909
v -0.046739 0.066712 -0.671954
v -0.031145 -0.028806 -0.753982
v -0.039674 0.008555 -0.722174
v -0.037177 0.006432 -0.722014
v 0.037304 0.006432 -0.722014
v -0.053579 0.202662 -0.609382
v -0.039284 0.254553 -0.712470
v -0.040650 0.253322 -0.818119
v -0.039744 0.027647 -0.703710
v 0.039893 0.027647 -0.703710
v -0.032699 -0.030335 -0.753788
v 0.032848 -0.030335 -0.753788
v 0.043766 0.031229 -0.700672
v 0.036750 -0.026741 -0.750740
v 0.037637 0.000633 -0.720412
v -0.049336 0.058828 -0.678600
v -0.043328 0.030894 -0.700915
v -0.037417 0.000375 -0.720298
v -0.036302 -0.027083 -0.750989
v 0.011842 -0.285945 -0.581282
v 0.031166 -0.192862 -0.571134
v 0.022625 -0.183798 -0.561982
v 0.055697 -0.181668 -0.557723
v 0.047232 -0.226871 -0.557311
v 0.048416 -0.191283 -0.568862
v 0.017911 -0.230245 -0.566338
v 0.022771 -0.187267 -0.566831
v 0.001187 -0.243730 -0.609162
v 0.024360 -0.194857 -0.594200
v 0.010133 -0.193690 -0.588576
v 0.025719 -0.206853 -0.614227
v 0.016668 -0.202811 -0.619854
v 0.014848 -0.286009 -0.614435
v 0.011841 -0.199514 -0.614112
v 0.023289 -0.251621 -0.630740
v 0.033238 -0.207984 -0.619982
v 0.041473 -0.209499 -0.635067
v 0.046347 -0.210141 -0.625106
v 0.046553 -0.207923 -0.636653
v 0.037389 -0.286031 -0.624203
v 0.041399 -0.253001 -0.635561
v 0.050685 -0.209133 -0.623340
v 0.038626 -0.285768 -0.627966
v 0.046676 -0.210083 -0.624325
v 0.067157 -0.205882 -0.630543
v 0.046916 -0.207495 -0.635561
v 0.041399 -0.253001 -0.635561
v 0.069370 -0.250646 -0.629997
v 0.074236 -0.206145 -0.613526
v 0.066083 -0.285929 -0.593907
v 0.087690 -0.196273 -0.601330
v 0.074338 -0.201332 -0.600365
v 0.074778 -0.231797 -0.572608
v 0.061034 -0.192087 -0.573556
v 0.076925 -0.185126 -0.568483
v 0.072241 -0.195760 -0.584266
v 0.046905 -0.285994 -0.568809
v 0.058921 -0.188326 -0.570757
v 0.038707 -0.187176 -0.570773
v 0.037919 -0.182348 -0.559152
v 0.024148 -0.205023 -0.628052
v 0.065131 -0.206642 -0.616369
v 0.065820 -0.205588 -0.631527
v 0.082716 -0.202445 -0.613056
v 0.088187 -0.191239 -0.588965
v 0.076602 -0.184952 -0.566954
v 0.054311 -0.180875 -0.556613
v 0.037410 -0.285973 -0.568351
v 0.023867 -0.285973 -0.571576
v 0.014939 -0.285973 -0.579991
v 0.009690 -0.285986 -0.591166
v 0.011967 -0.285893 -0.608449
v 0.020986 -0.286012 -0.618899
v 0.033697 -0.285906 -0.624224
v 0.050885 -0.286253 -0.621056
v 0.062850 -0.285931 -0.608392
v 0.065109 -0.285986 -0.591166
v 0.059860 -0.285973 -0.579991
v 0.050936 -0.285973 -0.571579
v -0.355852 0.241224 -0.524890
v -0.358158 0.245385 -0.478145
v -0.352568 0.154975 -0.436137
v -0.260857 0.267267 -0.723569
v -0.354513 0.137491 -0.659061
v -0.259511 0.134956 -0.655691
v -0.356027 0.218478 -0.774899
v -0.358781 0.250274 -0.722765
v -0.355367 0.161344 -0.764777
v -0.345681 0.231836 -0.773704
v -0.262008 0.164740 -0.771890
v -0.350375 0.269909 -0.654368
v -0.357826 0.253914 -0.652551
v -0.362005 0.251527 -0.723427
v -0.351369 0.223400 -0.771556
v -0.352160 0.175648 -0.771760
v -0.304256 0.242403 -0.771814
v -0.343969 0.231200 -0.772046
v -0.270124 0.255413 -0.487391
v -0.339335 0.255431 -0.487569
v -0.342030 0.140819 -0.439131
v -0.266985 0.141378 -0.439128
v -0.352112 0.244108 -0.481724
v -0.250636 0.162169 -0.760918
v -0.251707 0.253953 -0.652504
v -0.250667 0.250255 -0.722906
v -0.252876 0.218580 -0.774343
v -0.258533 0.269672 -0.655406
v -0.250667 0.250255 -0.722906
v -0.251707 0.253953 -0.652504
v -0.257339 0.217283 -0.771228
v -0.257181 0.176448 -0.771670
v -0.258138 0.223087 -0.772057
v -0.265521 0.231122 -0.772093
v -0.256909 0.155100 -0.435834
v -0.251376 0.245555 -0.477920
v -0.257398 0.244303 -0.481431
v -0.253680 0.241340 -0.524702
v -0.256972 0.249390 -0.520337
v -0.253680 0.241340 -0.524702
v -0.357826 0.253914 -0.652551
v -0.351775 0.218520 -0.770120
v -0.262558 0.168050 -0.769035
v -0.260288 0.230413 -0.774491
v -0.355852 0.241224 -0.524890
v -0.357274 0.279022 -0.620965
v -0.349675 0.302082 -0.611601
v -0.357804 0.312638 -0.552845
v -0.251732 0.312765 -0.552631
v -0.260363 0.305841 -0.605623
v -0.252789 0.299070 -0.586280
v -0.356744 0.298973 -0.586421
v -0.357274 0.279022 -0.620965
v -0.356744 0.298973 -0.586421
v -0.252258 0.279081 -0.620824
v -0.252789 0.299070 -0.586280
v -0.252258 0.279081 -0.620824
v -0.356234 0.312111 -0.552628
v -0.352501 0.321360 -0.556009
v -0.352845 0.248930 -0.520546
v -0.355852 0.241224 -0.524890
v -0.255675 0.318980 -0.555382
v -0.256539 0.240754 -0.525954
v -0.341797 0.311247 -0.558779
v -0.344439 0.266807 -0.541463
v -0.265155 0.266738 -0.541270
v -0.267719 0.312805 -0.559784
v -0.253298 0.312228 -0.552441
v -0.356234 0.312111 -0.552628
v -0.275494 0.137404 -0.437545
v -0.333996 0.137306 -0.437733
v -0.304734 0.209595 -0.435386
v -0.340498 0.255270 -0.487717
v -0.259637 0.246985 -0.484451
v -0.262248 0.141519 -0.438653
v -0.349869 0.246819 -0.484742
v -0.269002 0.255375 -0.487498
v -0.347245 0.141374 -0.438835
v -0.136791 0.135106 -0.767930
v -0.169255 0.090851 -0.719222
v -0.136628 0.089139 -0.714813
v -0.169339 0.096795 -0.649033
v -0.136922 0.093421 -0.652516
v -0.136528 0.140804 -0.610733
v -0.136903 0.251263 -0.664114
v -0.168884 0.252415 -0.664505
v -0.136662 0.245574 -0.730682
v -0.137249 0.241493 -0.662116
v -0.168679 0.241241 -0.662005
v -0.169269 0.247679 -0.726393
v -0.169238 0.195075 -0.771693
v -0.136776 0.197524 -0.771257
v -0.167560 0.216295 -0.641529
v -0.138745 0.215192 -0.641647
v -0.136992 0.196978 -0.612751
v -0.169142 0.216450 -0.618367
v -0.136777 0.216652 -0.619278
v -0.136989 0.163896 -0.609054
v -0.168800 0.153715 -0.601572
v -0.169083 0.132960 -0.767738
v -0.167962 0.243938 -0.667045
v -0.169027 0.229249 -0.635872
v -0.136991 0.229249 -0.636197
v -0.167102 0.224513 -0.645777
v -0.138255 0.244065 -0.668639
v -0.138491 0.223568 -0.644732
v -0.169116 0.194938 -0.612508
v -0.168272 0.192304 -0.638518
v -0.168336 0.187747 -0.638754
v -0.137456 0.189878 -0.638179
v -0.137750 0.187289 -0.639147
v 0.497473 0.131523 -0.765362
v 0.096559 0.132348 -0.764886
v 0.497164 0.250988 -0.664056
v 0.498044 0.242475 -0.649562
v 0.095661 0.241890 -0.650021
v 0.095857 0.246759 -0.727333
v 0.497133 0.247265 -0.726248
v 0.097021 0.091161 -0.717133
v 0.095126 0.093527 -0.654660
v 0.095171 0.107600 -0.638452
v 0.095985 0.251353 -0.665440
v 0.096102 0.196827 -0.770491
v 0.095415 0.210571 -0.615151
v 0.095004 0.242749 -0.650363
v 0.095318 0.139939 -0.610769
v 0.496377 0.090760 -0.716123
v 0.496959 0.197818 -0.769969
v 0.497929 0.141817 -0.609130
v 0.496574 0.095327 -0.653780
v 0.498054 0.107502 -0.638385
v 0.498226 0.242693 -0.650371
v 0.497825 0.210570 -0.615172
v 0.498210 0.106853 -0.638924
v 0.095015 0.106905 -0.638920
v 0.095390 0.140469 -0.750092
v 0.095385 0.107079 -0.711378
v 0.095391 0.090819 -0.719294
v 0.095382 0.124168 -0.759374
v 0.095382 0.088958 -0.706244
v 0.095353 0.110740 -0.660394
v 0.095331 0.093699 -0.654325
v 0.095657 0.106845 -0.639068
v 0.095525 0.119794 -0.651465
v 0.095429 0.149633 -0.626655
v 0.095362 0.200888 -0.630448
v 0.095522 0.227951 -0.660784
v 0.095500 0.241659 -0.650306
v 0.095361 0.234397 -0.669546
v 0.095405 0.252113 -0.665881
v 0.096150 0.242394 -0.650665
v 0.095382 0.230479 -0.720581
v 0.095385 0.247678 -0.726231
v 0.095382 0.239744 -0.736845
v 0.095385 0.191552 -0.753977
v 0.095400 0.199720 -0.770132
v 0.095382 0.186608 -0.772046
v 0.095385 0.134853 -0.767308
v 0.497855 0.107079 -0.711378
v 0.497885 0.140468 -0.750092
v 0.497875 0.124168 -0.759374
v 0.497863 0.090819 -0.719294
v 0.497880 0.134853 -0.767308
v 0.497851 0.191552 -0.753977
v 0.497875 0.186608 -0.772046
v 0.497872 0.199720 -0.770132
v 0.497855 0.230479 -0.720581
v 0.497875 0.239744 -0.736845
v 0.497872 0.247678 -0.726231
v 0.497876 0.234397 -0.669546
v 0.497850 0.252113 -0.665881
v 0.497699 0.227939 -0.660760
v 0.497875 0.200888 -0.630448
v 0.497815 0.149632 -0.626655
v 0.497707 0.119783 -0.651489
v 0.497753 0.107876 -0.639023
v 0.497858 0.110740 -0.660394
v 0.497928 0.093699 -0.654325
v 0.497454 0.106836 -0.639054
v 0.497875 0.088958 -0.706244
v 0.095552 0.227937 -0.660758
v 0.497764 0.241659 -0.650306
v 0.497725 0.227950 -0.660782
v 0.095459 0.107875 -0.639024
v 0.095487 0.119785 -0.651487
v 0.497682 0.119797 -0.651463
v 0.497113 0.242394 -0.650665
v 0.153991 0.238927 -0.645089
v 0.162054 0.240795 -0.644948
v 0.161969 0.231472 -0.634106
v 0.153906 0.230772 -0.635655
v 0.102979 0.231355 -0.633965
v 0.102979 0.240659 -0.644760
v 0.110978 0.238869 -0.645042
v 0.110978 0.230869 -0.635749
v 0.102979 0.231355 -0.633965
v 0.102979 0.240659 -0.644760
v 0.161969 0.231472 -0.634106
v 0.162054 0.240795 -0.644948
v 0.110978 0.237506 -0.646215
v 0.153991 0.237564 -0.646262
v 0.153906 0.229409 -0.636828
v 0.110978 0.229506 -0.636922
v -0.598144 0.134954 -0.666172
v -0.597091 0.126954 -0.687295
v -0.587182 0.133969 -0.684596
v -0.595888 0.150983 -0.650144
v -0.598083 0.173405 -0.647176
v -0.588291 0.191948 -0.659149
v -0.597488 0.204733 -0.661128
v -0.587686 0.207730 -0.691872
v -0.594745 0.216308 -0.693556
v -0.597223 0.200000 -0.724209
v -0.588034 0.189937 -0.722023
v -0.597151 0.167617 -0.733991
v -0.586698 0.166266 -0.726643
v -0.597409 0.146205 -0.726372
v -0.596036 0.130460 -0.709436
v -0.536198 0.170687 -0.690286
v -0.578485 0.129328 -0.674893
v -0.578485 0.169556 -0.744307
v -0.577610 0.140666 -0.664991
v -0.578080 0.191386 -0.725714
v -0.577609 0.162074 -0.646683
v -0.578085 0.212778 -0.707374
v -0.578573 0.118018 -0.684420
v -0.578573 0.180866 -0.734780
v -0.578573 0.150912 -0.656259
v -0.578573 0.202277 -0.716476
v -0.578573 0.172322 -0.637955
v -0.578573 0.223687 -0.698124
v -0.399930 0.177416 -0.613529
v -0.383725 0.190073 -0.608815
v -0.437125 0.187234 -0.618181
v -0.446169 0.190019 -0.608929
v -0.435998 0.174844 -0.616895
v -0.446124 0.162365 -0.605488
v -0.383801 0.162405 -0.605427
v -0.384242 0.221045 -0.627859
v -0.397758 0.230053 -0.640435
v -0.384245 0.239963 -0.649905
v -0.436165 0.234036 -0.651559
v -0.445760 0.239963 -0.649964
v -0.435401 0.225687 -0.641001
v -0.445937 0.221357 -0.627356
v -0.194361 0.220407 -0.624193
v -0.229840 0.220357 -0.624216
v -0.230020 0.221585 -0.631384
v -0.194180 0.221585 -0.631384
v -0.193896 0.159300 -0.608041
v -0.230368 0.159260 -0.608107
v -0.230551 0.163135 -0.612939
v -0.193714 0.163135 -0.612939
v -0.194464 0.222010 -0.620108
v -0.168411 0.209304 -0.614258
v -0.245921 0.211088 -0.611477
v -0.229701 0.220401 -0.621757
v -0.497184 0.133135 -0.765649
v -0.170690 0.254848 -0.673906
v -0.245914 0.254654 -0.673953
v -0.170753 0.250682 -0.728032
v -0.168820 0.249605 -0.660792
v -0.245823 0.259596 -0.673039
v -0.167624 0.253037 -0.674241
v -0.245920 0.248888 -0.730400
v -0.245932 0.198568 -0.773326
v -0.167514 0.200075 -0.771514
v -0.363047 0.248363 -0.731179
v -0.363067 0.254654 -0.673953
v -0.498513 0.252713 -0.673898
v -0.363034 0.211133 -0.611708
v -0.498128 0.209667 -0.614278
v -0.356524 0.158261 -0.771653
v -0.252291 0.157560 -0.771549
v -0.252750 0.126633 -0.619610
v -0.356627 0.126662 -0.619941
v -0.364255 0.148962 -0.607314
v -0.364472 0.200240 -0.771078
v -0.244413 0.201086 -0.771096
v -0.245714 0.249099 -0.729826
v -0.245830 0.254116 -0.662761
v -0.247221 0.210396 -0.610308
v -0.364554 0.247686 -0.730336
v -0.362961 0.166541 -0.772797
v -0.362982 0.254031 -0.662756
v -0.364284 0.209756 -0.612896
v -0.246020 0.165879 -0.772750
v -0.382332 0.222849 -0.625858
v -0.446910 0.222373 -0.625539
v -0.446779 0.242306 -0.648829
v -0.382217 0.242284 -0.648743
v -0.446078 0.161662 -0.608150
v -0.445774 0.190745 -0.610040
v -0.384369 0.190547 -0.609748
v -0.384284 0.161838 -0.607728
v -0.168961 0.133111 -0.765939
v -0.168716 0.090481 -0.717044
v -0.168768 0.095678 -0.651116
v -0.168208 0.252415 -0.674376
v -0.170690 0.254848 -0.673906
v -0.171245 0.244887 -0.727966
v -0.169103 0.144737 -0.609933
v -0.229665 0.245878 -0.651121
v -0.194487 0.247419 -0.649874
v -0.194467 0.195328 -0.609560
v -0.194397 0.157768 -0.608541
v -0.229779 0.195425 -0.608307
v -0.229964 0.158072 -0.605695
v -0.497117 0.090667 -0.716471
v -0.499037 0.094270 -0.649944
v -0.497271 0.248948 -0.660336
v -0.363073 0.259488 -0.672986
v -0.363045 0.131788 -0.610264
v -0.168208 0.124168 -0.759374
v -0.168208 0.090819 -0.719294
v -0.168208 0.088958 -0.706244
v -0.168208 0.092189 -0.662501
v -0.168208 0.134853 -0.767308
v -0.168208 0.095955 -0.649853
v -0.168208 0.141698 -0.610413
v -0.168208 0.252415 -0.674376
v -0.168208 0.247678 -0.726231
v -0.168208 0.250553 -0.661271
v -0.168208 0.239744 -0.736845
v -0.168208 0.199720 -0.770132
v -0.168208 0.186608 -0.772046
v -0.168208 0.211117 -0.615562
v -0.168208 0.198462 -0.611765
v -0.168208 0.154765 -0.608574
v -0.495217 0.197175 -0.773897
v -0.363049 0.166677 -0.775903
v -0.498716 0.252926 -0.673963
v -0.497300 0.246309 -0.727357
v -0.496364 0.144322 -0.610875
v -0.497043 0.196479 -0.769698
v -0.498087 0.187017 -0.771858
v -0.245878 0.131775 -0.609547
v -0.245194 0.146524 -0.607590
v -0.362982 0.133959 -0.613549
v -0.245977 0.133900 -0.612986
v -0.355958 0.126485 -0.619603
v -0.253022 0.126543 -0.619416
v -0.355937 0.158366 -0.772281
v -0.253022 0.157607 -0.772140
v -0.246020 0.165879 -0.772750
v 0.481139 -0.113495 0.047032
v 0.446597 -0.195983 -0.483316
v 0.443254 -0.151710 -0.372662
v 0.444825 -0.016490 0.070143
v 0.445081 0.092812 0.156830
v 0.445594 0.325033 0.213469
v 0.398006 0.348800 0.229837
v 0.390908 0.351502 0.258830
v 0.168729 -0.152897 -0.373784
v 0.171849 -0.195142 -0.484462
v 0.133575 -0.258950 -0.484058
v 0.169842 -0.290644 -0.467161
v 0.171275 -0.011946 0.072599
v 0.202115 0.348582 0.244964
v 0.223327 0.330286 0.198502
v 0.205560 0.330700 0.284037
v 0.408538 0.330745 0.284163
v 0.135025 -0.204909 -0.472421
v 0.479859 -0.205167 -0.472298
v 0.131837 -0.159198 -0.375199
v 0.483108 -0.159310 -0.375334
v 0.169926 -0.235639 0.008189
v 0.182065 0.248476 0.166379
v 0.172877 0.246892 0.176263
v 0.430487 0.252525 0.165451
v 0.443940 0.216371 0.170027
v 0.134637 -0.021604 0.082486
v 0.480555 -0.022300 0.082135
v 0.132964 -0.101538 0.048563
v 0.133624 -0.249711 0.021713
v 0.480042 -0.249950 0.022157
v 0.170956 0.319109 0.211522
v 0.171114 0.332951 0.235698
v 0.171306 0.332244 0.255738
v 0.443813 0.332815 0.235736
v 0.443512 0.332537 0.256176
v 0.481853 -0.253407 -0.484786
v 0.445060 -0.290644 -0.467161
v 0.480887 -0.292391 -0.455343
v 0.134747 -0.292156 -0.455073
v 0.135283 0.082076 0.168947
v 0.479985 0.083865 0.170327
v 0.432196 0.328394 0.272997
v 0.180544 0.328501 0.271454
v 0.270997 0.245620 0.154436
v 0.135423 -0.213704 -0.169973
v 0.479478 -0.213704 -0.169973
v 0.438140 0.254324 0.180854
v 0.000000 0.204126 0.196959
v 0.039723 0.204126 0.196959
v 0.054004 0.213157 0.197193
v 0.073048 0.281474 0.278816
v 0.068603 0.267188 0.278484
v 0.055341 0.262770 0.278624
v 0.000000 0.262770 0.278624
v -0.000155 0.294135 0.276794
v -0.000682 0.305831 0.232906
v 0.073022 0.307443 0.232711
v -0.000254 0.254102 0.198645
v 0.072155 0.252841 0.198766
v -0.116317 -0.467665 -0.748181
v -0.526776 -0.468135 -0.704648
v -0.347237 -0.468135 -1.095798
v -0.340388 -0.437903 -1.158327
v -0.415184 -0.437478 -1.084748
v -0.129949 -0.468135 -0.581258
v -0.526437 -0.468135 -0.581070
v -0.560566 -0.438300 -0.549485
v -0.097869 -0.451798 -0.728567
v -0.110634 -0.439306 -0.548245
v -0.344903 -0.452349 -1.167889
v -0.425410 -0.451649 -1.090166
v -0.569239 -0.437474 -0.698065
v -0.572016 -0.451240 -0.730603
v -0.580313 -0.451512 -0.561780
v -0.582350 -0.450870 -0.679726
v -0.069034 -0.501466 -0.704405
v -0.067797 -0.484971 -0.548216
v -0.113758 -0.483277 -0.504708
v -0.558372 -0.485049 -0.507759
v 0.116317 -0.467665 -0.748181
v 0.347237 -0.468135 -1.095798
v 0.526776 -0.468135 -0.704648
v 0.340388 -0.437903 -1.158327
v 0.415184 -0.437478 -1.084748
v 0.569239 -0.437474 -0.698065
v 0.526437 -0.468135 -0.581070
v 0.129949 -0.468135 -0.581258
v 0.560566 -0.438300 -0.549485
v 0.097869 -0.451798 -0.728567
v 0.110634 -0.439306 -0.548245
v 0.344903 -0.452349 -1.167889
v 0.425410 -0.451649 -1.090166
v 0.572016 -0.451240 -0.730603
v 0.582350 -0.450870 -0.679726
v 0.580313 -0.451512 -0.561780
v 0.067797 -0.484971 -0.548216
v 0.069034 -0.501466 -0.704405
v 0.558372 -0.485049 -0.507759
v 0.113758 -0.483277 -0.504708
v -0.057402 0.120549 -0.612700
v -0.045622 0.088606 -0.599802
v -0.051125 0.091124 -0.675973
v -0.056056 0.122120 -0.675972
v 0.051125 0.091124 -0.675973
v 0.045622 0.088606 -0.599802
v 0.057358 0.120189 -0.612594
v 0.056056 0.122120 -0.675972
v 0.044073 0.087674 -0.599609
v 0.044073 0.087674 -0.675972
v 0.053308 0.094686 -0.600288
v -0.053308 0.094686 -0.600288
v -0.044052 0.087399 -0.599199
v 0.044052 0.087399 -0.599199
v 0.042181 0.249976 -0.819513
v 0.041494 0.247955 -0.712831
v -0.042080 0.250288 -0.712514
v -0.041973 0.249369 -0.819377
v -0.546553 -0.387438 -0.455803
v -0.604246 -0.393367 0.032622
v -0.607283 -0.397734 -0.439611
v -0.621214 -0.467635 0.051657
v -0.617596 -0.428643 -0.449232
v -0.607283 -0.397734 -0.439611
v -0.602768 -0.403922 -0.489851
v -0.617596 -0.428643 -0.449232
v -0.570487 -0.402742 -0.517413
v -0.556612 -0.397050 0.086119
v -0.570810 -0.478790 0.100651
v -0.617596 -0.467648 -0.448340
v -0.576106 -0.467610 -0.521601
v -0.622940 -0.467565 -0.449525
v -0.567178 -0.478917 0.097177
v -0.567178 -0.428643 0.096660
v -0.152242 -0.431398 0.099884
v 0.000022 -0.269421 0.203218
v -0.049358 -0.269229 0.198168
v 0.000000 -0.304191 0.216296
v -0.050652 -0.306558 0.214873
v 0.000000 -0.468310 -0.522215
v -0.000023 -0.269726 -0.517703
v -0.052458 -0.274324 -0.518566
v -0.150910 -0.391645 0.083828
v -0.149251 -0.392622 -0.519162
v -0.045874 -0.344702 0.096992
v 0.000000 -0.343196 0.097177
v -0.000001 -0.478935 0.095747
v 0.617575 -0.419300 -0.445477
v 0.617575 -0.429966 0.046769
v 0.617575 -0.343196 0.046769
v 0.546553 -0.262986 -0.455803
v 0.607283 -0.273282 -0.439611
v 0.604186 -0.268826 0.152068
v 0.617575 -0.304172 -0.449232
v 0.617575 -0.304191 0.165888
v 0.584706 -0.468281 -0.514835
v 0.603038 -0.278302 -0.486578
v 0.607283 -0.273282 -0.439611
v 0.617575 -0.304172 -0.449232
v 0.609066 -0.410230 -0.488094
v 0.617575 -0.419300 -0.445477
v 0.564294 -0.272877 -0.512613
v 0.577136 -0.302708 -0.521644
v 0.567178 -0.478917 0.097177
v 0.567178 -0.343196 0.097177
v 0.556517 -0.272288 0.205698
v 0.567178 -0.304191 0.216296
v 0.000000 -0.343196 0.097177
v 0.567178 -0.343196 0.097177
v 0.567178 -0.478917 0.097177
v 0.000000 -0.478917 0.097177
v 0.000000 -0.304191 0.216296
v 0.567178 -0.304191 0.216296
v -0.000022 -0.269421 0.203218
v 0.000023 -0.269726 -0.517703
v 0.000000 -0.468310 -0.522215
v -0.620234 -0.303868 0.966903
v -0.617575 -0.398474 0.894167
v -0.612433 -0.398470 0.563738
v -0.614187 -0.308271 0.560661
v -0.603348 -0.272823 0.571012
v -0.501249 -0.472747 0.523856
v -0.583496 -0.398474 0.532398
v -0.572094 -0.281340 0.528509
v -0.000000 -0.279287 0.523935
v 0.000000 -0.472747 0.523856
v -0.552728 -0.240058 0.966587
v -0.551730 -0.239668 0.588813
v -0.547436 -0.239406 0.584569
v 0.000000 -0.240116 0.584542
v -0.480020 -0.252253 0.944952
v -0.530739 -0.217517 0.942007
v -0.479877 -0.172554 0.714372
v -0.523268 -0.139735 0.683381
v -0.521866 -0.139620 0.632642
v -0.480018 -0.170892 0.661338
v -0.479815 -0.244301 0.967853
v -0.528202 -0.212821 0.957261
v -0.479853 -0.107034 1.013020
v -0.521819 0.048146 1.086917
v -0.491966 0.082026 1.167532
v -0.474391 0.240155 1.156989
v -0.443174 0.253664 1.180052
v -0.486537 0.329916 1.202826
v -0.443411 0.330440 1.234969
v -0.443343 0.331158 1.254582
v -0.473671 0.344671 1.237278
v -0.480090 -0.204749 0.574999
v -0.519956 -0.168094 0.580645
v -0.520680 -0.219841 0.540438
v -0.480510 -0.020573 1.069686
v -0.478942 0.069642 1.161733
v -0.479584 0.104841 1.172628
v -0.443129 0.216310 1.170328
v -0.443150 0.318475 1.211771
v -0.585087 0.135973 1.166885
v -0.527554 0.157854 1.135198
v -0.601145 0.001814 1.082069
v -0.597584 -0.108680 1.014997
v -0.525120 -0.058868 1.011457
v -0.517227 0.336103 1.238050
v -0.472234 0.329933 1.282933
v -0.518968 0.324255 1.276539
v -0.433452 0.327915 1.270908
v -0.576505 -0.146918 0.653049
v -0.580225 -0.231339 0.959293
v -0.513780 0.252931 1.171449
v -0.580283 -0.205969 0.560707
v -0.508015 0.308440 1.302621
v -0.521399 0.325694 1.277600
v -0.471448 0.330944 1.283335
v -0.490960 0.238276 1.310669
v -0.608655 0.112881 1.214341
v -0.540599 0.314594 1.227774
v -0.545340 0.300004 1.266320
v -0.543203 0.266681 1.278459
v -0.542466 0.252925 1.198215
v -0.542956 0.300354 1.265790
v -0.574065 -0.277399 0.550872
v -0.520996 -0.263156 0.534608
v -0.606484 -0.184554 0.661395
v -0.602430 -0.249826 0.963493
v -0.601749 -0.231692 0.574969
v -0.603588 -0.261027 0.578986
v -0.134896 -0.252219 0.944970
v -0.092266 -0.183441 0.832516
v -0.089578 -0.220142 0.950489
v -0.135393 -0.171556 0.713290
v -0.135393 -0.169232 0.661904
v -0.092737 -0.148457 0.649404
v -0.135065 -0.244298 0.967850
v -0.097059 -0.058213 1.014487
v -0.135048 -0.107036 1.013019
v -0.095606 0.042302 1.084425
v -0.122928 0.082032 1.167529
v -0.134441 -0.020775 1.069320
v -0.144812 0.242306 1.161665
v -0.128335 0.327033 1.200135
v -0.169936 0.328741 1.247883
v -0.142801 0.344294 1.237167
v -0.091255 -0.186446 0.581987
v -0.135729 -0.202748 0.571652
v -0.085899 -0.250079 0.542101
v -0.135046 -0.243306 0.568367
v -0.135959 0.069642 1.161733
v -0.171400 0.211580 1.164068
v -0.135317 0.104841 1.172628
v -0.171751 0.318475 1.211771
v -0.097675 0.336073 1.238075
v -0.143871 0.329543 1.282905
v -0.178775 0.329511 1.271706
v -0.121889 0.307979 1.308300
v -0.142936 0.330657 1.283167
v -0.102098 0.325429 1.277307
v -0.119466 0.235354 1.306596
v -0.073843 0.252030 1.187180
v -0.087373 0.165476 1.135781
v -0.073195 0.313533 1.228894
v -0.070422 0.300463 1.265609
v -0.067508 0.267259 1.278721
v -0.072125 0.289797 1.278679
v -0.071081 0.300557 1.265725
v -0.045830 0.207110 1.196565
v 0.001643 0.205626 1.196710
v -0.000287 0.165726 1.146807
v 0.000829 -0.059166 1.016903
v 0.001233 0.042198 1.088176
v 0.001036 -0.166608 0.691776
v 0.001125 -0.200149 0.842294
v 0.001320 -0.168148 0.642861
v 0.000885 -0.240074 0.940729
v 0.000689 -0.206861 0.584709
v 0.000546 -0.250478 0.552342
v -0.407798 0.330329 1.282971
v -0.118404 -0.198662 1.205218
v -0.142490 -0.222424 1.182907
v -0.486412 0.059970 1.270150
v -0.455257 0.001197 1.239741
v -0.490469 0.034829 1.242795
v -0.506448 0.043063 1.236177
v -0.093600 -0.223144 1.166433
v 0.001211 -0.199860 1.188798
v -0.009188 -0.223747 1.166198
v -0.543725 0.214639 1.266856
v -0.595942 0.041496 1.209620
v -0.601332 0.064393 1.231146
v -0.596037 0.041253 1.208955
v -0.596652 0.038975 1.190041
v -0.602066 0.063713 1.230504
v -0.543335 0.039944 1.215471
v -0.480434 -0.243094 0.570272
v -0.594254 -0.257011 0.990946
v -0.597636 -0.277540 0.977498
v 0.000846 0.263574 1.278546
v 0.002118 0.238165 1.288197
v -0.597989 -0.119694 1.036143
v -0.598902 -0.045011 1.078431
v -0.602445 0.003104 1.111238
v 0.000000 -0.223747 1.156999
v -0.205809 0.330329 1.282971
v -0.598019 0.138143 1.211552
v -0.541884 0.297610 1.222003
v -0.541383 0.307363 1.240646
v -0.598880 0.137089 1.248950
v -0.603413 0.138281 1.247088
v -0.600159 0.123948 1.245777
v -0.598689 0.133161 1.219422
v -0.300257 -0.199748 1.212992
v -0.306835 -0.221295 1.183141
v -0.424668 -0.015212 1.235379
v -0.395220 -0.002492 1.257285
v -0.403703 -0.037089 1.231202
v -0.360945 -0.155507 1.222942
v -0.382822 -0.172869 1.182531
v -0.530167 -0.274911 0.545256
v -0.586828 -0.275949 0.571776
v -0.597522 -0.274956 0.607634
v -0.073017 0.265943 1.203933
v -0.073017 0.297610 1.222003
v -0.073017 0.307217 1.240507
v -0.071298 0.250294 1.197879
v 0.002035 -0.269811 0.559377
v -0.086382 -0.263137 0.557994
v -0.133894 -0.262604 0.581918
v -0.479631 -0.273244 0.578567
v -0.373459 0.205812 1.294503
v -0.269749 0.203977 1.291627
v -0.274050 0.101424 1.271202
v -0.270253 0.101427 1.279201
v -0.272455 0.103381 1.271053
v -0.271714 0.202085 1.293732
v -0.372497 0.204251 1.293921
v -0.372056 0.104198 1.271409
v -0.371466 0.102690 1.271410
v -0.269213 0.107060 1.272035
v 0.480020 -0.252253 0.944952
v 0.479877 -0.172554 0.714372
v 0.480018 -0.170892 0.661338
v 0.521866 -0.139620 0.632642
v 0.523268 -0.139735 0.683381
v 0.528202 -0.212821 0.957261
v 0.479815 -0.244301 0.967853
v 0.479853 -0.107034 1.013020
v 0.521819 0.048146 1.086917
v 0.491966 0.082026 1.167532
v 0.480510 -0.020573 1.069686
v 0.474391 0.240155 1.156989
v 0.527554 0.157854 1.135198
v 0.443174 0.253664 1.180052
v 0.486537 0.329916 1.202826
v 0.443411 0.330440 1.234969
v 0.473671 0.344671 1.237278
v 0.443343 0.331158 1.254582
v 0.480090 -0.204749 0.574999
v 0.519956 -0.168094 0.580645
v 0.520680 -0.219841 0.540438
v 0.478942 0.069642 1.161733
v 0.443129 0.216310 1.170328
v 0.479584 0.104841 1.172628
v 0.443150 0.318475 1.211771
v 0.585087 0.135973 1.166885
v 0.601145 0.001814 1.082069
v 0.525120 -0.058868 1.011457
v 0.597584 -0.108680 1.014997
v 0.517227 0.336103 1.238050
v 0.518968 0.324255 1.276539
v 0.472234 0.329933 1.282933
v 0.433452 0.327915 1.270908
v 0.576505 -0.146918 0.653049
v 0.580225 -0.231339 0.959293
v 0.530739 -0.217517 0.942007
v 0.513780 0.252931 1.171449
v 0.580283 -0.205969 0.560707
v 0.471448 0.330944 1.283335
v 0.521399 0.325694 1.277600
v 0.508015 0.308440 1.302621
v 0.490968 0.238758 1.310701
v 0.542466 0.252925 1.198215
v 0.608655 0.112881 1.214341
v 0.540599 0.314594 1.227774
v 0.545340 0.300004 1.266320
v 0.543203 0.266681 1.278459
v 0.542971 0.300356 1.265792
v 0.520996 -0.263156 0.534608
v 0.574065 -0.277399 0.550872
v 0.606484 -0.184554 0.661395
v 0.601749 -0.231692 0.574969
v 0.603588 -0.261027 0.578986
v 0.134896 -0.252219 0.944970
v 0.089578 -0.220142 0.950489
v 0.092266 -0.183441 0.832516
v 0.135393 -0.171556 0.713290
v 0.092737 -0.148457 0.649404
v 0.135393 -0.169232 0.661904
v 0.135065 -0.244298 0.967850
v 0.135048 -0.107036 1.013019
v 0.097059 -0.058213 1.014487
v 0.095606 0.042302 1.084425
v 0.122928 0.082032 1.167529
v 0.144812 0.242306 1.161665
v 0.128335 0.327033 1.200135
v 0.169936 0.328741 1.247883
v 0.142801 0.344294 1.237167
v 0.091255 -0.186446 0.581987
v 0.135729 -0.202748 0.571652
v 0.085899 -0.250079 0.542101
v 0.135046 -0.243306 0.568367
v 0.134441 -0.020775 1.069320
v 0.135959 0.069642 1.161733
v 0.135317 0.104841 1.172628
v 0.171400 0.211580 1.164068
v 0.171751 0.318475 1.211771
v 0.097675 0.336073 1.238075
v 0.129183 0.332741 1.282529
v 0.178775 0.329511 1.271706
v 0.142936 0.330657 1.283167
v 0.121889 0.307979 1.308300
v 0.096115 0.324159 1.276496
v 0.119466 0.235354 1.306596
v 0.073843 0.252030 1.187180
v 0.087373 0.165476 1.135781
v 0.073195 0.313533 1.228894
v 0.070422 0.300463 1.265609
v 0.072125 0.289797 1.278679
v 0.071081 0.300557 1.265725
v 0.045925 0.207163 1.196581
v -0.001643 0.205626 1.196710
v 0.000287 0.165726 1.146807
v -0.001233 0.042198 1.088176
v -0.000829 -0.059166 1.016903
v -0.001125 -0.200149 0.842294
v -0.001036 -0.166608 0.691776
v -0.001320 -0.168148 0.642861
v -0.000885 -0.240074 0.940729
v -0.000689 -0.206861 0.584709
v -0.000546 -0.250478 0.552342
v 0.407798 0.330329 1.282971
v 0.142490 -0.222424 1.182907
v 0.118404 -0.198662 1.205218
v 0.490469 0.034829 1.242795
v 0.455257 0.001197 1.239741
v 0.486717 0.059918 1.269913
v 0.506448 0.043063 1.236177
v 0.543335 0.039944 1.215471
v 0.093600 -0.223144 1.166433
v 0.009188 -0.223747 1.166198
v -0.001211 -0.199860 1.188798
v 0.543725 0.214639 1.266856
v 0.595942 0.041496 1.209620
v 0.601332 0.064393 1.231146
v 0.596037 0.041253 1.208955
v 0.602066 0.063713 1.230504
v 0.596652 0.038975 1.190041
v 0.480434 -0.243094 0.570272
v 0.594254 -0.257011 0.990946
v 0.602430 -0.249826 0.963493
v 0.597636 -0.277540 0.977498
v 0.067508 0.267259 1.278721
v -0.000846 0.263574 1.278546
v -0.002118 0.238165 1.288197
v 0.597989 -0.119694 1.036143
v 0.598902 -0.045011 1.078431
v 0.602445 0.003104 1.111238
v 0.000000 -0.223747 1.156999
v 0.205809 0.330329 1.282971
v 0.598019 0.138143 1.211552
v 0.541884 0.297610 1.222003
v 0.541383 0.307363 1.240646
v 0.598880 0.137089 1.248950
v 0.603413 0.138281 1.247088
v 0.600159 0.123948 1.245777
v 0.598689 0.133161 1.219422
v 0.300257 -0.199748 1.212945
v 0.306835 -0.221295 1.183141
v 0.425049 -0.013421 1.235379
v 0.403703 -0.037089 1.231202
v 0.396551 0.000376 1.257756
v 0.360945 -0.155507 1.222895
v 0.382822 -0.172869 1.182531
v 0.530167 -0.274911 0.545256
v 0.586828 -0.275949 0.571776
v 0.597522 -0.274956 0.607634
v 0.073017 0.297610 1.222003
v 0.073017 0.265943 1.203933
v 0.075696 0.307255 1.240362
v 0.071298 0.250294 1.197879
v -0.002035 -0.269811 0.559377
v 0.086382 -0.263137 0.557994
v 0.133894 -0.262604 0.581918
v 0.479631 -0.273244 0.578567
v 0.269749 0.203977 1.291627
v 0.373232 0.205647 1.294448
v 0.372678 0.103540 1.271476
v 0.372299 0.204246 1.294145
v 0.270253 0.101427 1.279201
v 0.271714 0.202085 1.293732
v 0.272455 0.103381 1.271053
v 0.370028 0.103504 1.271602
v 0.274050 0.101424 1.271202
v 0.269213 0.107060 1.272035
v -0.481606 -0.107853 1.009692
v -0.447067 -0.197061 0.561009
v -0.444825 -0.151412 0.680202
v -0.361348 -0.232311 0.939647
v -0.444841 -0.242249 0.954980
v -0.384776 0.247656 1.155282
v -0.482291 -0.033018 1.054133
v -0.438941 0.084571 1.164008
v -0.476630 -0.243462 0.950393
v -0.361391 0.070623 1.146439
v -0.448789 0.083111 1.162995
v -0.347110 0.331750 1.198348
v -0.445029 0.318255 1.209362
v -0.401697 0.351733 1.244971
v -0.172119 -0.150827 0.681911
v -0.165020 -0.196247 0.562472
v -0.477070 -0.273288 0.571550
v -0.172781 -0.276210 0.560781
v -0.171751 0.083528 1.164743
v -0.169842 0.070623 1.146439
v -0.182819 0.345921 1.240949
v -0.169804 0.318824 1.209547
v -0.203871 0.330666 1.284335
v -0.410941 0.330375 1.283341
v -0.169948 -0.217402 0.962034
v -0.139985 -0.250339 0.954625
v -0.134008 -0.106388 1.010979
v -0.478216 -0.243864 0.966741
v -0.134428 -0.213070 0.569596
v -0.133621 -0.198097 0.580304
v -0.481251 -0.198223 0.580383
v -0.480418 -0.213095 0.569682
v -0.134234 -0.170436 0.712845
v -0.480590 -0.170681 0.715557
v -0.139094 -0.244281 0.945560
v -0.169926 -0.232311 0.939647
v -0.474980 -0.250138 0.953795
v -0.180231 0.251938 1.164511
v -0.439123 0.243560 1.166275
v -0.134441 -0.020775 1.069320
v -0.169842 0.030781 1.102790
v -0.171857 -0.243931 0.953445
v -0.138304 0.067301 1.153089
v -0.169842 0.070623 1.146439
v -0.474552 0.083588 1.172404
v -0.134095 0.083039 1.166641
v -0.176150 0.329909 1.272229
v -0.434528 0.328093 1.270337
v -0.444593 0.333035 1.235384
v -0.480614 -0.168267 0.661683
v -0.134231 -0.168156 0.661649
v -0.445060 -0.253371 0.552486
v -0.480955 -0.242749 0.566704
v -0.134522 -0.264266 0.577226
v -0.133576 -0.243326 0.566412
v -0.479322 0.104798 1.172713
v -0.171857 -0.243931 0.953445
v -0.249606 -0.232311 0.939647
v -0.169926 -0.232311 0.939647
v -0.139985 -0.250339 0.954625
v -0.139094 -0.244281 0.945560
v -0.135423 -0.251074 0.944152
v -0.474980 -0.250138 0.953795
v -0.476231 -0.238267 0.961800
v -0.249606 -0.217402 0.962034
v -0.360648 0.083528 1.164743
v -0.361391 0.070623 1.146439
v -0.360606 -0.243931 0.953445
v -0.361348 -0.232311 0.939647
v -0.249606 -0.217402 0.962034
v -0.249564 -0.103986 0.998690
v -0.135466 -0.243367 0.966634
v -0.176632 0.249438 1.178652
v -0.171773 0.216310 1.170328
v -0.135317 0.104841 1.172628
v -0.170805 0.333108 1.235857
v -0.141853 0.082983 1.173051
v -0.140686 -0.248194 0.955370
v -0.171857 -0.243931 0.953445
v -0.479478 -0.251074 0.944152
v -0.442343 0.270809 1.184831
v -0.439780 0.240838 1.175434
v -0.479563 0.021730 1.110534
v -0.479563 0.062040 1.157609
v -0.479541 -0.272971 0.578347
v 0.481606 -0.107853 1.009692
v 0.447067 -0.197061 0.561009
v 0.444825 -0.151412 0.680202
v 0.444841 -0.242249 0.954980
v 0.361348 -0.232311 0.939647
v 0.384776 0.247656 1.155282
v 0.482291 -0.033018 1.054133
v 0.438941 0.084571 1.164008
v 0.476630 -0.243462 0.950393
v 0.361391 0.070623 1.146439
v 0.448789 0.083111 1.162995
v 0.445029 0.318255 1.209362
v 0.347110 0.331750 1.198348
v 0.401697 0.351733 1.244971
v 0.172119 -0.150827 0.681911
v 0.165020 -0.196247 0.562472
v 0.172781 -0.276210 0.560781
v 0.477070 -0.273288 0.571550
v 0.171751 0.083528 1.164743
v 0.169842 0.070623 1.146439
v 0.182819 0.345921 1.240949
v 0.169804 0.318824 1.209547
v 0.203871 0.330666 1.284335
v 0.410941 0.330375 1.283341
v 0.169948 -0.217402 0.962034
v 0.134008 -0.106388 1.010979
v 0.139985 -0.250339 0.954625
v 0.475311 -0.243742 0.968361
v 0.133621 -0.198097 0.580304
v 0.134428 -0.213070 0.569596
v 0.480418 -0.213095 0.569682
v 0.481251 -0.198223 0.580383
v 0.134234 -0.170436 0.712845
v 0.480590 -0.170681 0.715557
v 0.169926 -0.232311 0.939647
v 0.139094 -0.244281 0.945560
v 0.474980 -0.250138 0.953795
v 0.180231 0.251938 1.164511
v 0.439123 0.243560 1.166275
v 0.134441 -0.020775 1.069320
v 0.169842 0.030781 1.102790
v 0.171857 -0.243931 0.953445
v 0.169842 0.070623 1.146439
v 0.138304 0.067301 1.153089
v 0.474552 0.083588 1.172404
v 0.134095 0.083039 1.166641
v 0.479322 0.104798 1.172713
v 0.444593 0.333035 1.235384
v 0.434528 0.328093 1.270337
v 0.480614 -0.168267 0.661683
v 0.134231 -0.168156 0.661649
v 0.445060 -0.253371 0.552486
v 0.480955 -0.242749 0.566704
v 0.133576 -0.243326 0.566412
v 0.134522 -0.264266 0.577226
v 0.474412 0.081101 1.171595
v 0.476486 0.104374 1.166339
v 0.176150 0.329909 1.272229
v 0.171857 -0.243931 0.953445
v 0.169926 -0.232311 0.939647
v 0.249606 -0.232311 0.939647
v 0.139985 -0.250339 0.954625
v 0.135423 -0.251074 0.944152
v 0.139094 -0.244281 0.945560
v 0.249606 -0.217402 0.962034
v 0.361391 0.070623 1.146439
v 0.360648 0.083528 1.164743
v 0.361348 -0.232311 0.939647
v 0.360606 -0.243931 0.953445
v 0.249606 -0.217402 0.962034
v 0.249564 -0.103986 0.998690
v 0.135466 -0.243367 0.966634
v 0.176632 0.249438 1.178652
v 0.171773 0.216310 1.170328
v 0.135317 0.104841 1.172628
v 0.170805 0.333108 1.235857
v 0.141853 0.082983 1.173051
v 0.140686 -0.248194 0.955370
v 0.171857 -0.243931 0.953445
v 0.479478 -0.251074 0.944152
v 0.442343 0.270809 1.184831
v 0.439780 0.240838 1.175434
v 0.479563 0.021730 1.110534
v 0.479563 0.062040 1.157609
v 0.479541 -0.272971 0.578347
v 0.474385 0.081095 1.171690
v -0.596719 0.137366 1.210691
v -0.548781 0.234275 1.197456
v -0.541820 0.307730 1.234499
v -0.596128 0.304607 1.239363
v -0.596111 0.245692 1.198839
v -0.542520 0.254990 1.199949
v -0.541904 0.291180 1.278592
v -0.596425 0.296565 1.271984
v -0.541884 0.217244 1.267060
v -0.596425 0.289554 1.274664
v -0.599628 0.133354 1.239157
v -0.598689 0.133161 1.219422
v -0.596589 0.137404 1.211067
v -0.595818 0.244915 1.199653
v -0.595825 0.264716 1.206515
v -0.595888 0.295450 1.224162
v -0.595649 0.303884 1.241169
v -0.595846 0.297630 1.264197
v 0.073017 0.304679 1.230110
v -0.073010 0.309939 1.243057
v 0.073067 0.281141 1.278868
v -0.073067 0.281141 1.278868
v 0.072096 0.252267 1.198604
v -0.072096 0.252267 1.198604
v -0.055341 0.262770 1.278277
v -0.068603 0.267188 1.278183
v -0.046815 0.205848 1.196752
v 0.055341 0.262770 1.278277
v 0.046670 0.205755 1.196743
v -0.107860 -0.473630 0.303429
v -0.505939 -0.473837 0.129327
v -0.545553 -0.445085 0.109485
v -0.460529 -0.474110 0.466127
v -0.123137 -0.474110 0.465939
v -0.495488 -0.443767 0.497414
v -0.100470 -0.458277 0.354839
v -0.103947 -0.445042 0.499312
v -0.062870 -0.458442 0.311447
v -0.551200 -0.456943 0.103372
v -0.514405 -0.457507 0.485464
v -0.561513 -0.456573 0.154249
v -0.082587 -0.478606 0.355456
v -0.070895 -0.478081 0.494053
v -0.059478 -0.478976 0.326544
v -0.110321 -0.478509 0.534228
v -0.489493 -0.480280 0.532257
v 0.107860 -0.473630 0.303429
v 0.505939 -0.473837 0.129327
v 0.545553 -0.445085 0.109485
v 0.460529 -0.474110 0.466127
v 0.123137 -0.474110 0.465939
v 0.495488 -0.443767 0.497414
v 0.100470 -0.458277 0.354839
v 0.062870 -0.458442 0.311447
v 0.103947 -0.445042 0.499312
v 0.551200 -0.456943 0.103372
v 0.514405 -0.457507 0.485464
v 0.561513 -0.456573 0.154249
v 0.082587 -0.478606 0.355456
v 0.070895 -0.478081 0.494053
v 0.059478 -0.478976 0.326544
v 0.110321 -0.478509 0.534228
v 0.489493 -0.480280 0.532257
v 0.035983 -0.131261 0.640879
v -0.035983 -0.131261 0.640879
v 0.032254 -0.173239 0.882762
v -0.032254 -0.173239 0.882762
v 0.032254 -0.209830 0.915616
v -0.032254 -0.209830 0.915616
v -0.071726 -0.450746 0.586379
v -0.072995 -0.276241 0.393426
v -0.071701 -0.205646 0.526860
v -0.045802 -0.435878 0.684737
v -0.050481 -0.151906 0.631570
v -0.048657 -0.148072 0.684840
v -0.048668 -0.417483 0.899090
v -0.048657 -0.188187 0.874126
v -0.048657 -0.216117 0.899236
v 0.050916 -0.418268 0.901639
v -0.050916 -0.418268 0.901639
v -0.071701 -0.205646 0.526860
v -0.072995 -0.276241 0.393426
v -0.058331 -0.289996 0.350745
v -0.050481 -0.151906 0.631570
v -0.048657 -0.148072 0.684840
v -0.048657 -0.188187 0.874126
v -0.048657 -0.216117 0.899236
v -0.076597 -0.437221 0.354095
v -0.073377 -0.340822 0.356629
v -0.073271 -0.302906 0.366157
v -0.073271 -0.302906 0.366157
v -0.074640 -0.440845 0.356432
v -0.073377 -0.340822 0.356629
v 0.072995 -0.276241 0.393426
v 0.071726 -0.450746 0.586379
v 0.071701 -0.205646 0.526860
v 0.045802 -0.435878 0.684737
v 0.050481 -0.151906 0.631570
v 0.048657 -0.148072 0.684840
v 0.048668 -0.417483 0.899090
v 0.048657 -0.216117 0.899236
v 0.048657 -0.188187 0.874126
v 0.065046 -0.477931 0.314075
v -0.065046 -0.477931 0.314075
v 0.058331 -0.289996 0.350745
v 0.072995 -0.276241 0.393426
v 0.071701 -0.205646 0.526860
v 0.050481 -0.151906 0.631570
v 0.048657 -0.148072 0.684840
v 0.048657 -0.188187 0.874126
v 0.048657 -0.216117 0.899236
v 0.076597 -0.437221 0.354095
v 0.073377 -0.340822 0.356629
v 0.073271 -0.302906 0.366157
v 0.073271 -0.302906 0.366157
v 0.074639 -0.440843 0.356432
v 0.073377 -0.340822 0.356629
v -0.095695 -0.463166 0.354048
v 0.099967 -0.477798 0.520421
v 0.095695 -0.463166 0.354048
v -0.071790 -0.477963 0.685131
v -0.099967 -0.477798 0.520421
v -0.097398 -0.478139 0.352968
v -0.097803 -0.477976 0.352552
v 0.071790 -0.477963 0.685131
v 0.097398 -0.478139 0.352968
v 0.097803 -0.477976 0.352552
v -0.375850 0.292256 -0.572392
v -0.358897 0.281897 -0.556788
v -0.358361 0.288734 -0.582776
v -0.375841 0.270537 -0.585506
v -0.358314 0.270964 -0.583886
v -0.375846 0.269865 -0.585122
v -0.358441 0.262389 -0.571565
v -0.358314 0.270964 -0.583886
v -0.375909 0.266021 -0.564074
v -0.372910 0.289981 -0.577802
v -0.377047 0.285490 -0.585324
v -0.372474 0.276378 -0.584639
v -0.377354 0.261816 -0.576253
v -0.355746 0.278069 -0.560372
v -0.359779 0.275093 -0.558255
v -0.359682 0.288122 -0.562259
v -0.356596 0.285899 -0.564408
v -0.359572 0.291111 -0.575645
v -0.356507 0.288175 -0.574773
v -0.359465 0.281107 -0.584901
v -0.356402 0.280390 -0.581924
v -0.358314 0.270964 -0.583886
v -0.355513 0.272560 -0.581117
v -0.355513 0.272560 -0.581117
v -0.358314 0.270964 -0.583886
v -0.359578 0.265045 -0.575608
v -0.356447 0.267953 -0.574787
v -0.358526 0.265573 -0.564362
v -0.356629 0.270329 -0.564388
v -0.124951 0.253197 -0.674200
v -0.138065 0.252836 -0.674174
v -0.137566 0.250831 -0.662081
v -0.129547 0.244893 -0.674102
v -0.126140 0.197230 -0.770718
v -0.136312 0.245176 -0.728888
v -0.126705 0.208036 -0.614841
v -0.126574 0.134210 -0.765908
v -0.137183 0.090342 -0.716679
v -0.126286 0.090797 -0.716170
v -0.126421 0.096061 -0.651420
v -0.136181 0.095580 -0.652933
v -0.127432 0.145282 -0.610468
v -0.126574 0.248806 -0.661381
v -0.126546 0.245339 -0.728869
v -0.125556 0.124168 -0.759374
v -0.125556 0.090819 -0.719294
v -0.125556 0.088958 -0.706244
v -0.125556 0.092189 -0.662501
v -0.125556 0.134853 -0.767308
v -0.125556 0.095955 -0.649853
v -0.125556 0.141698 -0.610413
v -0.125556 0.252415 -0.674376
v -0.125556 0.247678 -0.726231
v -0.125556 0.250553 -0.661271
v -0.125556 0.239744 -0.736845
v -0.125556 0.199720 -0.770132
v -0.125556 0.186608 -0.772046
v -0.125556 0.211117 -0.615562
v -0.125556 0.198462 -0.611765
v -0.125556 0.154765 -0.608574
v -0.136971 0.134294 -0.766151
v -0.136324 0.144823 -0.610673
v -0.136377 0.197279 -0.769866
v -0.136181 0.208579 -0.615786
v -0.137800 0.124168 -0.759374
v -0.137800 0.090819 -0.719294
v -0.137800 0.088958 -0.706244
v -0.137800 0.092189 -0.662501
v -0.137800 0.134853 -0.767308
v -0.137800 0.095955 -0.649853
v -0.137800 0.141698 -0.610413
v -0.137800 0.252415 -0.674376
v -0.137800 0.247678 -0.726231
v -0.137800 0.250553 -0.661271
v -0.137800 0.239744 -0.736845
v -0.137800 0.199720 -0.770132
v -0.137800 0.186608 -0.772046
v -0.137800 0.211117 -0.615562
v -0.137800 0.198462 -0.611765
v -0.137800 0.154765 -0.608574
v 0.620173 -0.303738 0.952648
v 0.614187 -0.308271 0.560661
v 0.612433 -0.398470 0.563738
v 0.617575 -0.398474 0.894167
v 0.603348 -0.272823 0.571012
v 0.501249 -0.472747 0.523856
v 0.583496 -0.398474 0.532398
v 0.572094 -0.281340 0.528509
v 0.000000 -0.279287 0.523935
v 0.000000 -0.472747 0.523856
v 0.552728 -0.240058 0.952319
v 0.551730 -0.239668 0.588813
v 0.547436 -0.239406 0.584569
v 0.000000 -0.240116 0.584542
v 0.040219 -0.258296 -0.480594
v 0.034120 -0.165144 -0.487675
v 0.025873 -0.156039 -0.478393
v 0.059075 -0.153894 -0.474130
v 0.050626 -0.199091 -0.473749
v 0.042474 -0.159185 -0.486976
v 0.033016 -0.158969 -0.479541
v 0.021236 -0.202509 -0.482869
v 0.021751 -0.158028 -0.488339
v 0.012251 -0.258250 -0.522691
v 0.004493 -0.215880 -0.525263
v 0.024840 -0.170548 -0.507025
v 0.012741 -0.163739 -0.505942
v 0.029092 -0.179085 -0.530694
v 0.020004 -0.175075 -0.536457
v 0.026013 -0.177561 -0.529870
v 0.015102 -0.171501 -0.530593
v 0.026517 -0.223832 -0.547100
v 0.044972 -0.181775 -0.551516
v 0.049718 -0.182392 -0.541560
v 0.049925 -0.180143 -0.553117
v 0.040763 -0.258256 -0.540660
v 0.044773 -0.225226 -0.552018
v 0.051685 -0.181151 -0.541567
v 0.041982 -0.258012 -0.544389
v 0.050597 -0.182614 -0.542203
v 0.070653 -0.178095 -0.546886
v 0.050290 -0.179720 -0.552018
v 0.044773 -0.225226 -0.552018
v 0.072662 -0.222882 -0.546356
v 0.069460 -0.258161 -0.510895
v 0.079493 -0.169958 -0.502690
v 0.091146 -0.168434 -0.517536
v 0.077695 -0.173566 -0.516833
v 0.078118 -0.204056 -0.489196
v 0.080268 -0.157340 -0.484848
v 0.075617 -0.168013 -0.500663
v 0.061213 -0.163994 -0.487156
v 0.064386 -0.163712 -0.489554
v 0.058997 -0.156229 -0.474925
v 0.027501 -0.177268 -0.544509
v 0.068675 -0.178854 -0.532647
v 0.069310 -0.177894 -0.547829
v 0.086601 -0.173895 -0.529265
v 0.091340 -0.163784 -0.505081
v 0.082070 -0.161210 -0.487125
v 0.037069 -0.258271 -0.484789
v 0.024360 -0.258217 -0.490112
v 0.015351 -0.258412 -0.500545
v 0.013037 -0.258243 -0.517793
v 0.018291 -0.258256 -0.529067
v 0.027421 -0.258256 -0.537552
v 0.044497 -0.258256 -0.540678
v 0.060208 -0.258182 -0.533136
v 0.068484 -0.258243 -0.517888
v 0.066225 -0.258381 -0.500621
v 0.054256 -0.258106 -0.487952
v 0.597091 0.126954 -0.687295
v 0.598144 0.134954 -0.666172
v 0.587182 0.133969 -0.684596
v 0.595888 0.150983 -0.650144
v 0.598083 0.173405 -0.647176
v 0.588291 0.191948 -0.659149
v 0.597488 0.204733 -0.661128
v 0.587686 0.207730 -0.691872
v 0.594745 0.216308 -0.693556
v 0.597223 0.200000 -0.724209
v 0.588034 0.189937 -0.722023
v 0.597151 0.167617 -0.733991
v 0.597409 0.146205 -0.726372
v 0.596036 0.130460 -0.709436
v 0.586698 0.166266 -0.726643
v 0.536198 0.170687 -0.690286
v 0.578485 0.129328 -0.674893
v 0.578485 0.169556 -0.744307
v 0.577610 0.140666 -0.664991
v 0.578080 0.191386 -0.725714
v 0.577609 0.162074 -0.646683
v 0.578085 0.212778 -0.707374
v 0.578573 0.118018 -0.684420
v 0.578573 0.180866 -0.734780
v 0.578573 0.150912 -0.656259
v 0.578573 0.202277 -0.716476
v 0.578573 0.172322 -0.637955
v 0.578573 0.223687 -0.698124
v -0.094055 0.135106 -0.767930
v -0.126519 0.090851 -0.719222
v -0.093891 0.089139 -0.714813
v -0.126602 0.096795 -0.649033
v -0.094186 0.093421 -0.652516
v -0.093792 0.140804 -0.610733
v -0.094164 0.251268 -0.664120
v -0.126148 0.252415 -0.664504
v -0.093925 0.245574 -0.730682
v -0.094521 0.241517 -0.662128
v -0.125942 0.241238 -0.662004
v -0.126532 0.247679 -0.726393
v -0.126502 0.195075 -0.771693
v -0.094040 0.197523 -0.771257
v -0.124824 0.216295 -0.641529
v -0.096009 0.215192 -0.641647
v -0.094144 0.195130 -0.612453
v -0.126389 0.216483 -0.618733
v -0.094087 0.216666 -0.619664
v -0.094253 0.163896 -0.609054
v -0.126064 0.153715 -0.601572
v -0.126347 0.132960 -0.767738
v -0.125226 0.243938 -0.667046
v -0.126290 0.229249 -0.635872
v -0.094254 0.229249 -0.636197
v -0.124365 0.224513 -0.645777
v -0.095542 0.244066 -0.668643
v -0.095755 0.223568 -0.644732
v -0.126336 0.195063 -0.612890
v -0.125551 0.192064 -0.638492
v -0.125599 0.187747 -0.638754
v -0.095027 0.192323 -0.638541
v -0.095014 0.187289 -0.639147
v -0.093630 0.245160 -0.728690
v -0.071853 0.253249 -0.674197
v -0.095439 0.252961 -0.674175
v -0.094130 0.249777 -0.662560
v -0.072606 0.249985 -0.662262
v -0.081419 0.250531 -0.674302
v -0.093293 0.197349 -0.769775
v -0.074586 0.188778 -0.771289
v -0.073118 0.245927 -0.728587
v -0.093464 0.209168 -0.615687
v -0.071304 0.210950 -0.614916
v -0.073369 0.133889 -0.765682
v -0.073063 0.090493 -0.716835
v -0.072980 0.095659 -0.651242
v -0.074275 0.145108 -0.610591
v -0.093573 0.095514 -0.653224
v -0.072507 0.130230 -0.764998
v -0.073627 0.090664 -0.715837
v -0.074292 0.095547 -0.653639
v -0.072507 0.143009 -0.768807
v -0.073513 0.144097 -0.610521
v -0.072507 0.252415 -0.674376
v -0.072507 0.250553 -0.661271
v -0.074121 0.244915 -0.728859
v -0.075144 0.199274 -0.770227
v -0.072507 0.186608 -0.772046
v -0.075632 0.205459 -0.612487
v -0.094075 0.144662 -0.610156
v -0.094600 0.133968 -0.766519
v -0.094079 0.090563 -0.715958
v -0.095064 0.124168 -0.759374
v -0.095064 0.090819 -0.719294
v -0.095064 0.088958 -0.706244
v -0.095064 0.092189 -0.662501
v -0.095064 0.134853 -0.767308
v -0.095064 0.095955 -0.649853
v -0.095064 0.141698 -0.610413
v -0.095064 0.252415 -0.674376
v -0.095064 0.247678 -0.726231
v -0.095064 0.250553 -0.661271
v -0.095064 0.239744 -0.736845
v -0.095064 0.199720 -0.770132
v -0.095064 0.186608 -0.772046
v -0.095064 0.211117 -0.615562
v -0.095064 0.198462 -0.611765
v -0.095064 0.154765 -0.608574
v 0.073926 0.245162 -0.728689
v 0.096353 0.253253 -0.674198
v 0.072133 0.252964 -0.674175
v 0.073474 0.249776 -0.662572
v 0.095079 0.249944 -0.661560
v 0.092988 0.249242 -0.674329
v 0.074257 0.197348 -0.769776
v 0.094375 0.196092 -0.770463
v 0.094939 0.245597 -0.729044
v 0.073164 0.206847 -0.613787
v 0.093769 0.207832 -0.615159
v 0.094835 0.133912 -0.765693
v 0.095151 0.090491 -0.716837
v 0.095236 0.095652 -0.651245
v 0.093950 0.145105 -0.610593
v 0.073981 0.095515 -0.653222
v 0.095700 0.124168 -0.759374
v 0.095700 0.090819 -0.719294
v 0.095700 0.088958 -0.706244
v 0.095700 0.092189 -0.662501
v 0.095700 0.134853 -0.767308
v 0.095700 0.095955 -0.649853
v 0.095700 0.141698 -0.610413
v 0.095700 0.252415 -0.674376
v 0.095700 0.247678 -0.726231
v 0.095700 0.250553 -0.661271
v 0.095700 0.239744 -0.736845
v 0.095700 0.199720 -0.770132
v 0.095700 0.186608 -0.772046
v 0.095700 0.211117 -0.615562
v 0.095700 0.198462 -0.611765
v 0.095700 0.154765 -0.608574
v 0.073261 0.144091 -0.610195
v 0.072961 0.133960 -0.766522
v 0.073481 0.090560 -0.715958
v 0.073489 0.134203 -0.765726
v 0.073223 0.090682 -0.716685
v 0.069541 0.094073 -0.652826
v 0.074529 0.145431 -0.610653
v 0.072507 0.252415 -0.674376
v 0.072507 0.250553 -0.661271
v 0.073281 0.245767 -0.728409
v 0.075144 0.199274 -0.770227
v 0.072507 0.186608 -0.772046
v 0.072520 0.211117 -0.615562
v 0.072507 0.198462 -0.611765
v 0.538539 0.648443 -0.525321
v 0.543696 0.629810 -0.565521
v 0.550245 0.602063 -0.600501
v 0.592590 0.426299 -0.828813
v 0.611983 0.313102 -0.955884
v 0.612119 0.281329 -0.976450
v 0.535850 0.647255 -0.535971
v 0.543009 0.614343 -0.592149
v 0.546892 0.602861 -0.607729
v 0.590284 0.428667 -0.834217
v 0.608514 0.276142 -0.979120
v 0.574779 0.261733 -0.987438
v -0.525469 0.199602 -0.610793
v -0.548497 0.204278 -0.622347
v -0.548456 0.199591 -0.610792
v -0.546080 0.211985 -0.614516
v -0.546404 0.214539 -0.628896
v -0.546171 0.247160 -0.653912
v -0.546404 0.242275 -0.656728
v -0.549838 0.246599 -0.662423
v -0.549869 0.252545 -0.661806
v -0.546171 0.247160 -0.653912
v -0.546404 0.242275 -0.656728
v -0.550478 0.214539 -0.628896
v -0.550773 0.211986 -0.614516
v -0.537023 0.204273 -0.622346
v -0.536977 0.199591 -0.610792
v -0.534635 0.211986 -0.614516
v -0.534924 0.214539 -0.628896
v -0.534712 0.247160 -0.653912
v -0.534924 0.242275 -0.656728
v -0.538342 0.246599 -0.662427
v -0.538406 0.252540 -0.661798
v -0.534712 0.247160 -0.653912
v -0.534924 0.242275 -0.656728
v -0.538999 0.214539 -0.628896
v -0.539293 0.211986 -0.614516
v -0.525436 0.204272 -0.622346
v -0.523155 0.211986 -0.614516
v -0.523445 0.214539 -0.628896
v -0.523232 0.247160 -0.653912
v -0.523445 0.242275 -0.656728
v -0.526886 0.246600 -0.662431
v -0.526901 0.252548 -0.661808
v -0.523232 0.247160 -0.653912
v -0.523445 0.242275 -0.656728
v -0.527519 0.214539 -0.628896
v -0.527808 0.211986 -0.614516
v -0.515403 0.246602 -0.662432
v -0.515418 0.252550 -0.661811
v -0.511753 0.247160 -0.653912
v -0.511965 0.242275 -0.656728
v -0.516039 0.214539 -0.628896
v -0.516328 0.211986 -0.614516
v -0.514068 0.204273 -0.622346
v -0.514020 0.199590 -0.610792
v -0.511671 0.211986 -0.614516
v -0.511965 0.214539 -0.628896
v -0.511753 0.247160 -0.653912
v -0.511965 0.242275 -0.656728
v -0.524963 0.156355 -0.607681
v -0.563225 0.142776 -0.607183
v -0.546779 0.156443 -0.606932
v -0.563861 0.143059 -0.605135
v -0.563884 0.211601 -0.610498
v -0.563896 0.256097 -0.662810
v -0.564079 0.198293 -0.775610
v -0.564063 0.250849 -0.731527
v -0.563869 0.130960 -0.770690
v -0.563870 0.085762 -0.719005
v -0.563855 0.090386 -0.650505
v -0.563239 0.254002 -0.663511
v -0.550523 0.252601 -0.661659
v -0.563169 0.209491 -0.611209
v -0.550454 0.208799 -0.611329
v -0.550111 0.156633 -0.606894
v -0.546402 0.205197 -0.611561
v -0.538940 0.208546 -0.611701
v -0.538482 0.253212 -0.665004
v -0.535028 0.210629 -0.612330
v -0.527507 0.207970 -0.611628
v -0.534870 0.252681 -0.662050
v -0.528134 0.253601 -0.668086
v -0.516180 0.156937 -0.607597
v -0.523424 0.208859 -0.611741
v -0.516086 0.209327 -0.611824
v -0.523398 0.252768 -0.661775
v -0.516048 0.252866 -0.662302
v -0.548435 0.257490 -0.666847
v -0.538879 0.156215 -0.607672
v -0.535257 0.156512 -0.606987
v -0.535417 0.252755 -0.667050
v -0.513158 0.257016 -0.665478
v -0.511990 0.208240 -0.611245
v -0.511600 0.156647 -0.604322
v -0.596582 0.174142 -0.645649
v -0.596445 0.190844 -0.650703
v -0.596895 0.204670 -0.661142
v -0.596447 0.212849 -0.676342
v -0.596703 0.215348 -0.693530
v -0.596446 0.210378 -0.710254
v -0.596794 0.199967 -0.724180
v -0.596455 0.184590 -0.732491
v -0.596800 0.167337 -0.734943
v -0.596443 0.150660 -0.729973
v -0.596769 0.136745 -0.719485
v -0.596449 0.128502 -0.704182
v -0.596745 0.126052 -0.686967
v -0.596445 0.131043 -0.670279
v -0.596598 0.141498 -0.656350
v -0.596396 0.156750 -0.648057
v -0.563234 0.130790 -0.768775
v -0.500530 0.132331 -0.769485
v -0.499005 0.249840 -0.662815
v -0.499149 0.245614 -0.728446
v -0.563238 0.249596 -0.729303
v -0.498417 0.209366 -0.615452
v -0.498789 0.089791 -0.716440
v -0.499307 0.132561 -0.764912
v -0.498801 0.090432 -0.717216
v -0.499705 0.096326 -0.651914
v -0.498087 0.142562 -0.768573
v -0.497164 0.253154 -0.673527
v -0.500373 0.198455 -0.773517
v -0.498087 0.205293 -0.765475
v -0.499380 0.195499 -0.770073
v -0.563231 0.087349 -0.717908
v -0.563234 0.197606 -0.773841
v -0.563224 0.086932 -0.717743
v -0.563236 0.092621 -0.649695
v -0.546595 0.203581 -0.635561
v -0.546616 0.153792 -0.632557
v -0.554807 0.153617 -0.615567
v -0.554807 0.208641 -0.619228
v -0.546404 0.234586 -0.669260
v -0.554892 0.253330 -0.669166
v -0.507653 0.153614 -0.615647
v -0.515848 0.203561 -0.635561
v -0.507615 0.208641 -0.619228
v -0.507524 0.253225 -0.669249
v -0.554807 0.153617 -0.615567
v -0.554892 0.253330 -0.669166
v -0.225479 0.160496 -0.612964
v -0.225476 0.192559 -0.614632
v -0.198762 0.192651 -0.614654
v -0.198764 0.160508 -0.612988
v -0.196777 0.218815 -0.628606
v -0.225968 0.218881 -0.628610
v -0.225883 0.239009 -0.651691
v -0.196833 0.239140 -0.651794
v 0.548456 0.199591 -0.610792
v 0.548497 0.204278 -0.622347
v 0.536977 0.199591 -0.610792
v 0.537023 0.204273 -0.622346
v 0.525469 0.199602 -0.610793
v 0.525436 0.204272 -0.622346
v 0.546080 0.211985 -0.614516
v 0.546404 0.214539 -0.628896
v 0.546171 0.247160 -0.653912
v 0.546404 0.242275 -0.656728
v 0.546404 0.242275 -0.656728
v 0.546171 0.247160 -0.653912
v 0.549869 0.252545 -0.661806
v 0.549838 0.246599 -0.662423
v 0.550773 0.211986 -0.614516
v 0.550478 0.214539 -0.628896
v 0.534635 0.211986 -0.614516
v 0.534924 0.214539 -0.628896
v 0.534712 0.247160 -0.653912
v 0.534924 0.242275 -0.656728
v 0.534924 0.242275 -0.656728
v 0.534712 0.247160 -0.653912
v 0.538406 0.252540 -0.661798
v 0.538342 0.246599 -0.662427
v 0.539293 0.211986 -0.614516
v 0.538999 0.214539 -0.628896
v 0.523155 0.211986 -0.614516
v 0.523445 0.214539 -0.628896
v 0.523232 0.247160 -0.653912
v 0.523445 0.242275 -0.656728
v 0.523445 0.242275 -0.656728
v 0.523232 0.247160 -0.653912
v 0.526901 0.252548 -0.661808
v 0.526886 0.246600 -0.662431
v 0.527808 0.211986 -0.614516
v 0.527519 0.214539 -0.628896
v 0.511965 0.242275 -0.656728
v 0.511753 0.247160 -0.653912
v 0.515418 0.252550 -0.661811
v 0.515403 0.246602 -0.662432
v 0.516328 0.211986 -0.614516
v 0.516039 0.214539 -0.628896
v 0.514068 0.204273 -0.622346
v 0.514020 0.199590 -0.610792
v 0.511671 0.211986 -0.614516
v 0.511965 0.214539 -0.628896
v 0.511753 0.247160 -0.653912
v 0.511965 0.242275 -0.656728
v 0.563225 0.142776 -0.607183
v 0.546779 0.156443 -0.606932
v 0.563861 0.143059 -0.605135
v 0.563884 0.211601 -0.610498
v 0.563896 0.256097 -0.662810
v 0.564079 0.198293 -0.775610
v 0.564063 0.250849 -0.731527
v 0.563869 0.130960 -0.770690
v 0.563870 0.085762 -0.719005
v 0.563855 0.090386 -0.650505
v 0.563239 0.254002 -0.663511
v 0.550523 0.252601 -0.661659
v 0.550454 0.208799 -0.611329
v 0.563169 0.209491 -0.611209
v 0.546402 0.205197 -0.611561
v 0.538940 0.208546 -0.611701
v 0.535028 0.210629 -0.612330
v 0.527507 0.207970 -0.611628
v 0.528134 0.253601 -0.668086
v 0.534870 0.252681 -0.662050
v 0.516086 0.209327 -0.611824
v 0.523424 0.208859 -0.611741
v 0.516048 0.252866 -0.662302
v 0.523398 0.252768 -0.661775
v 0.550111 0.156633 -0.606894
v 0.548435 0.257490 -0.666847
v 0.538482 0.253212 -0.665004
v 0.538879 0.156215 -0.607672
v 0.535257 0.156512 -0.606987
v 0.535417 0.252755 -0.667050
v 0.524963 0.156355 -0.607681
v 0.513200 0.257143 -0.665438
v 0.516180 0.156937 -0.607597
v 0.511600 0.156647 -0.604322
v 0.511990 0.208240 -0.611245
v 0.596582 0.174142 -0.645649
v 0.596445 0.190844 -0.650703
v 0.596895 0.204670 -0.661142
v 0.596447 0.212849 -0.676342
v 0.596703 0.215348 -0.693530
v 0.596446 0.210378 -0.710254
v 0.596794 0.199967 -0.724180
v 0.596455 0.184590 -0.732491
v 0.596800 0.167337 -0.734943
v 0.596443 0.150660 -0.729973
v 0.596769 0.136745 -0.719485
v 0.596449 0.128502 -0.704182
v 0.596745 0.126052 -0.686967
v 0.596445 0.131043 -0.670279
v 0.596598 0.141498 -0.656350
v 0.596396 0.156750 -0.648057
v 0.563234 0.130790 -0.768775
v 0.500530 0.132331 -0.769485
v 0.499005 0.249840 -0.662815
v 0.499149 0.245614 -0.728446
v 0.563238 0.249596 -0.729303
v 0.498417 0.209366 -0.615452
v 0.499307 0.132561 -0.764912
v 0.498789 0.089791 -0.716440
v 0.498801 0.090432 -0.717216
v 0.499705 0.096326 -0.651914
v 0.497164 0.253154 -0.673527
v 0.499380 0.195499 -0.770073
v 0.500373 0.198455 -0.773517
v 0.495747 0.143812 -0.611426
v 0.563231 0.087349 -0.717908
v 0.563234 0.197606 -0.773841
v 0.563224 0.086932 -0.717743
v 0.563236 0.092621 -0.649695
v 0.546595 0.203581 -0.635561
v 0.554807 0.208641 -0.619228
v 0.554807 0.153617 -0.615567
v 0.546616 0.153792 -0.632557
v 0.546404 0.234586 -0.669260
v 0.554892 0.253330 -0.669166
v 0.507653 0.153614 -0.615647
v 0.507615 0.208641 -0.619228
v 0.515848 0.203561 -0.635561
v 0.507524 0.253225 -0.669249
v 0.554807 0.153617 -0.615567
v 0.554892 0.253330 -0.669166
v 0.596719 0.137366 1.210691
v 0.548781 0.234275 1.197456
v 0.541820 0.307730 1.234499
v 0.542520 0.254990 1.199949
v 0.596111 0.245692 1.198839
v 0.596128 0.304607 1.239363
v 0.541904 0.291180 1.278592
v 0.596425 0.296565 1.271984
v 0.541884 0.217244 1.267060
v 0.595818 0.244915 1.199653
v 0.598689 0.133161 1.219422
v 0.599628 0.133354 1.239157
v 0.596425 0.289554 1.274664
v 0.596589 0.137404 1.211067
v 0.595888 0.295450 1.224162
v 0.595825 0.264716 1.206515
v 0.595650 0.303889 1.241173
v 0.595846 0.297630 1.264197
v 0.548781 0.234275 0.197804
v 0.541821 0.307803 0.234936
v 0.542518 0.255001 0.200281
v 0.596162 0.304884 0.239146
v 0.541884 0.291427 0.279137
v 0.596338 0.294135 0.277431
v 0.596564 0.136563 0.247586
v 0.541884 0.217244 0.267407
v 0.596123 0.259533 0.204266
v 0.598955 0.133378 0.218906
v 0.598689 0.133161 0.238308
v 0.596726 0.263764 0.276390
v 0.597046 0.304794 0.241105
v 0.596405 0.289607 0.274858
v 0.595888 0.295450 0.224509
v 0.595846 0.297630 0.264544
v 0.596270 0.136742 0.246615
v -0.016639 0.271367 -0.640657
v -0.016271 0.243641 -0.636327
v -0.025956 0.261068 -0.655138
v -0.039836 0.265019 -0.634098
v -0.038323 0.251929 -0.645793
v -0.039960 0.264492 -0.633552
v -0.040660 0.251737 -0.645290
v -0.019149 0.253463 -0.622003
v -0.026589 0.277340 -0.642997
v -0.037469 0.264408 -0.636012
v -0.035965 0.255842 -0.628239
v -0.026779 0.253213 -0.621575
v -0.017159 0.246242 -0.639793
v -0.015921 0.243823 -0.635394
v -0.010291 0.248892 -0.642226
v -0.012866 0.256486 -0.648535
v -0.015456 0.253085 -0.649440
v -0.021941 0.260279 -0.654288
v -0.022472 0.256016 -0.653959
v -0.032734 0.258635 -0.651090
v -0.030859 0.254743 -0.651425
v -0.038323 0.251929 -0.645793
v -0.035182 0.249554 -0.647342
v -0.034435 0.250447 -0.645850
v -0.038323 0.251929 -0.645793
v -0.035708 0.245996 -0.637837
v -0.028296 0.242163 -0.638308
v -0.026673 0.240562 -0.633731
v -0.014757 0.231013 -0.596929
v -0.035914 0.219251 -0.609960
v -0.009000 0.226425 -0.618177
v -0.009587 0.238157 -0.605097
v -0.021359 0.248758 -0.616110
v -0.022047 0.235112 -0.627207
v -0.022116 0.248842 -0.616219
v -0.022527 0.236876 -0.628744
v -0.038859 0.239902 -0.606656
v -0.009087 0.236764 -0.602139
v -0.012784 0.243841 -0.611589
v -0.021512 0.249384 -0.615161
v -0.032611 0.248511 -0.612803
v -0.029175 0.217644 -0.611541
v -0.030550 0.217946 -0.607375
v -0.016857 0.218379 -0.608039
v -0.018663 0.217867 -0.612013
v -0.010164 0.223745 -0.615379
v -0.013368 0.222091 -0.617726
v -0.013578 0.231998 -0.622434
v -0.016087 0.228523 -0.623103
v -0.022047 0.235112 -0.627207
v -0.022578 0.230888 -0.626925
v -0.022578 0.230888 -0.626925
v -0.022047 0.235112 -0.627207
v -0.031886 0.234210 -0.624546
v -0.030148 0.230215 -0.624786
v -0.038049 0.225857 -0.615682
v -0.035020 0.223766 -0.618063
v 0.443760 0.741770 -0.245969
v 0.443714 0.740955 -0.275387
v 0.475400 0.665997 -0.273509
v 0.475873 0.666499 -0.243143
v 0.460292 0.739593 -0.275407
v 0.461691 0.741374 -0.245853
v 0.466619 0.728169 -0.275106
v 0.456221 0.741969 -0.275481
v 0.475319 0.690468 -0.244552
v 0.462540 0.654696 -0.246226
v 0.480984 0.680697 -0.244270
v 0.462446 0.654070 -0.270427
v 0.455311 0.658823 -0.267608
v 0.441951 0.680304 -0.261282
v 0.470714 0.695937 -0.274167
v 0.456348 0.742845 -0.246054
v 0.466746 0.729064 -0.245678
v 0.480857 0.679821 -0.273698
v 0.477860 0.692033 -0.017300
v 0.475014 0.690284 -0.047070
v 0.453372 0.748850 -0.018960
v 0.444883 0.748607 -0.019005
v 0.444900 0.747832 -0.048329
v 0.444541 0.688737 -0.030125
v 0.471075 0.672230 -0.046208
v 0.471202 0.673106 -0.016780
v 0.464888 0.745402 -0.048430
v 0.467595 0.735020 -0.048085
v 0.457218 0.748801 -0.048460
v 0.473770 0.698895 -0.017531
v 0.471111 0.672989 -0.016213
v 0.470914 0.671994 -0.046984
v 0.454057 0.667422 -0.041373
v 0.481982 0.687548 -0.017249
v 0.468825 0.657593 -0.041139
v 0.460550 0.662265 -0.021520
v 0.468762 0.692784 -0.046818
v 0.457346 0.749696 -0.018986
v 0.467722 0.735896 -0.018657
v 0.468910 0.658197 -0.021426
v 0.481854 0.686653 -0.046677
v 0.463245 0.655272 -0.246164
v 0.448561 0.665067 -0.248776
v 0.463330 0.655219 -0.248541
v 0.463245 0.654635 -0.268254
v 0.435230 0.652378 -0.246705
v 0.456794 0.652552 -0.247931
v 0.454884 0.658703 -0.268347
v 0.441007 0.680191 -0.262621
v 0.440264 0.679471 -0.250935
v 0.433114 0.669394 -0.246572
v 0.429255 0.661151 -0.048023
v 0.460550 0.662265 -0.021520
v 0.468910 0.658197 -0.021426
v 0.468825 0.657593 -0.041139
v 0.457982 0.658430 -0.040529
v 0.454057 0.667422 -0.041373
v 0.442407 0.687314 -0.038604
v 0.443256 0.688755 -0.026871
v 0.438031 0.661055 -0.224737
v 0.438906 0.665220 -0.062919
v 0.414790 0.677936 -0.227000
v 0.431016 0.676639 -0.042374
v 0.446227 0.656756 -0.241642
v 0.447224 0.662206 -0.046395
v 0.440392 0.666209 -0.057974
v 0.435065 0.668182 -0.077841
v 0.468819 0.657881 -0.038981
v 0.434619 0.664425 -0.210102
v 0.443079 0.665275 -0.230442
v 0.448561 0.665067 -0.248776
v 0.463330 0.655219 -0.248541
v 0.463245 0.654635 -0.268254
v 0.468910 0.658197 -0.021426
v 0.468825 0.657593 -0.041139
v 0.033994 0.101960 -0.598154
v 0.033994 0.097951 -0.596512
v 0.031319 0.099525 -0.598464
v 0.033994 0.110115 -0.601440
v 0.033994 0.106106 -0.599844
v 0.031348 0.107643 -0.601816
v 0.033994 0.118251 -0.604772
v 0.033994 0.114242 -0.603130
v 0.031334 0.115794 -0.605107
v -0.016083 0.111994 -0.601988
v -0.016084 0.104399 -0.598925
v -0.016193 0.107405 -0.591659
v -0.016132 0.114860 -0.594702
v -0.020627 0.112064 -0.601833
v -0.019807 0.114642 -0.594372
v -0.019886 0.107806 -0.591612
v -0.020612 0.104547 -0.598790
v -0.019296 0.112594 -0.594302
v -0.016730 0.113559 -0.592918
v -0.016899 0.106853 -0.591639
v -0.016275 0.104490 -0.598952
v -0.020477 0.104568 -0.598812
v -0.020519 0.112042 -0.601815
v -0.016212 0.111945 -0.601956
v 0.033994 0.101960 -0.598154
v -0.032954 0.102213 -0.598154
v -0.032912 0.106359 -0.599797
v 0.033994 0.106106 -0.599844
v 0.033994 0.110115 -0.601440
v -0.032890 0.110291 -0.601393
v -0.032848 0.114417 -0.603083
v 0.033994 0.114242 -0.603130
v 0.035457 0.118756 -0.604773
v -0.034283 0.118946 -0.604523
v -0.034439 0.097641 -0.596904
v 0.035458 0.097479 -0.596407
v 0.044306 0.119653 -0.610170
v 0.036922 0.119127 -0.605101
v -0.035734 0.119244 -0.605054
v -0.043097 0.119808 -0.610076
v -0.043309 0.093552 -0.599422
v -0.035904 0.097425 -0.596183
v 0.036922 0.097055 -0.596183
v 0.044306 0.093104 -0.599375
v 0.044306 0.093104 -0.599375
v 0.036922 0.097055 -0.596183
v -0.035904 0.097425 -0.596183
v -0.043309 0.093552 -0.599422
v -0.043097 0.119808 -0.610076
v -0.035734 0.119244 -0.605054
v 0.036922 0.119127 -0.605101
v 0.044306 0.119653 -0.610170
v -0.005813 0.103426 -0.598548
v -0.005799 0.095807 -0.595448
v -0.005818 0.098780 -0.588161
v -0.005939 0.106238 -0.591217
v -0.010330 0.103491 -0.598394
v -0.009517 0.106060 -0.590927
v -0.009612 0.099232 -0.588139
v -0.010336 0.095965 -0.595317
v -0.008946 0.100889 -0.589665
v -0.006558 0.106353 -0.591901
v -0.006598 0.101026 -0.588029
v -0.006005 0.095907 -0.595479
v -0.010207 0.095985 -0.595338
v -0.010228 0.103459 -0.598389
v -0.005920 0.103381 -0.598530
v 0.028349 0.120479 -0.605508
v 0.028348 0.112867 -0.602443
v 0.028240 0.115872 -0.595179
v 0.028311 0.123331 -0.598222
v 0.023786 0.120549 -0.605337
v 0.024607 0.123121 -0.597877
v 0.024632 0.116297 -0.595152
v 0.023872 0.113021 -0.602320
v 0.025099 0.120962 -0.597666
v 0.027328 0.116849 -0.594862
v 0.028158 0.112957 -0.602472
v 0.023957 0.113035 -0.602332
v 0.028006 0.116236 -0.603794
v 0.025456 0.120887 -0.597809
v -0.555089 0.484340 0.227280
v -0.576694 0.430040 0.218667
v -0.577166 0.429975 0.290493
v -0.554116 0.482893 0.279042
v -0.611991 0.434396 0.202598
v -0.610711 0.435746 0.306774
v -0.579566 0.512761 0.219751
v -0.578433 0.513654 0.286832
v -0.061648 0.702267 -0.387163
v -0.078703 0.728870 -0.440925
v -0.078916 0.743078 -0.378596
v -0.065124 0.726861 -0.450981
v -0.058990 0.756917 -0.214232
v -0.070937 0.755963 -0.226013
v -0.075035 0.756337 -0.249162
v -0.039702 0.733669 -0.347331
v -0.058601 0.735677 -0.231731
v 0.040224 0.734170 -0.346760
v 0.043606 0.733307 -0.305332
v 0.078916 0.743078 -0.378596
v 0.078703 0.728870 -0.440925
v 0.065124 0.726861 -0.450981
v 0.058601 0.735677 -0.231731
v 0.058990 0.756917 -0.214232
v 0.070937 0.755963 -0.226013
v 0.075035 0.756337 -0.249162
v 0.061648 0.702267 -0.387163
v -0.042927 0.733327 -0.305144
v -0.559745 0.313033 1.199068
v -0.619766 0.328191 1.160736
v -0.620398 0.305321 1.154885
v -0.577187 0.295076 1.135831
v -0.547319 0.287581 1.156873
v -0.547850 0.284541 1.170686
v -0.585745 0.289435 1.148365
v -0.619963 0.305091 1.155472
v -0.549248 0.282896 1.156952
v -0.580143 0.287061 1.139821
v -0.587999 0.287944 1.149396
v -0.580107 0.287190 1.139889
v -0.545828 0.276860 1.157072
v -0.561916 0.306022 1.202184
v -0.625921 0.313899 1.166670
v -0.583390 0.432864 1.128839
v -0.588334 0.400223 1.131748
v -0.583178 0.400788 1.181170
v -0.584218 0.432942 1.182297
v -0.571295 0.361510 1.188727
v -0.597416 0.363554 1.149677
v -0.596895 0.327028 1.159310
v -0.555077 0.322431 1.182429
v -0.554298 0.297416 1.180466
v -0.594891 0.300643 1.155277
v -0.587040 0.249418 1.130716
v -0.545746 0.241808 1.154465
v -0.600217 0.175027 1.103776
v -0.559849 0.155179 1.122467
v -0.611064 0.064334 1.065386
v -0.565353 0.025837 1.055105
v -0.626275 -0.083071 1.032112
v -0.576430 -0.037907 1.019200
v -0.588461 0.396915 1.180185
v -0.594170 0.398744 1.131420
v -0.586403 0.433935 1.128745
v -0.587231 0.434071 1.182250
v -0.574563 0.358337 1.189055
v -0.556377 0.320164 1.184099
v -0.598079 0.324659 1.160893
v -0.600939 0.361568 1.150287
v -0.547232 0.239744 1.156389
v -0.588525 0.247355 1.132640
v -0.596365 0.298009 1.157191
v -0.561590 0.156779 1.126419
v -0.601915 0.173139 1.105700
v -0.613182 0.054270 1.065040
v -0.566075 0.024319 1.057827
v -0.575051 -0.039016 1.021875
v -0.617999 -0.032885 1.038725
v -0.608811 -0.124735 1.022157
v -0.624853 -0.084250 1.034031
v -0.586403 0.433935 1.128745
v -0.599959 0.375693 1.148794
v -0.583316 0.432635 1.127001
v -0.583178 0.400788 1.181170
v -0.588461 0.396915 1.180185
v -0.585335 0.433628 1.177559
v -0.597968 0.324490 1.161035
v -0.596524 0.317492 1.153231
v -0.597416 0.363554 1.149677
v -0.571295 0.361510 1.188727
v -0.569320 0.345642 1.187735
v -0.553626 0.297990 1.183257
v -0.551699 0.309458 1.183767
v -0.595345 0.303290 1.156042
v -0.596671 0.300969 1.157736
v -0.588525 0.247355 1.132640
v -0.587040 0.249418 1.130716
v -0.545746 0.241808 1.154465
v -0.547232 0.239744 1.156389
v -0.605492 0.113926 1.087045
v -0.606214 0.110189 1.081663
v -0.561152 0.167417 1.131091
v -0.562871 0.165509 1.133016
v -0.563571 0.091236 1.097346
v -0.565052 0.088672 1.099047
v -0.613012 0.030080 1.048440
v -0.612270 0.031599 1.045718
v -0.565353 0.025837 1.055105
v -0.628162 -0.070729 1.031507
v -0.573357 -0.045693 1.016249
v -0.555677 0.295119 1.182156
v -0.595803 0.315030 1.156154
v -0.610318 -0.123645 1.020702
v -0.555179 0.484760 1.129842
v -0.576763 0.430047 1.121236
v -0.577224 0.429997 1.193414
v -0.554158 0.483326 1.181972
v -0.614186 0.434205 1.105448
v -0.612926 0.435530 1.209394
v -0.581421 0.512717 1.122207
v -0.580279 0.513637 1.189829
v -0.532502 0.258857 1.120791
v -0.549387 0.282743 1.156979
v -0.581280 0.286826 1.139397
v -0.565478 0.265526 1.108480
v -0.580143 0.287061 1.139821
v -0.549248 0.282896 1.156952
v 0.555179 0.484760 1.129842
v 0.554158 0.483326 1.181972
v 0.577224 0.429997 1.193414
v 0.576763 0.430047 1.121236
v 0.612926 0.435530 1.209394
v 0.614186 0.434205 1.105448
v 0.581421 0.512717 1.122207
v 0.580279 0.513637 1.189829
v 0.597472 0.431615 1.181605
v 0.594310 0.432119 1.128394
v 0.114161 -0.146729 0.893182
v 0.113440 -0.161580 0.937722
v 0.144085 -0.164794 0.933402
v 0.141301 -0.147352 0.885907
v 0.632486 -0.056915 1.035343
v 0.580412 -0.115536 0.998747
v 0.610318 -0.110117 1.020702
v 0.601053 0.432633 1.181494
v 0.599979 0.432564 1.128044
v 0.270461 -0.119083 0.927031
v 0.149454 -0.158419 0.935787
v 0.141429 -0.141084 0.888347
v 0.590350 0.415970 1.120954
v 0.592844 0.433550 1.128495
v 0.587613 0.416631 1.121798
v 0.588355 0.416203 1.174928
v 0.591071 0.415619 1.174130
v 0.122967 -0.140033 0.942744
v 0.116559 -0.141435 0.943073
v 0.119084 -0.155360 0.934714
v 0.140988 -0.164247 0.933557
v 0.113440 -0.161580 0.937722
v 0.142859 -0.146657 0.882485
v 0.140377 -0.140573 0.887202
v 0.582775 -0.115334 1.000661
v 0.581417 -0.116832 1.003712
v 0.609481 -0.110386 1.021519
v 0.112274 -0.146245 0.892860
v 0.111103 -0.161064 0.937578
v 0.120039 -0.141785 0.892759
v 0.119318 -0.156616 0.937253
v 0.120039 -0.141785 0.892759
v 0.114161 -0.146729 0.893182
v 0.119031 -0.141518 0.892842
v 0.115988 -0.155908 0.937460
v 0.118745 -0.126778 0.899377
v 0.125153 -0.125396 0.899001
v 0.534627 -0.120879 0.983395
v 0.533397 -0.121406 0.986205
v 0.631000 -0.057940 1.038453
v 0.608811 -0.111207 1.022157
v 0.580588 -0.116580 1.001552
v 0.631757 -0.057725 1.036417
v 0.423161 -0.095442 0.969731
v 0.422376 -0.133260 0.969215
v 0.422355 -0.093164 0.973204
v 0.421548 -0.132793 0.971984
v 0.274010 -0.122691 0.924137
v 0.593660 0.433662 1.181969
v 0.555089 0.484340 0.227280
v 0.554116 0.482893 0.279042
v 0.577166 0.429975 0.290493
v 0.576694 0.430040 0.218667
v 0.610711 0.435746 0.306774
v 0.611991 0.434396 0.202598
v 0.579566 0.512761 0.219751
v 0.578433 0.513654 0.286832
v -0.044558 0.712399 -0.379426
v -0.045162 0.730192 -0.360556
v -0.021003 0.713365 -0.380548
v -0.020888 0.731497 -0.361884
v -0.043658 0.730680 -0.360997
v -0.041062 0.725629 -0.356875
v -0.021032 0.713287 -0.380868
v -0.021613 0.707763 -0.374098
v -0.043711 0.712490 -0.379804
v -0.041152 0.708275 -0.374835
v -0.020796 0.731792 -0.361718
v -0.021548 0.724892 -0.356299
v -0.019550 0.711794 -0.378773
v -0.018761 0.730053 -0.360353
v 0.004692 0.713102 -0.380174
v 0.004728 0.731116 -0.361398
v -0.017957 0.730344 -0.360582
v -0.014783 0.725097 -0.356444
v 0.004631 0.712979 -0.380418
v 0.004080 0.707419 -0.373635
v -0.018031 0.712169 -0.379380
v -0.015455 0.707952 -0.374423
v 0.004869 0.731451 -0.361307
v 0.004082 0.724534 -0.355891
v 0.017137 0.711801 -0.378293
v 0.017936 0.730057 -0.359876
v 0.041449 0.713103 -0.379657
v 0.041475 0.731115 -0.360895
v 0.018773 0.730345 -0.360065
v 0.021366 0.725304 -0.355945
v 0.041408 0.712960 -0.379938
v 0.040813 0.707390 -0.373137
v 0.018700 0.712168 -0.378863
v 0.021277 0.707951 -0.373907
v 0.041619 0.731468 -0.360784
v 0.040867 0.724567 -0.355380
v -0.014580 0.722716 -0.445815
v -0.012749 0.711784 -0.422329
v 0.009590 0.725490 -0.445609
v 0.010634 0.714110 -0.422216
v -0.011989 0.712094 -0.422136
v -0.009207 0.706590 -0.425489
v 0.009536 0.725689 -0.445834
v 0.009262 0.717399 -0.448710
v -0.013042 0.723446 -0.445681
v -0.010264 0.717453 -0.448002
v 0.010810 0.714136 -0.421850
v 0.010247 0.706675 -0.426470
v -0.045953 0.720593 -0.468241
v -0.051363 0.720322 -0.464072
v -0.047830 0.720444 -0.476032
v -0.052592 0.716036 -0.477224
v -0.037092 0.723381 -0.476219
v -0.058410 0.715641 -0.473417
v -0.057526 0.718262 -0.466457
v -0.035203 0.703100 -0.464251
v -0.057526 0.718262 -0.466457
v 0.035108 0.713749 -0.459085
v 0.037134 0.723381 -0.476172
v 0.037034 0.705473 -0.480294
v 0.037134 0.723381 -0.476172
v 0.420945 0.690509 -0.454951
v 0.432016 0.716767 -0.454584
v 0.424980 0.679808 -0.445358
v 0.426635 0.681327 -0.458578
v 0.440767 0.706253 -0.450064
v 0.418256 0.690080 -0.457968
v 0.406073 0.683787 -0.454927
v 0.406134 0.674873 -0.456605
v 0.405655 0.685076 -0.455099
v 0.045578 0.710592 -0.462455
v 0.089156 0.712098 -0.453028
v 0.095764 0.718826 -0.462421
v 0.095449 0.717823 -0.460274
v 0.033879 0.716518 -0.464321
v 0.044682 0.712773 -0.465167
v 0.037134 0.723381 -0.476172
v 0.049993 0.719060 -0.471667
v 0.034806 0.721160 -0.473048
v 0.049993 0.719060 -0.471667
v 0.034454 0.705554 -0.468615
v 0.049993 0.719060 -0.471667
v 0.049834 0.718302 -0.470310
v 0.620876 0.314081 0.213299
v 0.551463 0.290017 0.184652
v 0.591222 0.291960 0.184803
v 0.546652 0.314581 0.230134
v 0.619675 0.299732 0.222444
v 0.548088 0.284934 0.200257
v 0.592329 0.286268 0.199739
v 0.555932 0.282798 0.188980
v 0.591496 0.284063 0.189402
v 0.591405 0.284239 0.189443
v 0.593648 0.284643 0.201676
v 0.547605 0.283854 0.200609
v 0.556403 0.283602 0.189309
v 0.547534 0.305247 0.234580
v 0.619965 0.299461 0.222460
v 0.619151 0.309361 0.236095
v 0.557278 0.261560 0.154225
v 0.555009 0.282382 0.189179
v 0.555932 0.282798 0.188980
v 0.591496 0.284063 0.189402
v 0.592744 0.260272 0.149268
v 0.591391 0.283905 0.189492
v 0.590248 0.434162 0.281548
v 0.582565 0.432485 0.229546
v 0.590275 0.362775 0.225032
v 0.559773 0.343934 0.240702
v 0.550733 0.310166 0.206590
v 0.599114 0.321078 0.215308
v 0.549029 0.093103 0.110936
v 0.597077 0.098145 0.114308
v 0.603824 0.031599 0.089385
v 0.558478 0.025837 0.074085
v 0.617844 -0.046564 0.079573
v 0.577385 -0.037907 0.053903
v 0.604885 -0.103617 0.055170
v 0.621224 -0.351488 0.131767
v 0.620864 -0.354446 0.177904
v 0.583178 0.400788 0.278390
v 0.589679 0.434945 0.229080
v 0.592875 0.417974 0.277967
v 0.587231 0.434071 0.282567
v 0.560961 0.341151 0.241499
v 0.593547 0.362388 0.225150
v 0.598746 0.309000 0.210593
v 0.548948 0.090751 0.113230
v 0.596886 0.096393 0.116983
v 0.603082 0.030080 0.092108
v 0.557736 0.024319 0.076760
v 0.614774 -0.032885 0.080327
v 0.576006 -0.039016 0.056532
v 0.603358 -0.104706 0.056625
v 0.622519 -0.084250 0.088541
v 0.584854 0.433508 0.228848
v 0.589051 0.407930 0.223517
v 0.593578 0.416415 0.231904
v 0.588107 0.418457 0.283205
v 0.585825 0.433272 0.283717
v 0.593727 0.414722 0.285848
v 0.594016 0.324564 0.217919
v 0.571259 0.364911 0.261608
v 0.573361 0.362108 0.265249
v 0.553784 0.294666 0.211401
v 0.555162 0.313561 0.209065
v 0.551327 0.310145 0.211602
v 0.599673 0.301140 0.211039
v 0.598902 0.245778 0.183254
v 0.596143 0.175027 0.152418
v 0.548760 0.165509 0.150822
v 0.599952 0.117794 0.124279
v 0.555950 0.021233 0.071745
v 0.554100 0.034222 0.080186
v 0.603824 0.031599 0.089385
v 0.603082 0.030080 0.092108
v 0.616132 -0.031834 0.077605
v 0.614774 -0.032885 0.080327
v 0.577385 -0.037907 0.053903
v 0.576006 -0.039016 0.056532
v 0.624026 -0.083238 0.086757
v 0.622966 -0.087450 0.089076
v 0.604112 -0.103285 0.056271
v 0.550524 0.304595 0.213668
v 0.553025 0.319838 0.217047
v 0.618105 -0.352150 0.132002
v 0.617723 -0.354953 0.178279
v 0.588461 0.396915 0.277404
v 0.571656 0.365909 0.264638
v 0.574605 0.362639 0.264216
v 0.607426 0.315673 -0.960479
v 0.609282 0.311420 -0.949060
v 0.616568 0.317262 -0.963779
v 0.616641 0.317366 -0.964101
v 0.621713 0.311546 -0.955840
v 0.621713 0.311546 -0.955840
v 0.611858 0.309729 -0.952217
v 0.612631 0.312695 -0.949739
v 0.621479 0.314193 -0.953118
v 0.531183 0.644861 -0.527985
v 0.533520 0.654219 -0.532815
v 0.533588 0.654187 -0.532822
v 0.542891 0.652561 -0.527786
v 0.596988 0.407403 -0.878028
v 0.600670 0.405869 -0.875358
v 0.603307 0.401964 -0.871017
v 0.447072 0.294943 -0.803382
v 0.434966 0.292853 -0.797451
v 0.447553 0.240310 -0.795270
v 0.435643 0.245952 -0.790431
v 0.385369 0.238421 -0.819121
v 0.386380 0.239969 -0.821373
v 0.420775 0.282737 -0.857859
v 0.415910 0.228368 -0.858442
v 0.413014 0.229026 -0.849816
v 0.414226 0.225549 -0.855754
v 0.506972 0.256081 -0.911881
v 0.576054 0.244863 -0.883876
v 0.517411 0.191290 -0.918606
v 0.507335 0.199471 -0.908625
v 0.507230 0.201555 -0.908569
v 0.520118 0.191383 -0.919348
v 0.438061 0.279407 -0.869632
v 0.404296 0.285989 -0.844816
v 0.503304 0.277728 -0.844968
v 0.466744 0.289131 -0.819440
v 0.503528 0.222304 -0.841724
v 0.466904 0.234152 -0.813778
v 0.434566 0.223588 -0.873184
v 0.399922 0.231907 -0.844676
v 0.396878 0.232587 -0.834494
v 0.432481 0.221482 -0.870325
v 0.398400 0.228843 -0.841780
v 0.396970 0.234135 -0.835823
v 0.481559 0.265943 -0.897984
v 0.548919 0.258411 -0.870176
v 0.550767 0.201447 -0.870057
v 0.487425 0.204446 -0.904428
v 0.478119 0.210518 -0.894010
v 0.484254 0.203343 -0.901452
v 0.477926 0.212587 -0.893922
v 0.484032 0.284284 -0.831733
v 0.484221 0.229199 -0.827366
v 0.430395 0.225549 -0.863818
v 0.531015 0.245015 -0.921654
v 0.572694 0.187799 -0.883094
v 0.533923 0.187356 -0.921867
v 0.534279 0.187835 -0.922504
v 0.457535 0.274186 -0.883300
v 0.390681 0.286307 -0.824252
v 0.525065 0.269152 -0.858176
v 0.526621 0.212883 -0.856689
v 0.457600 0.216640 -0.888952
v 0.451587 0.219553 -0.879002
v 0.384570 0.236995 -0.829268
v 0.452400 0.220615 -0.880132
v 0.454421 0.213666 -0.885507
v 0.382992 0.231095 -0.823548
v -0.212752 0.269258 -0.995591
v -0.212679 0.268259 -0.992317
v -0.252661 0.269004 -0.992560
v -0.252442 0.268049 -0.989318
v -0.092135 0.264451 -0.985178
v -0.135708 0.264362 -0.984015
v -0.092204 0.265610 -0.988451
v -0.135802 0.265606 -0.987264
v -0.212521 0.265360 -0.985259
v -0.212453 0.264186 -0.981883
v -0.252003 0.265262 -0.982277
v -0.251781 0.264028 -0.978973
v -0.196410 0.269354 -0.995940
v -0.196266 0.267992 -0.992843
v -0.152824 0.271861 -0.994169
v -0.196029 0.265515 -0.985688
v -0.152500 0.265530 -0.986841
v -0.195901 0.263898 -0.982476
v -0.152376 0.264254 -0.983598
v -0.312406 0.268932 -0.987180
v -0.268734 0.269079 -0.991038
v -0.312136 0.267742 -0.984190
v -0.268573 0.267872 -0.987943
v -0.311516 0.265142 -0.977289
v -0.268137 0.265180 -0.980978
v -0.311225 0.263934 -0.974098
v -0.267929 0.264211 -0.977526
v -0.366815 0.265045 -0.972681
v -0.327633 0.265278 -0.975928
v -0.366522 0.263842 -0.969596
v -0.327345 0.263856 -0.972807
v 0.252661 0.269004 -0.992560
v 0.252442 0.268049 -0.989318
v 0.212752 0.269258 -0.995591
v 0.212679 0.268259 -0.992317
v 0.092204 0.265610 -0.988451
v 0.135802 0.265606 -0.987264
v 0.092135 0.264451 -0.985178
v 0.135708 0.264362 -0.984015
v 0.252003 0.265262 -0.982277
v 0.251781 0.264028 -0.978973
v 0.212521 0.265360 -0.985259
v 0.212453 0.264186 -0.981883
v 0.196266 0.267992 -0.992843
v 0.196410 0.269354 -0.995940
v 0.152824 0.271861 -0.994169
v 0.195901 0.263898 -0.982476
v 0.152376 0.264254 -0.983598
v 0.196029 0.265515 -0.985688
v 0.152500 0.265530 -0.986841
v 0.312136 0.267742 -0.984190
v 0.268573 0.267872 -0.987943
v 0.312406 0.268932 -0.987180
v 0.268734 0.269079 -0.991038
v 0.311225 0.263934 -0.974098
v 0.267929 0.264211 -0.977526
v 0.311516 0.265142 -0.977289
v 0.268137 0.265180 -0.980978
v 0.366522 0.263842 -0.969596
v 0.327345 0.263856 -0.972807
v 0.366815 0.265045 -0.972681
v 0.327633 0.265278 -0.975928
v 0.053643 0.243754 -0.639785
v 0.057166 0.243754 -0.639785
v 0.057166 0.241087 -0.637016
v 0.053643 0.241087 -0.637016
v 0.053643 0.235638 -0.631290
v 0.057166 0.235638 -0.631290
v 0.057166 0.232913 -0.628427
v 0.053643 0.232913 -0.628427
v 0.053643 0.227463 -0.622748
v 0.057166 0.227463 -0.622748
v 0.057166 0.224835 -0.619979
v 0.053643 0.224835 -0.619979
v 0.041781 0.251870 -0.648327
v 0.045410 0.251870 -0.648327
v 0.045410 0.249282 -0.645605
v 0.041781 0.249282 -0.645605
v 0.041781 0.243754 -0.639785
v 0.045410 0.243754 -0.639785
v 0.045410 0.241087 -0.637016
v 0.041781 0.241087 -0.637016
v 0.041781 0.235638 -0.631290
v 0.045410 0.235638 -0.631290
v 0.045410 0.232913 -0.628427
v 0.041781 0.232913 -0.628427
v 0.041781 0.227463 -0.622748
v 0.045410 0.227463 -0.622748
v 0.045410 0.224835 -0.619979
v 0.041781 0.224835 -0.619979
v 0.041781 0.219405 -0.614253
v 0.045410 0.219405 -0.614253
v 0.045410 0.216758 -0.611484
v 0.041781 0.216758 -0.611484
v 0.030111 0.251870 -0.648327
v 0.033548 0.251870 -0.648327
v 0.033548 0.249282 -0.645605
v 0.030111 0.249282 -0.645605
v 0.030111 0.243754 -0.639785
v 0.033548 0.243754 -0.639785
v 0.033548 0.241087 -0.637016
v 0.030111 0.241087 -0.637016
v 0.030111 0.235638 -0.631290
v 0.033548 0.235638 -0.631290
v 0.033548 0.232913 -0.628427
v 0.030111 0.232913 -0.628427
v 0.030111 0.227463 -0.622748
v 0.033548 0.227463 -0.622748
v 0.033548 0.224835 -0.619979
v 0.030111 0.224835 -0.619979
v 0.030111 0.219405 -0.614253
v 0.033548 0.219405 -0.614253
v 0.033548 0.216758 -0.611484
v 0.030111 0.216758 -0.611484
v 0.018143 0.251870 -0.648327
v 0.022005 0.251870 -0.648327
v 0.022005 0.249282 -0.645605
v 0.018143 0.249282 -0.645605
v 0.018143 0.243754 -0.639785
v 0.022005 0.243754 -0.639785
v 0.022005 0.241087 -0.637016
v 0.018143 0.241087 -0.637016
v 0.018143 0.235638 -0.631290
v 0.022005 0.235638 -0.631290
v 0.022005 0.232913 -0.628427
v 0.018143 0.232913 -0.628427
v 0.018143 0.227463 -0.622748
v 0.022005 0.227463 -0.622748
v 0.022005 0.224835 -0.619979
v 0.018143 0.224835 -0.619979
v 0.018143 0.219405 -0.614253
v 0.022005 0.219405 -0.614253
v 0.022005 0.216758 -0.611484
v 0.018143 0.216758 -0.611484
v 0.006599 0.243754 -0.639785
v 0.009910 0.243754 -0.639785
v 0.009910 0.241087 -0.637016
v 0.006599 0.241087 -0.637016
v 0.006599 0.235638 -0.631290
v 0.009910 0.235638 -0.631290
v 0.009910 0.232913 -0.628427
v 0.006599 0.232913 -0.628427
v 0.006599 0.227463 -0.622748
v 0.009910 0.227463 -0.622748
v 0.009910 0.224835 -0.619979
v 0.006599 0.224835 -0.619979
v 0.055837 0.197868 -0.607020
v 0.052030 0.191726 -0.605568
v 0.050738 0.199695 -0.604086
v 0.048667 0.195327 -0.605435
v 0.022530 0.163367 -0.601165
v 0.018326 0.167705 -0.598906
v 0.014834 0.163532 -0.600946
v 0.018964 0.159261 -0.600838
v 0.186853 0.304423 -0.611309
v 0.188664 0.304423 -0.616818
v 0.183563 0.304423 -0.621464
v 0.178600 0.304423 -0.619760
v 0.176673 0.304423 -0.614156
v 0.181869 0.304423 -0.609464
v -0.429351 0.701830 -0.456840
v -0.427270 0.705502 -0.447937
v -0.434109 0.705700 -0.440748
v -0.441304 0.706876 -0.442990
v -0.445799 0.703525 -0.447360
v -0.444681 0.700925 -0.454483
v -0.438628 0.699073 -0.458777
v -0.238938 0.248142 -0.500630
v -0.240045 0.251806 -0.498417
v -0.234407 0.248344 -0.497317
v -0.234127 0.201073 -0.586840
v -0.230019 0.204872 -0.584980
v -0.228583 0.201039 -0.582045
v -0.228548 0.152972 -0.559419
v -0.233988 0.155388 -0.558263
v -0.230741 0.153171 -0.552654
v -0.235309 0.150640 -0.482550
v -0.236630 0.157310 -0.478629
v -0.236632 0.149857 -0.476986
v -0.044225 0.254465 -0.653071
v -0.049109 0.256383 -0.651021
v -0.046440 0.252205 -0.649963
v 0.062562 0.304481 -0.678420
v 0.054961 0.304481 -0.682075
v 0.050070 0.304481 -0.675367
v 0.054522 0.304481 -0.669663
v 0.060934 0.304481 -0.670969
v -0.002546 0.258235 -0.737690
v 0.049081 0.263665 -0.787065
v 0.045927 0.288624 -0.786073
v 0.004328 0.293075 -0.843793
v -0.010596 0.267490 -0.864699
v -0.010378 0.267486 -0.864680
v 0.053224 0.263921 -0.786471
v -0.004157 0.283231 -0.738126
v -0.002095 0.258148 -0.733521
v -0.059651 0.287090 -0.781336
v -0.078216 0.260593 -0.800483
v -0.077930 0.260355 -0.800233
v 0.038301 0.256756 -0.788989
v -0.003310 0.252357 -0.749236
v 0.039763 0.257174 -0.800935
v -0.013959 0.264070 -0.854430
v -0.021986 0.263719 -0.854375
v 0.037083 0.259999 -0.789527
v -0.013708 0.262206 -0.854885
v -0.066441 0.259455 -0.811499
v -0.003939 0.254109 -0.749337
v -0.067287 0.256561 -0.803680
v -0.067083 0.258384 -0.803681
v -0.015331 0.250847 -0.748070
v 0.645351 0.075334 -0.793776
v 0.645320 0.074265 -0.787496
v 0.644328 -0.113877 -0.787637
v 0.643865 -0.117477 -0.889908
v 0.644385 -0.066066 -0.914518
v 0.644530 0.001622 -0.965033
v -0.645320 0.074265 -0.787496
v -0.645351 0.075334 -0.793776
v -0.644328 -0.113877 -0.787637
v -0.644385 -0.066066 -0.914518
v -0.643865 -0.117477 -0.889908
v -0.644530 0.001622 -0.965033
v 0.099668 -0.179331 0.879711
v 0.132654 -0.189701 0.882445
v 0.130790 -0.205944 0.930194
v 0.098225 -0.199125 0.937065
v 0.098774 -0.197880 0.940338
v 0.108711 -0.272126 0.909515
v 0.083372 -0.268047 0.918104
v 0.098401 -0.180981 0.873331
v 0.096308 -0.204035 0.941910
v 0.082947 -0.268042 0.918644
v 0.084151 -0.244500 0.850713
v 0.100304 -0.176480 0.878000
v 0.085048 -0.245060 0.851457
v 0.109715 -0.253784 0.856578
v 0.090976 -0.189893 0.887800
v 0.090173 -0.203450 0.926690
v 0.106565 -0.184917 0.891257
v 0.105610 -0.197451 0.927631
v -0.099668 -0.179331 0.879711
v -0.098225 -0.199125 0.937065
v -0.130790 -0.205944 0.930194
v -0.132654 -0.189701 0.882445
v -0.098774 -0.197880 0.940338
v -0.083372 -0.268047 0.918104
v -0.108711 -0.272126 0.909515
v -0.098401 -0.180981 0.873331
v -0.084151 -0.244500 0.850713
v -0.082947 -0.268042 0.918644
v -0.096308 -0.204035 0.941910
v -0.109715 -0.253784 0.856578
v -0.085048 -0.245060 0.851457
v -0.100304 -0.176480 0.878000
v -0.090976 -0.189893 0.887800
v -0.090173 -0.203450 0.926690
v -0.106565 -0.184917 0.891257
v -0.105610 -0.197451 0.927631
v 0.126256 -0.121717 0.883110
v 0.117036 -0.192976 0.931027
v 0.120155 -0.180426 0.897065
v 0.131412 -0.147192 0.951189
v 0.139862 -0.139993 0.877305
v 0.131119 -0.186580 0.937355
v 0.132165 -0.172926 0.895271
v 0.125450 -0.193403 0.926646
v 0.126745 -0.181647 0.893088
v 0.132818 -0.176602 0.893613
v 0.132129 -0.187180 0.937735
v 0.125102 -0.192489 0.926412
v 0.139630 -0.149734 0.950002
v 0.142595 -0.124289 0.879796
v 0.118705 -0.219286 0.879750
v 0.125445 -0.193227 0.926261
v 0.115715 -0.235494 0.911400
v 0.125450 -0.193403 0.926646
v 0.126745 -0.181647 0.893088
v 0.126908 -0.181555 0.892870
v -0.050821 -0.154748 -0.077325
v -0.018296 -0.160749 -0.068787
v -0.019723 -0.142624 -0.021490
v -0.052264 -0.133026 -0.020628
v -0.051800 -0.130191 -0.019038
v -0.042796 -0.210204 0.006699
v -0.067456 -0.201928 0.010591
v -0.052081 -0.159973 -0.081151
v -0.054116 -0.133781 -0.013826
v -0.068025 -0.201820 0.010974
v -0.066040 -0.226803 -0.055371
v -0.050743 -0.154681 -0.078823
v -0.065951 -0.226829 -0.054520
v -0.041921 -0.230408 -0.045972
v -0.029901 -0.292353 0.009375
v -0.046031 -0.280487 0.027148
v -0.045376 -0.294913 -0.010251
v -0.046174 -0.295977 -0.010913
v -0.047171 -0.280834 0.028559
v -0.059712 -0.157509 -0.064348
v -0.060158 -0.143026 -0.025796
v -0.043925 -0.151614 -0.064887
v -0.044879 -0.137814 -0.028936
v 0.000035 0.758602 0.744201
v -0.440258 0.740632 0.207616
v -0.438628 0.739808 0.478803
v -0.000089 0.770599 0.475968
v -0.000003 0.758911 0.746088
v -0.438658 0.741301 0.475283
v -0.078589 0.742704 -0.378703
v -0.448871 0.723626 -0.319679
v -0.445454 0.732834 -0.058788
v -0.000075 0.763402 -0.066929
v -0.000079 0.772072 0.205236
v -0.000041 0.771497 0.204332
v -0.000087 0.770704 0.476441
v -0.436831 0.735810 0.742092
v -0.445395 0.733344 -0.059750
v -0.440083 0.739779 0.211015
v -0.393687 0.729843 -0.367332
v -0.446337 0.705238 0.897956
v -0.000067 0.710059 0.948600
v -0.436796 0.736261 0.741451
v -0.404063 0.702613 0.940257
v -0.425983 0.737901 -0.060006
v -0.425983 0.737901 -0.060006
v 0.000065 0.762470 -0.065057
v -0.076034 0.748486 -0.210324
v -0.000043 0.756999 -0.215304
v -0.058990 0.756917 -0.214232
v -0.070937 0.755963 -0.226013
v -0.076815 0.754815 -0.243989
v -0.000035 0.758602 0.744201
v 0.438628 0.739808 0.478803
v 0.440258 0.740632 0.207616
v 0.000089 0.770599 0.475968
v 0.000003 0.758911 0.746088
v 0.438658 0.741301 0.475283
v 0.078589 0.742704 -0.378703
v 0.445454 0.732834 -0.058788
v 0.448871 0.723626 -0.319679
v 0.000075 0.763402 -0.066929
v 0.000079 0.772072 0.205236
v 0.000041 0.771497 0.204332
v 0.000087 0.770704 0.476441
v 0.436831 0.735810 0.742092
v 0.445395 0.733344 -0.059750
v 0.440083 0.739779 0.211015
v 0.393687 0.729843 -0.367332
v 0.000067 0.710059 0.948600
v 0.436796 0.736261 0.741451
v 0.404063 0.702613 0.940257
v 0.446337 0.705238 0.897956
v 0.425983 0.737901 -0.060006
v 0.425983 0.737901 -0.060006
v -0.000065 0.762470 -0.065057
v 0.076034 0.748486 -0.210324
v 0.000043 0.756999 -0.215304
v 0.058990 0.756917 -0.214232
v 0.070937 0.755963 -0.226013
v 0.076815 0.754815 -0.243989
v 0.446034 0.711205 -0.338624
v 0.084662 0.720689 -0.339862
v 0.001705 0.695067 -0.478151
v 0.468468 0.685895 -0.416323
v 0.456915 0.699244 -0.334383
v 0.094512 0.729084 -0.350248
v 0.418726 0.695295 -0.419241
v 0.093875 0.714038 -0.415158
v 0.088040 0.710476 -0.431913
v 0.402514 0.692628 -0.434588
v 0.454141 0.693582 -0.418302
v 0.017761 0.704014 -0.476219
v 0.409965 0.677355 -0.424841
v 0.402898 0.693195 -0.434892
v 0.406657 0.672680 -0.473603
v 0.419088 0.696255 -0.420105
v 0.453169 0.694588 -0.419263
v 0.402196 0.685368 -0.465894
v 0.070980 0.710009 -0.437874
v 0.029559 0.712014 -0.439000
v 0.017761 0.704014 -0.476219
v 0.454141 0.693582 -0.418302
v 0.074779 0.702510 -0.421084
v 0.402196 0.685368 -0.465894
v 0.093875 0.714038 -0.415158
v 0.016360 0.704321 -0.431281
v 0.029559 0.712014 -0.439000
v 0.070980 0.710009 -0.437874
v 0.088040 0.710476 -0.431913
v 0.017761 0.704014 -0.476219
v 0.000049 0.697769 -0.525083
v -0.452863 0.686356 -0.514782
v -0.524718 0.673757 -0.524759
v -0.499813 0.649853 -0.516631
v -0.499079 0.652081 -0.517477
v -0.525545 0.672541 -0.523060
v -0.582499 0.288637 -1.005074
v -0.593813 0.344271 -0.803126
v -0.539240 0.611608 -0.475010
v -0.514856 0.614420 -0.476581
v -0.522176 0.610894 -0.475667
v -0.556243 0.612977 -0.475795
v -0.509237 0.637846 -0.353361
v -0.540455 0.649868 0.153532
v -0.543297 0.639548 0.160431
v -0.516844 0.650741 0.157791
v -0.663285 0.325937 0.164148
v -0.647938 0.330110 0.168455
v -0.659132 0.337941 0.347768
v -0.545475 0.648683 0.346850
v -0.520223 0.649903 0.346134
v -0.527909 0.648889 0.346641
v -0.543849 0.649805 0.347538
v -0.527785 0.643310 0.845058
v -0.475270 0.615258 1.239376
v -0.482158 0.629858 1.254336
v 0.000002 0.629783 1.253929
v -0.445293 0.734008 -0.059443
v -0.513914 0.650892 0.161263
v -0.475355 0.673920 -0.505342
v -0.451298 0.711041 -0.434260
v -0.517804 0.650589 0.340351
v -0.617207 0.355832 -0.805657
v -0.554991 0.617598 -0.480076
v -0.547004 0.644060 -0.398205
v -0.552303 0.660513 0.147115
v -0.558287 0.643190 0.169361
v -0.558287 0.643190 0.169361
v -0.677357 0.326425 0.175631
v -0.679891 0.336310 0.335739
v -0.562319 0.642528 0.336213
v -0.556696 0.659832 0.351138
v -0.556038 0.652825 0.834373
v -0.560056 0.282798 -0.992986
v -0.574936 0.353797 -0.808375
v -0.513343 0.615439 -0.480870
v -0.448603 0.726806 -0.318849
v -0.436678 0.736850 0.741772
v -0.604715 0.261489 -0.827414
v -0.506956 0.593503 1.216298
v -0.526395 0.611459 1.119454
v 0.000000 0.602900 1.202948
v 0.000000 0.628748 1.098191
v -0.404063 0.702613 0.940257
v -0.445739 0.708686 0.897875
v 0.000000 0.710866 0.948564
v -0.647468 0.337205 0.343618
v -0.614929 0.266592 -0.813514
v -0.640069 0.261420 -0.833628
v -0.615266 0.267731 -0.825077
v -0.597819 0.260142 -0.864741
v -0.393687 0.729843 -0.367332
v -0.078916 0.743078 -0.378596
v -0.000049 0.697769 -0.525083
v 0.452863 0.686356 -0.514782
v 0.524718 0.673757 -0.524759
v 0.499813 0.649853 -0.516631
v 0.522176 0.610894 -0.475667
v 0.556243 0.612977 -0.475795
v 0.509237 0.637846 -0.353361
v 0.522055 0.647990 0.153990
v 0.536028 0.648109 0.154385
v 0.535252 0.647868 0.155275
v 0.515473 0.649955 0.158426
v 0.647938 0.330110 0.168455
v 0.663285 0.325937 0.164148
v 0.659132 0.337941 0.347768
v 0.531157 0.647136 0.348374
v 0.539705 0.647668 0.347733
v 0.527177 0.648021 0.348032
v 0.539490 0.642804 0.832883
v 0.475270 0.615258 1.239376
v 0.482158 0.629858 1.254336
v -0.000002 0.629783 1.253929
v 0.445293 0.734008 -0.059443
v 0.451298 0.711041 -0.434260
v 0.475381 0.673917 -0.505348
v 0.516029 0.649749 0.341175
v 0.514881 0.649894 0.341160
v 0.547004 0.644060 -0.398205
v 0.552303 0.660513 0.147115
v 0.558287 0.643190 0.169361
v 0.677357 0.326425 0.175631
v 0.679891 0.336310 0.335739
v 0.562319 0.642528 0.336213
v 0.556696 0.659832 0.351138
v 0.556038 0.652825 0.834373
v 0.513343 0.615439 -0.480870
v 0.448603 0.726806 -0.318849
v 0.436678 0.736850 0.741772
v 0.506956 0.593503 1.216298
v 0.525562 0.612455 1.118015
v 0.000000 0.628748 1.098191
v 0.000000 0.602900 1.202948
v 0.445739 0.708686 0.897875
v 0.404063 0.702613 0.940257
v 0.000000 0.710866 0.948564
v 0.647468 0.337205 0.343618
v 0.393687 0.729843 -0.367332
v 0.078916 0.743078 -0.378596
v 0.072274 0.724938 -0.448857
v 0.059839 0.722992 -0.453175
v -0.538956 0.642489 0.155375
v -0.522592 0.648871 0.155280
v -0.542139 0.648543 0.153592
v -0.540569 0.638733 0.160397
v -0.538956 0.642489 0.155375
v -0.542139 0.648543 0.153592
v -0.562319 0.642528 0.336213
v 0.511838 0.648989 0.160645
v 0.562319 0.642528 0.336213
v 0.558287 0.643190 0.169361
v -0.501488 0.605298 1.253469
v 0.527837 0.633322 0.850284
v 0.542176 0.637643 0.847682
v 0.526988 0.634976 0.847186
v 0.501488 0.605298 1.253469
v -0.519457 0.639560 0.856087
v 0.517798 0.638958 0.851684
v 0.509864 0.608953 1.280999
v -0.509864 0.608953 1.280999
v -0.078703 0.728870 -0.440925
v -0.072274 0.724938 -0.448857
v 0.000000 0.723809 -0.454160
v -0.059839 0.722992 -0.453175
v 0.078703 0.728870 -0.440925
v 0.000000 0.723809 -0.454160
v -0.460448 0.710920 -0.269814
v -0.488381 0.663662 -0.269264
v -0.485631 0.668376 -0.272478
v -0.487159 0.675208 0.028042
v -0.489234 0.669740 0.025016
v -0.459301 0.719563 0.023953
v -0.465318 0.703812 -0.006235
v -0.466657 0.701620 -0.013448
v -0.467009 0.701741 0.001074
v -0.472420 0.695381 0.005413
v -0.477069 0.687485 0.000924
v -0.478685 0.685469 -0.006353
v -0.476988 0.689580 -0.015570
v -0.470584 0.696224 -0.017400
v -0.466210 0.697586 -0.251004
v -0.465566 0.698054 -0.240999
v -0.468376 0.692298 -0.233990
v -0.474673 0.684481 -0.235054
v -0.478294 0.680135 -0.242274
v -0.474380 0.681685 -0.253530
v -0.470365 0.690786 -0.256034
v -0.511912 0.598290 -0.551787
v -0.504605 0.625930 -0.514283
v -0.508300 0.608964 -0.560276
v -0.499605 0.635646 -0.522525
v -0.660666 0.341924 1.107333
v -0.660613 0.206660 1.107710
v -0.690982 0.081264 1.089842
v -0.649905 0.062310 1.077917
v -0.661434 -0.073466 0.974477
v -0.660462 -0.256211 0.918887
v -0.666912 -0.305092 0.898509
v -0.682337 0.358532 1.112928
v -0.689382 0.333774 1.121235
v -0.689382 0.205138 1.119639
v -0.690231 -0.071423 0.991274
v -0.690294 -0.132793 0.964709
v -0.690188 -0.260650 0.929931
v -0.690188 -0.312658 0.905807
v -0.519171 0.103100 1.818025
v -0.568982 -0.137717 1.818491
v -0.578626 0.131668 1.802479
v -0.623453 -0.097193 1.800890
v -0.647112 0.028290 1.705989
v -0.599039 0.398714 1.428013
v -0.634572 0.320461 1.425275
v -0.646464 0.085691 1.415851
v -0.650760 0.025844 1.599424
v -0.639919 -0.172577 1.749967
v -0.603464 0.009176 1.109596
v -0.598923 -0.079618 1.048159
v -0.502098 -0.077496 1.057451
v -0.464095 -0.015299 1.090134
v -0.603824 0.052405 1.183235
v -0.499021 0.052250 1.182813
v -0.646561 0.087012 1.174787
v -0.572853 -0.253951 1.011217
v -0.401100 -0.222059 1.039521
v -0.435753 -0.098738 1.059299
v -0.382389 -0.164923 1.093537
v -0.407055 -0.046412 1.101851
v -0.395979 -0.030861 1.182672
v -0.309382 -0.213353 1.678955
v -0.413846 -0.213353 1.769867
v -0.620003 -0.040212 1.631722
v -0.605248 -0.189102 1.718006
v -0.617520 0.029915 1.527366
v -0.640507 -0.179208 0.945093
v -0.592807 -0.197704 1.721553
v -0.584451 -0.213353 1.767097
v -0.643104 0.334843 1.130862
v -0.541439 -0.343410 0.909421
v -0.640322 -0.310692 0.904023
v -0.360445 -0.184882 1.662641
v -0.322681 -0.211780 1.095231
v -0.617339 0.063283 1.293422
v -0.352203 -0.180596 1.251619
v -0.359638 -0.186401 1.251256
v -0.482438 0.047475 1.300021
v -0.635206 0.385465 1.095741
v -0.648580 0.385464 1.086913
v -0.435638 0.025409 1.179528
v -0.434408 0.011890 1.295396
v -0.669950 0.383658 1.102921
v -0.622346 0.400184 1.348048
v -0.596928 0.383368 1.473289
v 0.000000 -0.137717 1.818491
v 0.000000 0.101853 1.818428
v 0.000000 -0.213353 1.769867
v 0.000000 -0.343410 0.909421
v 0.000000 -0.219199 1.044923
v -0.499021 0.038177 1.302167
v -0.603973 0.038644 1.292780
v -0.464879 0.030022 1.299022
v -0.409504 -0.014902 1.289792
v -0.337316 -0.203057 1.472209
v -0.338861 -0.203598 1.568621
v -0.436085 -0.187517 1.716139
v -0.396424 -0.192858 1.685338
v -0.614371 -0.097641 1.664922
v -0.615325 -0.041371 1.615406
v -0.613564 0.020407 1.508349
v -0.613989 0.000554 1.554157
v -0.613373 0.045982 1.363134
v -0.614575 0.048525 1.294321
v -0.359875 -0.187073 1.450840
v -0.362919 -0.189588 1.643473
v -0.361764 -0.189152 1.590254
v 0.660666 0.341924 1.107333
v 0.660613 0.206660 1.107710
v 0.649905 0.062310 1.077917
v 0.690982 0.081264 1.089842
v 0.661434 -0.073466 0.974477
v 0.660462 -0.256211 0.918887
v 0.666912 -0.305092 0.898509
v 0.682337 0.358532 1.112928
v 0.689382 0.333774 1.121235
v 0.689382 0.205138 1.119639
v 0.690231 -0.071423 0.991274
v 0.690294 -0.132793 0.964709
v 0.690188 -0.260650 0.929931
v 0.690188 -0.312658 0.905807
v 0.568982 -0.137717 1.818491
v 0.519171 0.103100 1.818025
v 0.623453 -0.097193 1.800890
v 0.578626 0.131668 1.802479
v 0.647112 0.028290 1.705989
v 0.634572 0.320461 1.425275
v 0.599039 0.398714 1.428013
v 0.650760 0.025844 1.599424
v 0.646464 0.085691 1.415851
v 0.639919 -0.172577 1.749967
v 0.603464 0.009176 1.109596
v 0.464095 -0.015299 1.090134
v 0.502098 -0.077496 1.057451
v 0.598923 -0.079618 1.048159
v 0.603824 0.052405 1.183235
v 0.499021 0.052250 1.182813
v 0.646561 0.087012 1.174787
v 0.401100 -0.222059 1.039521
v 0.572853 -0.253951 1.011217
v 0.435753 -0.098738 1.059299
v 0.407055 -0.046412 1.101851
v 0.382389 -0.164923 1.093537
v 0.395979 -0.030861 1.182672
v 0.309382 -0.213353 1.678955
v 0.413846 -0.213353 1.769867
v 0.620003 -0.040212 1.631722
v 0.605248 -0.189102 1.718006
v 0.617520 0.029915 1.527366
v 0.640507 -0.179208 0.945093
v 0.592807 -0.197704 1.721553
v 0.584451 -0.213353 1.767097
v 0.643104 0.334843 1.130862
v 0.541439 -0.343410 0.909421
v 0.640322 -0.310692 0.904023
v 0.436085 -0.187517 1.716139
v 0.360445 -0.184882 1.662641
v 0.322681 -0.211780 1.095231
v 0.617339 0.063283 1.293422
v 0.614575 0.048525 1.294321
v 0.359638 -0.186401 1.251256
v 0.352203 -0.180596 1.251619
v 0.404827 -0.018738 1.290633
v 0.482438 0.047475 1.300021
v 0.648580 0.385464 1.086913
v 0.635206 0.385465 1.095741
v 0.435638 0.025409 1.179528
v 0.669950 0.383658 1.102921
v 0.622346 0.400184 1.348048
v 0.596928 0.383368 1.473289
v -0.000000 0.101853 1.818428
v 0.000000 -0.137717 1.818491
v 0.000000 -0.213353 1.769867
v 0.000000 -0.219199 1.044923
v 0.000000 -0.343410 0.909421
v 0.603973 0.038644 1.292780
v 0.499021 0.038177 1.302167
v 0.464879 0.030022 1.299022
v 0.434408 0.011890 1.295396
v 0.337316 -0.203057 1.472209
v 0.338861 -0.203598 1.568621
v 0.396424 -0.192858 1.685338
v 0.614371 -0.097641 1.664922
v 0.615325 -0.041371 1.615406
v 0.613564 0.020407 1.508349
v 0.613989 0.000554 1.554157
v 0.613373 0.045982 1.363134
v 0.359875 -0.187073 1.450840
v 0.362919 -0.189588 1.643473
v 0.361764 -0.189152 1.590254
v 0.038208 -0.211018 1.665194
v -0.038203 -0.211018 1.665095
v -0.038210 -0.211018 1.723456
v 0.038183 -0.211018 1.723632
v 0.275112 -0.212361 1.620897
v 0.268237 -0.212361 1.633053
v 0.256078 -0.212361 1.639906
v 0.256311 -0.212361 1.283675
v 0.268449 -0.212361 1.290527
v 0.275282 -0.212361 1.302683
v -0.268470 -0.212361 1.633053
v -0.275282 -0.212361 1.620897
v -0.256333 -0.212361 1.639906
v -0.275048 -0.212361 1.302683
v -0.268152 -0.212361 1.290527
v -0.255993 -0.212361 1.283675
v -0.495077 -0.030977 1.319576
v -0.453425 -0.037525 1.313898
v -0.435282 -0.040135 1.267760
v -0.474349 -0.034061 1.226659
v -0.528700 -0.026771 1.269179
v -0.470183 -0.081116 1.325446
v -0.506087 -0.066966 1.324930
v -0.443489 -0.092561 1.302308
v -0.438269 -0.095734 1.266309
v -0.456815 -0.088882 1.234112
v -0.505920 -0.069293 1.219057
v -0.543428 -0.053542 1.282534
v 0.495077 -0.030977 1.319576
v 0.453425 -0.037525 1.313898
v 0.435282 -0.040135 1.267760
v 0.474349 -0.034061 1.226659
v 0.506087 -0.066966 1.324930
v 0.470183 -0.081116 1.325446
v 0.443489 -0.092561 1.302308
v 0.438269 -0.095734 1.266309
v 0.456815 -0.088882 1.234112
v 0.505920 -0.069293 1.219057
v 0.543428 -0.053542 1.282534
v 0.528700 -0.026771 1.269179
v -0.366726 -0.284733 1.433447
v -0.387613 -0.260111 1.564336
v -0.381747 -0.164146 1.488233
v -0.364225 -0.276004 1.255982
v -0.379584 -0.319661 1.465716
v -0.463689 -0.164594 1.651005
v -0.464811 -0.089942 1.583158
v -0.464654 -0.023746 1.473816
v -0.619491 -0.285589 1.762658
v -0.585463 -0.275130 1.683947
v -0.461948 -0.276108 1.687470
v -0.409640 -0.277392 1.758431
v -0.360439 -0.262751 1.727158
v -0.379602 -0.266323 1.578414
v -0.318265 -0.228805 1.622480
v -0.618965 -0.293476 1.706359
v -0.301983 -0.276312 1.566347
v -0.644068 -0.241737 1.679621
v -0.506403 -0.067562 1.325197
v -0.470305 -0.081702 1.325669
v -0.454311 -0.041235 1.347552
v -0.508697 -0.019805 1.347036
v -0.443485 -0.093206 1.302402
v -0.417137 -0.068174 1.313037
v -0.438259 -0.096212 1.266290
v -0.416880 -0.081506 1.258987
v -0.456879 -0.089370 1.233929
v -0.430821 -0.045712 1.239744
v -0.490719 -0.075879 1.220726
v -0.484936 -0.018641 1.173936
v -0.524463 -0.062534 1.232695
v -0.532756 -0.001576 1.184092
v -0.542066 -0.055358 1.264530
v -0.534755 -0.057232 1.301106
v -0.565629 -0.000500 1.278969
v -0.460195 -0.012671 1.401807
v -0.558635 0.006531 1.359942
v -0.414758 -0.057475 1.203297
v -0.406949 -0.093943 1.253918
v -0.393689 -0.110080 1.250972
v -0.658268 -0.158650 1.648565
v -0.663923 -0.090575 1.587996
v -0.671360 -0.019688 1.469655
v -0.673149 0.013021 1.344958
v -0.653911 0.008851 1.245367
v -0.604212 0.005572 1.188834
v -0.384383 -0.318895 1.551207
v -0.295120 -0.314766 1.554517
v -0.614371 -0.097641 1.664922
v -0.615325 -0.041371 1.615406
v -0.613989 0.000554 1.554157
v -0.613977 0.023952 1.500249
v -0.613373 0.045982 1.363134
v -0.614668 0.048513 1.294423
v -0.603973 0.038644 1.292780
v -0.605416 -0.189393 1.718145
v -0.654072 -0.218064 1.672150
v -0.489790 -0.194668 1.723026
v -0.434980 -0.188537 1.716221
v -0.593597 -0.198211 1.722088
v -0.396424 -0.192858 1.685338
v -0.362919 -0.189588 1.643473
v -0.361518 -0.189491 1.590343
v -0.338495 -0.204128 1.568753
v -0.412895 -0.009047 1.290442
v -0.464879 0.030022 1.299022
v -0.499021 0.038177 1.302167
v -0.654072 -0.218064 1.672150
v -0.637542 -0.248992 1.683226
v -0.623262 -0.286771 1.703079
v -0.324580 -0.285512 1.434524
v -0.323680 -0.279989 1.256064
v -0.325378 -0.316676 1.462251
v -0.396127 -0.043785 1.286021
v -0.359672 -0.187447 1.450714
v -0.359638 -0.186401 1.251256
v -0.337179 -0.203524 1.471834
v -0.412063 -0.056572 1.204872
v -0.396085 -0.110098 1.251337
v -0.406949 -0.093943 1.253918
v 0.366726 -0.284733 1.433447
v 0.381747 -0.164146 1.488233
v 0.387613 -0.260111 1.564336
v 0.393689 -0.110080 1.250972
v 0.364225 -0.276004 1.255982
v 0.379584 -0.319661 1.465716
v 0.463689 -0.164594 1.651005
v 0.464811 -0.089942 1.583158
v 0.464654 -0.023746 1.473816
v 0.619491 -0.285589 1.762658
v 0.409640 -0.277392 1.758431
v 0.461948 -0.276108 1.687470
v 0.585463 -0.275130 1.683947
v 0.379602 -0.266323 1.578414
v 0.360439 -0.262751 1.727158
v 0.318265 -0.228805 1.622480
v 0.618965 -0.293476 1.706359
v 0.301983 -0.276312 1.566347
v 0.644068 -0.241737 1.679621
v 0.506403 -0.067562 1.325197
v 0.508697 -0.019805 1.347036
v 0.454311 -0.041235 1.347552
v 0.470305 -0.081702 1.325669
v 0.417137 -0.068174 1.313037
v 0.443485 -0.093206 1.302402
v 0.416880 -0.081506 1.258987
v 0.438259 -0.096212 1.266290
v 0.456879 -0.089370 1.233929
v 0.430821 -0.045712 1.239744
v 0.490719 -0.075879 1.220726
v 0.484936 -0.018641 1.173936
v 0.524463 -0.062534 1.232695
v 0.532756 -0.001576 1.184092
v 0.542066 -0.055358 1.264530
v 0.565629 -0.000500 1.278969
v 0.534755 -0.057232 1.301106
v 0.460195 -0.012671 1.401807
v 0.417389 -0.055580 1.204215
v 0.406949 -0.093943 1.253918
v 0.658268 -0.158650 1.648565
v 0.663923 -0.090575 1.587996
v 0.671360 -0.019688 1.469655
v 0.558635 0.006531 1.359942
v 0.673149 0.013021 1.344958
v 0.653911 0.008851 1.245367
v 0.604212 0.005572 1.188834
v 0.384383 -0.318895 1.551207
v 0.295120 -0.314766 1.554517
v 0.614371 -0.097641 1.664922
v 0.615325 -0.041371 1.615406
v 0.613989 0.000554 1.554157
v 0.613982 0.023911 1.500380
v 0.613373 0.045982 1.363134
v 0.614668 0.048513 1.294423
v 0.603973 0.038644 1.292780
v 0.605416 -0.189393 1.718145
v 0.654072 -0.218064 1.672150
v 0.489790 -0.194668 1.723026
v 0.434980 -0.188537 1.716221
v 0.593597 -0.198211 1.722088
v 0.396424 -0.192858 1.685338
v 0.362919 -0.189588 1.643473
v 0.361518 -0.189491 1.590343
v 0.338495 -0.204128 1.568753
v 0.412895 -0.009047 1.290442
v 0.464879 0.030022 1.299022
v 0.499021 0.038177 1.302167
v 0.623262 -0.286771 1.703079
v 0.637542 -0.248992 1.683226
v 0.654072 -0.218064 1.672150
v 0.324580 -0.285512 1.434524
v 0.323680 -0.279989 1.256064
v 0.325378 -0.316676 1.462251
v 0.396127 -0.043785 1.286021
v 0.412063 -0.056572 1.204872
v 0.359672 -0.187447 1.450714
v 0.359638 -0.186401 1.251256
v 0.337179 -0.203524 1.471834
v 0.406949 -0.093943 1.253918
v 0.396085 -0.110098 1.251337
v 0.414758 -0.057475 1.203297
v 0.529813 -0.017962 1.501042
v 0.524524 -0.023945 1.507530
v 0.522559 -0.018934 1.491804
v 0.513463 -0.017601 1.497525
v 0.514692 -0.021843 1.506145
v 0.531183 0.001312 1.429250
v 0.527788 -0.000744 1.436772
v 0.526295 0.004361 1.423238
v 0.517981 0.003941 1.424020
v 0.514723 0.001371 1.428748
v 0.515928 0.000998 1.435093
v 0.521235 -0.001430 1.437918
v -0.512989 -0.020351 1.497800
v -0.520014 -0.017528 1.489982
v -0.528871 -0.017998 1.494048
v -0.528358 -0.021209 1.503377
v -0.518942 -0.023224 1.505579
v -0.513896 0.003046 1.425320
v -0.516781 0.001613 1.431772
v -0.516383 0.005692 1.419759
v -0.525950 0.007892 1.418823
v -0.530208 0.002090 1.425502
v -0.525154 0.000007 1.432418
v -0.644792 0.390259 1.079399
v 0.000000 0.126115 1.876689
v -0.096472 0.126089 1.876694
v -0.092772 0.091373 1.835292
v 0.000000 0.091379 1.835482
v -0.093294 0.106205 1.819837
v -0.515000 0.127083 1.875818
v -0.516267 0.128022 1.831114
v -0.554462 0.151038 1.865289
v -0.566442 0.154131 1.815093
v -0.579701 0.420113 1.522058
v -0.509864 0.608953 1.280999
v -0.502111 0.605709 1.252040
v -0.559709 0.644046 0.853475
v -0.539359 0.643560 0.842070
v -0.556038 0.652825 0.834373
v -0.559709 0.644046 0.853475
v -0.539687 0.643352 0.841580
v -0.645500 0.463247 1.033890
v -0.670342 0.384917 1.102781
v -0.623221 0.397961 1.351293
v -0.585324 0.398927 1.446910
v -0.586746 0.496894 1.241275
v -0.505569 0.592368 1.219419
v -0.524533 0.610721 1.117250
v -0.634407 0.382319 1.098864
v -0.592824 0.484132 1.010867
v -0.092687 0.106709 1.819945
v -0.093812 0.107507 1.814219
v 0.000000 0.107507 1.814219
v -0.000002 0.107672 1.814335
v -0.093929 0.107340 1.814046
v -0.520808 0.101515 1.818085
v -0.579575 0.129331 1.801720
v -0.525614 0.640620 0.844859
v -0.642402 0.385489 1.090024
v -0.653436 0.384497 1.090963
v -0.601427 0.397985 1.425510
v 0.000000 0.101182 1.818725
v -0.596928 0.383368 1.473289
v 0.542174 0.636653 0.846419
v 0.527837 0.633322 0.850284
v 0.644792 0.390259 1.079399
v 0.000000 0.126115 1.876689
v -0.000000 0.091379 1.835482
v 0.092772 0.091373 1.835292
v 0.096472 0.126089 1.876694
v 0.093294 0.106205 1.819837
v 0.516267 0.128022 1.831114
v 0.515000 0.127083 1.875818
v 0.554462 0.151038 1.865289
v 0.566442 0.154131 1.815093
v 0.579701 0.420113 1.522058
v 0.509864 0.608953 1.280999
v 0.502111 0.605709 1.252040
v 0.559709 0.644046 0.853475
v 0.645500 0.463247 1.033890
v 0.670342 0.384917 1.102781
v 0.623221 0.397961 1.351293
v 0.586746 0.496894 1.241275
v 0.585324 0.398927 1.446910
v 0.505891 0.592370 1.219156
v 0.525161 0.611506 1.117782
v 0.634407 0.382319 1.098864
v 0.592824 0.484132 1.010867
v 0.000002 0.107672 1.814335
v 0.000000 0.107507 1.814219
v 0.093812 0.107507 1.814219
v 0.092687 0.106709 1.819945
v 0.093929 0.107340 1.814046
v 0.579575 0.129331 1.801720
v 0.523318 0.642547 0.844153
v 0.642402 0.385489 1.090024
v 0.653436 0.384497 1.090963
v 0.601427 0.397985 1.425510
v 0.000000 0.101182 1.818725
v 0.520808 0.101515 1.818085
v 0.596928 0.383368 1.473289
v 0.526988 0.634976 0.847186
v 0.527784 0.650618 0.841332
v 0.539508 0.642372 0.833622
v 0.539444 0.643599 0.842070
v 0.556038 0.652825 0.834373
v 0.559709 0.644046 0.853475
v -0.262868 0.316373 -0.560654
v -0.262614 0.265106 -0.540050
v -0.346919 0.265028 -0.540238
v -0.346664 0.316296 -0.560842
v -0.387745 0.189411 -0.618336
v -0.387745 0.173334 -0.617397
v -0.442152 0.173334 -0.617444
v -0.442152 0.189411 -0.618336
v -0.390334 0.224154 -0.639738
v -0.439585 0.224154 -0.639738
v -0.439564 0.235793 -0.653208
v -0.390313 0.235793 -0.653208
v -0.144824 0.235268 -0.640536
v -0.162579 0.230237 -0.642101
v -0.161163 0.231667 -0.636359
v -0.143352 0.229386 -0.641063
v -0.100615 0.229386 -0.641063
v -0.119843 0.230237 -0.642101
v -0.102087 0.206851 -0.613033
v -0.119976 0.203735 -0.617156
v -0.118426 0.201498 -0.611718
v -0.100577 0.202353 -0.616909
v -0.102087 0.235268 -0.640536
v -0.118426 0.231667 -0.636359
v 0.228443 0.341334 -0.538263
v 0.235963 0.334008 -0.536218
v 0.089486 0.343295 -0.534158
v 0.081930 0.336242 -0.531665
v 0.081569 0.280717 -0.515919
v 0.089070 0.273236 -0.514395
v 0.228039 0.271278 -0.518400
v 0.235649 0.278544 -0.520353
v -0.487520 -0.162962 0.058315
v -0.481027 -0.168139 0.055170
v -0.481366 0.048260 0.187666
v -0.487499 0.042420 0.184099
v -0.411426 0.056824 0.192922
v -0.417623 0.048746 0.187994
v -0.411426 0.212592 0.288340
v -0.407161 0.216232 0.290593
v -0.307302 -0.168139 0.055170
v -0.307302 0.216232 0.290593
v -0.453123 0.323127 0.252951
v -0.438439 0.268259 0.300355
v -0.439224 0.341190 0.258443
v -0.418344 0.347866 0.263605
v -0.198561 0.348990 0.263541
v -0.474640 0.268979 0.256565
v -0.127084 -0.162962 0.058315
v -0.133556 -0.168139 0.055170
v -0.133217 0.048260 0.187666
v -0.127084 0.042420 0.184099
v -0.203177 0.056824 0.192922
v -0.196960 0.048746 0.187994
v -0.203156 0.212592 0.288340
v -0.207421 0.216232 0.290593
v -0.307302 -0.168139 0.055170
v -0.307302 0.216232 0.290593
v -0.161460 0.323127 0.252951
v -0.176144 0.268259 0.300355
v -0.175359 0.341190 0.258443
v -0.139943 0.268979 0.256565
v -0.124342 0.215524 0.297806
v -0.089022 0.217571 0.267485
v -0.058935 0.203171 0.206007
v -0.123556 -0.160901 0.106485
v -0.124069 0.048346 0.215737
v -0.100220 -0.163312 0.093844
v -0.086821 -0.182606 0.047811
v -0.120495 -0.309071 0.094893
v -0.132032 -0.202863 0.106439
v -0.099543 -0.308687 0.050620
v -0.084784 -0.084910 -0.071211
v -0.073473 -0.276902 -0.236140
v -0.033281 -0.063069 -0.302586
v -0.051014 -0.228510 -0.277236
v -0.028397 -0.096383 -0.467943
v -0.053921 -0.198247 -0.496731
v -0.073853 -0.244703 -0.509678
v -0.145806 -0.326698 0.053402
v -0.200123 0.053868 0.219993
v -0.199442 0.218352 0.300566
v -0.206999 0.216129 0.290490
v -0.198171 0.048509 0.188137
v -0.133057 0.047207 0.187657
v -0.128939 -0.166076 0.056507
v -0.118936 0.167728 0.248164
v -0.073017 0.206870 0.212729
v -0.094618 0.222071 0.231737
v -0.070003 0.183611 0.180297
v -0.130540 -0.285169 -0.026424
v -0.093748 -0.162728 -0.002418
v -0.097742 -0.284997 -0.067816
v -0.086215 -0.055658 -0.036258
v -0.051348 -0.072027 -0.238638
v -0.071585 -0.262700 -0.267421
v -0.086109 -0.083374 -0.072538
v -0.080189 -0.094585 -0.112056
v -0.040508 -0.070041 -0.337857
v -0.033481 -0.085840 -0.430424
v -0.039552 -0.129518 -0.481421
v -0.038089 -0.105037 -0.466222
v -0.054810 -0.197685 -0.497950
v -0.073215 -0.234252 -0.503385
v -0.136845 -0.305086 -0.058833
v -0.078776 -0.096335 -0.112252
v -0.144951 0.273709 0.223946
v -0.163645 0.323283 0.224321
v -0.217679 -0.288509 -0.021263
v -0.121710 0.246384 0.240035
v -0.236450 -0.305008 -0.059818
v -0.250254 -0.293997 0.070699
v -0.230363 -0.168704 0.043592
v -0.178499 0.341170 0.228311
v -0.196356 0.348610 0.237050
v -0.180306 0.268261 0.301025
v -0.140679 0.269035 0.256977
v -0.073327 0.207666 0.211708
v -0.144097 0.273935 0.223248
v -0.163243 0.323719 0.223933
v -0.196260 0.351895 0.235914
v -0.193600 0.350244 0.263849
v -0.307304 0.350044 0.264095
v -0.307302 0.353277 0.236618
v -0.195513 0.350335 0.230164
v -0.121811 0.245288 0.236544
v -0.094843 0.223319 0.230975
v -0.495491 0.209438 0.292869
v -0.519368 0.224707 0.260555
v -0.528240 0.182638 0.259334
v -0.555308 0.204124 0.204238
v -0.488116 -0.189401 0.102574
v -0.514384 -0.163312 0.093844
v -0.490450 0.048501 0.215793
v -0.527501 -0.187074 0.047357
v -0.492790 -0.308374 0.096447
v -0.515247 -0.308507 0.049940
v -0.529538 -0.084877 -0.071954
v -0.541296 -0.276747 -0.237234
v -0.535946 -0.093843 -0.114098
v -0.581394 -0.063417 -0.300950
v -0.562977 -0.230542 -0.273635
v -0.585992 -0.098533 -0.471753
v -0.548916 -0.244060 -0.511564
v -0.472369 -0.325465 0.051795
v -0.412435 0.215021 0.298223
v -0.414448 0.053889 0.219985
v -0.407742 0.216334 0.290463
v -0.416415 0.048509 0.188135
v -0.481482 0.047104 0.187670
v -0.485244 -0.166746 0.056092
v -0.541566 0.206870 0.212729
v -0.495647 0.167728 0.248164
v -0.519965 0.222071 0.230517
v -0.544601 0.183611 0.180297
v -0.520835 -0.162728 -0.002418
v -0.484055 -0.285174 -0.026427
v -0.516861 -0.284997 -0.067811
v -0.528389 -0.055658 -0.036258
v -0.543497 -0.262551 -0.265569
v -0.528495 -0.083374 -0.072538
v -0.534394 -0.091685 -0.110085
v -0.562798 -0.071531 -0.240241
v -0.574075 -0.069496 -0.335510
v -0.577830 -0.090556 -0.445712
v -0.576494 -0.105037 -0.466222
v -0.570847 -0.129073 -0.481339
v -0.577555 -0.081798 -0.423324
v -0.559773 -0.197685 -0.497950
v -0.541287 -0.234381 -0.503378
v -0.477738 -0.305086 -0.058833
v -0.418137 0.347297 0.239151
v -0.450937 0.323283 0.224321
v -0.469653 0.273709 0.223946
v -0.396939 -0.288510 -0.021258
v -0.492747 0.245943 0.239380
v -0.378154 -0.305008 -0.059818
v -0.352945 -0.310088 0.031469
v -0.367255 -0.286610 0.076594
v -0.384518 -0.170040 0.043306
v -0.436105 0.341170 0.228311
v -0.437539 0.268471 0.301869
v -0.453751 0.323316 0.253419
v -0.475045 0.269163 0.256871
v -0.451539 0.323489 0.223808
v -0.307300 0.350054 0.264100
v -0.421064 0.350242 0.263856
v -0.418344 0.351895 0.235914
v -0.307302 0.353277 0.236618
v -0.419112 0.348150 0.230199
v -0.519843 0.222950 0.229975
v -0.492228 0.245601 0.236525
v -0.070003 0.183611 0.180297
v -0.086215 -0.055658 -0.036258
v -0.051012 -0.072085 -0.238310
v -0.040508 -0.070041 -0.337857
v -0.038089 -0.105037 -0.466222
v -0.042830 -0.134427 -0.483847
v -0.037539 -0.082426 -0.421937
v -0.541566 0.206870 0.212729
v -0.544601 0.183611 0.180297
v -0.528389 -0.055658 -0.036258
v -0.563592 -0.071599 -0.240187
v -0.574075 -0.069496 -0.335510
v -0.577932 -0.086073 -0.438362
v -0.576494 -0.105037 -0.466222
v -0.575671 -0.126512 -0.477036
v -0.559773 -0.197685 -0.497950
v -0.470594 0.273937 0.223176
v -0.160843 0.323330 0.253418
v -0.376160 -0.221178 0.072536
v -0.376160 -0.216390 0.048506
v -0.342738 -0.229820 0.039595
v -0.343906 -0.233537 0.067420
v -0.377507 -0.229192 0.014956
v -0.343498 -0.251092 0.006897
v -0.377508 -0.267670 -0.010639
v -0.377344 -0.300267 -0.007060
v -0.376160 -0.323518 0.004153
v -0.343906 -0.314059 0.013587
v -0.270677 -0.314059 0.013587
v -0.376160 -0.221178 0.024522
v -0.376160 -0.216390 0.048506
v -0.376160 -0.221178 0.072536
v -0.376160 -0.234783 0.004153
v -0.376160 -0.255142 -0.009458
v -0.376160 -0.279160 -0.014245
v -0.376160 -0.303159 -0.009458
v -0.376160 -0.323518 0.004153
v -0.238423 -0.221178 0.072536
v -0.273842 -0.231604 0.067622
v -0.237722 -0.218105 0.037491
v -0.271001 -0.238543 0.019143
v -0.237239 -0.246393 -0.002711
v -0.271443 -0.276398 -0.002181
v -0.238664 -0.291757 -0.015003
v -0.238423 -0.323518 0.004153
v -0.238423 -0.303159 -0.009458
v -0.238423 -0.323518 0.004153
v -0.238423 -0.221178 0.072536
v -0.238423 -0.279160 -0.014245
v -0.238423 -0.255142 -0.009458
v -0.238423 -0.234783 0.004153
v -0.238423 -0.221178 0.024522
v -0.238423 -0.216390 0.048506
v -0.268343 0.268784 0.221646
v -0.265754 0.294126 0.223617
v -0.350272 0.294126 0.223571
v -0.346261 0.268804 0.221599
v -0.280608 0.308529 0.224697
v -0.335418 0.308529 0.224697
v -0.274497 0.229915 0.245348
v -0.340107 0.229915 0.245348
v -0.332490 0.194549 0.237979
v -0.282093 0.194549 0.237979
v -0.268343 0.183747 0.215028
v -0.265839 0.178998 0.214653
v -0.346261 0.183747 0.214982
v -0.350293 0.179017 0.214606
v -0.282602 0.198267 0.197053
v -0.268343 0.183747 0.215028
v -0.268343 0.268784 0.221646
v -0.331980 0.198267 0.197053
v -0.346261 0.183747 0.214982
v -0.268343 0.183747 0.215028
v -0.282602 0.198267 0.197053
v -0.331980 0.198267 0.197053
v -0.346261 0.268804 0.221599
v -0.346261 0.183747 0.214982
v -0.268343 0.268784 0.221646
v -0.346261 0.268804 0.221599
v -0.282093 0.194549 0.237979
v -0.282602 0.198267 0.197053
v -0.268343 0.268784 0.221646
v -0.274497 0.229915 0.245348
v -0.332490 0.194549 0.237979
v -0.331980 0.198267 0.197053
v -0.282602 0.198267 0.197053
v -0.282093 0.194549 0.237979
v -0.340107 0.229915 0.245348
v -0.346261 0.268804 0.221599
v -0.331980 0.198267 0.197053
v -0.332490 0.194549 0.237979
v -0.263547 0.159592 0.235633
v -0.265839 0.178998 0.214653
v -0.350293 0.179017 0.214606
v -0.351036 0.159592 0.235633
v -0.265754 0.128587 0.221365
v -0.263547 0.159592 0.235633
v -0.351036 0.159592 0.235633
v -0.280608 0.115079 0.215216
v -0.335418 0.115098 0.215075
v -0.350272 0.128548 0.221599
v -0.265754 0.131954 0.204985
v -0.258264 0.112996 0.203623
v -0.258051 0.317171 0.219206
v -0.265754 0.295216 0.217234
v -0.335418 0.117395 0.203858
v -0.356319 0.112996 0.203623
v -0.280608 0.117395 0.203858
v -0.350272 0.295216 0.217234
v -0.356553 0.317171 0.219206
v -0.350272 0.131954 0.204985
v -0.280608 0.309756 0.218361
v -0.335418 0.309756 0.218361
v -0.265839 0.178998 0.214653
v -0.265754 0.131954 0.204985
v -0.265754 0.295216 0.217234
v -0.265754 0.294126 0.223617
v -0.335418 0.115098 0.215075
v -0.352178 0.129647 0.205145
v -0.280608 0.117395 0.203858
v -0.280608 0.115079 0.215216
v -0.351036 0.159592 0.235633
v -0.350293 0.179017 0.214606
v -0.350272 0.131954 0.204985
v -0.350272 0.128548 0.221599
v -0.263534 0.296718 0.223504
v -0.262360 0.299086 0.217407
v -0.352202 0.297512 0.217105
v -0.353881 0.298206 0.223739
v -0.265754 0.131954 0.204985
v -0.265754 0.128587 0.221365
v -0.350272 0.128548 0.221599
v -0.350272 0.294126 0.223571
v -0.350272 0.295216 0.217234
v -0.263547 0.159592 0.235633
v -0.419044 -0.387029 -0.080798
v -0.195538 -0.387029 -0.080798
v -0.195538 -0.387029 -0.298761
v -0.419044 -0.387029 -0.298761
v -0.419044 -0.273652 -0.298761
v -0.419044 -0.387029 -0.298761
v -0.195538 -0.387029 -0.298761
v -0.195538 -0.273652 -0.298761
v -0.419044 -0.307344 -0.080798
v -0.419044 -0.387029 -0.080798
v -0.419044 -0.387029 -0.298761
v -0.419044 -0.273652 -0.298761
v -0.195538 -0.307344 -0.080798
v -0.195538 -0.387029 -0.080798
v -0.419044 -0.387029 -0.080798
v -0.419044 -0.307344 -0.080798
v -0.195538 -0.273652 -0.298761
v -0.195538 -0.387029 -0.298761
v -0.195538 -0.387029 -0.080798
v -0.195538 -0.307344 -0.080798
v -0.431055 -0.359410 0.045831
v -0.431055 -0.359410 -0.436137
v -0.183528 -0.359410 -0.436137
v -0.183528 -0.359410 0.045831
v -0.431055 -0.359410 -0.436137
v -0.431055 -0.424652 -0.436137
v -0.183528 -0.424652 -0.436137
v -0.183528 -0.359410 -0.436137
v -0.431055 -0.359410 0.045831
v -0.431055 -0.424652 0.045831
v -0.431055 -0.424652 -0.436137
v -0.431055 -0.359410 -0.436137
v -0.183528 -0.359410 0.045831
v -0.183528 -0.424652 0.045831
v -0.431055 -0.424652 0.045831
v -0.431055 -0.359410 0.045831
v -0.183528 -0.359410 -0.436137
v -0.183528 -0.424652 -0.436137
v -0.183528 -0.424652 0.045831
v -0.183528 -0.359410 0.045831
v -0.377089 0.346443 0.296878
v -0.363854 0.306775 0.264778
v -0.401605 0.346156 0.297044
v -0.402477 0.314378 0.258151
v -0.413952 0.328421 0.312370
v -0.413952 0.295625 0.274447
v -0.414866 0.328284 0.312508
v -0.403186 0.277838 0.289698
v -0.413952 0.295625 0.274447
v -0.398416 0.309109 0.329086
v -0.368306 0.280827 0.287219
v -0.393092 0.348140 0.295360
v -0.409940 0.339445 0.302562
v -0.413952 0.328421 0.312370
v -0.409932 0.317261 0.322076
v -0.393092 0.308714 0.329440
v -0.377836 0.310164 0.328187
v -0.369035 0.314739 0.324292
v -0.546947 -0.167384 -0.101376
v -0.533624 -0.114746 -0.085751
v -0.557596 -0.145652 -0.205623
v -0.559183 -0.100025 -0.198102
v -0.532060 -0.170034 -0.098531
v -0.533875 -0.158879 -0.109901
v -0.534926 -0.114866 -0.100809
v -0.560468 -0.087115 -0.205959
v -0.558020 -0.156517 -0.215705
v -0.572823 -0.152121 -0.211926
v -0.574000 -0.093181 -0.203145
v -0.548246 -0.109581 -0.094834
v -0.067542 -0.167170 -0.100834
v -0.056988 -0.145629 -0.205724
v -0.055393 -0.100048 -0.198173
v -0.040696 -0.093305 -0.203261
v -0.082548 -0.169892 -0.098341
v -0.081214 -0.107514 -0.086167
v -0.080721 -0.158895 -0.109824
v -0.054161 -0.086595 -0.205869
v -0.056634 -0.157514 -0.216161
v -0.041979 -0.150228 -0.208665
v -0.068501 -0.106838 -0.092253
v -0.079314 -0.116709 -0.102501
v -0.333408 0.148238 0.209910
v -0.281111 0.148568 0.209928
v -0.281564 0.174104 0.225031
v -0.334647 0.174989 0.223695
v -0.286814 0.104665 0.213275
v -0.338843 0.104775 0.212612
v -0.424079 0.191194 0.204195
v -0.429060 0.176760 0.258630
v -0.428911 0.079908 0.207988
v -0.428388 0.080514 0.162953
v -0.480190 0.009924 0.127965
v -0.480178 0.023502 0.167390
v -0.493928 -0.013772 0.146739
v -0.443341 0.055928 0.187760
v -0.387703 -0.027922 0.131955
v -0.233660 -0.026392 0.133357
v -0.314012 -0.000284 0.116312
v -0.453606 -0.015002 0.112795
v -0.251859 0.107718 0.165702
v -0.365804 0.108364 0.162838
v -0.460253 -0.039834 0.126933
v -0.411868 0.343600 0.218243
v -0.401538 0.293854 0.199212
v -0.421803 0.298583 0.245817
v -0.412954 0.337005 0.245817
v -0.396933 0.345725 0.252435
v -0.365003 0.325993 0.206321
v -0.366229 0.196574 0.188558
v -0.356319 0.112996 0.203623
v -0.356553 0.317171 0.219206
v -0.190509 0.191039 0.204175
v -0.186158 0.080678 0.161674
v -0.185671 0.079908 0.207988
v -0.185544 0.176760 0.258630
v -0.134801 0.009433 0.127233
v -0.117863 -0.012846 0.146162
v -0.171242 0.055928 0.187760
v -0.161274 -0.014682 0.112702
v -0.276572 0.028348 0.123297
v -0.154330 -0.039834 0.126933
v -0.205687 0.343679 0.217939
v -0.197828 0.298097 0.205597
v -0.192801 0.298583 0.245817
v -0.201628 0.337005 0.245817
v -0.217670 0.345725 0.252435
v -0.249296 0.325305 0.205966
v -0.248375 0.196574 0.188558
v -0.258264 0.112996 0.203623
v -0.258051 0.317171 0.219206
v -0.452158 -0.248586 -0.041521
v -0.447903 -0.154534 0.009597
v -0.464879 -0.142953 -0.014058
v -0.466322 -0.216740 -0.059959
v -0.253710 -0.050110 0.121396
v -0.360097 -0.049014 0.122173
v -0.359074 -0.034069 0.093591
v -0.254312 -0.035696 0.103767
v -0.420982 -0.155195 0.056230
v -0.416553 -0.141731 0.042843
v -0.477360 -0.167537 0.048005
v -0.488963 -0.150758 0.005655
v -0.467227 -0.142046 0.022924
v -0.453399 -0.163915 0.054185
v -0.372413 -0.218042 0.047596
v -0.373658 -0.191455 0.012254
v -0.385603 -0.249620 -0.033761
v -0.389815 -0.289533 0.002951
v -0.456454 -0.291656 0.001712
v -0.480732 -0.244313 -0.054489
v -0.475566 -0.276388 -0.019649
v -0.241692 -0.218875 0.046990
v -0.242308 -0.189988 0.013311
v -0.262996 -0.037167 0.082017
v -0.400570 -0.140864 0.018287
v -0.389101 -0.162743 0.005072
v -0.223693 -0.165506 0.003256
v -0.162430 -0.248591 -0.041521
v -0.148261 -0.216740 -0.059959
v -0.149704 -0.142953 -0.014058
v -0.166680 -0.154534 0.009597
v -0.193611 -0.155199 0.056228
v -0.198022 -0.141741 0.042836
v -0.137238 -0.167537 0.048005
v -0.147381 -0.142047 0.022932
v -0.125620 -0.150758 0.005655
v -0.161184 -0.163915 0.054185
v -0.224772 -0.289538 0.002949
v -0.228977 -0.249630 -0.033763
v -0.158128 -0.291656 0.001712
v -0.139018 -0.276391 -0.019650
v -0.133866 -0.244322 -0.054490
v -0.214014 -0.140876 0.018281
v -0.454598 -0.257705 -0.081828
v -0.460429 -0.246688 -0.067466
v -0.506017 -0.214593 -0.370476
v -0.502072 -0.236621 -0.201977
v -0.471877 -0.240226 -0.221899
v -0.381410 -0.262637 -0.088927
v -0.403948 -0.258065 -0.046835
v -0.550120 -0.241777 -0.213318
v -0.479256 -0.261646 -0.046743
v -0.501970 -0.275034 -0.069534
v -0.474385 -0.306118 -0.045363
v -0.523657 -0.261371 -0.398449
v -0.513344 -0.235289 -0.395445
v -0.542434 -0.208375 -0.386489
v -0.554362 -0.237372 -0.396853
v -0.562489 -0.224720 -0.379065
v -0.475837 -0.264936 -0.396883
v -0.471268 -0.236049 -0.388029
v -0.458379 -0.285685 -0.244005
v -0.453852 -0.259474 -0.236600
v -0.395509 -0.305403 -0.043928
v -0.352754 -0.276747 -0.089997
v -0.351630 -0.304561 -0.094174
v -0.160004 -0.257705 -0.081828
v -0.154170 -0.246688 -0.067463
v -0.108577 -0.214593 -0.370471
v -0.112524 -0.236619 -0.201995
v -0.144487 -0.240733 -0.218504
v -0.236293 -0.263232 -0.091550
v -0.210657 -0.258065 -0.046837
v -0.064484 -0.241777 -0.213319
v -0.112634 -0.275034 -0.069534
v -0.135343 -0.261649 -0.046736
v -0.140219 -0.306118 -0.045363
v -0.090947 -0.261371 -0.398449
v -0.060242 -0.237372 -0.396853
v -0.072169 -0.208376 -0.386490
v -0.101239 -0.235289 -0.395445
v -0.052115 -0.224720 -0.379065
v -0.138764 -0.264937 -0.396883
v -0.143313 -0.236049 -0.388030
v -0.157631 -0.286084 -0.241161
v -0.158803 -0.258974 -0.239277
v -0.219098 -0.305405 -0.043938
v -0.262974 -0.304561 -0.094174
v -0.261828 -0.276747 -0.089997
v -0.549017 -0.111977 -0.110749
v -0.566954 -0.100862 -0.188910
v -0.563583 -0.078020 -0.185822
v -0.558202 -0.116657 -0.185274
v -0.544325 -0.126564 -0.121772
v -0.542398 -0.090519 -0.108597
v -0.050773 -0.076971 -0.185610
v -0.048038 -0.100633 -0.188994
v -0.065613 -0.112380 -0.110864
v -0.056402 -0.116657 -0.185274
v -0.070258 -0.126564 -0.121772
v -0.070824 -0.090470 -0.108370
v -0.491318 0.045496 0.100931
v -0.445445 0.089592 0.191185
v -0.447682 0.196725 0.248744
v -0.500848 0.185212 0.189193
v -0.503607 -0.098750 -0.073419
v -0.532552 -0.199713 -0.295116
v -0.499797 -0.243974 -0.062810
v -0.544950 -0.113141 -0.439509
v -0.540835 -0.178643 -0.480603
v -0.516579 0.024791 0.124514
v -0.481621 0.043900 0.178044
v -0.499650 0.028933 0.115771
v -0.503371 0.196866 0.257129
v -0.539041 0.181139 0.202591
v -0.543879 0.154435 0.172459
v -0.536343 -0.094367 -0.081368
v -0.517548 -0.095581 -0.094990
v -0.571910 -0.079073 -0.256004
v -0.551600 -0.077169 -0.321192
v -0.581310 -0.079987 -0.343630
v -0.527216 -0.246484 -0.058009
v -0.450173 0.076638 0.208129
v -0.457815 0.202457 0.268808
v -0.563953 -0.208760 -0.295992
v -0.583730 -0.097791 -0.429783
v -0.563533 -0.098655 -0.438083
v -0.579726 -0.140517 -0.483442
v -0.570937 -0.187055 -0.483180
v -0.123286 0.045496 0.100931
v -0.113766 0.185218 0.189194
v -0.166924 0.196720 0.248741
v -0.169166 0.089646 0.191169
v -0.110875 -0.098582 -0.073234
v -0.114576 -0.244108 -0.062249
v -0.082080 -0.199712 -0.295004
v -0.069701 -0.113190 -0.439499
v -0.073748 -0.178642 -0.480607
v -0.098190 0.025117 0.124977
v -0.114556 0.028750 0.115570
v -0.132983 0.043900 0.178044
v -0.111233 0.196866 0.257129
v -0.075563 0.181139 0.202591
v -0.070704 0.154435 0.172459
v -0.078262 -0.094364 -0.081365
v -0.097038 -0.095562 -0.094937
v -0.062659 -0.077141 -0.321156
v -0.042694 -0.079073 -0.256004
v -0.033272 -0.079987 -0.343630
v -0.087411 -0.247414 -0.058774
v -0.164409 0.076638 0.208129
v -0.156782 0.202470 0.268812
v -0.050630 -0.208760 -0.295992
v -0.030864 -0.097738 -0.429684
v -0.051047 -0.098657 -0.438084
v -0.034854 -0.140506 -0.483436
v -0.043646 -0.187057 -0.483179
v -0.433753 -0.281108 -0.249500
v -0.455118 -0.262071 -0.388311
v -0.459481 -0.210904 -0.410630
v -0.428141 -0.249069 -0.254697
v -0.477738 -0.258568 -0.413468
v -0.531331 -0.253784 -0.423327
v -0.548452 -0.207818 -0.426831
v -0.534564 -0.248622 -0.476313
v -0.550839 -0.211718 -0.466504
v -0.307501 -0.256270 -0.255914
v -0.440801 -0.194081 -0.420971
v -0.352160 -0.212127 -0.335088
v -0.529441 -0.201865 -0.487608
v -0.343753 -0.192209 -0.434460
v -0.511647 -0.246851 -0.498044
v -0.181280 -0.281117 -0.249572
v -0.187938 -0.248391 -0.254647
v -0.155024 -0.210948 -0.410654
v -0.159465 -0.262071 -0.388311
v -0.066142 -0.207833 -0.426834
v -0.084280 -0.255778 -0.420006
v -0.136866 -0.258568 -0.413468
v -0.063765 -0.211718 -0.466504
v -0.082531 -0.249097 -0.480862
v -0.265146 -0.210391 -0.350011
v -0.172893 -0.194460 -0.421387
v -0.086195 -0.202269 -0.489164
v 0.002080 0.260454 -0.721638
v -0.240566 0.255277 -0.746232
v -0.246656 0.255277 -0.686203
v -0.003989 0.260454 -0.661563
v 0.000615 0.329181 -0.721779
v -0.005453 0.329181 -0.661750
v -0.248121 0.324003 -0.686344
v -0.242009 0.324003 -0.746373
v -0.005963 0.322796 -0.655367
v -0.004774 0.266857 -0.655227
v -0.247442 0.261680 -0.679867
v -0.248630 0.317619 -0.679961
v 0.000615 0.329181 -0.721779
v 0.002080 0.260454 -0.721638
v -0.003989 0.260454 -0.661563
v -0.005963 0.322796 -0.655367
v -0.005453 0.329181 -0.661750
v -0.004774 0.266857 -0.655227
v -0.242009 0.324003 -0.746373
v -0.240566 0.255277 -0.746232
v 0.002080 0.260454 -0.721638
v 0.000615 0.329181 -0.721779
v -0.247442 0.261680 -0.679867
v -0.246656 0.255277 -0.686203
v -0.240566 0.255277 -0.746232
v -0.248121 0.324003 -0.686344
v -0.248630 0.317619 -0.679961
v -0.242009 0.324003 -0.746373
v -0.247442 0.261680 -0.679867
v -0.004774 0.266857 -0.655227
v -0.003989 0.260454 -0.661563
v -0.246656 0.255277 -0.686203
v -0.005963 0.322796 -0.655367
v -0.248630 0.317619 -0.679961
v -0.248121 0.324003 -0.686344
v -0.005453 0.329181 -0.661750
v -0.226640 0.282524 -0.674272
v -0.229509 0.279859 -0.683446
v -0.224900 0.271517 -0.674160
v -0.230705 0.262191 -0.684544
v -0.229658 0.269079 -0.674575
v -0.227300 0.263405 -0.683981
v -0.230381 0.268931 -0.674836
v -0.223322 0.278434 -0.673199
v -0.232103 0.283411 -0.675119
v -0.237110 0.278172 -0.675605
v -0.235028 0.271216 -0.676462
v -0.226219 0.281660 -0.664164
v -0.224237 0.276370 -0.663754
v -0.233181 0.283395 -0.664538
v -0.238130 0.278188 -0.665297
v -0.236112 0.271258 -0.665448
v -0.230124 0.269622 -0.674370
v -0.232357 0.278421 -0.665386
v -0.230213 0.279114 -0.674144
v -0.231185 0.268812 -0.664673
v -0.229999 0.269466 -0.674657
v -0.197090 0.294211 -0.657483
v -0.182356 0.281343 -0.670361
v -0.196131 0.294407 -0.672374
v -0.200525 0.271547 -0.672782
v -0.201302 0.271810 -0.658113
v -0.200706 0.271361 -0.658042
v -0.198615 0.272619 -0.672780
v -0.182684 0.273907 -0.655946
v -0.202818 0.289733 -0.657665
v -0.205682 0.279979 -0.656756
v -0.200799 0.271560 -0.656985
v -0.191918 0.269767 -0.657457
v -0.183785 0.284924 -0.671117
v -0.181573 0.288513 -0.669797
v -0.191961 0.293666 -0.670948
v -0.191546 0.291077 -0.673582
v -0.200610 0.289747 -0.672874
v -0.198963 0.286108 -0.674437
v -0.202610 0.280206 -0.672176
v -0.196495 0.275576 -0.673270
v -0.198615 0.272619 -0.672780
v -0.196684 0.274740 -0.674939
v -0.198615 0.272619 -0.672780
v -0.190453 0.270394 -0.670911
v -0.188340 0.274861 -0.671506
v -0.180874 0.276882 -0.669728
v -0.122636 0.306677 -0.656051
v -0.119598 0.299355 -0.655883
v -0.130319 0.305173 -0.657139
v -0.131376 0.297389 -0.656979
v -0.123995 0.294757 -0.656403
v -0.121841 0.298216 -0.668937
v -0.124331 0.295155 -0.669513
v -0.125620 0.294691 -0.656400
v -0.127787 0.298873 -0.657214
v -0.093970 0.305985 -0.653381
v -0.092236 0.299985 -0.652833
v -0.101746 0.307093 -0.654126
v -0.103983 0.297960 -0.654136
v -0.096531 0.295364 -0.653674
v -0.072840 0.299903 -0.651848
v -0.070052 0.297129 -0.651283
v -0.069751 0.295180 -0.664318
v -0.072360 0.300653 -0.663656
v -0.066616 0.306567 -0.650238
v -0.064846 0.300570 -0.650024
v -0.074411 0.307672 -0.651140
v -0.076502 0.298545 -0.652033
v -0.069094 0.295952 -0.651117
v -0.045251 0.300368 -0.649049
v -0.042314 0.298169 -0.648519
v -0.042360 0.295758 -0.661550
v -0.044734 0.301214 -0.660871
v -0.039207 0.307142 -0.647476
v -0.037467 0.301098 -0.647298
v -0.047016 0.308256 -0.648372
v -0.049132 0.299105 -0.649044
v -0.041796 0.296534 -0.647772
v -0.121357 0.274628 -0.668894
v -0.123826 0.271534 -0.669465
v -0.125132 0.271120 -0.656353
v -0.127305 0.275302 -0.657172
v -0.122101 0.283070 -0.656154
v -0.129832 0.281574 -0.657202
v -0.131280 0.275437 -0.656983
v -0.126798 0.271120 -0.656638
v -0.119453 0.274076 -0.656029
v -0.097783 0.272162 -0.653641
v -0.093383 0.277256 -0.666726
v -0.096128 0.271149 -0.666982
v -0.093451 0.282373 -0.653277
v -0.099542 0.283946 -0.653813
v -0.104426 0.277734 -0.654324
v -0.099449 0.271706 -0.653502
v -0.092115 0.274659 -0.652742
v -0.067213 0.276495 -0.650809
v -0.072080 0.278096 -0.664341
v -0.069267 0.271586 -0.664272
v -0.070171 0.271727 -0.650794
v -0.066090 0.282955 -0.650166
v -0.072083 0.284546 -0.651470
v -0.077053 0.278326 -0.651364
v -0.072009 0.272286 -0.651056
v -0.064695 0.275234 -0.650161
v -0.043992 0.274475 -0.648680
v -0.039322 0.277744 -0.660330
v -0.041139 0.276913 -0.648627
v -0.041331 0.272272 -0.661443
v -0.039913 0.284825 -0.647951
v -0.047651 0.283346 -0.648709
v -0.049147 0.277227 -0.648314
v -0.044616 0.272870 -0.648267
v -0.037265 0.275811 -0.647828
v -0.211531 0.326699 -0.744475
v -0.201006 0.326727 -0.743269
v -0.207755 0.324710 -0.676182
v -0.217327 0.263819 -0.674006
v -0.218250 0.323974 -0.677715
v -0.206766 0.263739 -0.672860
v -0.015367 0.255477 -0.726842
v -0.017138 0.330357 -0.724379
v -0.026228 0.329606 -0.725866
v -0.023918 0.327498 -0.656942
v -0.032588 0.270407 -0.654901
v -0.032896 0.329143 -0.659771
v -0.023156 0.267903 -0.652953
v -0.207169 0.248362 -0.653769
v -0.216436 0.250343 -0.652759
v -0.041679 0.257329 -0.651070
v -0.050992 0.258770 -0.653989
v -0.042946 0.253278 -0.647493
v -0.050510 0.252552 -0.648872
v -0.022551 0.254678 -0.741472
v -0.014204 0.254745 -0.740873
v -0.209523 0.225540 -0.753140
v -0.199364 0.227111 -0.753202
v -0.201219 0.326813 -0.743390
v -0.201027 0.325571 -0.742045
v -0.207223 0.325253 -0.682002
v -0.207351 0.326926 -0.681392
v -0.217859 0.326687 -0.682398
v -0.217731 0.325048 -0.683122
v -0.211553 0.325322 -0.743122
v -0.211556 0.326621 -0.744393
v -0.207877 0.319387 -0.673823
v -0.206773 0.318845 -0.675464
v -0.209491 0.262973 -0.673664
v -0.214237 0.263083 -0.674007
v -0.219400 0.318747 -0.676868
v -0.218505 0.319048 -0.674843
v -0.210777 0.236102 -0.744875
v -0.209546 0.236850 -0.746441
v -0.197645 0.237426 -0.745166
v -0.199969 0.236497 -0.743739
v -0.026238 0.329916 -0.725615
v -0.026321 0.328615 -0.724359
v -0.025093 0.257103 -0.726106
v -0.015912 0.257297 -0.725163
v -0.017277 0.328807 -0.723431
v -0.017075 0.330111 -0.724681
v -0.022479 0.329187 -0.663346
v -0.024713 0.331134 -0.664446
v -0.032466 0.330641 -0.663607
v -0.032487 0.328992 -0.664372
v -0.025217 0.322795 -0.656417
v -0.036306 0.266848 -0.655814
v -0.031712 0.322805 -0.657835
v -0.033158 0.323075 -0.656070
v -0.212652 0.251465 -0.655560
v -0.207109 0.249003 -0.653805
v -0.048742 0.256516 -0.654019
v -0.045803 0.253365 -0.647422
v -0.043089 0.255711 -0.652155
v -0.202870 0.228071 -0.751737
v -0.210347 0.227058 -0.753241
v 0.023731 0.172222 0.136667
v 0.000647 0.172793 0.140818
v 0.023044 -0.224745 0.007086
v -0.000307 -0.231862 0.013844
v 0.001078 -0.072231 0.034486
v 0.023503 -0.062942 0.033813
v -0.001767 0.210399 0.191248
v -0.000479 -0.158148 -0.389553
v -0.002069 -0.249455 -0.485858
v 0.022613 -0.222967 -0.486041
v -0.001700 0.250178 0.293980
v 0.005181 -0.281880 0.158036
v -0.001299 -0.256791 0.183316
v 0.023681 0.208622 0.190153
v -0.001677 -0.287177 -0.452100
v 0.022614 -0.292424 -0.464015
v 0.022556 -0.261156 -0.491050
v 0.023714 0.255904 0.292244
v -0.001369 0.296201 0.278633
v 0.023774 0.296637 0.279103
v -0.001997 0.307381 0.229012
v 0.023710 0.311139 0.232177
v 0.023732 0.256459 0.195248
v 0.023835 -0.157607 -0.402279
v 0.023745 -0.256271 0.188417
v 0.023766 -0.283462 0.160397
v 0.026201 0.199621 0.194966
v 0.005262 0.202413 0.199259
v 0.023745 0.215045 0.203248
v 0.023745 0.145364 0.138150
v 0.023745 0.148926 0.128529
v 0.024848 -0.237138 -0.008566
v 0.022960 -0.227095 -0.008942
v 0.023193 -0.220497 0.013399
v 0.024509 -0.226511 0.021565
v 0.024021 -0.100853 0.035974
v 0.023554 -0.098828 0.025977
v 0.023999 -0.024204 0.058080
v 0.023554 -0.020545 0.048553
v 0.023745 0.241048 0.300402
v 0.023745 0.240893 0.290170
v 0.023681 0.208622 0.190153
v 0.022853 -0.291793 -0.463969
v 0.025018 -0.285155 -0.456507
v 0.025442 -0.258315 -0.481664
v 0.022556 -0.261156 -0.491050
v 0.023743 0.293086 0.281114
v 0.023807 0.288368 0.272104
v 0.023766 0.258507 0.274353
v 0.023702 0.266507 0.284867
v 0.023745 0.303936 0.267970
v 0.023745 0.294944 0.263089
v 0.023745 0.310612 0.248493
v 0.023745 0.301329 0.241452
v 0.023745 0.310515 0.236431
v 0.023745 0.300588 0.219346
v 0.023745 0.293387 0.226621
v 0.023745 0.267753 0.200432
v 0.023745 0.252293 0.204586
v 0.023847 0.251170 0.194556
v 0.023745 0.172030 0.135897
v 0.023745 0.165977 0.144111
v 0.023151 -0.154767 -0.353815
v 0.024593 -0.164869 -0.354472
v 0.022938 -0.157122 -0.407320
v 0.024891 -0.166465 -0.403612
v 0.022493 -0.201597 -0.463876
v 0.025506 -0.208857 -0.457352
v 0.022450 -0.224973 -0.486779
v 0.025591 -0.229275 -0.478097
v 0.023745 -0.256271 0.188417
v 0.023745 -0.251249 0.179546
v 0.023723 -0.276085 0.153310
v 0.023766 -0.283462 0.160397
v 0.023787 0.248581 0.288199
v 0.023723 0.253466 0.297210
v 0.384652 0.706984 -0.323246
v 0.386968 0.716909 -0.342340
v 0.387584 0.717103 -0.342114
v 0.360791 0.708383 -0.324657
v 0.365072 0.657798 -0.383637
v 0.368384 0.671170 -0.477323
v 0.368437 0.689568 -0.467972
v 0.368003 0.689640 -0.468222
v 0.115683 0.691071 -0.356572
v 0.105036 0.724765 -0.332308
v 0.138204 0.681953 -0.486544
v 0.133613 0.700486 -0.473672
v 0.132057 0.700783 -0.474384
v 0.130419 0.729455 -0.349293
v 0.131287 0.729695 -0.348996
v 0.388081 0.652233 -0.390592
v 0.388068 0.656480 -0.381255
v 0.361722 0.718749 -0.343162
v 0.362167 0.718535 -0.342955
v 0.395654 0.669877 -0.478613
v 0.396968 0.687953 -0.467172
v 0.396213 0.687673 -0.467240
v 0.129476 0.722978 -0.331768
v 0.140280 0.689902 -0.356233
v 0.137963 0.686248 -0.352266
v 0.163561 0.676806 -0.468342
v 0.137351 0.678191 -0.468892
v 0.164616 0.681475 -0.485658
v 0.159966 0.699380 -0.473477
v 0.158693 0.698800 -0.473626
v 0.105279 0.731086 -0.349972
v 0.106313 0.730701 -0.349660
v 0.364477 0.662960 -0.374942
v 0.387549 0.656535 -0.381366
v 0.364169 0.662620 -0.374663
v 0.113590 0.688036 -0.353197
v -0.148452 0.658703 -0.423465
v -0.151656 0.724938 -0.413187
v -0.156537 0.729765 -0.413984
v -0.188345 0.653973 -0.437452
v -0.152866 0.653895 -0.425718
v -0.196430 0.725055 -0.427971
v -0.193226 0.658819 -0.438203
v -0.192016 0.729862 -0.425671
v -0.152848 0.727529 -0.413142
v -0.150418 0.655001 -0.424732
v -0.158252 0.651524 -0.397412
v -0.162827 0.724066 -0.386526
v -0.188345 0.653973 -0.437452
v -0.197194 0.649399 -0.410605
v -0.189475 0.652819 -0.438009
v -0.194470 0.728753 -0.426680
v -0.204336 0.723069 -0.400409
v -0.197843 0.648734 -0.410937
v -0.271306 0.654812 -0.432080
v -0.283706 0.657554 -0.437780
v -0.289053 0.716335 -0.421118
v -0.275673 0.718998 -0.418364
v -0.282242 0.724237 -0.417551
v -0.279801 0.725502 -0.424920
v -0.089483 0.715809 -0.355364
v -0.101869 0.718566 -0.361045
v -0.097471 0.654329 -0.374788
v -0.084136 0.657029 -0.371978
v -0.093387 0.647861 -0.368224
v -0.090947 0.649126 -0.375592
v -0.278571 0.648348 -0.429285
v -0.276130 0.649613 -0.436654
v -0.202074 0.654245 -0.411403
v -0.205278 0.720481 -0.401171
v -0.097058 0.723751 -0.356490
v -0.094618 0.724996 -0.363859
v -0.160505 0.720344 -0.386387
v -0.157301 0.654129 -0.396666
v -0.165385 0.725191 -0.387185
v -0.200865 0.725288 -0.398872
v -0.197194 0.649399 -0.410605
v -0.161714 0.649302 -0.398919
v -0.090947 0.649126 -0.375592
v -0.087043 0.717075 -0.362685
v -0.094618 0.724996 -0.363859
v -0.084136 0.657029 -0.371978
v -0.279801 0.725502 -0.424920
v -0.286613 0.717600 -0.428487
v -0.283706 0.657554 -0.437780
v -0.276130 0.649613 -0.436654
v -0.227198 0.717658 -0.346868
v -0.231633 0.715381 -0.333492
v -0.302973 0.715556 -0.357053
v -0.205894 0.719819 -0.354331
v -0.159295 0.715556 -0.312090
v -0.178075 0.715595 -0.318285
v -0.170033 0.719683 -0.342222
v -0.087828 0.725639 -0.354941
v -0.100050 0.719313 -0.317957
v -0.282475 0.726145 -0.419100
v -0.302973 0.715556 -0.357053
v -0.310612 0.706661 -0.361090
v -0.290135 0.717269 -0.423137
v -0.282475 0.726145 -0.419100
v -0.084008 0.646460 -0.367191
v -0.096210 0.640154 -0.330207
v -0.100050 0.719313 -0.317957
v -0.087828 0.725639 -0.354941
v -0.155455 0.636378 -0.324340
v -0.096210 0.640154 -0.330207
v -0.084008 0.646460 -0.367191
v -0.166213 0.640523 -0.354472
v -0.174234 0.636417 -0.330535
v -0.202074 0.640660 -0.366581
v -0.299132 0.636378 -0.369303
v -0.227792 0.636183 -0.345789
v -0.223357 0.638480 -0.359118
v -0.278656 0.646985 -0.431350
v -0.287165 0.655919 -0.432617
v -0.307663 0.645312 -0.370570
v -0.299132 0.636378 -0.369303
v -0.278656 0.646985 -0.431350
v -0.307663 0.645312 -0.370570
v -0.287165 0.655919 -0.432617
v -0.290135 0.717269 -0.423137
v -0.310612 0.706661 -0.361090
v -0.087828 0.725639 -0.354941
v -0.282475 0.726145 -0.419100
v -0.290135 0.717269 -0.423137
v -0.278656 0.646985 -0.431350
v -0.084008 0.646460 -0.367191
v -0.287165 0.655919 -0.432617
v -0.307475 0.708497 -0.350983
v -0.305916 0.710590 -0.359870
v -0.231633 0.715381 -0.333492
v -0.234158 0.711099 -0.325842
v -0.162457 0.711858 -0.302562
v -0.181215 0.711917 -0.308758
v -0.178075 0.715595 -0.318285
v -0.159295 0.715556 -0.312090
v -0.103212 0.715634 -0.308382
v -0.100050 0.719313 -0.317957
v -0.303707 0.641005 -0.361405
v -0.303136 0.641350 -0.370592
v -0.297944 0.708744 -0.347338
v -0.304331 0.711527 -0.348934
v -0.234085 0.709848 -0.326074
v -0.302294 0.702963 -0.349731
v -0.310485 0.704326 -0.352219
v -0.299536 0.646207 -0.358508
v -0.307599 0.644864 -0.361418
v -0.110766 0.711722 -0.308148
v -0.181089 0.711777 -0.309139
v -0.103212 0.715634 -0.308382
v -0.181252 0.712674 -0.308913
v -0.181067 0.708511 -0.309274
v -0.169778 0.714233 -0.343067
v -0.170033 0.719683 -0.342222
v -0.169778 0.714233 -0.343067
v -0.227887 0.712585 -0.350571
v -0.228842 0.718322 -0.351743
v -0.170033 0.719683 -0.342222
v -0.226922 0.712189 -0.347713
v -0.231633 0.715381 -0.333492
v -0.227198 0.717658 -0.346868
v -0.233994 0.709717 -0.325829
v -0.108050 0.644183 -0.324105
v -0.158872 0.640995 -0.319381
v -0.161827 0.709367 -0.308742
v -0.111360 0.712559 -0.313545
v -0.232354 0.709328 -0.331427
v -0.296247 0.709620 -0.352454
v -0.297944 0.708744 -0.347338
v -0.234031 0.708588 -0.326264
v -0.297630 0.710719 -0.352731
v -0.298752 0.709380 -0.347487
v -0.293680 0.640631 -0.363379
v -0.295906 0.639309 -0.358498
v -0.161639 0.709378 -0.308722
v -0.162287 0.708472 -0.303079
v -0.110766 0.711722 -0.308148
v -0.111360 0.712559 -0.313545
v -0.179369 0.709367 -0.314390
v -0.232354 0.709328 -0.331427
v -0.226922 0.712189 -0.347713
v -0.169778 0.714233 -0.343067
v -0.205639 0.714369 -0.355176
v -0.181067 0.708511 -0.309274
v -0.179369 0.709367 -0.314390
v -0.227792 0.636183 -0.345789
v -0.230614 0.637701 -0.337200
v -0.174234 0.636417 -0.330535
v -0.177587 0.636767 -0.320351
v -0.158807 0.636709 -0.314155
v -0.155455 0.636378 -0.324340
v -0.099562 0.640485 -0.320022
v -0.096210 0.640154 -0.330207
v -0.096210 0.640154 -0.330207
v -0.099562 0.640485 -0.320022
v -0.103212 0.715634 -0.308382
v -0.100050 0.719313 -0.317957
v -0.294634 0.640387 -0.357898
v -0.230609 0.638985 -0.337183
v -0.300766 0.637643 -0.360386
v -0.177490 0.636981 -0.320650
v -0.107456 0.643404 -0.318755
v -0.099562 0.640485 -0.320022
v -0.177756 0.640154 -0.319834
v -0.177614 0.636078 -0.320754
v -0.166468 0.645973 -0.353627
v -0.166213 0.640523 -0.354472
v -0.224323 0.638875 -0.361976
v -0.225257 0.644618 -0.363144
v -0.166468 0.645973 -0.353627
v -0.166213 0.640523 -0.354472
v -0.227792 0.636183 -0.345789
v -0.223612 0.643949 -0.358273
v -0.223357 0.638480 -0.359118
v -0.230716 0.639021 -0.336804
v -0.292936 0.641263 -0.363014
v -0.297838 0.647083 -0.363671
v -0.229426 0.648990 -0.340767
v -0.294634 0.640387 -0.357898
v -0.292936 0.641263 -0.363014
v -0.229044 0.641244 -0.341987
v -0.230721 0.640212 -0.336825
v -0.158484 0.641005 -0.319323
v -0.108050 0.644183 -0.324105
v -0.107456 0.643404 -0.318755
v -0.158977 0.640095 -0.313639
v -0.110766 0.711722 -0.308148
v -0.107456 0.643404 -0.318755
v -0.108050 0.644183 -0.324105
v -0.111360 0.712559 -0.313545
v -0.176080 0.641049 -0.324950
v -0.166468 0.645973 -0.353627
v -0.202329 0.646110 -0.365736
v -0.223612 0.643949 -0.358273
v -0.229044 0.641244 -0.341987
v -0.177756 0.640154 -0.319834
v -0.176080 0.641049 -0.324950
v -0.162712 0.701562 -0.310213
v -0.160165 0.648776 -0.318426
v -0.231972 0.701581 -0.332647
v -0.300597 0.703839 -0.354894
v -0.296247 0.709620 -0.352454
v -0.163263 0.701270 -0.308523
v -0.160717 0.648484 -0.316690
v -0.229978 0.648698 -0.339077
v -0.232524 0.701289 -0.330911
v -0.098120 0.714277 -0.366267
v -0.096925 0.720619 -0.364792
v -0.092403 0.715994 -0.364036
v -0.292601 0.685986 -0.356268
v -0.292725 0.678103 -0.351145
v -0.281354 0.694765 -0.351167
v -0.283248 0.693799 -0.345460
v -0.281457 0.694633 -0.351233
v -0.280608 0.677329 -0.353909
v -0.282454 0.676376 -0.348323
v -0.283303 0.693679 -0.345648
v -0.280488 0.677190 -0.353887
v -0.282968 0.675945 -0.346850
v -0.285540 0.689546 -0.348047
v -0.290695 0.658312 -0.360538
v -0.292055 0.664379 -0.353268
v -0.283766 0.653141 -0.353732
v -0.279934 0.667168 -0.355393
v -0.282507 0.665805 -0.348508
v -0.280120 0.666936 -0.355504
v -0.279271 0.649652 -0.358180
v -0.281117 0.648698 -0.352594
v -0.281966 0.665982 -0.349919
v -0.279059 0.649410 -0.358142
v -0.281069 0.648578 -0.352474
v -0.259803 0.667590 -0.349249
v -0.271747 0.664277 -0.346557
v -0.261641 0.651838 -0.346210
v -0.262190 0.665828 -0.341726
v -0.259813 0.666897 -0.348793
v -0.258964 0.649594 -0.351468
v -0.260810 0.648640 -0.345883
v -0.261637 0.665943 -0.343208
v -0.259028 0.649368 -0.352102
v -0.261125 0.695318 -0.344885
v -0.273195 0.692114 -0.342331
v -0.264807 0.680810 -0.342756
v -0.263521 0.693512 -0.337400
v -0.261149 0.694574 -0.344522
v -0.260301 0.677271 -0.347197
v -0.262147 0.676317 -0.341612
v -0.262996 0.693621 -0.338937
v -0.260302 0.677474 -0.347665
v -0.262099 0.676197 -0.341494
v -0.241468 0.694311 -0.338648
v -0.252842 0.677731 -0.338084
v -0.243267 0.693640 -0.332327
v -0.241479 0.694516 -0.338045
v -0.240630 0.677232 -0.340720
v -0.242476 0.676278 -0.335135
v -0.243304 0.693562 -0.332460
v -0.240554 0.676607 -0.341375
v -0.242945 0.675655 -0.333485
v -0.245593 0.689296 -0.334806
v -0.240106 0.667465 -0.342777
v -0.252082 0.664222 -0.340078
v -0.241944 0.651589 -0.339698
v -0.242527 0.665914 -0.335163
v -0.240121 0.666839 -0.342316
v -0.239293 0.649535 -0.344991
v -0.241139 0.648581 -0.339406
v -0.241967 0.665885 -0.336731
v -0.239357 0.649223 -0.345627
v -0.206764 0.663413 -0.326123
v -0.205745 0.663938 -0.329221
v -0.205745 0.663938 -0.329221
v -0.210504 0.661135 -0.331240
v -0.191978 0.661353 -0.325110
v -0.197745 0.658021 -0.324011
v -0.196727 0.658566 -0.327156
v -0.196727 0.658566 -0.327156
v -0.198822 0.661365 -0.327367
v -0.204620 0.658041 -0.326311
v -0.203602 0.658586 -0.329409
v -0.203602 0.658586 -0.329409
v -0.185105 0.661316 -0.322852
v -0.190891 0.658002 -0.321759
v -0.189852 0.658547 -0.324903
v -0.189852 0.658547 -0.324903
v -0.212303 0.656480 -0.332634
v -0.217989 0.650645 -0.331990
v -0.216970 0.651190 -0.335088
v -0.216970 0.651190 -0.335088
v -0.213639 0.663432 -0.328376
v -0.212620 0.663958 -0.331474
v -0.212620 0.663958 -0.331474
v -0.217379 0.661162 -0.333492
v -0.198444 0.653678 -0.328564
v -0.204514 0.655958 -0.326593
v -0.203496 0.656503 -0.329737
v -0.203496 0.656503 -0.329737
v -0.196433 0.653959 -0.327839
v -0.192419 0.650586 -0.323589
v -0.191379 0.651112 -0.326687
v -0.191379 0.651112 -0.326687
v -0.219428 0.661432 -0.334165
v -0.225225 0.658099 -0.333070
v -0.224206 0.658625 -0.336214
v -0.224206 0.658625 -0.336214
v -0.220153 0.656017 -0.331803
v -0.219113 0.656542 -0.334900
v -0.219113 0.656542 -0.334900
v -0.223890 0.653745 -0.336925
v -0.205349 0.653940 -0.330784
v -0.211135 0.650625 -0.329691
v -0.210095 0.651170 -0.332835
v -0.210095 0.651170 -0.332835
v -0.184732 0.653648 -0.324036
v -0.190785 0.655939 -0.322087
v -0.189767 0.656464 -0.325185
v -0.189767 0.656464 -0.325185
v -0.177688 0.651129 -0.322138
v -0.183910 0.655919 -0.319834
v -0.182892 0.656445 -0.322932
v -0.182892 0.656445 -0.322932
v -0.178204 0.661041 -0.320622
v -0.184271 0.663335 -0.318661
v -0.183252 0.663880 -0.321806
v -0.183252 0.663880 -0.321806
v -0.278188 0.654666 -0.435893
v -0.280083 0.659983 -0.435549
v -0.273363 0.659918 -0.433442
v -0.096782 0.656399 -0.375706
v -0.092321 0.660949 -0.373478
v -0.090074 0.656626 -0.373396
v -0.223452 0.689139 -0.330401
v -0.213973 0.693682 -0.326453
v -0.208770 0.686865 -0.325921
v -0.211194 0.679354 -0.328102
v -0.220139 0.678397 -0.331278
v -0.183496 0.678647 -0.319359
v -0.194446 0.680824 -0.322234
v -0.195820 0.688297 -0.321809
v -0.108462 0.713542 -0.308560
v -0.106751 0.709661 -0.309339
v -0.104117 0.712844 -0.309168
v -0.294591 0.730894 -0.454676
v -0.285255 0.731595 -0.452846
v -0.298941 0.676960 -0.401735
v -0.308108 0.676960 -0.404175
v -0.299393 0.676583 -0.401345
v -0.300066 0.702987 -0.398613
v -0.300024 0.738348 -0.434307
v -0.289204 0.739158 -0.432758
v -0.312352 0.713752 -0.388869
v -0.301103 0.715781 -0.388687
v -0.300618 0.660802 -0.392083
v -0.311144 0.662080 -0.392837
v -0.307964 0.667456 -0.404896
v -0.290687 0.725561 -0.469226
v -0.308151 0.667967 -0.404034
v -0.298984 0.667967 -0.401594
v -0.281308 0.726223 -0.467536
v -0.311951 0.663709 -0.391243
v -0.307226 0.662904 -0.398876
v -0.308754 0.671381 -0.390445
v -0.299001 0.738034 -0.435004
v -0.310172 0.711153 -0.396065
v -0.309688 0.707567 -0.384970
v -0.300159 0.699478 -0.396028
v -0.299381 0.702225 -0.398597
v -0.307010 0.715462 -0.390486
v -0.309424 0.668843 -0.403283
v -0.291960 0.725833 -0.468475
v -0.295398 0.730524 -0.455662
v -0.309127 0.675617 -0.404457
v -0.307489 0.668473 -0.402820
v -0.301112 0.669068 -0.401052
v -0.285276 0.730743 -0.454087
v -0.299126 0.677938 -0.399846
v -0.297817 0.735312 -0.442614
v -0.308978 0.702399 -0.400890
v -0.299833 0.702399 -0.398449
v -0.288438 0.735954 -0.440972
v -0.299391 0.702211 -0.398566
v -0.300278 0.710321 -0.392723
v -0.289371 0.738718 -0.433368
v -0.288524 0.736041 -0.440941
v -0.307083 0.672419 -0.400493
v -0.284003 0.731361 -0.453456
v -0.281311 0.726255 -0.467530
v 0.560426 0.577355 -0.521580
v 0.566897 0.597005 -0.592394
v 0.561000 0.568524 -0.549771
v 0.530591 0.569358 -0.558065
v 0.524809 0.586426 -0.537148
v 0.528060 0.593681 -0.548626
v 0.531797 0.578269 -0.571846
v 0.560194 0.611248 -0.568948
v 0.566328 0.560813 -0.540337
v 0.520343 0.426300 -0.793653
v 0.539442 0.371506 -0.753237
v 0.579186 0.415861 -0.849744
v 0.633928 0.407193 -0.784143
v 0.535901 0.361335 -0.760875
v 0.545869 0.353790 -0.774871
v 0.544335 0.353056 -0.773310
v 0.521338 0.406696 -0.815296
v 0.584969 0.436178 -0.832727
v 0.606271 0.370784 -0.781026
v 0.611390 0.366252 -0.780632
v 0.641171 0.370507 -0.782410
v 0.636377 0.391989 -0.801338
v 0.637686 0.387582 -0.762980
v 0.602768 0.385120 -0.763166
v 0.540049 0.370991 -0.752915
v 0.593894 0.406822 -0.741304
v 0.609405 0.333404 -0.824237
v 0.588186 0.330154 -0.818558
v 0.548187 0.407133 -0.721451
v 0.580440 0.412602 -0.729570
v 0.539190 0.366940 -0.759421
v 0.577682 0.419862 -0.729101
v 0.580440 0.412602 -0.729570
v 0.548187 0.407133 -0.721451
v 0.547126 0.414704 -0.721357
v 0.590817 0.413984 -0.740835
v 0.593894 0.406822 -0.741304
v 0.580440 0.412602 -0.729570
v 0.577682 0.419862 -0.729101
v 0.530872 0.454450 -0.759561
v 0.561428 0.459588 -0.767305
v 0.577682 0.419862 -0.729101
v 0.547126 0.414704 -0.721357
v 0.561428 0.459588 -0.767305
v 0.574563 0.453729 -0.778992
v 0.590817 0.413984 -0.740835
v 0.577682 0.419862 -0.729101
v 0.585491 0.329998 -0.825879
v 0.588186 0.330154 -0.818558
v 0.609405 0.333404 -0.824237
v 0.607814 0.333326 -0.831934
v 0.536304 0.366570 -0.766883
v 0.539190 0.366940 -0.759421
v 0.588186 0.330154 -0.818558
v 0.585491 0.329998 -0.825879
v 0.569258 0.369724 -0.864037
v 0.585491 0.329998 -0.825879
v 0.607814 0.333326 -0.831934
v 0.591581 0.373032 -0.870092
v 0.574520 0.454158 -0.786783
v 0.561088 0.459958 -0.775050
v 0.528834 0.454488 -0.766930
v 0.568812 0.377490 -0.864037
v 0.590053 0.380760 -0.869716
v 0.519837 0.414296 -0.804900
v 0.561428 0.459588 -0.767305
v 0.530872 0.454450 -0.759561
v 0.528834 0.454488 -0.766930
v 0.561088 0.459958 -0.775050
v 0.574563 0.453729 -0.778992
v 0.561428 0.459588 -0.767305
v 0.561088 0.459958 -0.775050
v 0.574520 0.454158 -0.786783
v 0.569258 0.369724 -0.864037
v 0.591581 0.373032 -0.870092
v 0.590053 0.380760 -0.869716
v 0.568812 0.377490 -0.864037
v 0.520071 0.406296 -0.805041
v 0.569258 0.369724 -0.864037
v 0.568812 0.377490 -0.864037
v 0.519837 0.414296 -0.804900
v 0.536919 0.369724 -0.778898
v 0.533418 0.373636 -0.773642
v 0.536304 0.366570 -0.766883
v 0.585491 0.329998 -0.825879
v 0.569258 0.369724 -0.864037
v 0.526331 0.395610 -0.803773
v 0.520071 0.406296 -0.805041
v 0.522957 0.399231 -0.798235
v 0.575836 0.450849 -0.780541
v 0.574563 0.453729 -0.778992
v 0.574520 0.454158 -0.786783
v 0.575793 0.451141 -0.785704
v 0.591326 0.412933 -0.744120
v 0.590817 0.413984 -0.740835
v 0.574563 0.453729 -0.778992
v 0.575836 0.450849 -0.780541
v 0.593342 0.408184 -0.744449
v 0.593894 0.406822 -0.741304
v 0.590817 0.413984 -0.740835
v 0.591326 0.412933 -0.744120
v 0.533262 0.373492 -0.771971
v 0.522158 0.400734 -0.798120
v 0.545810 0.411123 -0.725487
v 0.546107 0.414023 -0.723000
v 0.546914 0.408165 -0.723000
v 0.529917 0.449992 -0.762847
v 0.530362 0.452542 -0.759984
v 0.522808 0.417293 -0.793823
v 0.538702 0.378424 -0.756464
v 0.537967 0.369125 -0.759835
v 0.519810 0.413515 -0.802496
v 0.519901 0.407269 -0.802553
v 0.535603 0.368828 -0.765616
v 0.528750 0.452562 -0.765663
v 0.526140 0.416826 -0.795748
v 0.522808 0.417293 -0.793823
v 0.530956 0.450006 -0.763952
v 0.542033 0.377957 -0.758388
v 0.538702 0.378424 -0.756464
v 0.522808 0.417293 -0.793823
v 0.526140 0.416826 -0.795748
v 0.546991 0.410787 -0.726280
v 0.538702 0.378424 -0.756464
v 0.542033 0.377957 -0.758388
v 0.591532 0.377250 -0.866888
v 0.601619 0.334235 -0.825499
v 0.570175 0.451326 -0.782330
v 0.593551 0.412393 -0.742397
v 0.604419 0.336518 -0.829259
v 0.607453 0.336382 -0.830667
v 0.608514 0.336441 -0.825457
v 0.605522 0.336577 -0.824049
v 0.588971 0.374317 -0.865539
v 0.591984 0.374200 -0.866994
v 0.607453 0.336382 -0.830667
v 0.604419 0.336518 -0.829259
v 0.587973 0.379533 -0.865304
v 0.590944 0.379397 -0.866712
v 0.591984 0.374200 -0.866994
v 0.588971 0.374317 -0.865539
v -0.062661 0.751876 -0.413562
v -0.081441 0.676960 -0.343442
v -0.090608 0.676960 -0.345930
v -0.071828 0.751876 -0.416003
v -0.081885 0.676463 -0.342989
v -0.082995 0.699852 -0.337626
v -0.066961 0.748044 -0.398242
v -0.094927 0.712354 -0.329460
v -0.075192 0.757551 -0.403033
v -0.085462 0.712099 -0.326204
v -0.093584 0.661882 -0.334769
v -0.083064 0.660612 -0.333838
v -0.090423 0.667452 -0.346636
v -0.063595 0.726943 -0.410042
v -0.072762 0.726943 -0.412529
v -0.090629 0.667967 -0.345789
v -0.081483 0.667967 -0.343301
v -0.094425 0.663709 -0.333000
v -0.089744 0.662873 -0.340584
v -0.090988 0.671270 -0.332094
v -0.093138 0.711819 -0.337847
v -0.075289 0.757464 -0.403137
v -0.066730 0.748125 -0.398133
v -0.093853 0.704767 -0.326405
v -0.093903 0.715313 -0.334298
v -0.096401 0.714344 -0.326826
v -0.073717 0.728286 -0.412952
v -0.072889 0.750533 -0.416097
v -0.091626 0.675617 -0.346164
v -0.091923 0.668843 -0.345038
v -0.080443 0.675617 -0.343161
v -0.061707 0.750533 -0.413093
v -0.062534 0.728286 -0.409995
v -0.080741 0.668843 -0.342034
v -0.089936 0.668483 -0.344548
v -0.083607 0.669075 -0.342750
v -0.062921 0.750390 -0.414480
v -0.081167 0.678810 -0.341301
v -0.082311 0.699732 -0.337970
v -0.249877 0.205573 -0.597894
v -0.234543 0.205373 -0.597425
v -0.249445 0.258645 -0.503346
v -0.234148 0.258443 -0.503797
v -0.251043 0.143738 -0.568809
v -0.234699 0.144134 -0.568579
v -0.250490 0.145657 -0.567612
v -0.235080 0.145463 -0.567777
v -0.249627 0.210276 -0.592992
v -0.250342 0.142778 -0.564546
v -0.249693 0.202976 -0.597316
v -0.250557 0.142407 -0.471892
v -0.250362 0.154846 -0.448131
v -0.235353 0.142639 -0.564578
v -0.234717 0.202899 -0.597357
v -0.234646 0.210179 -0.592992
v -0.235476 0.142270 -0.471939
v -0.235289 0.154623 -0.448201
v -0.244394 0.243877 -0.482106
v -0.241449 0.245209 -0.483185
v -0.242296 0.242385 -0.481810
v -0.243058 0.224795 -0.476766
v -0.241815 0.223482 -0.472714
v -0.244052 0.220361 -0.476040
v 0.012123 0.201203 -0.604732
v 0.012116 0.179679 -0.664613
v 0.012116 0.147428 -0.625001
v 0.012116 0.156848 -0.597357
v 0.019276 0.189886 -0.603797
v 0.019353 0.208980 -0.611274
v 0.034890 0.160718 -0.599028
v 0.027682 0.164435 -0.599627
v 0.019255 0.174374 -0.601216
v 0.042033 0.201079 -0.605866
v 0.027680 0.201104 -0.605912
v 0.020847 0.156280 -0.596825
v 0.012322 0.149756 -0.593182
v 0.020901 0.152605 -0.600501
v 0.013148 0.145175 -0.603310
v 0.034885 0.153072 -0.600971
v 0.020813 0.152059 -0.599724
v 0.013325 0.143403 -0.602025
v 0.012731 0.149299 -0.592034
v 0.057669 0.201192 -0.604729
v 0.057675 0.147428 -0.625001
v 0.057675 0.156848 -0.597357
v 0.057675 0.179679 -0.664613
v 0.050418 0.208882 -0.611404
v 0.042098 0.164459 -0.599636
v 0.048950 0.152041 -0.599705
v 0.057458 0.149744 -0.593194
v 0.050520 0.174373 -0.601218
v 0.050509 0.189886 -0.603800
v 0.048919 0.156279 -0.596824
v 0.048869 0.152605 -0.600501
v 0.034885 0.153072 -0.600971
v 0.056625 0.145174 -0.603310
v 0.056456 0.143404 -0.602026
v 0.057040 0.149295 -0.592032
v 0.031678 0.175188 -0.599968
v 0.034346 0.169614 -0.601580
v 0.029896 0.166871 -0.601152
v 0.021531 0.175831 -0.601282
v 0.019055 0.174210 -0.600830
v 0.024322 0.178572 -0.601985
v 0.027300 0.180148 -0.601988
v 0.027178 0.166312 -0.598434
v 0.027671 0.162893 -0.598917
v 0.028713 0.166060 -0.611491
v 0.026614 0.172415 -0.611928
v 0.027337 0.168987 -0.610894
v 0.028739 0.168153 -0.600593
v 0.029638 0.165886 -0.599518
v 0.029818 0.164012 -0.609038
v 0.029495 0.165836 -0.599455
v 0.032789 0.173489 -0.616716
v 0.033471 0.178853 -0.617886
v 0.035942 0.179181 -0.617104
v 0.033376 0.168376 -0.611266
v 0.024289 0.177135 -0.613104
v 0.029610 0.165747 -0.611191
v 0.021236 0.173843 -0.611680
v 0.045444 0.178581 -0.601996
v 0.038771 0.175536 -0.601614
v 0.041523 0.165334 -0.601538
v 0.042023 0.167085 -0.602215
v 0.049917 0.174225 -0.602952
v 0.042737 0.182625 -0.605140
v 0.041134 0.163126 -0.599255
v 0.042148 0.172296 -0.611303
v 0.045055 0.175200 -0.601681
v 0.037366 0.169597 -0.612086
v 0.036604 0.170745 -0.600877
v 0.043418 0.171943 -0.611351
v 0.034189 0.176884 -0.600626
v 0.040243 0.165784 -0.599392
v 0.036338 0.168278 -0.611471
v 0.045495 0.177133 -0.613094
v 0.039968 0.165796 -0.610639
v 0.048538 0.173851 -0.611662
v 0.029221 0.188422 -0.608460
v 0.034830 0.195944 -0.604573
v 0.027831 0.195820 -0.605597
v 0.019055 0.190053 -0.603552
v 0.023476 0.187893 -0.601883
v 0.028358 0.187124 -0.613481
v 0.029504 0.189388 -0.614687
v 0.029045 0.189463 -0.604213
v 0.024663 0.183514 -0.614347
v 0.024101 0.185131 -0.603332
v 0.029345 0.187176 -0.602939
v 0.029562 0.187336 -0.602825
v 0.031160 0.183532 -0.618912
v 0.030509 0.184554 -0.618890
v 0.034315 0.180810 -0.618296
v 0.033522 0.192161 -0.615834
v 0.030043 0.194936 -0.615269
v 0.024339 0.183302 -0.613956
v 0.021367 0.186840 -0.615362
v 0.028481 0.198849 -0.604901
v 0.038868 0.188712 -0.602880
v 0.041484 0.195898 -0.605483
v 0.047538 0.188685 -0.603475
v 0.050715 0.190053 -0.603552
v 0.045428 0.185810 -0.603020
v 0.041293 0.198860 -0.604953
v 0.040905 0.187752 -0.613976
v 0.037411 0.190745 -0.615691
v 0.039441 0.195787 -0.605432
v 0.042694 0.185338 -0.602368
v 0.038295 0.184137 -0.618698
v 0.036393 0.192102 -0.615335
v 0.039990 0.194849 -0.615522
v 0.045462 0.183283 -0.613999
v 0.048325 0.186898 -0.614463
v 0.075049 0.349563 -0.535040
v 0.269234 0.210023 -0.520197
v 0.079680 0.212690 -0.514705
v 0.281466 0.335815 -0.555879
v 0.280805 0.219401 -0.523442
v 0.270920 0.209658 -0.520691
v 0.077952 0.212216 -0.515189
v 0.279063 0.344213 -0.540361
v 0.272079 0.207299 -0.519482
v 0.068870 0.338574 -0.549691
v 0.080027 0.217042 -0.498784
v 0.077842 0.210740 -0.514188
v 0.269841 0.214306 -0.504333
v 0.082208 0.336239 -0.531433
v 0.089412 0.343090 -0.533635
v 0.228572 0.341138 -0.537598
v 0.235711 0.334057 -0.535865
v 0.235395 0.278660 -0.520292
v 0.227183 0.271025 -0.518258
v 0.081906 0.280385 -0.516740
v 0.068173 0.222403 -0.517345
v 0.048292 0.299246 -0.690612
v 0.045047 0.299078 -0.664461
v 0.072434 0.299169 -0.672074
v 0.066330 0.297439 -0.686733
v 0.066197 0.264827 -0.686781
v 0.051533 0.264136 -0.690464
v 0.048488 0.298168 -0.689667
v 0.042954 0.264146 -0.668002
v 0.049886 0.298078 -0.662448
v 0.071610 0.264180 -0.671116
v 0.070258 0.298136 -0.672123
v 0.070258 0.264132 -0.672123
v 0.070258 0.298136 -0.672123
v 0.048280 0.263029 -0.690590
v 0.072443 0.263096 -0.672070
v 0.045009 0.263208 -0.664513
v 0.059876 0.295951 -0.664138
v 0.043815 0.296651 -0.677393
v 0.043808 0.265583 -0.677434
v 0.059859 0.266306 -0.664118
v 0.172428 0.280394 -0.612117
v 0.053816 0.292779 -0.670326
v 0.054746 0.292481 -0.682885
v 0.173361 0.292779 -0.624686
v 0.173322 0.268726 -0.624813
v 0.054725 0.268726 -0.682965
v 0.173407 0.268455 -0.625045
v 0.054770 0.268583 -0.683087
v 0.053819 0.268008 -0.670335
v 0.170033 0.297386 -0.620822
v 0.185058 0.299358 -0.598631
v 0.196765 0.298380 -0.609899
v 0.180094 0.299266 -0.632454
v 0.171432 0.264132 -0.626022
v 0.175125 0.298119 -0.628903
v 0.170427 0.264198 -0.605694
v 0.170433 0.298080 -0.605612
v 0.181088 0.264132 -0.601252
v 0.181088 0.298136 -0.601252
v 0.181329 0.264132 -0.599850
v 0.181233 0.298136 -0.600410
v 0.197228 0.264168 -0.619781
v 0.197930 0.298112 -0.614870
v 0.180151 0.266018 -0.602142
v 0.166365 0.263054 -0.617792
v 0.188580 0.263049 -0.631144
v 0.196085 0.263229 -0.606522
v 0.192005 0.296786 -0.624033
v 0.175764 0.265459 -0.626258
v 0.194857 0.265483 -0.619259
v 0.161020 0.293906 -0.541156
v 0.157489 0.266200 -0.542182
v 0.179591 0.265873 -0.618672
v 0.156688 0.265597 -0.542485
v 0.178618 0.294117 -0.618961
v 0.179079 0.266508 -0.618825
v 0.151430 0.304725 -0.538153
v 0.177734 0.299426 -0.541568
v 0.173226 0.264138 -0.551498
v 0.156325 0.298100 -0.555824
v 0.175698 0.264132 -0.531696
v 0.175698 0.298136 -0.540801
v 0.147019 0.262997 -0.527529
v 0.175933 0.263760 -0.532098
v 0.153155 0.264010 -0.554594
v 0.175284 0.263506 -0.549124
v 0.164689 0.294622 -0.554115
v 0.166238 0.265433 -0.554304
v 0.203750 0.255977 -0.510200
v 0.202971 0.254243 -0.515257
v 0.227710 0.243626 -0.512459
v 0.202247 0.244394 -0.512605
v 0.202923 0.255140 -0.509965
v 0.204281 0.254907 -0.508932
v 0.249788 0.306027 -0.530135
v 0.261273 0.321309 -0.534818
v 0.268227 0.303711 -0.529972
v 0.249278 0.245207 -0.513062
v 0.256059 0.260873 -0.517775
v 0.270330 0.250202 -0.515121
v 0.261339 0.239677 -0.511938
v 0.250645 0.286632 -0.524577
v 0.268727 0.287661 -0.525739
v 0.263625 0.276015 -0.521277
v 0.257402 0.273496 -0.513319
v 0.253832 0.192274 -0.590985
v 0.267107 0.193777 -0.582243
v 0.264332 0.196887 -0.581967
v 0.296700 0.226641 -0.573032
v 0.286157 0.218791 -0.572686
v 0.289036 0.228431 -0.571112
v 0.284786 0.239292 -0.571390
v 0.284040 0.245074 -0.572408
v 0.279493 0.261101 -0.581055
v 0.277976 0.253519 -0.578068
v 0.269324 0.261580 -0.578520
v 0.267012 0.261210 -0.577676
v 0.256171 0.266721 -0.566998
v 0.253042 0.199920 -0.594838
v 0.262872 0.203796 -0.583069
v 0.261705 0.205270 -0.583631
v 0.273682 0.208165 -0.579657
v 0.285796 0.226397 -0.577120
v 0.280212 0.220996 -0.572731
v 0.278180 0.224039 -0.573977
v 0.276605 0.244107 -0.575902
v 0.274867 0.242167 -0.574842
v 0.258072 0.263922 -0.588733
v 0.264108 0.254674 -0.581089
v 0.254167 0.259113 -0.579434
v 0.260414 0.259432 -0.582298
v 0.259532 0.270030 -0.582596
v 0.244600 0.267153 -0.562769
v 0.253906 0.206761 -0.599753
v 0.267223 0.208718 -0.579683
v 0.260605 0.210439 -0.586537
v 0.262156 0.210983 -0.583184
v 0.276643 0.234274 -0.578005
v 0.269677 0.224948 -0.576584
v 0.270528 0.233588 -0.576283
v 0.270947 0.236426 -0.575266
v 0.252594 0.260104 -0.583949
v 0.257871 0.257666 -0.590373
v 0.250946 0.258673 -0.585450
v 0.246260 0.267818 -0.582536
v 0.240334 0.262098 -0.577429
v 0.235455 0.265048 -0.561878
v 0.251933 0.210753 -0.600897
v 0.250524 0.217817 -0.602592
v 0.255517 0.214500 -0.605803
v 0.261842 0.214788 -0.588644
v 0.254577 0.219705 -0.584926
v 0.252781 0.220729 -0.587348
v 0.267542 0.230248 -0.574694
v 0.259533 0.225871 -0.578841
v 0.268193 0.238035 -0.583637
v 0.262089 0.237713 -0.579678
v 0.265498 0.237747 -0.581252
v 0.241973 0.254735 -0.587317
v 0.238837 0.266993 -0.591586
v 0.241631 0.258656 -0.586793
v 0.232485 0.264158 -0.579950
v 0.232517 0.262175 -0.580506
v 0.224709 0.266477 -0.562143
v 0.256596 0.217981 -0.608887
v 0.254004 0.222278 -0.607442
v 0.249593 0.226086 -0.606723
v 0.250981 0.224675 -0.590887
v 0.247829 0.226680 -0.585863
v 0.254340 0.227101 -0.586418
v 0.260035 0.234448 -0.577605
v 0.256150 0.234453 -0.581082
v 0.254221 0.238856 -0.582846
v 0.237085 0.260682 -0.588840
v 0.224054 0.261270 -0.584936
v 0.237053 0.255766 -0.590111
v 0.231957 0.269804 -0.591993
v 0.226447 0.262317 -0.585962
v 0.214447 0.265254 -0.562689
v 0.196332 0.273233 -0.533552
v 0.207147 0.265353 -0.561967
v 0.200843 0.258056 -0.532557
v 0.205966 0.273256 -0.563704
v 0.269880 0.273314 -0.565365
v 0.262546 0.278487 -0.568256
v 0.265699 0.258645 -0.569528
v 0.211581 0.258728 -0.563070
v 0.205574 0.265842 -0.562044
v 0.270728 0.264453 -0.535865
v 0.265320 0.260329 -0.566970
v 0.263887 0.278769 -0.536530
v 0.263887 0.278769 -0.536530
v 0.263423 0.279361 -0.568239
v 0.252609 0.179291 -0.588672
v 0.235639 0.160877 -0.610835
v 0.248789 0.228600 -0.610715
v 0.256865 0.224444 -0.614327
v 0.262119 0.181925 -0.597194
v 0.241175 0.221416 -0.606788
v 0.257535 0.178284 -0.591229
v 0.253418 0.226554 -0.613646
v 0.216344 0.201507 -0.640764
v 0.216673 0.201245 -0.640865
v 0.230233 0.200368 -0.648851
v 0.241564 0.222383 -0.604209
v 0.247399 0.161733 -0.618102
v 0.019109 0.315030 -0.869428
v 0.029771 0.297745 -0.877514
v -0.028426 0.303598 -0.794213
v 0.024991 0.303939 -0.872861
v -0.036290 0.301371 -0.783051
v 0.016608 0.303436 -0.867321
v -0.035540 0.304987 -0.782457
v 0.015822 0.304151 -0.868463
v -0.033671 0.300532 -0.769951
v 0.023892 0.303869 -0.874392
v -0.014505 0.314476 -0.838128
v -0.012070 0.302928 -0.844222
v -0.010737 0.303663 -0.844090
v 0.023864 0.326337 -0.867945
v 0.027895 0.282765 -0.879943
v 0.020565 0.282105 -0.869771
v 0.012800 0.331099 -0.869931
v -0.037206 0.288886 -0.736443
v -0.021353 0.296399 -0.809119
v 0.019087 0.308326 -0.869039
v 0.020583 0.282467 -0.870889
v 0.011966 0.319705 -0.865976
v 0.016736 0.314393 -0.868087
v 0.001740 0.313746 -0.862394
v 0.024491 0.291338 -0.865962
v 0.036556 0.257138 -0.869649
v 0.033437 0.292332 -0.878862
v 0.016147 0.257051 -0.880745
v 0.018079 0.291557 -0.879103
v 0.014928 0.257443 -0.879456
v 0.018034 0.291615 -0.879111
v 0.035546 0.294312 -0.873315
v 0.030252 0.292045 -0.866604
v 0.030402 0.293470 -0.883273
v 0.021993 0.292209 -0.883166
v -0.036697 0.305765 -0.754203
v -0.033247 0.305848 -0.720070
v -0.024761 0.292421 -0.753377
v -0.044998 0.284758 -0.724186
v -0.037898 0.290876 -0.756135
v -0.045780 0.285857 -0.724137
v -0.037971 0.290831 -0.756314
v -0.027879 0.306357 -0.754942
v -0.022421 0.296851 -0.754201
v -0.030162 0.288175 -0.753226
v 0.174565 0.281715 -0.998737
v 0.190797 0.289580 -0.997219
v 0.181908 0.290927 -0.985991
v 0.237383 0.274370 -0.986254
v 0.196154 0.276628 -0.987474
v 0.202730 0.276759 -0.987501
v 0.065498 0.361166 -0.940900
v 0.062663 0.369856 -0.954298
v 0.276246 0.278652 -0.985408
v 0.276301 0.276402 -0.982935
v 0.066809 0.369848 -0.941967
v 0.091584 0.340937 -0.955512
v 0.063574 0.357987 -0.940024
v 0.157599 0.290903 -0.983082
v 0.118183 0.316605 -0.970504
v 0.159614 0.290000 -0.982264
v 0.067203 0.370604 -0.941897
v 0.067948 0.356593 -0.937714
v 0.053645 0.363723 -0.931933
v 0.063714 0.357666 -0.940265
v 0.041161 0.356661 -0.932834
v 0.034814 0.368737 -0.933081
v 0.039067 0.355062 -0.928003
v 0.041357 0.356761 -0.932467
v 0.038874 0.354853 -0.943825
v 0.033294 0.365189 -0.944342
v 0.035755 0.367096 -0.932983
v 0.032667 0.360357 -0.934863
v 0.005863 0.338509 -0.934593
v -0.002546 0.321940 -0.936504
v 0.006065 0.335934 -0.936597
v 0.010196 0.330017 -0.934038
v -0.005817 0.283147 -0.929869
v 0.002207 0.306525 -0.933875
v 0.016302 0.331083 -0.929190
v 0.011592 0.321126 -0.933076
v 0.010716 0.304423 -0.932608
v 0.010716 0.304423 -0.932608
v 0.043819 0.359324 -0.939896
v 0.029961 0.338418 -0.930362
v 0.045410 0.357812 -0.936269
v 0.045410 0.357812 -0.936269
v 0.021179 0.317343 -0.930996
v 0.026239 0.346280 -0.938449
v 0.011017 0.315766 -0.941972
v 0.009973 0.305629 -0.942323
v 0.017426 0.342790 -0.938380
v 0.040900 0.363854 -0.944151
v 0.024148 0.348313 -0.940962
v 0.024148 0.348313 -0.940962
v -0.002552 0.283059 -0.944138
v 0.010610 0.330777 -0.941807
v 0.010610 0.330777 -0.941807
v 0.038257 0.369083 -0.941098
v 0.006520 0.335775 -0.944051
v 0.007124 0.339119 -0.941966
v -0.000019 0.333433 -0.947053
v -0.010510 0.283934 -0.944241
v 0.352076 0.275787 -0.989108
v 0.350702 0.292871 -0.991746
v 0.276849 0.282472 -0.990574
v 0.370394 0.285392 -0.980844
v 0.351906 0.275966 -0.988882
v 0.313562 0.277913 -0.981373
v 0.313562 0.277913 -0.981373
v 0.442497 0.305386 -0.883837
v 0.390547 0.288980 -0.980926
v 0.274998 0.291377 -0.982478
v 0.434053 0.300298 -0.873903
v 0.443574 0.294730 -0.879572
v 0.401397 0.278745 -0.948216
v 0.381252 0.277115 -0.979730
v 0.276215 0.277193 -0.982405
v 0.443574 0.294730 -0.879572
v 0.420190 0.284589 -0.914257
v 0.380739 0.279105 -0.978566
v 0.276215 0.277193 -0.982405
v 0.446705 0.303332 -0.886822
v 0.449112 0.292277 -0.874832
v 0.443229 0.294819 -0.879468
v 0.449112 0.292277 -0.874832
v 0.443574 0.294730 -0.879572
v 0.468980 0.309206 -0.856430
v 0.457687 0.317621 -0.851830
v 0.467425 0.302476 -0.858452
v 0.467425 0.302476 -0.858452
v 0.509556 0.336657 -0.834127
v 0.464066 0.313380 -0.866216
v 0.509058 0.338290 -0.837144
v 0.509058 0.338290 -0.837144
v 0.539416 0.360342 -0.827385
v 0.163656 0.302876 -0.993734
v 0.170288 0.296980 -0.982413
v 0.159644 0.303960 -0.980736
v 0.164856 0.286940 -0.983867
v 0.153656 0.294188 -0.980637
v 0.163890 0.289160 -0.995083
v 0.151762 0.295260 -0.991907
v 0.157619 0.305123 -0.992590
v 0.168669 0.298659 -0.994012
v 0.164914 0.294920 -1.004525
v 0.153103 0.301178 -1.002210
v 0.157131 0.304111 -0.991980
v 0.157959 0.304792 -0.990243
v 0.168462 0.297746 -0.994233
v -0.000465 0.334001 -0.935492
v -0.002527 0.283720 -0.936085
v -0.001061 0.282253 -0.931575
v 0.018091 0.281798 -0.934639
v 0.018270 0.280657 -0.930167
v 0.018270 0.280657 -0.930167
v -0.002892 0.318482 -0.933644
v 0.390982 0.324145 -0.680363
v 0.316476 0.322592 -0.685524
v 0.390716 0.323458 -0.685593
v 0.316257 0.322212 -0.690099
v 0.293219 0.253659 -0.717822
v 0.402069 0.261738 -0.712768
v 0.293472 0.249210 -0.721848
v 0.271396 0.251187 -0.716071
v 0.428048 0.252268 -0.718780
v 0.401374 0.261433 -0.712766
v 0.401211 0.260904 -0.712250
v 0.401758 0.259856 -0.719630
v 0.293635 0.249709 -0.725954
v 0.292979 0.254276 -0.717976
v 0.271206 0.249068 -0.724944
v 0.272184 0.251247 -0.715725
v 0.426832 0.249885 -0.718776
v 0.426610 0.252059 -0.709122
v 0.315291 0.317895 -0.728634
v 0.392038 0.319412 -0.723169
v 0.399391 0.316712 -0.722498
v 0.402113 0.309687 -0.720782
v 0.401304 0.253054 -0.710624
v 0.407692 0.254459 -0.710233
v 0.427426 0.249710 -0.718071
v 0.402230 0.250742 -0.720203
v 0.402748 0.259987 -0.720090
v 0.400787 0.257729 -0.721587
v 0.402535 0.256230 -0.710703
v 0.399853 0.260066 -0.711625
v 0.403779 0.253637 -0.719359
v 0.402535 0.256230 -0.710703
v 0.386631 0.274719 -0.667753
v 0.400644 0.309560 -0.744839
v 0.307027 0.254061 -0.741911
v 0.394427 0.253791 -0.735512
v 0.310599 0.273902 -0.672459
v 0.315963 0.322885 -0.680551
v 0.318314 0.308138 -0.750622
v 0.389502 0.287021 -0.823702
v 0.435427 0.293787 -0.795251
v 0.432154 0.245212 -0.789584
v 0.382735 0.237735 -0.821170
v 0.433688 0.245344 -0.789337
v 0.392660 0.325065 -0.675826
v 0.321824 0.270431 -0.699103
v 0.390705 0.269639 -0.694459
v 0.391559 0.315719 -0.702002
v 0.322052 0.314315 -0.706584
v 0.389410 0.269104 -0.694166
v 0.391766 0.315593 -0.702208
v 0.321921 0.314348 -0.706594
v 0.387093 0.273877 -0.666947
v 0.394673 0.253641 -0.735292
v 0.455377 0.644996 1.018460
v -0.536934 0.303290 1.385932
v 0.439972 0.669309 0.994910
v -0.552264 0.323023 1.358769
v -0.548782 0.296191 1.346598
v 0.452076 0.630843 0.997180
v -0.540038 0.285971 1.363087
v 0.451935 0.632738 0.998549
v -0.540038 0.285971 1.363087
v -0.457516 0.657007 0.958487
v -0.440225 0.639715 0.962758
v -0.458216 0.677368 0.443082
v -0.457938 0.655445 0.959445
v -0.458216 0.677368 0.443082
v -0.456022 0.700702 0.443976
v -0.420788 0.678780 0.967006
v -0.422398 0.703843 0.444094
v -0.424668 0.666363 0.442634
v -0.456283 0.680125 0.969024
v -0.420278 0.648800 1.010736
v -0.466000 0.634769 1.020948
v -0.447760 0.620813 1.011940
v -0.465051 0.642155 0.999590
v -0.448557 0.660739 1.037407
v -0.570742 0.312338 1.352749
v -0.544505 0.320172 1.337272
v -0.565764 0.341173 1.369256
v -0.562149 0.341988 1.335537
v -0.541096 0.344027 1.376847
v -0.522985 0.330296 1.362918
v -0.566754 0.312305 1.353466
v -0.568367 -0.034851 1.457237
v -0.554277 -0.034929 1.447663
v -0.565689 -0.034324 1.487088
v -0.568367 -0.034851 1.457237
v -0.541702 -0.034762 1.489634
v -0.532396 -0.035240 1.452000
v 0.457516 0.657007 0.958487
v 0.460769 0.674856 0.443005
v 0.440225 0.639715 0.962758
v 0.456022 0.700702 0.443976
v 0.458216 0.677368 0.443082
v 0.457938 0.655445 0.959445
v 0.456283 0.680125 0.969024
v 0.420788 0.678780 0.967006
v 0.422398 0.703843 0.444094
v 0.416880 0.677602 0.443082
v 0.420278 0.648800 1.010736
v 0.466000 0.634769 1.020948
v 0.447760 0.620813 1.011940
v 0.465051 0.642155 0.999590
v 0.448557 0.660739 1.037407
v 0.562149 0.341988 1.335537
v 0.544505 0.320172 1.337272
v 0.565764 0.341173 1.369256
v 0.570742 0.312338 1.352749
v 0.541096 0.344027 1.376847
v 0.522985 0.330296 1.362918
v 0.566754 0.312305 1.353466
v 0.568367 -0.034851 1.457237
v 0.554277 -0.034929 1.447663
v 0.565689 -0.034324 1.487088
v 0.568367 -0.034851 1.457237
v 0.541702 -0.034762 1.489634
v 0.532396 -0.035240 1.452000
v -0.457080 0.659535 0.460786
v -0.448549 0.685564 0.435339
v 0.595387 0.365827 0.324028
v 0.581063 0.333095 0.315139
v -0.464362 0.646412 0.440030
v -0.457109 0.667894 0.419319
v 0.589137 0.357845 0.288436
v -0.449643 0.682721 0.434869
v 0.595612 0.370308 0.303312
v 0.595612 0.370308 0.303312
v -0.418765 0.675820 0.450709
v -0.414963 0.687402 0.431173
v -0.461525 0.657330 0.420668
v -0.407577 0.721686 0.441575
v -0.457842 0.706941 0.448109
v -0.427789 0.704423 0.473882
v -0.487276 0.667969 0.460213
v -0.426153 0.677972 0.465892
v -0.451213 0.662946 0.460776
v -0.426153 0.677972 0.465892
v -0.451213 0.662946 0.460776
v -0.483387 0.616203 0.442519
v -0.496482 0.668143 0.423022
v -0.470629 0.643015 0.452844
v -0.483891 0.617945 0.442284
v -0.470629 0.643015 0.452844
v -0.589714 0.303131 0.273103
v -0.582288 0.308989 0.302463
v -0.612653 0.314788 0.273894
v -0.626512 0.313811 0.294442
v -0.609232 0.307565 0.314294
v -0.592659 0.311953 0.314009
v -0.593822 0.297838 0.311446
v -0.595676 0.241671 0.308005
v -0.582300 -0.417803 0.286742
v -0.610276 -0.417803 0.265159
v -0.628967 -0.417804 0.292660
v -0.595662 -0.417798 0.309489
v -0.595697 -0.417801 0.307958
v 0.408661 0.677439 0.444098
v 0.424323 0.719003 0.443299
v 0.435965 0.705753 0.472602
v 0.395194 0.685018 0.467770
v -0.396509 0.685018 0.467770
v 0.395194 0.685018 0.467770
v -0.396509 0.685018 0.467770
v 0.424858 0.677972 0.465892
v 0.424858 0.677972 0.465892
v 0.454328 0.648991 0.433693
v 0.453652 0.690996 0.425752
v 0.491621 0.678288 0.435531
v 0.489668 0.659545 0.458156
v 0.469314 0.643015 0.452844
v 0.449898 0.662946 0.460776
v 0.475103 0.639244 0.449414
v 0.449898 0.662946 0.460776
v 0.582288 0.308989 0.302463
v 0.589714 0.303131 0.273103
v 0.612653 0.314788 0.273894
v 0.626512 0.313811 0.294442
v 0.609232 0.307565 0.314294
v 0.593822 0.297838 0.311446
v 0.482576 0.617945 0.442284
v 0.592659 0.311953 0.314009
v 0.595676 0.241671 0.308005
v 0.582300 -0.417803 0.286742
v 0.610276 -0.417803 0.265159
v 0.628967 -0.417804 0.292660
v 0.595662 -0.417798 0.309489
v 0.595697 -0.417801 0.307958
v -0.586160 -0.026402 1.514432
v -0.588458 -0.007554 1.409897
v -0.507786 -0.042122 1.498485
v -0.585514 -0.042761 1.500445
v -0.510009 -0.007256 1.408447
v -0.643312 -0.334457 0.348660
v -0.631366 -0.313859 0.222084
v -0.575892 -0.351395 0.220413
v -0.573761 -0.353707 0.345660
v -0.645325 -0.331928 0.222032
v -0.587448 -0.372244 0.346634
v -0.588913 -0.369980 0.219776
v 0.586160 -0.026402 1.514432
v 0.506922 -0.044734 1.504084
v 0.509604 -0.008415 1.413104
v 0.588923 -0.008677 1.414503
v 0.586451 -0.045376 1.506209
v 0.573761 -0.353707 0.345660
v 0.575892 -0.351395 0.220413
v 0.631366 -0.313859 0.222084
v 0.645325 -0.331928 0.222032
v 0.643312 -0.334457 0.348660
v 0.587427 -0.372252 0.346628
v 0.588913 -0.369980 0.219776
v 0.081107 0.758404 0.042085
v 0.081821 0.757466 0.016828
v 0.307562 0.744043 0.049441
v 0.308045 0.742650 0.024288
v -0.065599 0.758293 -0.086355
v -0.050446 0.754714 -0.107081
v 0.349444 0.736889 -0.086853
v 0.193141 0.749384 -0.121959
v 0.000000 0.754036 -0.126277
v 0.000000 0.758396 -0.036492
v 0.190318 0.755457 0.035411
v 0.347386 0.740373 0.032407
v 0.364366 0.735371 -0.123969
v 0.308644 0.745703 0.079853
v 0.331553 0.743767 0.086159
v 0.387222 0.733381 -0.117655
v 0.207400 0.752869 0.031328
v 0.454114 0.731330 0.066158
v 0.457866 0.730414 0.038563
v 0.210962 0.752437 0.003881
v 0.156346 0.752324 -0.124541
v 0.365231 0.736363 -0.063104
v 0.372151 0.735259 -0.086127
v 0.162824 0.751164 -0.147742
v 0.182064 0.748606 -0.136415
v -0.012562 0.753900 -0.130079
v -0.012053 0.755726 -0.108512
v 0.183051 0.750474 -0.114922
v 0.031426 0.750455 -0.167251
v 0.013070 0.751078 -0.173279
v -0.023213 0.759606 -0.009109
v -0.005560 0.758591 -0.003685
v 0.160767 0.757087 0.047444
v 0.171838 0.756126 0.024408
v 0.530226 -0.083211 -0.989699
v 0.522880 -0.176751 -0.958114
v 0.509631 -0.179817 -0.973018
v 0.518409 -0.082293 -1.006022
v 0.531210 -0.279976 -0.915123
v 0.521111 -0.283267 -0.931294
v 0.523572 0.021489 -1.059995
v 0.509822 -0.012461 -1.051879
v 0.487007 -0.336338 -0.986125
v 0.482466 -0.334929 -0.999908
v 0.467413 -0.125077 -1.043525
v 0.496644 -0.329825 -0.968325
v 0.457392 -0.110779 -1.056627
v 0.465324 -0.192352 -1.057969
v 0.516845 -0.059871 -1.022125
v 0.523814 -0.008892 -1.047315
v 0.512613 -0.157585 -0.971901
v 0.524569 -0.273380 -0.930637
v 0.466693 -0.353866 -1.026199
v 0.469040 -0.374638 -1.018019
v 0.511944 -0.192878 -0.960722
v 0.503264 -0.197968 -0.973831
v 0.461624 -0.157853 -1.063382
v 0.464072 -0.185041 -1.073707
v 0.465379 -0.182082 -1.053811
v 0.534649 -0.005441 -1.037365
v 0.535152 0.011680 -1.046357
v 0.522701 -0.151754 -0.971531
v 0.508328 -0.162102 -0.982173
v 0.526241 0.012347 -1.049865
v 0.502065 -0.082489 -1.025564
v 0.513096 0.053766 -1.061747
v 0.495896 0.039850 -1.063038
v 0.530222 -0.320885 -0.906811
v 0.525929 -0.298462 -0.917684
v 0.532767 -0.420396 -0.837349
v 0.544180 -0.413265 -0.812692
v 0.454209 -0.166450 -1.074893
v 0.487690 -0.346797 -0.979448
v 0.480359 -0.355768 -0.998068
v 0.530320 -0.313144 -0.909986
v 0.520266 -0.319545 -0.928936
v 0.531041 -0.318789 -0.907967
v 0.515242 -0.074655 -1.011121
v 0.447167 -0.111145 -1.057183
v 0.460691 -0.104910 -1.048344
v 0.452960 -0.006116 -1.073275
v 0.474762 -0.006205 -1.068203
v 0.497769 -0.007426 -1.066981
v 0.461720 -0.009210 -1.075568
v 0.494994 -0.019230 -1.060554
v 0.423988 -0.042617 -1.070876
v 0.418758 -0.026528 -1.069912
v 0.499049 -0.003927 -1.068863
v 0.261637 -0.151497 -0.352547
v 0.215188 -0.152451 -0.385965
v 0.261616 -0.163448 -0.422761
v 0.382504 -0.151575 -0.386152
v 0.353264 -0.151186 -0.360104
v 0.353306 -0.171000 -0.443365
v 0.444975 -0.167068 -0.419100
v 0.477902 -0.206216 -0.474156
v 0.496530 -0.192862 -0.455504
v 0.334678 -0.150126 -0.385363
v 0.224981 -0.151046 -0.328506
v 0.211723 -0.151675 -0.350939
v 0.170772 -0.169587 -0.427667
v 0.174952 -0.161138 -0.404743
v 0.199874 -0.153582 -0.388690
v 0.236386 -0.152091 -0.386527
v 0.175791 -0.157488 -0.332793
v 0.158530 -0.156122 -0.350159
v 0.400511 -0.154323 -0.343810
v 0.400565 -0.153208 -0.369354
v 0.290435 -0.161492 -0.276656
v 0.310363 -0.158651 -0.292935
v 0.164454 -0.184278 -0.466808
v 0.230975 -0.151995 -0.388639
v 0.173387 -0.155283 -0.343807
v 0.173435 -0.154240 -0.369354
v 0.145476 -0.185769 -0.447794
v 0.300813 -0.182384 -0.476813
v 0.342015 -0.186994 -0.479724
v 0.391373 -0.169963 -0.438583
v 0.324638 -0.196370 -0.488725
v 0.387296 -0.178294 -0.461703
v 0.424055 -0.179644 -0.461215
v 0.437557 -0.173791 -0.438942
v 0.421911 -0.158357 -0.402132
v 0.360529 -0.150635 -0.386012
v 0.481815 -0.192255 -0.448133
v 0.320690 -0.150593 -0.323558
v 0.304217 -0.151000 -0.342206
v 0.176824 -0.162066 -0.414761
v 0.278874 -0.150354 -0.385562
v 0.455192 -0.183423 -0.459036
v 0.012227 0.171633 0.137955
v 0.010223 0.208510 0.190075
v 0.011408 0.234014 0.193562
v 0.011794 0.171856 0.135850
v 0.011400 -0.222557 0.013822
v 0.023833 -0.220925 0.014695
v 0.012391 -0.068277 0.030875
v 0.025222 0.171880 0.136646
v 0.023460 -0.221769 0.014107
v 0.044059 0.169835 0.139374
v 0.042733 -0.212370 -0.079524
v 0.043060 -0.226219 0.017630
v 0.041649 -0.220275 0.016519
v 0.043529 -0.046413 0.040815
v 0.043568 0.205768 0.189875
v 0.043557 0.233608 0.197323
v 0.012366 -0.214845 -0.079550
v 0.010342 -0.222339 0.014051
v 0.011255 -0.227522 -0.008262
v 0.043394 0.147564 0.132143
v 0.043439 0.169575 0.139393
v 0.547491 0.512373 -0.657909
v 0.550242 0.510066 -0.660567
v 0.547259 0.499637 -0.667493
v 0.549506 0.509576 -0.663000
v 0.556029 0.504114 -0.671614
v 0.551562 0.500295 -0.674766
v 0.552044 0.501304 -0.677765
v 0.554879 0.500956 -0.675057
v 0.548716 0.503171 -0.677325
v 0.552045 0.436758 -0.747339
v 0.552923 0.501377 -0.648148
v 0.553978 0.497287 -0.674740
v 0.550681 0.491570 -0.673889
v 0.549865 0.492963 -0.671568
v 0.554807 0.494779 -0.672545
v 0.548810 0.502737 -0.656957
v 0.548802 0.502837 -0.657010
v 0.549541 0.495977 -0.666334
v 0.550540 0.491701 -0.672873
v 0.548600 0.507307 -0.652353
v 0.545662 0.500083 -0.653953
v 0.546337 0.504858 -0.672613
v 0.548429 0.502212 -0.656601
v 0.549545 0.496044 -0.666397
v 0.541801 0.502416 -0.671935
v 0.549552 0.495994 -0.666353
v 0.545519 0.488865 -0.667911
v 0.547982 0.499333 -0.675269
v 0.545789 0.498070 -0.673700
v 0.549900 0.492689 -0.672810
v 0.549686 0.492044 -0.673954
v 0.552990 0.432126 -0.743076
v 0.548678 0.501641 -0.681787
v 0.546186 0.510932 -0.654857
v 0.547972 0.506436 -0.651598
v 0.543932 0.545697 -0.593182
v 0.545409 0.551050 -0.596863
v 0.540688 0.550309 -0.595542
v 0.536054 0.552744 -0.598196
v 0.543068 0.545550 -0.593999
v 0.536950 0.567970 -0.590225
v 0.543684 0.553148 -0.579225
v 0.539538 0.551587 -0.577845
v 0.533954 0.560018 -0.586244
v 0.488288 0.628322 -0.521288
v 0.423376 0.666911 -0.406581
v 0.482925 0.622455 -0.510803
v 0.492172 0.616548 -0.514498
v 0.421037 0.653024 -0.402303
v 0.414717 0.659633 -0.417317
v 0.531785 0.552241 -0.597338
v 0.530256 0.560625 -0.587031
v 0.531401 0.559255 -0.585557
v 0.543769 0.532287 -0.622564
v 0.545286 0.528487 -0.619759
v 0.549431 0.538843 -0.626492
v 0.545888 0.528301 -0.619809
v 0.545147 0.527986 -0.619424
v 0.532772 0.602123 -0.534355
v 0.538269 0.557652 -0.583240
v 0.532732 0.593175 -0.525075
v 0.419363 0.656406 -0.406428
v 0.531891 0.592910 -0.525516
v 0.541488 0.555231 -0.580985
v 0.534892 0.597868 -0.537111
v 0.534703 0.602466 -0.532523
v 0.529340 0.587177 -0.530620
v 0.528535 0.591193 -0.524967
v 0.528473 0.591126 -0.524924
v 0.529307 0.587117 -0.530433
v 0.529267 0.602040 -0.533699
v 0.529303 0.597643 -0.537246
v 0.532454 0.587767 -0.523230
v 0.529275 0.587398 -0.530708
v 0.537328 0.594975 -0.526754
v 0.486538 0.611307 -0.502736
v 0.490042 0.612253 -0.505111
v 0.518130 0.608211 -0.507455
v 0.511986 0.610355 -0.506163
v 0.519174 0.608821 -0.504289
v 0.515692 0.609217 -0.506596
v 0.525682 0.597266 -0.518983
v 0.540860 0.526051 -0.627324
v 0.548288 0.457853 -0.718696
v -0.163245 0.680393 -0.407281
v -0.164559 0.679632 -0.409762
v -0.166190 0.685761 -0.402897
v -0.163303 0.681084 -0.397929
v -0.166422 0.682917 -0.404869
v -0.161316 0.683034 -0.405014
v -0.128592 0.679532 -0.403108
v -0.133063 0.682443 -0.394035
v -0.119053 0.681475 -0.401176
v -0.118868 0.684455 -0.397185
v -0.119049 0.678547 -0.400600
v 0.056166 0.689240 -0.378914
v -0.128428 0.675363 -0.403076
v -0.119406 0.675221 -0.400499
v -0.128703 0.675893 -0.401513
v -0.152335 0.683266 -0.403002
v -0.151928 0.679102 -0.406707
v -0.119483 0.684781 -0.397331
v 0.139529 0.687150 -0.371594
v -0.110278 0.682748 -0.402572
v -0.116795 0.682577 -0.405609
v -0.110759 0.682610 -0.394595
v -0.118544 0.682362 -0.395770
v -0.118564 0.682400 -0.395613
v -0.110824 0.682623 -0.394347
v 0.036827 0.682761 -0.378538
v 0.042001 0.688675 -0.375885
v 0.036185 0.688525 -0.376097
v -0.117995 0.688294 -0.397977
v -0.111187 0.682080 -0.394955
v -0.118511 0.682332 -0.395821
v 0.041607 0.691718 -0.379093
v 0.037524 0.684210 -0.378012
v 0.036266 0.688466 -0.376251
v 0.042149 0.688517 -0.375798
v -0.012472 0.684197 -0.381471
v -0.039233 0.689345 -0.377588
v -0.053970 0.687375 -0.377776
v -0.055235 0.689005 -0.379139
v -0.054475 0.690982 -0.376656
v -0.082912 0.683122 -0.393527
v -0.095827 0.679268 -0.393571
v 0.123576 0.691685 -0.368090
v 0.039027 0.691232 -0.373955
v 0.034960 0.692467 -0.374824
v 0.000637 0.692453 -0.382914
v 0.010392 0.694952 -0.384410
v -0.046407 0.691963 -0.391500
v -0.166981 0.688452 -0.407440
v 0.434213 0.661636 -0.418394
v 0.430859 0.664374 -0.420396
v 0.422783 0.655690 -0.424522
v 0.433745 0.651831 -0.412099
v 0.421199 0.652667 -0.419938
v 0.432270 0.652147 -0.418239
v 0.431789 0.661004 -0.420630
v 0.428077 0.655865 -0.424309
v 0.110444 0.688769 -0.363365
v 0.111998 0.691161 -0.381797
v 0.111273 0.681453 -0.380405
v 0.009765 0.695670 -0.383778
v 0.018393 0.687737 -0.378688
v 0.018670 0.688934 -0.379630
v 0.006684 0.686821 -0.379036
v 0.007042 0.687068 -0.379271
v 0.019400 0.685092 -0.382913
v 0.008872 0.685048 -0.387141
v 0.006859 0.686838 -0.379302
v 0.018438 0.687391 -0.378258
v 0.320729 0.682519 -0.366201
v 0.353092 0.665797 -0.400020
v 0.381934 0.674746 -0.398593
v 0.396831 0.658254 -0.383406
v 0.204153 0.682649 -0.353271
v 0.204669 0.698733 -0.358775
v 0.422997 0.663155 -0.416303
v 0.232769 0.698689 -0.379293
v 0.215209 0.686750 -0.385448
v 0.282848 0.686987 -0.388182
v 0.195239 0.690823 -0.386930
v 0.192822 0.691034 -0.384093
v 0.118417 0.682510 -0.381935
v 0.119403 0.688094 -0.379351
v 0.423380 0.668657 -0.421879
v 0.214602 0.686331 -0.386106
v 0.245448 0.684078 -0.390040
v 0.233217 0.689775 -0.391255
v 0.368748 0.682325 -0.397800
v 0.117703 0.688135 -0.381746
v 0.280851 0.685518 -0.384511
v 0.117971 0.690987 -0.364558
v 0.422735 0.650395 -0.415356
v 0.287984 0.688350 -0.376717
v 0.288626 0.688639 -0.372244
v 0.281701 0.689591 -0.373514
v -0.466218 -0.019940 1.248498
v -0.459833 -0.041758 1.259433
v -0.498306 -0.041721 1.252700
v -0.505648 -0.014877 1.274821
v -0.507572 -0.041936 1.275133
v -0.505636 -0.014880 1.275506
v -0.510483 -0.041793 1.276002
v -0.480783 -0.018289 1.302722
v -0.486123 -0.041903 1.300858
v -0.459725 -0.041773 1.290295
v -0.452845 -0.021768 1.282233
v -0.465758 -0.016855 1.263161
v -0.459162 -0.022606 1.257753
v -0.452532 -0.021808 1.276816
v -0.461823 -0.015343 1.275812
v -0.476553 -0.015362 1.257705
v -0.476412 -0.019126 1.248350
v -0.491526 -0.012762 1.264656
v -0.487796 -0.017197 1.250304
v -0.506087 -0.014811 1.274583
v -0.494289 -0.012584 1.274663
v -0.492828 -0.014956 1.285089
v -0.498937 -0.015752 1.291030
v -0.504071 -0.015076 1.275133
v -0.494289 -0.012584 1.274663
v -0.480315 -0.015502 1.291697
v -0.473653 -0.021253 1.300886
v -0.468042 -0.017061 1.287303
v -0.458576 -0.021012 1.291231
v -0.459090 -0.011487 1.259070
v -0.463796 -0.016574 1.265980
v -0.461823 -0.015343 1.275812
v -0.452841 -0.014232 1.280442
v -0.470903 -0.014809 1.259371
v -0.475446 -0.010018 1.250308
v -0.481591 -0.013955 1.258014
v -0.491220 -0.008954 1.254187
v -0.491518 -0.012746 1.264662
v -0.499764 -0.008108 1.265370
v -0.501525 -0.007874 1.275039
v -0.494289 -0.012584 1.274663
v -0.502424 -0.007762 1.275254
v -0.492828 -0.014956 1.285089
v -0.494289 -0.012584 1.274663
v -0.490778 -0.009286 1.295483
v -0.480315 -0.015503 1.291697
v -0.475722 -0.011241 1.299022
v -0.462729 -0.012345 1.294170
v -0.468041 -0.017060 1.287304
v -0.459504 0.002737 1.254439
v -0.450041 -0.013923 1.268702
v -0.484485 -0.010118 1.249763
v -0.491145 0.006899 1.254265
v -0.502992 -0.007685 1.274747
v -0.499467 0.007969 1.275039
v -0.500941 0.008162 1.275391
v -0.502424 -0.007762 1.275254
v -0.487135 0.006374 1.296434
v -0.479961 -0.010577 1.301803
v -0.456769 0.002632 1.292907
v -0.459571 0.002745 1.254369
v -0.451025 0.001667 1.277512
v -0.491030 0.006851 1.253922
v -0.500941 0.008162 1.275391
v -0.491615 0.006957 1.292686
v -0.478508 0.005371 1.299333
v -0.459582 0.002601 1.293749
v 0.466218 -0.019940 1.248498
v 0.459833 -0.041758 1.259433
v 0.498306 -0.041721 1.252700
v 0.506087 -0.014811 1.274583
v 0.507572 -0.041936 1.275133
v 0.505636 -0.014880 1.275506
v 0.510483 -0.041793 1.276002
v 0.475044 -0.018876 1.301787
v 0.486123 -0.041903 1.300858
v 0.459725 -0.041773 1.290295
v 0.452845 -0.021768 1.282233
v 0.465758 -0.016855 1.263161
v 0.461823 -0.015343 1.275812
v 0.452534 -0.021808 1.276826
v 0.459162 -0.022606 1.257753
v 0.476553 -0.015362 1.257705
v 0.476412 -0.019126 1.248350
v 0.491518 -0.012746 1.264662
v 0.492472 -0.016600 1.252358
v 0.505648 -0.014877 1.274821
v 0.494289 -0.012584 1.274663
v 0.492828 -0.014956 1.285089
v 0.494289 -0.012584 1.274663
v 0.504071 -0.015076 1.275133
v 0.501779 -0.015387 1.285411
v 0.490844 -0.016804 1.297989
v 0.480315 -0.015503 1.291697
v 0.472058 -0.020731 1.299849
v 0.468041 -0.017060 1.287304
v 0.458576 -0.021012 1.291231
v 0.459090 -0.011487 1.259070
v 0.452843 -0.014232 1.280439
v 0.461823 -0.015343 1.275812
v 0.463796 -0.016574 1.265980
v 0.470903 -0.014809 1.259371
v 0.475446 -0.010018 1.250308
v 0.481591 -0.013955 1.258014
v 0.491220 -0.008954 1.254187
v 0.491526 -0.012762 1.264656
v 0.499764 -0.008108 1.265370
v 0.501525 -0.007874 1.275039
v 0.494289 -0.012584 1.274663
v 0.502424 -0.007762 1.275254
v 0.494289 -0.012584 1.274663
v 0.492828 -0.014956 1.285089
v 0.490776 -0.009287 1.295484
v 0.480315 -0.015502 1.291697
v 0.475722 -0.011241 1.299022
v 0.462729 -0.012345 1.294170
v 0.468042 -0.017061 1.287303
v 0.459571 0.002745 1.254369
v 0.450041 -0.013923 1.268702
v 0.484485 -0.010118 1.249763
v 0.491030 0.006851 1.253922
v 0.502992 -0.007685 1.274747
v 0.499467 0.007969 1.275039
v 0.500941 0.008162 1.275391
v 0.502424 -0.007762 1.275254
v 0.487135 0.006374 1.296434
v 0.479961 -0.010577 1.301803
v 0.456769 0.002632 1.292907
v 0.459504 0.002737 1.254439
v 0.451022 0.001666 1.277502
v 0.491145 0.006899 1.254265
v 0.500941 0.008162 1.275391
v 0.491615 0.006957 1.292686
v 0.478508 0.005371 1.299333
v 0.459582 0.002601 1.293749
vn -0.7224 0.4705 -0.5068
vn -0.4186 -0.2841 -0.8626
vn -0.9012 0.3621 0.2381
vn -0.0002 0.9858 0.1680
vn -0.0013 0.9867 0.1625
vn -0.0000 0.9856 0.1689
vn 0.6725 0.7397 0.0257
vn 0.7352 0.6210 -0.2719
vn 0.4890 0.8438 -0.2210
vn 0.0822 0.6155 -0.7839
vn -0.3861 0.5297 -0.7552
vn -0.1631 0.3415 -0.9256
vn -0.9877 -0.1519 -0.0383
vn -0.8835 0.0503 -0.4658
vn -0.6962 0.7117 -0.0938
vn -0.0223 -0.8472 -0.5308
vn 0.6833 -0.7122 -0.1610
vn 0.6676 -0.5583 -0.4925
vn 0.8311 -0.4581 0.3152
vn 0.8733 -0.4825 0.0673
vn 0.7500 0.0241 -0.6610
vn 0.1954 0.9019 -0.3852
vn -0.1717 0.7568 -0.6307
vn -0.5179 0.8376 0.1737
vn 0.0100 -0.4657 -0.8849
vn 0.0581 -0.7682 -0.6376
vn 0.0436 -0.7597 -0.6488
vn -0.6399 0.7671 -0.0454
vn -0.1912 0.9709 -0.1441
vn -0.5454 0.6224 -0.5613
vn -0.1640 0.7808 -0.6029
vn 0.4334 0.2925 -0.8524
vn 0.0494 0.3072 -0.9503
vn 0.0815 0.3324 -0.9396
vn 0.5127 0.7659 0.3880
vn 0.3883 -0.6301 0.6724
vn 0.3414 -0.6127 0.7128
vn -0.1788 0.6392 -0.7479
vn 0.1753 0.9844 0.0160
vn -0.2162 0.9742 -0.0648
vn 0.9093 -0.0904 -0.4062
vn 0.5746 -0.4930 -0.6533
vn 0.5036 0.0304 -0.8634
vn -0.9097 -0.2721 -0.3136
vn -0.8154 -0.4859 0.3148
vn -0.6504 0.6426 -0.4051
vn -0.5576 0.8162 0.1514
vn -0.3820 0.9148 -0.1314
vn -0.7886 0.6045 -0.1124
vn -0.1288 -0.2631 -0.9561
vn 0.3766 -0.1857 -0.9075
vn 0.4212 -0.0597 -0.9050
vn 0.7985 0.6014 -0.0267
vn 0.9416 0.3364 -0.0129
vn 0.7814 0.6240 -0.0079
vn 0.4183 0.9022 0.1051
vn 0.9221 0.3765 -0.0889
vn 0.6446 0.7238 0.2462
vn 0.8012 0.3801 -0.4622
vn 0.5797 0.3587 -0.7317
vn -0.0347 0.1624 0.9861
vn 0.6412 0.7533 0.1460
vn 0.0453 0.3770 0.9251
vn -0.0583 0.9853 -0.1604
vn 0.1970 0.9517 0.2356
vn -0.2334 0.9640 0.1276
vn 0.0662 0.3191 0.9454
vn 0.4828 0.7346 0.4767
vn 0.9323 0.0641 0.3560
vn -0.1297 0.2807 -0.9510
vn -0.3492 0.0255 -0.9367
vn -0.4217 0.3663 -0.8295
vn -0.0944 0.2068 -0.9738
vn 0.1700 0.3177 -0.9328
vn 0.6221 -0.0811 -0.7788
vn 0.2968 -0.3503 -0.8884
vn -0.0018 0.3585 -0.9335
vn 0.7097 0.3801 -0.5932
vn -0.4737 0.3074 -0.8253
vn -0.6075 0.3786 -0.6983
vn -0.5119 0.3877 -0.7666
vn 0.6772 0.2325 -0.6981
vn -0.4852 0.1814 -0.8554
vn 0.7398 0.5695 -0.3583
vn 0.9561 -0.2808 -0.0839
vn 0.9497 -0.0026 0.3132
vn 0.9497 -0.0024 0.3131
vn 0.9496 -0.0027 0.3134
vn -0.3908 0.8217 -0.4149
vn -0.1004 0.9841 0.1469
vn 0.0147 0.9987 -0.0483
vn -0.0806 0.9867 0.1409
vn 0.2961 -0.4442 0.8455
vn 0.0611 -0.2304 0.9712
vn 0.0060 -0.3804 0.9248
vn 0.0620 -0.7001 0.7113
vn 0.2962 -0.4437 0.8458
vn 0.3245 0.4454 -0.8345
vn 0.3911 -0.0193 -0.9202
vn 0.0298 0.0096 -0.9995
vn -0.0838 -0.9961 0.0261
vn -0.0826 -0.9963 0.0232
vn -0.0839 -0.9961 0.0264
vn -0.4914 -0.6942 0.5260
vn -0.9289 0.3045 -0.2106
vn -0.0440 0.0681 0.9967
vn -0.7870 -0.1755 0.5915
vn 0.3126 0.0652 0.9476
vn -0.5552 -0.1676 0.8146
vn -0.1671 0.7050 0.6892
vn -0.6101 0.7337 0.2991
vn -0.3014 0.2899 -0.9084
vn 0.0864 0.3909 -0.9164
vn -0.3740 0.3212 -0.8700
vn -0.9265 0.1758 -0.3326
vn -0.8270 0.2517 -0.5028
vn -0.4767 0.0609 -0.8770
vn -0.6601 0.7474 -0.0753
vn -0.4396 0.6459 -0.6241
vn -0.7670 0.3941 -0.5064
vn -0.8823 0.0614 -0.4666
vn -0.6175 0.0727 -0.7832
vn -0.2158 -0.0323 -0.9759
vn -0.2560 0.9007 -0.3510
vn 0.3862 0.9051 0.1779
vn 0.1381 0.7566 -0.6392
vn 0.4929 0.1725 -0.8528
vn 0.4642 0.8849 -0.0389
vn 0.3830 0.5921 -0.7090
vn 0.1095 0.9744 -0.1963
vn -0.0326 0.5017 -0.8644
vn 0.2520 0.4728 -0.8444
vn -0.0201 0.4782 -0.8780
vn 0.4409 -0.2918 -0.8488
vn 0.2699 -0.6456 -0.7144
vn 0.0520 -0.3267 -0.9437
vn -0.0278 -0.7888 -0.6140
vn -0.4907 -0.0230 -0.8710
vn -0.6050 -0.0194 -0.7960
vn -0.1933 0.6352 -0.7478
vn 0.0543 0.5207 -0.8520
vn -0.2910 0.4858 -0.8242
vn -0.1897 0.9538 -0.2330
vn 0.8638 0.0087 -0.5037
vn 0.9574 0.1498 -0.2467
vn 0.9804 -0.0064 -0.1971
vn 0.6914 0.4043 -0.5987
vn -0.7528 -0.2864 0.5927
vn 0.3788 -0.3801 0.8438
vn -0.7177 -0.5359 -0.4447
vn -0.3281 -0.9438 -0.0387
vn -0.3238 -0.9455 -0.0344
vn 0.3861 0.5297 -0.7552
vn -0.0822 0.6155 -0.7839
vn 0.1631 0.3415 -0.9256
vn 0.6246 0.3423 -0.7019
vn 0.2620 0.2864 -0.9216
vn 0.5514 0.3841 -0.7406
vn -0.0377 0.3826 -0.9231
vn 0.3702 0.3445 -0.8627
vn -0.8810 0.1964 -0.4305
vn -0.4828 0.7346 0.4767
vn -0.9323 0.0641 0.3560
vn 0.1751 0.2861 -0.9421
vn 0.3946 0.0339 -0.9182
vn 0.4646 0.3450 -0.8156
vn 0.1942 0.3320 -0.9231
vn -0.4391 0.3921 -0.8084
vn 0.5908 -0.7986 -0.1146
vn -0.5074 -0.7372 0.4461
vn 0.9940 -0.1058 0.0261
vn 0.0139 0.9968 -0.0787
vn 0.3420 0.9393 0.0269
vn 0.0260 0.9764 0.2142
vn -0.0088 0.9892 -0.1465
vn 0.4919 -0.2962 -0.8187
vn 0.2122 -0.2862 -0.9344
vn -0.1421 -0.5312 -0.8352
vn -0.3520 0.6156 -0.7051
vn -0.5000 0.5140 0.6970
vn -0.7975 0.5502 0.2474
vn -0.4803 0.4357 0.7612
vn 0.0152 -0.2109 0.9774
vn 0.3052 -0.2173 0.9272
vn 0.1653 -0.4541 0.8755
vn -0.7750 -0.3538 -0.5237
vn -0.6373 -0.1413 -0.7575
vn -0.7116 -0.3297 -0.6204
vn -0.4812 0.1785 -0.8582
vn -0.1476 -0.0673 -0.9867
vn -0.2513 -0.4088 0.8774
vn 0.1000 -0.2726 0.9569
vn 0.0772 -0.4018 0.9125
vn 0.8134 0.3112 -0.4915
vn 0.4543 0.7053 -0.5442
vn 0.4140 0.3944 -0.8204
vn 0.8324 0.1042 0.5443
vn 0.8793 -0.2195 0.4226
vn 0.7112 -0.0083 0.7029
vn 0.4237 0.1824 0.8873
vn 0.4229 -0.0010 0.9062
vn 0.4893 0.3855 0.7823
vn 0.9305 0.1869 0.3149
vn 0.1340 0.1918 0.9722
vn -0.0116 -0.2694 0.9630
vn 0.3930 -0.0502 0.9182
vn 0.7034 0.0328 0.7100
vn -0.2032 0.0296 0.9787
vn 0.6801 0.4491 0.5794
vn 0.6341 -0.5158 0.5761
vn 0.9852 0.1712 -0.0005
vn 0.5390 0.6305 0.5584
vn 0.7181 0.5025 0.4815
vn 0.2019 0.9407 0.2725
vn 0.3044 0.5331 0.7894
vn 0.3474 0.9347 0.0753
vn 0.8202 0.5505 0.1556
vn -0.7038 0.3271 -0.6306
vn -0.5419 0.1984 -0.8167
vn -0.9227 0.0612 -0.3806
vn 0.4112 0.8519 -0.3242
vn 0.5128 0.8332 -0.2067
vn 0.1811 0.6068 -0.7739
vn 0.3495 0.8173 -0.4581
vn -0.0824 0.9745 -0.2085
vn -0.0817 0.9652 0.2483
vn 0.2580 0.9605 0.1046
vn -0.5082 -0.2849 0.8127
vn -0.5065 -0.2006 0.8386
vn -0.6145 -0.1244 0.7790
vn -0.0000 0.9723 0.2338
vn -0.1908 0.9717 -0.1391
vn 0.2342 0.7856 -0.5726
vn -0.2027 0.6297 0.7500
vn -0.3415 0.9398 -0.0096
vn -0.9806 0.1873 -0.0573
vn -0.1113 0.9461 0.3041
vn -0.1358 0.9331 0.3329
vn 0.1052 0.5985 0.7942
vn 0.9502 0.1924 0.2451
vn 0.5396 0.1883 -0.8206
vn 0.7044 0.3140 -0.6366
vn 0.9235 0.0429 -0.3811
vn 0.7306 0.4098 0.5461
vn 0.4794 0.8142 0.3275
vn 0.7503 0.6506 0.1173
vn 0.1595 0.9656 0.2055
vn -0.2373 -0.9382 0.2518
vn 0.0593 -0.1816 0.9816
vn -0.2959 -0.9508 -0.0918
vn 0.8960 0.3888 0.2143
vn -0.9452 0.1258 0.3012
vn -0.8845 0.4051 -0.2313
vn -0.8979 0.2385 0.3699
vn 0.1656 -0.8503 -0.4995
vn 0.4493 0.4239 0.7864
vn 0.5481 0.2879 0.7853
vn 0.9999 0.0003 0.0108
vn 0.9999 0.0001 0.0107
vn 1.0000 -0.0047 0.0086
vn -0.0159 -0.9529 -0.3030
vn -0.0398 -0.8773 0.4784
vn -0.0260 -0.8979 0.4394
vn 0.4544 0.4854 -0.7469
vn 0.0061 -0.4226 -0.9063
vn -0.0159 -0.4163 -0.9091
vn 0.9390 -0.0213 0.3433
vn 0.5352 0.3634 0.7626
vn 0.5830 -0.0151 0.8124
vn -0.8961 0.3888 0.2142
vn -0.4794 0.8142 0.3274
vn -0.6801 0.4491 0.5794
vn -0.1595 0.9656 0.2055
vn 0.3504 -0.9112 -0.2164
vn 0.9986 -0.0445 0.0286
vn 0.6416 -0.4636 0.6111
vn 0.0212 -0.3229 0.9462
vn -0.0626 0.4763 0.8770
vn -0.0595 0.4492 0.8915
vn -0.8324 0.1042 0.5443
vn -0.8793 -0.2195 0.4226
vn -0.4237 0.1824 0.8873
vn -0.4120 0.0003 0.9112
vn -0.4893 0.3855 0.7823
vn -0.9305 0.1869 0.3149
vn -0.1340 0.1918 0.9722
vn 0.1947 0.9330 -0.3026
vn -0.1235 0.9777 -0.1701
vn 0.1501 0.9821 0.1134
vn -0.1811 0.6068 -0.7739
vn -0.0000 0.3221 -0.9467
vn -0.3495 0.8173 -0.4581
vn 0.8025 0.2977 -0.5171
vn 0.9972 -0.0520 0.0542
vn 1.0000 0.0002 0.0063
vn -0.5930 0.7859 0.1750
vn 0.5705 0.7268 0.3825
vn -0.0021 0.9344 -0.3562
vn 0.2159 -0.0457 -0.9753
vn -0.5902 -0.0903 -0.8022
vn 0.6129 0.0637 -0.7876
vn -0.3052 -0.2173 0.9272
vn -0.1653 -0.4541 0.8755
vn -0.7034 0.0328 0.7100
vn -0.3930 -0.0502 0.9182
vn -0.7897 0.5088 -0.3427
vn -0.7356 -0.4083 0.5406
vn -0.7577 0.1792 0.6275
vn -0.7181 0.5025 0.4815
vn -0.3044 0.5331 0.7894
vn -0.2019 0.9407 0.2725
vn -0.3474 0.9347 0.0753
vn -0.8202 0.5505 0.1556
vn -0.0307 0.7329 0.6796
vn 0.0226 0.4558 0.8898
vn 0.0172 0.7752 0.6315
vn 0.5925 -0.4257 -0.6839
vn 0.9160 0.1907 -0.3530
vn 0.3884 -0.8926 -0.2289
vn -0.5128 0.8332 -0.2067
vn -0.4112 0.8519 -0.3242
vn 0.0824 0.9745 -0.2085
vn -0.5605 0.8239 -0.0836
vn -0.5839 0.7886 -0.1930
vn -0.6371 0.6709 0.3794
vn 0.9382 0.0201 0.3456
vn 0.5436 0.7368 0.4020
vn 0.5273 0.2447 0.8137
vn 0.0817 0.9652 0.2483
vn -0.2580 0.9605 0.1046
vn -0.0256 0.6503 -0.7593
vn -0.5583 0.8292 0.0270
vn -0.2831 0.9335 0.2203
vn 0.0158 -0.8995 -0.4367
vn -0.7306 0.4099 0.5461
vn -0.7503 0.6506 0.1173
vn 0.3231 -0.7599 0.5641
vn 0.6596 -0.7171 0.2252
vn 0.2686 0.2254 0.9365
vn 0.2117 0.9019 -0.3766
vn 0.4378 0.8378 -0.3263
vn 0.4690 0.8216 -0.3242
vn 0.4501 -0.1097 -0.8862
vn 0.9517 -0.2630 0.1583
vn 0.5657 0.0585 -0.8225
vn -0.6497 0.2213 0.7273
vn -0.3179 -0.0467 0.9470
vn 0.4866 0.7974 0.3568
vn -0.1572 0.6941 -0.7025
vn 0.1278 -0.1560 -0.9795
vn -0.1171 0.1399 -0.9832
vn -0.1052 0.5985 0.7942
vn 0.1113 0.9461 0.3041
vn -0.9502 0.1924 0.2451
vn 0.1358 0.9331 0.3329
vn 0.5657 -0.3782 -0.7328
vn -0.1392 0.8286 -0.5423
vn 0.7979 0.1632 -0.5803
vn -0.4493 0.4239 0.7864
vn -0.5481 0.2879 0.7853
vn -0.1861 0.1435 0.9720
vn -0.1513 0.7102 0.6875
vn 0.3332 -0.8694 -0.3647
vn 0.5431 -0.8088 -0.2256
vn 0.1579 -0.8483 -0.5054
vn -0.1287 0.3483 -0.9285
vn 0.4820 0.3751 -0.7918
vn 0.1354 0.3373 -0.9316
vn 0.0008 0.2054 0.9787
vn 0.4454 -0.5512 0.7056
vn -0.5055 -0.2009 0.8391
vn -0.0281 0.7255 -0.6876
vn -0.0852 0.2404 -0.9669
vn -0.2167 0.6791 -0.7013
vn 0.5637 0.2887 0.7739
vn 0.4580 0.6325 0.6246
vn 0.2604 0.3959 0.8806
vn 0.0137 0.0493 0.9987
vn 0.0789 -0.4578 0.8856
vn 0.0839 0.4751 0.8759
vn -0.1780 0.9763 -0.1233
vn -0.0878 0.8879 0.4515
vn -0.0952 0.9917 -0.0860
vn 0.4642 0.4672 0.7525
vn -0.4818 0.5404 0.6898
vn -0.5030 0.6818 0.5311
vn -0.2476 0.9687 0.0157
vn -0.6662 0.0243 -0.7453
vn 0.5242 0.5379 -0.6602
vn -0.6198 0.5339 -0.5752
vn 0.1880 0.9575 0.2189
vn 0.5575 0.6747 0.4836
vn 0.2519 0.7372 0.6270
vn -0.1783 0.0869 -0.9801
vn 0.2501 -0.2451 -0.9367
vn 0.1317 0.5577 -0.8195
vn 0.3280 0.8197 -0.4697
vn -0.1726 0.9350 -0.3097
vn 0.2389 0.9523 -0.1900
vn 0.1583 0.9854 0.0620
vn 0.0033 0.8775 -0.4796
vn -0.4568 0.8855 -0.0846
vn 0.4189 0.5545 -0.7191
vn 0.8670 0.3504 -0.3542
vn 0.5383 0.3697 -0.7573
vn 0.9432 -0.0160 -0.3318
vn -0.7275 -0.3859 -0.5672
vn -0.9432 0.2853 0.1705
vn -0.9577 0.1918 0.2148
vn -0.0729 -0.9949 0.0691
vn -0.0527 -0.9966 -0.0628
vn -0.0380 -0.9943 -0.0993
vn 0.2986 0.2542 0.9199
vn -0.3189 0.4967 0.8072
vn 0.2899 -0.2535 0.9229
vn -0.5192 0.4305 0.7383
vn -0.2903 0.3666 0.8839
vn -0.3699 0.2970 0.8803
vn 0.0618 0.1264 0.9901
vn -0.0188 0.9429 -0.3325
vn 0.1794 0.9223 -0.3424
vn -0.1565 0.6026 -0.7825
vn 0.1562 0.9874 -0.0234
vn 0.1536 0.5775 -0.8018
vn 1.0000 -0.0000 -0.0000
vn 0.2586 -0.4020 -0.8784
vn 0.1583 -0.7583 -0.6324
vn 0.1131 -0.8251 -0.5536
vn 0.7949 0.2286 0.5621
vn 0.4179 -0.3504 0.8382
vn 0.2561 0.5674 0.7826
vn 0.1788 -0.5044 0.8447
vn 0.2871 0.8460 0.4493
vn 0.0408 0.9935 0.1059
vn 1.0000 0.0053 0.0031
vn 1.0000 -0.0040 -0.0023
vn 1.0000 0.0040 0.0023
vn 0.3423 0.9396 -0.0035
vn 0.8602 0.4671 -0.2046
vn 0.1717 0.9824 0.0734
vn -0.4382 0.8939 0.0941
vn -0.6234 -0.4315 -0.6520
vn 0.2513 0.7688 -0.5880
vn -0.3092 -0.1614 0.9372
vn -0.3073 -0.1631 0.9375
vn -0.3106 -0.1605 0.9369
vn -0.8215 -0.1072 0.5600
vn -0.2899 -0.2535 0.9229
vn -0.2986 0.2542 0.9199
vn -0.2086 0.6653 -0.7168
vn -0.6817 0.7098 -0.1774
vn -0.3577 0.9288 -0.0966
vn 0.0146 -0.4412 -0.8973
vn 0.0540 -0.9509 -0.3047
vn 0.0516 -0.9454 -0.3218
vn 0.9803 0.1940 0.0378
vn 0.9810 0.1900 0.0406
vn 0.9784 0.2043 0.0307
vn -0.1456 0.8936 0.4247
vn -0.0277 0.0027 0.9996
vn -0.0075 -0.0291 0.9995
vn -0.4377 -0.8807 0.1812
vn -0.4180 -0.8852 0.2041
vn -0.4386 -0.8805 0.1801
vn -0.2592 0.2172 0.9411
vn -0.5423 0.0654 0.8377
vn -0.2200 0.2225 0.9498
vn 0.0852 0.2404 -0.9669
vn 0.0281 0.7255 -0.6876
vn 0.2167 0.6791 -0.7013
vn 0.6387 0.2737 0.7191
vn 0.2359 0.3912 0.8895
vn 0.3133 -0.1227 0.9417
vn 0.9992 -0.0329 -0.0207
vn 0.9977 -0.0516 -0.0431
vn 0.9994 -0.0303 -0.0176
vn 0.2256 -0.0082 -0.9742
vn 0.6299 -0.1067 -0.7693
vn 0.1970 -0.0239 -0.9801
vn -0.9574 -0.2357 -0.1670
vn -0.7291 -0.2071 -0.6523
vn -0.8989 -0.3489 -0.2651
vn 0.9608 -0.0781 -0.2661
vn 0.9519 0.1320 -0.2766
vn 0.9521 0.1294 -0.2771
vn -0.3423 0.9396 -0.0035
vn -0.1717 0.9824 0.0734
vn -0.8602 0.4671 -0.2046
vn -0.0562 -0.5579 0.8280
vn 0.0620 -0.0289 0.9977
vn -0.1570 -0.0495 0.9864
vn -0.1224 -0.0222 -0.9922
vn -0.7226 0.0443 -0.6899
vn -0.2248 0.2834 -0.9323
vn -0.0270 -0.9987 0.0443
vn -0.0251 -0.9985 0.0485
vn -0.0562 -0.9977 0.0390
vn -0.0264 0.8073 0.5896
vn 0.0732 0.7851 0.6150
vn 0.0218 0.8168 0.5765
vn -0.2586 -0.7209 0.6430
vn -0.1286 -0.5155 0.8472
vn -0.5062 -0.6987 0.5056
vn 0.9068 -0.1343 0.3995
vn -0.3634 -0.1886 0.9123
vn 0.1098 -0.1036 0.9885
vn -0.7669 -0.5865 0.2606
vn -0.3881 -0.8394 0.3804
vn -0.2640 -0.7107 0.6520
vn 0.0449 0.5077 -0.8603
vn 0.1484 0.8288 -0.5395
vn 0.1166 0.8341 -0.5391
vn -0.6319 -0.7546 0.1769
vn -0.3237 -0.7596 0.5641
vn -0.3250 0.1777 0.9289
vn 0.6091 -0.7925 0.0324
vn 0.0154 -0.7372 0.6755
vn 0.0116 -0.2694 0.9630
vn -0.0000 0.5843 0.8115
vn -0.6275 -0.5035 0.5940
vn -0.0003 -1.0000 0.0002
vn 0.6333 -0.5156 0.5772
vn 0.7669 -0.5865 0.2606
vn 0.2640 -0.7108 0.6520
vn 0.3881 -0.8394 0.3804
vn -0.4979 0.7616 -0.4147
vn -0.8777 0.3953 -0.2709
vn -0.8904 0.4091 -0.1994
vn -0.0065 0.2197 -0.9756
vn -0.1164 -0.8704 -0.4784
vn 0.0006 0.1342 -0.9910
vn 0.5192 0.4305 0.7383
vn 0.3189 0.4967 0.8072
vn 0.2903 0.3666 0.8839
vn 0.3923 0.3370 0.8559
vn -0.0695 0.1426 0.9873
vn -0.6122 0.6228 0.4872
vn -0.3156 0.9484 0.0306
vn -0.5986 -0.6377 0.4848
vn -0.9803 0.0002 0.1976
vn 0.0383 0.8150 0.5782
vn -0.9779 -0.0272 0.2072
vn 0.3418 0.5187 0.7837
vn -0.3796 0.9081 -0.1771
vn 0.0003 0.8896 -0.4567
vn -0.0040 0.8899 -0.4561
vn 0.0006 0.8895 -0.4569
vn 0.1028 0.8927 -0.4388
vn -0.9021 0.1970 0.3839
vn -0.9315 -0.2942 0.2137
vn -0.6742 -0.5137 0.5306
vn 0.1569 0.8035 0.5742
vn 0.0725 0.9950 0.0691
vn -0.0805 0.9904 0.1127
vn -0.7384 -0.6307 0.2386
vn -0.7805 -0.0434 -0.6236
vn -0.7739 -0.0128 -0.6331
vn -0.7736 -0.0114 -0.6336
vn -0.0170 0.5421 -0.8401
vn -0.7704 -0.0422 -0.6362
vn -0.5147 -0.5184 -0.6828
vn -0.8710 -0.4875 0.0615
vn 0.1422 -0.9326 0.3317
vn -0.2598 -0.9588 -0.1150
vn 0.2886 -0.5848 -0.7581
vn 0.2471 -0.6368 -0.7304
vn -0.2622 -0.6416 -0.7208
vn -0.0094 -0.7113 -0.7029
vn -0.6186 -0.6298 -0.4697
vn -0.7000 -0.4342 0.5669
vn -0.7924 0.3627 0.4905
vn -0.5721 -0.6813 -0.4567
vn 0.2936 -0.5840 -0.7568
vn -0.4840 -0.7867 -0.3833
vn -0.8807 -0.4266 -0.2061
vn -0.4108 -0.7484 -0.5208
vn -0.5708 -0.4289 -0.7002
vn -0.6749 -0.5696 -0.4692
vn -0.7062 -0.7077 0.0212
vn 0.2699 0.9321 0.2417
vn 0.1484 0.9295 0.3376
vn 0.3758 0.8764 0.3011
vn 0.1908 0.9519 -0.2399
vn 0.8176 0.5198 0.2475
vn 0.2861 0.7353 0.6144
vn -0.0154 -0.7372 0.6755
vn 0.1864 0.0913 0.9782
vn 0.5933 0.7915 0.1467
vn 0.0023 0.6666 0.7454
vn 0.0895 0.2730 -0.9579
vn -0.6599 0.1033 -0.7442
vn -0.8466 0.1693 -0.5046
vn -0.1666 0.9471 0.2743
vn -0.0451 -0.2230 0.9738
vn -0.1129 0.3829 0.9169
vn -0.0899 0.2047 0.9747
vn -0.2543 0.1541 0.9548
vn -0.0682 -0.5557 0.8286
vn 0.0313 -0.2439 0.9693
vn 0.0666 0.1611 0.9847
vn 0.0284 0.4260 0.9043
vn 0.0359 0.0722 0.9967
vn -0.4460 0.7600 0.4728
vn -0.0503 0.7335 -0.6778
vn -0.3596 0.6904 -0.6278
vn 0.9855 -0.0265 -0.1674
vn 0.5905 -0.0853 -0.8025
vn 0.7140 -0.2213 0.6642
vn 0.0100 0.9492 0.3145
vn -0.0290 0.4464 0.8944
vn -0.0254 0.4652 0.8849
vn -0.0486 0.9869 0.1536
vn -0.0456 0.9864 0.1581
vn -0.0485 0.9867 0.1548
vn -0.0121 -0.6867 0.7269
vn -0.0606 -0.7229 0.6883
vn 0.8182 -0.1472 0.5558
vn -0.6175 0.7809 0.0944
vn -0.9656 0.0139 -0.2597
vn -0.9809 0.1656 -0.1020
vn 0.0822 0.1888 -0.9786
vn 0.4461 0.4967 -0.7445
vn 0.0472 0.0033 0.9989
vn 0.0360 -0.7187 0.6943
vn 0.0450 0.9830 0.1777
vn 0.8009 -0.0076 0.5987
vn -0.7896 0.5746 -0.2152
vn -0.4712 -0.4821 0.7386
vn 0.0002 -0.5208 -0.8537
vn 0.0002 -0.2137 -0.9769
vn 0.0004 -0.5211 -0.8535
vn 0.7540 0.5615 0.3409
vn -0.6705 0.4942 0.5534
vn 0.5540 0.5890 0.5884
vn 0.2122 0.9723 -0.0983
vn 0.0262 0.9722 -0.2326
vn 0.0264 0.9724 -0.2319
vn 0.0395 -0.3290 0.9435
vn 0.0329 0.4496 0.8926
vn 0.0355 0.4162 0.9086
vn 0.1512 0.9303 -0.3342
vn 0.1943 0.9449 0.2634
vn -0.1943 0.9449 0.2634
vn -0.0989 -0.2790 0.9552
vn 0.4902 0.2781 -0.8261
vn -0.1430 -0.2812 0.9489
vn 0.0064 0.9392 -0.3434
vn -0.0000 0.5618 -0.8273
vn -0.6221 -0.0811 -0.7788
vn -0.1700 0.3177 -0.9328
vn -0.2968 -0.3503 -0.8884
vn -0.4883 -0.8725 0.0163
vn -0.0220 -0.9997 -0.0136
vn -0.0104 -0.9999 -0.0000
vn -0.2465 0.4882 0.8372
vn -0.0060 0.9981 0.0612
vn -0.3169 0.7993 0.5107
vn -0.8655 0.4629 -0.1912
vn -0.8593 0.4763 -0.1864
vn -0.4197 -0.8611 -0.2870
vn -0.4315 -0.5420 0.7211
vn 0.1413 -0.9840 0.1081
vn -0.3130 0.9134 -0.2602
vn -0.1561 0.9697 -0.1880
vn -0.2182 0.9753 0.0335
vn 0.0042 -0.2794 -0.9602
vn 0.0344 0.5717 -0.8197
vn 0.0226 -0.4270 -0.9040
vn -0.2595 -0.1051 0.9600
vn -0.3408 0.3857 0.8574
vn -0.6798 -0.4952 0.5410
vn -0.5996 -0.4235 0.6790
vn -0.7193 -0.3812 0.5807
vn -0.1390 -0.7173 0.6827
vn -0.1628 -0.4620 0.8718
vn -0.0557 0.9827 0.1768
vn -0.0502 0.9868 0.1538
vn -0.0560 0.9824 0.1781
vn -0.4634 0.3216 -0.8257
vn -0.4833 0.7525 -0.4474
vn -0.9275 0.3711 -0.0451
vn -0.9898 0.1423 0.0005
vn -0.1734 0.8267 0.5352
vn -0.1922 0.6992 0.6886
vn -0.1204 0.8617 0.4928
vn -0.2871 0.8460 0.4493
vn -0.1788 -0.5044 0.8447
vn -0.0398 0.9936 0.1057
vn 0.8244 0.5629 0.0593
vn 0.9820 0.1889 0.0052
vn 0.9579 0.2008 0.2053
vn -0.0078 0.7152 -0.6988
vn 0.2021 0.7445 -0.6363
vn 0.4126 0.1612 -0.8965
vn 0.1145 -0.0942 -0.9889
vn 0.5874 -0.2388 -0.7733
vn 0.5174 -0.3479 -0.7818
vn -0.7886 -0.5826 -0.1966
vn -0.7963 -0.4581 -0.3950
vn -0.7891 -0.2748 -0.5494
vn -0.5930 0.0040 0.8052
vn -0.0920 -0.0126 0.9957
vn -0.0009 0.3095 -0.9509
vn 0.0009 -0.4558 -0.8901
vn -0.0020 -0.4535 -0.8912
vn 0.6101 0.1682 -0.7742
vn 0.9866 0.0003 -0.1633
vn 0.7062 -0.5805 -0.4053
vn -0.2871 -0.8788 0.3811
vn -0.8065 -0.0894 0.5844
vn -0.6012 -0.6598 0.4509
vn -0.4116 -0.1899 -0.8914
vn -0.6209 -0.6172 -0.4833
vn -0.9967 -0.0251 -0.0768
vn -0.0094 0.9721 0.2343
vn -0.0302 0.9971 -0.0700
vn 0.0059 0.9829 -0.1841
vn 0.4431 0.8889 0.1164
vn 0.7014 0.7059 0.0987
vn -0.5322 0.5396 -0.6524
vn -0.7206 -0.1014 0.6859
vn -0.5372 -0.3731 -0.7564
vn -0.9692 0.0416 -0.2428
vn -0.5524 0.2921 -0.7807
vn -0.6270 -0.5014 0.5963
vn -0.9858 0.1682 0.0007
vn -0.9801 0.1963 0.0292
vn 0.8714 -0.4896 0.0310
vn -0.5880 -0.7700 -0.2477
vn 0.7141 -0.6913 -0.1103
vn -0.3496 -0.1467 0.9254
vn -0.6528 0.6356 -0.4122
vn -0.7865 -0.6005 -0.1442
vn 0.9926 -0.1198 0.0177
vn 0.9851 -0.1076 0.1342
vn 0.9899 0.1408 0.0158
vn 0.9828 0.1839 -0.0131
vn 0.9834 0.1812 -0.0094
vn 0.9882 -0.1526 -0.0103
vn 0.8441 -0.1983 0.4982
vn -0.7151 0.6954 -0.0714
vn -0.7943 0.6039 -0.0663
vn -0.3458 0.9382 -0.0127
vn -0.0495 -0.0124 0.9987
vn 0.0466 -0.0110 0.9989
vn -0.0021 0.3959 0.9183
vn -0.2685 0.1190 0.9559
vn 0.2663 0.1203 0.9563
vn -0.3999 0.5178 0.7563
vn 0.3935 0.5201 0.7581
vn -0.1756 0.6791 0.7127
vn 0.1682 0.6805 0.7132
vn 0.3421 -0.9393 -0.0255
vn 0.3444 -0.8916 0.2940
vn 0.4498 -0.7038 0.5498
vn 0.3540 0.3726 0.8578
vn 0.8142 -0.4514 0.3652
vn 0.7837 0.4358 0.4426
vn 0.4872 -0.8731 0.0188
vn 0.6052 -0.7941 -0.0565
vn -0.6379 0.7701 0.0022
vn -0.1222 0.2991 0.9464
vn -0.0009 0.7502 -0.6612
vn -0.9304 0.3049 0.2036
vn -0.4512 0.4470 0.7724
vn -0.4476 0.6892 0.5699
vn -0.2661 0.0620 -0.9619
vn -0.5756 -0.0022 -0.8177
vn -0.9845 0.1717 -0.0369
vn -0.5358 0.7247 -0.4332
vn 0.4259 0.8536 -0.2999
vn 0.7266 0.5958 -0.3421
vn -0.7540 0.5615 0.3409
vn -0.5540 0.5890 0.5884
vn -0.0051 0.6278 0.7784
vn 0.0005 0.6165 0.7874
vn -0.0010 0.6196 0.7849
vn 0.1626 0.9863 -0.0272
vn -0.1539 0.5774 -0.8019
vn -0.1564 0.9874 -0.0232
vn -0.0233 0.7674 0.6408
vn 0.0197 0.7896 0.6133
vn -0.4445 -0.4134 -0.7946
vn -0.1529 -0.9837 0.0945
vn 0.5720 -0.1205 0.8113
vn 0.2084 0.6844 -0.6987
vn 0.5157 0.8347 0.1932
vn 0.5979 0.8011 0.0270
vn 0.6561 -0.5973 -0.4613
vn 0.6016 -0.1675 -0.7811
vn 0.5871 -0.2401 -0.7731
vn -0.9653 -0.0027 -0.2610
vn -0.9658 -0.0003 -0.2592
vn -0.9653 -0.0029 -0.2611
vn -0.0588 0.5413 0.8388
vn -0.4267 0.5288 0.7337
vn -0.3958 0.4415 0.8052
vn 0.1902 0.9654 0.1786
vn -0.2336 0.9721 -0.0232
vn 0.2559 0.9664 -0.0248
vn 0.0107 0.9994 -0.0320
vn 0.0280 0.8182 0.5743
vn 0.0379 0.9968 -0.0702
vn 0.6953 -0.6275 -0.3503
vn 0.6922 -0.7162 -0.0886
vn 0.7405 -0.6609 -0.1218
vn -0.0225 0.3816 -0.9241
vn -0.0000 0.3337 -0.9427
vn -0.0000 0.0399 -0.9992
vn 0.8832 0.0606 -0.4650
vn 0.9039 0.2105 -0.3723
vn -0.9926 0.0170 0.1201
vn -0.9774 0.1723 0.1227
vn -0.9942 0.0038 0.1076
vn -0.0666 0.6069 -0.7920
vn -0.0904 0.6350 -0.7672
vn 0.0051 0.7135 -0.7006
vn -0.8922 0.3540 -0.2805
vn -0.4554 0.6484 -0.6100
vn -0.9078 0.3172 -0.2743
vn -0.0064 0.9392 -0.3434
vn 0.3484 0.4777 -0.8065
vn 0.0433 0.2199 -0.9746
vn 0.1429 0.4869 -0.8617
vn 0.9999 -0.0005 0.0104
vn 0.9999 -0.0007 0.0102
vn 1.0000 -0.0063 0.0078
vn 0.2442 0.9581 -0.1494
vn -0.0490 0.7020 -0.7105
vn -0.4651 0.8836 -0.0537
vn -0.0566 0.9351 -0.3498
vn -0.0375 0.7594 0.6495
vn -0.0170 0.4727 0.8811
vn 0.0999 0.9918 -0.0794
vn 0.3733 0.6192 -0.6909
vn 0.1637 0.5917 -0.7894
vn 0.3123 0.9268 -0.2087
vn 0.3089 0.9250 0.2210
vn 0.4641 0.0115 0.8857
vn -0.1442 -0.7325 0.6654
vn 0.6778 -0.7351 -0.0146
vn 0.0011 0.0782 -0.9969
vn 0.0003 0.0777 -0.9970
vn 0.0002 0.0776 -0.9970
vn -0.8124 0.4757 -0.3372
vn -0.4080 0.6166 -0.6733
vn -0.4593 0.4014 -0.7924
vn -0.1425 0.7119 0.6876
vn -0.0938 0.4797 0.8724
vn -0.0515 0.5077 0.8600
vn -0.5751 0.6830 -0.4502
vn -0.1544 0.1847 -0.9706
vn 0.1695 0.2131 -0.9622
vn -0.6670 0.6089 -0.4294
vn -0.5585 0.0237 0.8292
vn -0.7410 0.4029 0.5373
vn -0.6024 0.1282 0.7879
vn -0.7292 -0.0553 -0.6820
vn -0.7764 -0.6277 0.0571
vn -0.0112 0.3243 -0.9459
vn -0.0100 -0.4657 -0.8849
vn -0.9999 -0.0116 -0.0033
vn -0.1737 0.9847 -0.0162
vn -0.0895 0.2730 -0.9579
vn 0.6599 0.1033 -0.7442
vn -0.1353 0.1061 -0.9851
vn -0.3911 -0.0193 -0.9202
vn -0.8973 0.1499 -0.4151
vn -0.3245 0.4454 -0.8345
vn -0.6594 0.3186 -0.6810
vn -0.6194 -0.2995 0.7257
vn -0.2530 0.9534 0.1646
vn -0.4812 0.8662 -0.1343
vn -0.1618 -0.0030 -0.9868
vn -0.4363 0.2569 -0.8623
vn 0.1183 -0.4829 0.8676
vn 0.0548 -0.7283 0.6831
vn -0.9976 -0.0600 -0.0344
vn -0.0908 -0.9956 0.0234
vn -0.1891 -0.9789 -0.0780
vn -0.0000 0.7228 0.6910
vn -0.0000 0.7229 0.6910
vn -0.5964 0.6911 0.4083
vn -0.8781 0.3994 0.2634
vn -0.5509 0.3411 0.7617
vn 0.3314 0.6285 0.7037
vn -0.4682 0.4634 0.7524
vn -0.9079 -0.1376 0.3960
vn 0.3568 -0.1864 0.9154
vn -0.8988 -0.1890 0.3956
vn -0.8134 0.3112 -0.4915
vn -0.4543 0.7053 -0.5442
vn -0.6242 0.7754 -0.0953
vn -0.9973 -0.0739 -0.0021
vn -0.9956 -0.0937 0.0014
vn -0.9995 -0.0183 0.0258
vn -0.0485 -0.8746 0.4825
vn 0.0285 -0.4545 -0.8903
vn -0.0122 -0.9586 -0.2844
vn -0.0070 -0.9375 -0.3479
vn -0.0159 0.3322 -0.9431
vn -0.0221 0.8784 -0.4774
vn -0.0050 0.2996 -0.9540
vn -0.2678 0.9635 -0.0049
vn -0.1171 0.8702 -0.4786
vn -0.4358 0.8457 -0.3081
vn 0.1854 0.0559 0.9811
vn 0.5563 0.6097 -0.5646
vn 0.0363 0.6104 -0.7912
vn 0.2742 0.6941 -0.6656
vn -0.6686 0.7032 -0.2418
vn -0.1984 0.9663 -0.1641
vn -0.6448 0.6305 -0.4321
vn 0.0044 -0.9433 -0.3320
vn -0.6024 -0.6707 0.4327
vn -0.6923 -0.3176 0.6479
vn 0.8810 0.1964 -0.4305
vn 0.1908 0.9717 -0.1391
vn -0.2342 0.7856 -0.5726
vn -0.3218 0.9158 -0.2405
vn -0.2114 0.9772 0.0197
vn -0.4322 0.9009 0.0389
vn 0.7268 0.6493 0.2238
vn 0.6851 0.7213 0.1018
vn 0.9344 0.3516 0.0562
vn 0.0106 0.9995 -0.0307
vn 0.0273 0.8177 0.5750
vn 0.0379 0.9969 -0.0684
vn 0.7219 0.6036 0.3385
vn 0.3820 0.9148 -0.1314
vn 0.3659 0.8128 0.4533
vn -0.9999 -0.0099 -0.0096
vn -0.5576 -0.2019 0.8052
vn 0.7868 -0.6163 0.0321
vn 0.8189 -0.5728 0.0377
vn 0.7769 -0.6296 -0.0025
vn -0.2282 -0.0718 -0.9710
vn -0.3370 -0.1080 -0.9353
vn -0.3886 0.1656 -0.9064
vn 0.0994 0.9898 -0.1022
vn -0.2545 0.8945 0.3676
vn 0.2545 0.8945 0.3676
vn -0.2605 0.0572 -0.9638
vn -0.7320 0.6749 -0.0937
vn -0.9437 0.1738 -0.2813
vn 0.2495 0.0605 -0.9665
vn 0.9470 0.1829 -0.2639
vn 0.7316 0.6750 -0.0955
vn -0.1012 0.0152 0.9948
vn -0.1473 0.0700 0.9866
vn -0.1036 0.0166 0.9945
vn 0.4819 -0.3011 0.8228
vn 0.7529 0.5741 0.3217
vn 0.8653 0.0123 0.5010
vn -0.4600 -0.3247 0.8264
vn -0.8161 -0.0384 0.5766
vn -0.7593 0.5649 0.3229
vn -0.5397 0.0279 -0.8414
vn -0.3598 0.6602 -0.6593
vn -0.3037 0.6795 -0.6679
vn -0.6366 0.7659 -0.0903
vn -0.1704 0.9739 0.1500
vn -0.2148 0.9395 -0.2669
vn -0.4132 0.2496 -0.8758
vn -0.3296 0.6747 -0.6604
vn -0.1252 0.7120 -0.6909
vn 0.6412 -0.6166 0.4568
vn -0.4347 -0.0225 0.9003
vn -0.0852 -0.6183 0.7813
vn -0.9834 0.1115 -0.1431
vn -0.8161 0.5686 0.1038
vn 0.0155 0.7463 -0.6655
vn -0.2432 0.7138 0.6567
vn -0.8648 0.2689 0.4239
vn -0.6485 0.2410 0.7220
vn -0.0581 -0.7682 -0.6376
vn -0.0436 -0.7597 -0.6488
vn 0.0379 0.0020 0.9993
vn -0.0584 0.2198 0.9738
vn -0.0938 0.2985 0.9498
vn 0.0002 0.7528 0.6582
vn 0.0003 0.7529 0.6582
vn -0.0011 0.7520 0.6592
vn 0.4444 0.8952 0.0342
vn 0.0499 0.9978 -0.0442
vn 0.4557 0.8820 -0.1201
vn -0.0365 -0.7460 0.6649
vn -0.0402 0.1077 0.9934
vn -0.0404 0.1420 0.9890
vn 0.0856 0.3579 0.9298
vn -0.1274 0.5322 0.8370
vn -0.0472 0.3775 0.9248
vn -0.9650 -0.2516 0.0738
vn -0.9994 -0.0312 -0.0161
vn -0.9994 -0.0259 -0.0208
vn -0.1602 0.5503 -0.8194
vn 0.6125 0.4979 -0.6140
vn -0.0692 0.4147 -0.9073
vn -0.0910 0.3892 -0.9166
vn -0.0265 0.2226 -0.9745
vn 0.6366 0.7659 -0.0903
vn 0.1704 0.9739 0.1500
vn 0.5063 0.8402 0.1945
vn 0.1218 0.9537 0.2750
vn -0.2142 0.9768 -0.0092
vn -0.1404 0.8885 0.4369
vn 0.6705 0.1889 0.7174
vn 0.7069 0.1401 0.6934
vn -0.0410 0.2935 0.9551
vn 0.1887 0.1341 0.9728
vn -0.0003 -1.0000 0.0003
vn 0.7001 0.0066 -0.7140
vn 0.7030 0.2728 -0.6568
vn 0.7013 0.0062 -0.7129
vn 0.0079 -0.6344 0.7730
vn -0.3586 -0.4335 0.8267
vn -0.5220 -0.3976 0.7546
vn 0.0544 0.6922 0.7197
vn 0.1411 0.5054 0.8513
vn -0.7717 0.4569 0.4424
vn 0.9992 0.0276 0.0275
vn 0.9993 0.0273 0.0271
vn 0.9963 0.0789 0.0341
vn 0.7961 -0.6035 0.0443
vn 0.7886 -0.5501 0.2748
vn 0.7886 -0.5826 -0.1966
vn -0.7232 0.6797 -0.1229
vn -0.7244 0.6783 -0.1231
vn -0.7230 0.6799 -0.1228
vn -0.0000 -0.0000 -1.0000
vn 0.3462 0.9347 0.0807
vn -0.1512 0.9303 -0.3342
vn -0.2009 0.9784 -0.0482
vn -0.3075 0.5929 -0.7443
vn -0.7316 0.6812 -0.0255
vn -0.6457 0.7237 0.2438
vn -0.2234 0.9210 0.3191
vn 0.2669 0.9446 0.1912
vn 0.2362 0.6751 0.6988
vn 0.7154 0.6713 0.1937
vn -0.0902 0.6248 -0.7755
vn -0.6494 0.6118 -0.4516
vn 0.2435 0.8981 -0.3662
vn -0.0966 0.9899 -0.1033
vn -0.3370 0.8944 -0.2942
vn -0.0736 0.9915 -0.1073
vn -0.2863 0.9071 0.3084
vn 0.5049 0.7372 -0.4490
vn 0.5368 0.8362 0.1123
vn 0.7000 -0.0850 0.7090
vn 0.0919 -0.0591 0.9940
vn -0.6892 0.7173 0.1021
vn -0.6718 0.6568 0.3425
vn -0.9408 0.3337 0.0592
vn -0.7886 -0.5501 0.2748
vn -0.7961 -0.6035 0.0443
vn 0.2409 0.9190 0.3121
vn 0.5197 0.8536 0.0363
vn 0.2516 0.8868 -0.3876
vn -0.2669 0.9446 0.1912
vn 0.3370 0.8944 -0.2942
vn 0.0736 0.9915 -0.1073
vn 0.0966 0.9899 -0.1033
vn 0.2234 0.9210 0.3191
vn 0.6457 0.7237 0.2438
vn 0.2009 0.9784 -0.0482
vn 0.7316 0.6812 -0.0255
vn 0.1984 0.9663 -0.1641
vn -0.3462 0.9347 0.0807
vn 0.6448 0.6305 -0.4321
vn 0.3075 0.5929 -0.7443
vn 0.4264 0.9041 0.0289
vn 0.4295 0.9020 0.0429
vn 0.4305 0.9014 0.0472
vn 0.3347 -0.4717 0.8158
vn 0.5376 -0.1852 0.8226
vn 0.4830 0.7847 -0.3885
vn -0.3254 0.8681 0.3750
vn 0.3631 0.8824 0.2991
vn 0.0431 0.8878 -0.4583
vn 0.1436 0.9896 -0.0078
vn 0.0525 0.8814 -0.4695
vn -0.6577 0.7532 -0.0027
vn -0.6300 0.7412 0.2316
vn -0.0795 0.9919 -0.0991
vn 0.0144 -0.0172 0.9997
vn 0.2468 -0.6123 0.7511
vn -0.0946 0.0065 0.9955
vn -0.3565 -0.2958 0.8862
vn -0.0000 -0.5869 0.8097
vn -0.0000 -0.0000 1.0000
vn 0.9811 0.1931 -0.0137
vn 0.8103 -0.3673 0.4566
vn 0.9809 0.1922 -0.0303
vn 0.0137 -0.9992 -0.0365
vn -0.7515 0.0144 0.6595
vn -0.6001 0.1018 0.7935
vn 0.2974 -0.1284 0.9461
vn 0.0063 0.7211 0.6928
vn -0.0583 0.7173 -0.6943
vn 0.1053 0.9907 -0.0865
vn 0.3789 0.8847 -0.2717
vn 0.7612 -0.2096 0.6137
vn 0.7876 -0.5933 0.1663
vn 0.9829 -0.0849 0.1632
vn -0.2822 0.5995 -0.7490
vn -0.6956 0.5701 -0.4372
vn -0.6345 0.7581 -0.1504
vn -0.5832 0.5640 0.5847
vn 0.6573 0.7536 -0.0022
vn 0.0802 0.9941 -0.0735
vn 0.5748 0.7937 0.1991
vn -0.2459 0.5368 -0.8071
vn -0.0000 0.7247 0.6891
vn 0.6988 0.6000 -0.3895
vn 0.6377 0.7578 -0.1386
vn 0.8961 0.1185 0.4277
vn 0.5139 -0.7125 -0.4777
vn 0.8772 0.1444 -0.4579
vn -0.0190 0.3355 -0.9419
vn 0.0058 0.9062 -0.4229
vn -0.0104 0.8726 -0.4884
vn -0.2156 -0.3455 -0.9133
vn -0.2795 -0.1536 -0.9478
vn 0.0823 -0.8269 -0.5562
vn -0.3659 0.8128 0.4533
vn -0.7306 0.2521 0.6346
vn -0.3574 0.3177 0.8783
vn -0.9889 0.1485 -0.0019
vn -0.0023 0.0115 -0.9999
vn 0.9911 0.0588 0.1191
vn 0.9890 0.1482 0.0037
vn 0.9937 0.0403 0.1045
vn -0.1330 0.1559 0.9788
vn -0.1533 -0.1380 0.9785
vn -0.1542 -0.1584 0.9753
vn -0.0000 -0.5440 0.8391
vn 0.6962 0.7117 -0.0938
vn 0.2854 0.7957 -0.5343
vn 0.8835 0.0503 -0.4658
vn 0.1571 0.9871 0.0297
vn 0.6805 0.2145 0.7006
vn 0.6844 0.2147 0.6968
vn 0.8565 0.1609 0.4905
vn 0.5951 0.4791 -0.6452
vn 0.2148 0.9395 -0.2669
vn -0.6304 0.3500 -0.6929
vn -0.3048 -0.4026 -0.8631
vn -0.8356 0.0512 -0.5469
vn 0.5430 -0.2093 -0.8133
vn 0.2312 -0.6754 -0.7003
vn -0.2301 0.0927 0.9687
vn -0.5550 0.5795 0.5968
vn -0.9889 -0.1441 -0.0358
vn -0.8953 -0.2875 -0.3403
vn -0.7030 -0.6318 -0.3266
vn -0.8823 -0.4689 -0.0412
vn -0.8671 0.1721 -0.4674
vn -0.4929 -0.0846 -0.8660
vn -0.5209 0.4682 -0.7138
vn -0.1539 0.7522 -0.6407
vn -0.4140 0.3944 -0.8204
vn 0.1010 0.5262 -0.8443
vn 0.0343 0.6970 -0.7163
vn 0.9898 0.1423 0.0005
vn 0.9843 -0.1018 0.1440
vn 0.8953 -0.2875 -0.3403
vn -0.9843 -0.1018 0.1440
vn -0.9609 -0.0739 0.2668
vn 0.6438 0.2872 -0.7093
vn -0.4658 0.8228 0.3255
vn 0.5602 0.7553 0.3402
vn -1.0000 0.0002 0.0063
vn 0.1551 0.7887 -0.5949
vn -0.7795 0.2545 -0.5723
vn 0.1511 0.6522 -0.7429
vn 0.0854 0.4793 -0.8735
vn 0.4602 0.6357 -0.6197
vn 0.9582 -0.2726 0.0873
vn 0.9482 -0.3025 -0.0965
vn 0.4096 0.3525 -0.8414
vn 0.5493 0.5017 -0.6683
vn 0.3106 0.5254 -0.7921
vn 0.4551 0.3194 -0.8312
vn -0.5193 0.2457 -0.8185
vn -0.3829 0.4940 -0.7806
vn -0.4787 0.3974 -0.7829
vn -0.8025 0.2977 -0.5171
vn -0.0213 0.3728 -0.9277
vn -0.7699 0.4173 -0.4827
vn 0.1563 0.2513 -0.9552
vn 0.4210 0.3751 -0.8259
vn 0.3932 0.0011 -0.9195
vn -0.0000 0.9959 0.0905
vn 0.0302 0.9971 -0.0700
vn 0.2484 0.9579 0.1440
vn 0.0094 0.9721 0.2343
vn -0.2374 -0.9191 0.3144
vn 0.1519 -0.5621 0.8130
vn -0.2104 -0.9245 0.3180
vn -0.1161 0.9631 0.2428
vn -0.1777 -0.8600 -0.4783
vn -0.0058 -0.8526 -0.5225
vn -0.5016 0.4670 -0.7282
vn -0.6885 -0.3514 -0.6345
vn -0.7727 -0.6299 -0.0785
vn -0.4043 0.3644 -0.8389
vn -0.6664 0.3782 -0.6425
vn -0.9892 0.1446 -0.0260
vn -0.8943 0.4466 -0.0284
vn -0.3577 0.0477 -0.9326
vn -0.9344 -0.1705 0.3126
vn -0.9911 0.0421 0.1260
vn 0.6492 0.3834 -0.6568
vn 0.2829 -0.3995 -0.8720
vn 0.2010 -0.1077 -0.9737
vn -0.9705 -0.2135 0.1121
vn -0.9988 -0.0442 -0.0206
vn 0.4336 0.0395 0.9002
vn 0.4316 0.0405 0.9012
vn 0.4295 0.0415 0.9021
vn -0.3325 -0.7513 0.5700
vn -0.3336 -0.3587 0.8718
vn -0.5284 -0.5846 0.6157
vn -0.3038 -0.5818 0.7545
vn -0.0009 0.4779 -0.8784
vn -0.0298 0.0096 -0.9995
vn -0.1620 -0.3196 0.9336
vn 0.2366 0.6286 -0.7409
vn 0.6968 0.3077 -0.6479
vn 0.7624 0.1324 -0.6335
vn -0.3280 0.8197 -0.4697
vn 0.0201 0.4782 -0.8780
vn 0.1726 0.9350 -0.3097
vn 0.1122 0.4179 0.9016
vn 0.2202 0.4133 0.8835
vn 0.1370 -0.0678 0.9882
vn 0.6983 -0.0869 0.7105
vn 0.0928 -0.0617 0.9938
vn 0.8446 -0.2019 0.4959
vn -0.5960 -0.5613 0.5742
vn -0.4112 -0.4277 0.8050
vn -0.6347 -0.3657 0.6807
vn 0.0619 0.7488 -0.6599
vn -0.0591 0.7971 0.6009
vn -0.1167 0.6342 0.7643
vn -0.9958 0.0273 0.0870
vn -0.7750 0.4023 0.4874
vn -0.9992 0.0385 -0.0078
vn -0.2978 -0.5956 0.7461
vn 0.2562 -0.5063 -0.8234
vn -0.9654 0.1161 -0.2335
vn 0.2313 0.9713 0.0549
vn -0.0908 -0.3187 0.9435
vn -0.3670 0.6040 -0.7074
vn -0.7459 -0.6483 0.1528
vn -0.4911 0.8518 -0.1826
vn -0.7468 -0.3083 0.5893
vn -0.4618 0.8797 -0.1137
vn -0.2566 0.5884 -0.7668
vn -0.4831 -0.2407 -0.8418
vn -0.1278 -0.1560 -0.9795
vn -0.4266 -0.5776 -0.6959
vn -0.1957 -0.7548 -0.6261
vn 0.0867 -0.4089 -0.9084
vn 0.1171 0.1399 -0.9832
vn -0.2533 0.7189 -0.6473
vn -0.9821 -0.1877 0.0181
vn 0.0013 0.3210 -0.9471
vn -0.0008 0.8934 -0.4493
vn 0.0011 0.8992 -0.4375
vn -0.7231 -0.6243 0.2957
vn -0.6949 -0.0143 0.7190
vn -0.0838 0.9496 -0.3019
vn -0.2336 0.9623 0.1397
vn -0.2540 0.9099 -0.3279
vn -0.4411 0.3546 -0.8244
vn -0.5648 0.5028 -0.6544
vn -0.2520 0.4728 -0.8444
vn 0.6587 0.4145 -0.6279
vn 0.3824 0.6485 -0.6582
vn -0.4587 0.8505 0.2574
vn -0.4463 0.8917 -0.0758
vn 0.5297 0.7913 0.3055
vn 0.8737 0.4219 0.2422
vn 0.0126 0.9990 -0.0422
vn 0.1104 0.9731 0.2024
vn 0.0110 0.9992 -0.0372
vn -0.3146 0.9471 -0.0638
vn -0.4131 -0.0450 -0.9096
vn -0.1474 0.3069 -0.9403
vn -0.8904 0.0731 0.4493
vn -0.8862 0.0562 0.4598
vn -0.8910 0.0756 0.4477
vn -0.5063 0.8402 0.1945
vn -0.1571 0.9871 0.0297
vn -0.9978 0.0579 0.0307
vn -0.3808 0.9032 0.1982
vn -0.5951 0.4791 -0.6452
vn -0.5430 -0.2093 -0.8133
vn -0.2312 -0.6754 -0.7003
vn -0.2397 -0.9702 -0.0344
vn -0.9036 0.4061 0.1365
vn -0.1551 0.7887 -0.5949
vn 0.0942 0.3468 -0.9332
vn -0.2403 0.9560 0.1685
vn 0.1318 -0.7985 -0.5873
vn 0.4929 -0.0846 -0.8660
vn 0.8671 0.1721 -0.4674
vn 0.5209 0.4682 -0.7138
vn -0.6193 0.6742 -0.4025
vn -0.8732 -0.0769 -0.4812
vn -0.5303 -0.5867 -0.6120
vn -0.0013 0.1466 0.9892
vn -0.3799 -0.0017 0.9250
vn -0.5602 -0.6920 0.4553
vn -0.3846 -0.0000 0.9231
vn 0.5163 0.8494 -0.1089
vn 0.9609 -0.0739 0.2668
vn -0.5247 0.6275 -0.5753
vn -0.1511 0.6522 -0.7429
vn 0.4411 0.3546 -0.8244
vn -0.4096 0.3525 -0.8414
vn -0.5493 0.5017 -0.6683
vn -0.0854 0.4793 -0.8735
vn -0.4551 0.3194 -0.8312
vn -0.3106 0.5254 -0.7921
vn 0.0213 0.3728 -0.9277
vn 0.7699 0.4173 -0.4827
vn 0.4833 0.7525 -0.4474
vn 0.7795 0.2545 -0.5723
vn -0.3104 0.1533 0.9382
vn -0.5474 0.4280 0.7192
vn 0.9705 -0.2135 0.1121
vn 0.9988 -0.0442 -0.0206
vn 0.9892 0.1446 -0.0260
vn 0.1482 -0.3858 -0.9106
vn 0.4478 0.2939 -0.8445
vn 0.9344 -0.1705 0.3126
vn 0.9911 0.0421 0.1260
vn 0.4043 0.3644 -0.8389
vn 0.6664 0.3782 -0.6425
vn -0.1269 0.3362 0.9332
vn 0.4597 0.3608 -0.8115
vn -0.5080 -0.4501 -0.7344
vn -0.7673 0.5960 0.2368
vn -0.2698 0.9413 0.2029
vn -0.2354 0.9182 -0.3186
vn 0.3529 0.8906 -0.2870
vn 0.5504 -0.0514 -0.8333
vn 0.2826 0.1262 -0.9509
vn 0.6437 -0.7048 0.2981
vn 0.0617 0.6280 -0.7758
vn -0.2484 0.9579 0.1440
vn -0.0052 -0.3225 0.9466
vn -0.0162 -0.9060 0.4230
vn -0.0154 -0.2967 0.9548
vn -0.1563 0.2513 -0.9552
vn -0.3932 0.0011 -0.9195
vn -0.4210 0.3751 -0.8259
vn 0.0617 0.7662 0.6397
vn 0.2362 -0.0291 -0.9713
vn 0.3330 -0.7511 0.5700
vn 0.3354 -0.3601 0.8705
vn 0.5287 -0.5854 0.6147
vn 0.2913 -0.5850 0.7569
vn 0.1491 0.9496 0.2758
vn -0.0593 0.4176 0.9067
vn 0.1589 0.9525 0.2599
vn -0.0078 0.9274 -0.3741
vn -0.1888 0.5716 -0.7985
vn 0.7314 -0.6677 0.1383
vn 0.6645 0.6740 0.3227
vn 0.6109 0.7130 0.3440
vn -0.1458 0.0719 0.9867
vn -0.1015 -0.5176 0.8496
vn -0.1370 -0.0678 0.9882
vn 0.3014 0.9507 -0.0728
vn 0.1284 0.7079 -0.6945
vn -0.4895 -0.0241 0.8717
vn -0.9851 -0.0059 -0.1716
vn -0.8455 -0.0001 0.5339
vn -0.7874 -0.5920 0.1718
vn -0.7862 -0.2320 0.5727
vn -0.9828 -0.0834 0.1650
vn -0.6836 -0.7273 -0.0613
vn -0.0896 -0.9874 0.1304
vn -0.0922 -0.9853 0.1439
vn 0.5956 -0.5612 0.5747
vn 0.6485 -0.3586 0.6714
vn 0.4105 -0.4274 0.8055
vn 0.1581 -0.3199 0.9342
vn 0.8733 0.4712 -0.1237
vn 0.3168 0.9155 0.2479
vn 0.6409 0.6889 0.3386
vn 0.2929 -0.6011 0.7436
vn -0.4475 -0.0583 -0.8924
vn -0.0563 -0.3723 0.9264
vn 0.0339 0.0173 0.9993
vn -0.0472 0.0033 0.9989
vn 0.3203 0.9321 0.1689
vn 0.4618 0.8797 -0.1137
vn 0.1235 0.9777 -0.1701
vn 0.2566 0.5884 -0.7668
vn 0.0908 -0.9956 0.0234
vn 0.0519 -0.9986 0.0047
vn 0.0375 -0.9956 -0.0864
vn 0.4831 -0.2407 -0.8418
vn 0.4266 -0.5776 -0.6959
vn 0.1957 -0.7548 -0.6261
vn -0.0867 -0.4089 -0.9084
vn -0.1947 0.9330 -0.3026
vn -0.0155 0.7463 -0.6655
vn -0.1189 0.8944 0.4313
vn -0.0001 0.7325 0.6808
vn 0.0485 -0.6458 0.7620
vn 0.5648 0.5028 -0.6544
vn 0.4634 0.3216 -0.8257
vn 0.1767 0.5001 0.8477
vn -0.0046 0.4375 -0.8992
vn -0.1353 0.8897 0.4361
vn 0.3829 0.4940 -0.7806
vn 0.5193 0.2457 -0.8185
vn 0.4787 0.3974 -0.7829
vn 0.1474 0.3069 -0.9403
vn -0.2911 -0.0915 -0.9523
vn -0.9821 -0.1776 0.0631
vn -0.6590 0.4142 -0.6278
vn 0.0880 -0.7367 0.6704
vn -0.1338 -0.5716 0.8096
vn -0.2286 -0.7648 0.6024
vn 0.0398 0.9927 -0.1137
vn 0.0320 0.9884 -0.1485
vn 0.2947 -0.0916 -0.9512
vn 0.4080 0.0347 -0.9123
vn 0.4273 0.1715 -0.8877
vn -0.8633 0.4497 -0.2289
vn 0.6036 -0.4999 -0.6211
vn 0.8748 0.4844 0.0114
vn 0.7544 -0.0832 0.6512
vn -0.7566 -0.5855 0.2910
vn -0.9330 -0.3495 0.0859
vn 0.3907 -0.7070 0.5894
vn -0.0860 0.9009 -0.4254
vn -0.4246 0.8821 -0.2042
vn -0.3478 0.8298 -0.4364
vn 0.5998 0.7536 -0.2690
vn 0.8779 0.4028 -0.2590
vn 0.0744 -0.1938 0.9782
vn 0.0814 -0.8793 0.4693
vn 0.0655 -0.8874 0.4563
vn -0.3837 0.6476 -0.6583
vn 0.2417 0.0229 0.9701
vn 0.2399 0.0274 0.9704
vn 0.2421 0.0219 0.9700
vn 0.7822 0.5913 0.1961
vn 0.2147 0.1878 0.9585
vn 0.4195 0.0272 0.9074
vn 0.2128 -0.3502 0.9122
vn 0.7356 -0.4083 0.5406
vn 0.7577 0.1792 0.6275
vn 0.5717 -0.5371 -0.6202
vn -0.6344 0.0803 -0.7688
vn 0.5541 0.5517 -0.6234
vn -0.2200 0.7517 -0.6218
vn 0.5326 0.7543 0.3839
vn 0.9659 0.0001 0.2589
vn 0.9658 0.0007 0.2594
vn 0.9658 0.0008 0.2594
vn -0.6558 -0.7510 -0.0771
vn -0.0688 -0.9962 -0.0543
vn -0.0796 -0.9905 0.1122
vn -0.9842 0.0398 -0.1724
vn -0.0663 0.4417 -0.8947
vn -0.5660 0.3089 -0.7644
vn 0.1181 -0.8527 0.5089
vn -0.3683 -0.2773 0.8874
vn -0.4000 0.0927 0.9118
vn -0.9552 0.0896 -0.2822
vn -0.1199 -0.0710 -0.9902
vn 0.1567 0.6025 -0.7826
vn 0.1333 -0.2375 -0.9622
vn -0.4087 -0.0180 -0.9125
vn -0.1333 -0.2375 -0.9622
vn -0.6613 -0.3163 -0.6802
vn -0.0574 0.3977 -0.9157
vn -0.0774 0.9387 -0.3359
vn 0.2734 -0.1096 -0.9556
vn 0.4660 -0.4225 -0.7774
vn 0.1199 -0.0710 -0.9902
vn -0.0102 0.9112 0.4119
vn -0.1484 0.9295 0.3376
vn 0.0132 0.7652 0.6437
vn 0.1715 0.9852 0.0010
vn 0.5296 0.7041 -0.4730
vn 0.8539 0.3900 0.3446
vn 0.0638 0.7589 0.6480
vn 0.2051 0.8529 0.4801
vn 0.1477 0.9098 0.3880
vn -0.0000 0.7649 0.6441
vn -0.0000 0.8761 0.4821
vn 0.2654 0.1118 -0.9576
vn 0.1541 0.3378 -0.9285
vn 0.4297 0.4376 -0.7898
vn -0.1704 0.4554 -0.8738
vn -0.0032 0.9543 -0.2989
vn -0.0053 0.9862 -0.1653
vn 0.0226 0.9635 -0.2666
vn -0.0000 -1.0000 -0.0000
vn 0.7177 0.0149 -0.6962
vn -0.4525 -0.5860 -0.6722
vn 0.0631 0.2350 -0.9699
vn 0.0252 0.0164 -0.9995
vn 0.0574 0.3977 -0.9157
vn 0.1952 -0.6733 -0.7131
vn 0.2381 -0.0451 -0.9702
vn 0.0682 -0.9242 -0.3757
vn 0.0769 0.9233 0.3762
vn -0.1578 0.8785 0.4510
vn -0.3284 0.9113 -0.2484
vn -0.3585 0.8958 0.2625
vn -0.2276 -0.2173 0.9492
vn 0.2589 0.0095 0.9658
vn 0.7466 -0.6036 0.2797
vn 0.9854 -0.0265 -0.1679
vn 0.9650 -0.0955 -0.2441
vn 0.3404 0.8644 0.3699
vn 0.3577 0.9288 -0.0966
vn 0.3679 0.5983 0.7118
vn -0.1263 0.9662 -0.2248
vn 0.1263 0.9662 -0.2248
vn 0.5147 -0.7683 0.3805
vn -0.1480 -0.8104 0.5668
vn 0.2480 -0.7879 -0.5637
vn 0.5786 -0.3672 -0.7283
vn 0.7605 0.4293 0.4872
vn 0.3171 -0.7194 -0.6180
vn -0.1238 -0.9620 0.2434
vn 0.2761 -0.6095 0.7432
vn -0.0949 -0.9708 0.2204
vn -0.9183 0.2068 -0.3375
vn -0.9978 0.0645 -0.0181
vn -0.9950 0.0073 -0.1001
vn 0.7246 0.1507 0.6725
vn 0.9988 -0.0442 0.0229
vn 0.7276 -0.3540 -0.5877
vn -0.3731 -0.1839 -0.9094
vn -0.5421 0.4696 -0.6968
vn -0.0918 -0.0351 -0.9952
vn -0.5276 -0.0060 -0.8495
vn 0.1786 0.6762 0.7147
vn 0.0419 -0.4832 -0.8745
vn 0.4087 -0.0180 -0.9125
vn 0.6613 -0.3163 -0.6802
vn -0.2734 -0.1096 -0.9556
vn -0.4660 -0.4225 -0.7774
vn -0.3574 0.2715 -0.8936
vn -0.0187 0.9338 0.3574
vn -0.0298 0.8702 0.4918
vn -0.8737 0.4219 0.2422
vn -0.8539 0.3900 0.3446
vn -0.0638 0.7589 0.6480
vn -0.1477 0.9098 0.3880
vn -0.2051 0.8529 0.4801
vn 0.0231 0.8494 -0.5273
vn -0.4539 0.3089 -0.8358
vn -0.0423 0.8958 -0.4424
vn -0.0424 0.2344 -0.9712
vn -0.3448 0.4858 -0.8032
vn -0.1379 0.5093 -0.8495
vn -0.5028 -0.6701 0.5461
vn -0.3548 -0.6861 0.6351
vn -0.8613 -0.3611 0.3574
vn 0.5609 -0.0450 -0.8266
vn 0.9046 -0.1690 -0.3913
vn -0.6292 0.0189 0.7770
vn -0.6193 0.5655 0.5447
vn -0.6359 0.6896 -0.3465
vn 0.2010 0.0338 -0.9790
vn 0.5469 0.2496 -0.7991
vn -0.7970 0.4587 0.3929
vn -0.7888 0.2786 0.5478
vn -0.7894 0.5838 0.1897
vn -0.9858 0.1680 0.0008
vn -0.9802 0.1960 0.0292
vn -0.0551 -0.1083 -0.9926
vn -0.0631 0.2350 -0.9699
vn -0.0252 0.0164 -0.9995
vn 0.9995 0.0193 -0.0267
vn 0.9927 0.0042 -0.1204
vn 0.9672 -0.0200 -0.2533
vn 0.0102 0.9112 0.4119
vn -0.0132 0.7652 0.6437
vn -0.2200 0.7670 -0.6027
vn 0.2043 0.9705 -0.1282
vn 0.5959 -0.4322 -0.6768
vn 0.0429 0.0965 0.9944
vn 0.9849 -0.0090 -0.1731
vn -0.0994 0.9898 -0.1022
vn -0.3529 0.8906 -0.2870
vn -0.1253 0.9918 0.0254
vn -0.8062 0.1424 -0.5743
vn -0.3405 0.1633 -0.9259
vn -0.2389 0.9523 -0.1900
vn 0.7154 0.6462 0.2657
vn 0.2698 0.9413 0.2029
vn 0.0490 0.7020 -0.7105
vn 0.8299 0.4931 -0.2610
vn -0.5197 0.8536 0.0363
vn -0.2409 0.9190 0.3121
vn -0.2516 0.8868 -0.3876
vn 0.3574 0.3177 0.8783
vn -0.5222 0.5739 -0.6309
vn -0.3330 -0.9199 0.2072
vn -0.3399 -0.9132 -0.2247
vn -0.5807 -0.7823 -0.2255
vn -0.0875 0.4883 -0.8683
vn 0.0810 -0.1514 0.9852
vn 0.9533 0.2701 0.1353
vn 0.1589 0.6699 0.7253
vn -0.7154 0.6462 0.2657
vn 0.1253 0.9918 0.0254
vn -0.3679 0.5983 0.7118
vn -0.8772 0.1444 -0.4579
vn -0.7310 0.4624 0.5018
vn -0.7032 0.4627 -0.5398
vn -0.2860 0.6917 -0.6631
vn -0.3568 0.4784 -0.8024
vn 0.0903 0.0624 -0.9940
vn -0.1598 0.2948 -0.9421
vn -0.0262 0.9898 -0.1397
vn -0.0174 0.8787 -0.4771
vn -0.0275 0.9898 -0.1395
vn 0.2031 0.3985 -0.8944
vn -0.2366 0.6286 -0.7409
vn -0.2031 0.3985 -0.8944
vn -0.5779 0.7759 0.2530
vn 0.7897 0.5088 -0.3427
vn -0.6492 0.7258 0.2275
vn 0.7635 0.6440 0.0492
vn 0.9551 0.2963 0.0047
vn 0.9351 0.3257 0.1399
vn -0.0696 -0.0143 0.9975
vn -0.0804 -0.0179 0.9966
vn 0.2753 0.7638 -0.5838
vn 0.1836 0.9596 -0.2132
vn -0.0591 0.4575 0.8872
vn -0.0662 0.3191 0.9454
vn -0.0582 -0.1035 0.9929
vn 0.0447 0.9990 -0.0086
vn -0.0469 0.1457 0.9882
vn 0.1075 -0.1078 0.9883
vn -0.3568 -0.1864 0.9154
vn -0.9978 0.0583 0.0309
vn -0.0783 0.9969 -0.0081
vn -0.1489 -0.7344 0.6622
vn 0.7423 -0.4010 0.5368
vn 0.1179 -0.7174 0.6866
vn 0.3092 0.1599 -0.9375
vn 0.3094 0.1599 -0.9374
vn 0.3094 0.1600 -0.9374
vn -0.0082 -0.9747 0.2235
vn -0.0112 0.3177 0.9481
vn -0.4912 -0.2786 0.8253
vn 0.0945 0.2794 -0.9555
vn 0.1393 0.2818 -0.9493
vn -0.3582 0.4023 0.8425
vn -0.2050 -0.6835 -0.7005
vn -0.4989 -0.7183 0.4849
vn -0.5139 -0.7125 -0.4777
vn -0.0004 -0.9287 0.3708
vn 0.0025 -0.9517 -0.3070
vn 0.0034 -0.9290 0.3702
vn -0.8329 -0.5355 -0.1397
vn -0.9381 -0.2434 0.2466
vn -0.6658 -0.3158 0.6760
vn 0.0986 -0.8964 -0.4322
vn 0.0994 -0.8960 -0.4329
vn 0.1062 -0.8923 -0.4388
vn 0.0583 0.7173 -0.6943
vn 0.9496 -0.0030 0.3134
vn -0.5157 0.3260 0.7923
vn -0.5164 0.3256 0.7920
vn -0.5155 0.3262 0.7924
vn -0.5549 0.3435 0.7577
vn 0.8427 -0.3673 0.3936
vn -0.1578 0.5996 -0.7846
vn -0.0529 0.0951 0.9941
vn -0.0011 0.1150 0.9934
vn 0.1619 0.1258 0.9787
vn -0.0002 0.0559 0.9984
vn -0.0007 0.0578 0.9983
vn -0.0000 0.0554 0.9985
vn 0.1274 0.9869 -0.0986
vn -0.0822 0.1888 -0.9786
vn 0.8324 0.5377 -0.1338
vn 0.6670 0.6089 -0.4294
vn 0.5605 0.8239 -0.0836
vn 0.5839 0.7886 -0.1930
vn 0.2908 -0.6837 0.6694
vn 0.6749 -0.5696 -0.4692
vn 0.7292 -0.0553 -0.6820
vn 0.5708 -0.4289 -0.7002
vn 0.7764 -0.6277 0.0571
vn 0.7062 -0.7077 0.0212
vn 0.2141 -0.6620 0.7183
vn 0.4989 -0.7183 0.4849
vn 0.6594 0.3186 -0.6810
vn 0.9999 -0.0116 -0.0033
vn 0.6371 0.6709 0.3794
vn 0.1043 0.3647 -0.9253
vn 0.3723 0.3217 -0.8706
vn 0.1888 0.5716 -0.7985
vn 0.7410 0.4029 0.5373
vn 0.5585 0.0237 0.8292
vn 0.6024 0.1282 0.7879
vn 0.6798 -0.4952 0.5410
vn 0.5996 -0.4235 0.6790
vn 0.2086 0.6653 -0.7168
vn -0.5448 0.3776 0.7488
vn 0.8653 0.3125 0.3918
vn 0.8793 -0.1541 0.4506
vn 0.8656 -0.0878 -0.4930
vn 0.8226 -0.1051 0.5589
vn 0.1715 0.9723 -0.1589
vn -0.2697 0.7880 0.5535
vn -0.3623 -0.0132 0.9320
vn 0.5432 0.7430 0.3909
vn 0.5545 0.7168 0.4226
vn 0.0761 0.6034 0.7938
vn -0.0111 -0.3305 0.9438
vn 0.0475 -0.5379 0.8416
vn -0.1780 -0.9840 -0.0065
vn 0.2556 -0.9665 -0.0210
vn 0.3788 -0.8305 0.4083
vn 0.1353 0.1061 -0.9851
vn 0.7521 0.6582 -0.0327
vn 0.0130 0.9999 0.0073
vn 0.0077 1.0000 0.0031
vn -0.0072 0.9999 -0.0086
vn -0.3602 -0.4135 -0.8362
vn -0.3660 -0.4054 -0.8377
vn -0.3693 -0.3904 -0.8433
vn 0.0116 -0.4489 -0.8935
vn 0.0300 0.1942 -0.9805
vn 0.0332 -0.4624 -0.8861
vn -0.4114 -0.3468 0.8429
vn -0.0167 0.3373 0.9412
vn 0.0236 -0.2268 0.9737
vn 0.9719 -0.0755 0.2228
vn 0.9660 0.0990 0.2387
vn 0.9412 0.1922 0.2779
vn -1.0000 -0.0000 -0.0000
vn -0.0894 0.7382 -0.6687
vn -0.8979 0.0980 -0.4291
vn 0.8601 -0.0757 0.5045
vn 0.0229 0.2726 0.9619
vn 0.0170 0.2730 0.9619
vn 0.0032 0.2729 0.9620
vn 0.8473 0.1424 -0.5117
vn 0.6781 -0.6745 0.2919
vn 0.3619 -0.1281 -0.9234
vn -0.9577 0.2255 -0.1785
vn -0.1476 0.9847 0.0925
vn -0.9568 0.2301 -0.1778
vn 0.0789 -0.7652 -0.6389
vn 0.3620 -0.3899 -0.8467
vn -0.0000 0.2040 -0.9790
vn -0.0000 -0.2134 -0.9770
vn -0.1844 -0.9522 -0.2437
vn 0.1560 -0.2746 -0.9488
vn -0.1171 -0.3374 0.9340
vn 0.1857 -0.4205 0.8881
vn -0.4427 -0.7661 0.4660
vn 0.9980 0.0326 -0.0539
vn 0.9959 -0.0560 0.0709
vn 0.9468 0.3181 0.0485
vn -0.0934 0.3896 -0.9162
vn -0.3882 0.3878 -0.8360
vn -0.1538 0.9869 0.0487
vn -0.1538 0.9867 0.0531
vn -0.1537 0.9866 0.0539
vn 0.3898 0.1112 -0.9141
vn 0.2201 0.1471 -0.9643
vn -0.0014 0.9714 0.2373
vn 0.9650 -0.0237 0.2610
vn 0.9877 -0.1519 -0.0383
vn 0.9591 -0.2667 0.0950
vn -0.0005 1.0000 -0.0074
vn 0.0003 1.0000 0.0024
vn -0.0046 1.0000 0.0012
vn -0.7496 0.6619 0.0019
vn 0.6526 0.5553 0.5156
vn 0.7491 0.6625 0.0048
vn 0.3104 0.1533 0.9382
vn -0.5567 0.1303 0.8205
vn 0.5474 0.4280 0.7192
vn -0.3630 -0.8837 0.2955
vn -0.4711 -0.8131 0.3419
vn 0.9870 -0.0261 0.1587
vn 0.5693 -0.3685 0.7349
vn 0.5247 0.6275 -0.5753
vn 0.9079 -0.1376 0.3960
vn 0.1996 0.3301 -0.9226
vn -0.6063 0.2225 -0.7635
vn -0.3024 -0.2258 -0.9260
vn -0.3363 0.1176 -0.9344
vn -0.8114 -0.5557 -0.1813
vn 0.1352 0.8742 -0.4664
vn 0.2946 0.9315 0.2133
vn 0.9504 -0.0017 0.3110
vn 0.9498 -0.0027 0.3127
vn 0.9506 -0.0014 0.3104
vn -0.7931 0.5424 -0.2772
vn -0.7990 0.5999 -0.0424
vn -0.6369 0.3072 0.7071
vn -1.0000 0.0011 0.0021
vn -1.0000 0.0008 -0.0052
vn 0.0165 0.4625 0.8865
vn -0.0120 0.9273 0.3741
vn 0.1197 0.7818 0.6119
vn 0.3487 0.9116 -0.2178
vn 0.1737 0.9847 -0.0162
vn -0.3706 0.7412 -0.5597
vn -0.1767 0.5001 0.8477
vn 0.0046 0.4375 -0.8992
vn -0.1405 0.3517 0.9255
vn 0.1286 -0.5155 0.8472
vn 0.2586 -0.7209 0.6430
vn 0.5062 -0.6987 0.5056
vn -0.8107 -0.1830 0.5561
vn -0.7887 -0.1910 0.5844
vn -0.7956 0.0463 0.6041
vn -0.0583 -0.9827 -0.1755
vn 0.9781 -0.0267 0.2065
vn 0.0223 -0.8472 -0.5308
vn -0.0000 0.7254 0.6883
vn -0.2819 0.8592 -0.4270
vn -0.3592 0.8560 -0.3717
vn -0.8422 0.3703 -0.3920
vn -0.6253 0.5839 -0.5177
vn -0.6194 0.5798 -0.5293
vn -0.6390 -0.6943 -0.3311
vn -0.8588 0.4436 -0.2562
vn 0.1008 0.0001 -0.9949
vn -0.3203 0.9321 0.1689
vn -0.1501 0.9821 0.1134
vn -0.2586 0.9189 -0.2978
vn 0.4153 0.7284 -0.5449
vn 0.3915 0.5959 -0.7011
vn -0.2648 0.8613 -0.4336
vn 0.5280 -0.4826 -0.6988
vn 0.5179 0.2653 -0.8133
vn 0.5514 0.5517 -0.6258
vn -0.3623 0.8874 -0.2849
vn 0.0003 1.0000 0.0007
vn -0.5448 0.6455 0.5352
vn -0.5108 0.0645 0.8573
vn 0.6266 0.1619 0.7623
vn -0.6918 0.1226 0.7116
vn -0.0000 -0.5480 0.8365
vn 0.0005 -0.3412 0.9400
vn -0.0000 -0.3304 0.9439
vn 0.1016 -0.5176 0.8496
vn 0.1458 0.0719 0.9867
vn -0.1775 0.5450 -0.8194
vn 0.8927 -0.4299 0.1352
vn 0.9062 -0.4007 0.1352
vn -0.1747 0.8037 -0.5687
vn 0.0604 0.7045 0.7071
vn 0.0606 0.7046 0.7070
vn 0.0603 0.7044 0.7072
vn 0.0541 0.9585 -0.2799
vn -0.0013 0.3024 -0.9532
vn -0.0214 0.9337 -0.3575
vn 0.1618 -0.0030 -0.9868
vn 0.9862 0.1652 0.0070
vn 0.9696 -0.0074 0.2445
vn -0.4042 0.8983 -0.1721
vn -0.6999 0.7098 0.0793
vn 0.0031 0.9126 -0.4089
vn 0.9073 -0.1354 0.3980
vn -0.3666 -0.1945 0.9098
vn 0.1133 -0.1034 0.9882
vn -0.7232 0.4117 -0.5545
vn -0.5555 0.6701 -0.4923
vn -0.7381 -0.4427 0.5092
vn -0.4351 -0.7722 0.4630
vn -0.0074 -0.9517 0.3069
vn 0.9075 -0.1351 0.3977
vn -0.3665 -0.1945 0.9099
vn 0.1138 -0.1031 0.9881
vn -0.0063 -0.9653 0.2610
vn -0.5428 -0.3705 0.7537
vn -0.0059 -0.9646 0.2638
vn 0.0382 -0.5939 0.8036
vn -0.9120 0.3957 0.1086
vn -0.9121 0.3949 0.1105
vn -0.4183 -0.8625 -0.2849
vn -0.5388 0.7481 0.3874
vn -0.4472 0.8803 -0.1586
vn -0.5297 0.7913 0.3055
vn -0.3089 0.9250 0.2210
vn -0.0339 0.0173 0.9993
vn 0.0254 0.4652 0.8849
vn 0.0563 -0.3723 0.9264
vn 0.0713 0.3788 -0.9227
vn -0.0083 0.8808 -0.4735
vn -0.0567 -0.7057 0.7062
vn 0.2366 -0.4168 -0.8777
vn 0.0170 0.4727 0.8811
vn 0.6010 0.0847 0.7948
vn 0.0375 0.7594 0.6495
vn -0.0186 0.4320 0.9017
vn -0.0567 0.7786 0.6250
vn -0.0165 0.4625 0.8865
vn 0.9569 0.2871 0.0446
vn 0.8046 0.5543 0.2128
vn 0.8453 0.5334 0.0323
vn -0.9672 -0.2280 0.1120
vn 0.0002 -0.9430 0.3329
vn -0.0000 -0.9428 0.3333
vn -0.0693 0.8815 -0.4672
vn -0.1895 -0.9612 0.2005
vn 0.0937 -0.6355 0.7664
vn -0.2752 -0.9002 0.3375
vn -0.0322 0.0387 -0.9987
vn 0.0833 0.2587 0.9624
vn 0.4991 -0.5087 -0.7015
vn -0.5578 0.4896 -0.6702
vn -0.4689 0.6651 -0.5811
vn 0.2965 0.1665 -0.9404
vn -0.4647 0.6433 -0.6085
vn -0.8965 0.2944 -0.3311
vn -0.9427 0.2245 -0.2467
vn 0.0707 -0.7146 0.6959
vn 0.0715 -0.7151 0.6953
vn 0.0787 -0.7194 0.6901
vn -0.1143 0.9686 0.2209
vn -0.1019 0.9941 0.0366
vn -0.0585 0.9741 -0.2186
vn 0.1643 0.9300 -0.3288
vn 0.9999 0.0111 0.0056
vn 0.9999 0.0113 0.0052
vn 0.9999 0.0076 0.0143
vn 0.4036 0.1299 -0.9056
vn 0.0959 -0.7957 0.5981
vn 0.2415 0.2347 0.9416
vn -0.0998 0.7119 0.6952
vn 0.4008 0.4793 0.7808
vn 0.0551 -0.1083 -0.9926
vn 0.9963 0.0793 0.0346
vn 0.6946 0.7190 0.0257
vn -0.7070 0.7067 0.0282
vn 0.6736 0.2404 -0.6989
vn 0.9751 -0.0039 -0.2218
vn 0.1326 0.0051 -0.9912
vn -0.0519 -0.9986 0.0047
vn 0.9942 -0.0101 0.1075
vn 1.0000 0.0047 0.0054
vn 0.9481 -0.0758 0.3087
vn 0.9988 0.0356 0.0350
vn 0.9998 0.0169 -0.0106
vn 0.9694 0.2165 0.1158
vn -0.1963 -0.0752 -0.9777
vn 0.0861 -0.6253 -0.7756
vn -0.3314 0.6285 0.7037
vn 0.4682 0.4634 0.7524
vn -0.0001 0.9999 0.0103
vn 0.1045 -0.8586 -0.5019
vn -0.0076 -0.9981 -0.0615
vn -0.9293 0.0772 -0.3611
vn -0.2215 -0.2048 -0.9534
vn -0.1955 -0.2161 -0.9566
vn -0.5825 0.6983 0.4160
vn 0.4131 -0.0450 -0.9096
vn 0.1443 0.0476 -0.9884
vn -0.4759 -0.1495 -0.8667
vn -0.7166 -0.5275 -0.4563
vn -0.0216 0.9997 -0.0083
vn -0.0063 0.9985 -0.0550
vn -0.0261 0.9996 -0.0126
vn 0.0113 -0.2066 0.9784
vn 0.0134 -0.2070 0.9782
vn 0.0232 -0.2180 0.9757
vn 0.4625 -0.1280 -0.8773
vn 0.5481 -0.2347 -0.8028
vn 0.4718 -0.1175 -0.8739
vn 0.6590 0.7482 -0.0763
vn 0.6561 0.7526 -0.0561
vn 0.9662 -0.2576 -0.0119
vn 0.9654 -0.2606 -0.0107
vn 0.6343 0.7693 0.0758
vn -0.4743 0.8776 -0.0697
vn -0.7352 0.6779 0.0046
vn 0.9498 -0.0023 0.3128
vn -0.0243 -0.9961 0.0851
vn -0.0240 -0.9959 0.0875
vn -0.0239 -0.9959 0.0877
vn 0.8410 0.5217 0.1432
vn 0.9990 -0.0376 -0.0229
vn 0.9968 -0.0454 -0.0657
vn -0.0034 0.0212 0.9998
vn 0.0010 0.0292 0.9996
vn -0.1598 -0.3069 0.9382
vn -0.3016 -0.0700 0.9509
vn -0.3267 -0.1408 0.9346
vn -0.2124 -0.3409 -0.9158
vn -0.3369 0.0923 -0.9370
vn 0.0745 0.0123 -0.9971
vn -0.0081 -0.0333 -0.9994
vn -0.0066 -0.0307 -0.9995
vn 0.0249 -0.3705 0.9285
vn 0.0102 -0.1460 0.9892
vn -0.2231 0.9568 -0.1863
vn -0.3928 0.7737 -0.4970
vn -0.3888 0.6337 -0.6688
vn -0.4944 0.5494 0.6736
vn -0.6218 0.6379 0.4544
vn 0.1193 -0.8644 0.4884
vn -0.4980 -0.8245 -0.2688
vn -0.0521 -0.2847 -0.9572
vn 0.0986 -0.8276 -0.5526
vn -0.0818 -0.9965 -0.0168
vn -0.6920 -0.6845 0.2293
vn 0.9727 -0.2305 -0.0251
vn -0.0752 -0.9967 0.0308
vn -0.2205 -0.9471 0.2331
vn -0.8038 0.0539 0.5925
vn -0.4645 0.6911 -0.5537
vn -0.7931 0.5910 0.1475
vn 0.6841 -0.6930 0.2275
vn -0.3366 0.4164 0.8446
vn -0.2678 -0.0245 0.9632
vn -0.7030 0.2650 0.6600
vn 0.5593 0.7955 -0.2332
vn 0.4416 0.6894 -0.5742
vn 0.5286 0.6960 -0.4860
vn -0.9885 0.1441 -0.0453
vn -0.7555 0.6550 0.0137
vn -0.9878 0.0978 -0.1216
vn -0.6127 0.7869 -0.0731
vn -0.7263 -0.3033 0.6169
vn -0.1640 -0.0666 0.9842
vn -0.8401 -0.3530 0.4119
vn -0.7968 0.2879 -0.5313
vn -0.5214 0.0558 -0.8515
vn -0.1000 -0.2726 0.9569
vn 0.2513 -0.4089 0.8773
vn -0.0772 -0.4018 0.9125
vn -0.0895 0.9959 -0.0113
vn 0.0462 -0.9825 -0.1802
vn -0.0402 -0.9968 -0.0690
vn 0.9942 0.0901 -0.0593
vn 0.7070 0.7067 0.0282
vn 0.6174 0.7810 0.0943
vn 0.6170 -0.1491 0.7727
vn 0.4877 0.5309 0.6931
vn 0.3967 0.0973 0.9128
vn -0.1544 -0.9247 -0.3479
vn -0.4173 -0.9055 0.0764
vn -0.5623 -0.7981 -0.2166
vn -0.3788 -0.8304 0.4085
vn -0.8376 -0.5310 0.1285
vn -0.7310 -0.5560 0.3956
vn -0.1914 -0.6907 -0.6974
vn -0.5007 -0.7085 0.4973
vn -0.5142 -0.7046 -0.4890
vn -0.2455 -0.6191 0.7460
vn -0.1554 0.5812 -0.7988
vn 0.1279 -0.2144 -0.9683
vn -0.1276 -0.2628 -0.9564
vn 0.7310 -0.5560 0.3956
vn 0.2455 -0.6191 0.7460
vn 0.8376 -0.5310 0.1285
vn 0.4172 -0.9055 0.0778
vn -0.4890 0.8438 -0.2210
vn -0.2295 0.8264 -0.5142
vn 0.1544 -0.9247 -0.3479
vn 0.5623 -0.7981 -0.2166
vn 0.9826 -0.1859 0.0013
vn 0.9884 -0.1519 0.0003
vn 0.9884 -0.1518 0.0004
vn 0.2030 0.9412 0.2701
vn 0.8907 0.1377 0.4332
vn 0.5142 -0.7046 -0.4890
vn 0.8714 0.1637 -0.4625
vn 0.7040 0.4843 0.5194
vn 0.6759 0.4823 -0.5572
vn -0.6874 -0.6857 0.2392
vn -0.1671 -0.9123 0.3740
vn -0.7462 -0.6004 0.2875
vn 0.3568 0.4784 -0.8024
vn 0.3908 0.8217 -0.4149
vn 0.5263 0.7397 -0.4192
vn -0.0338 -0.2997 0.9534
vn -0.2627 0.0391 0.9641
vn 0.9614 0.2666 0.0679
vn 0.9795 0.1967 0.0433
vn 0.9670 0.2488 0.0541
vn 0.9725 -0.2106 -0.0991
vn 0.9944 -0.0882 -0.0581
vn 0.9776 -0.0436 -0.2060
vn 0.9994 0.0318 0.0154
vn 0.9030 -0.1153 -0.4138
vn 0.7342 0.1430 -0.6637
vn 0.6141 0.1208 -0.7799
vn 0.5070 0.2051 -0.8372
vn 0.5160 0.3204 -0.7944
vn 0.5108 0.3297 -0.7940
vn 0.5033 0.2298 -0.8330
vn 0.4631 0.2632 -0.8463
vn 0.1624 0.3610 -0.9183
vn -0.0532 0.3383 -0.9395
vn -0.3585 0.2051 -0.9107
vn -0.5617 0.4153 -0.7156
vn -0.9993 0.0340 -0.0155
vn -0.9872 0.1453 0.0651
vn -0.9735 0.0568 0.2216
vn -0.7266 -0.1628 0.6675
vn -0.9040 0.0750 0.4209
vn 0.1332 -0.9843 0.1161
vn 0.0185 -0.9332 -0.3589
vn 0.0135 -0.9926 0.1210
vn -0.5159 -0.3217 0.7939
vn -0.5158 -0.2212 0.8277
vn -0.5119 -0.3278 0.7941
vn -0.4767 -0.2510 0.8425
vn -0.1595 -0.3757 0.9129
vn -0.0181 -0.3915 0.9200
vn 0.2444 -0.2972 0.9230
vn 0.3047 -0.3275 0.8944
vn 0.2283 -0.5033 0.8334
vn -0.6699 -0.6851 -0.2861
vn -0.0919 -0.0914 -0.9916
vn -0.9890 -0.1470 0.0140
vn -0.5336 -0.1636 -0.8298
vn -0.9906 -0.0940 -0.0990
vn -0.2721 0.0915 0.9579
vn -0.2503 0.0963 0.9634
vn -0.2460 0.0900 0.9651
vn -0.5773 -0.1120 0.8088
vn 0.0549 -0.0555 0.9969
vn 0.1288 -0.0459 0.9906
vn 0.8671 -0.1979 0.4571
vn 0.8752 -0.2394 0.4203
vn 0.8389 -0.2898 0.4607
vn 0.8363 -0.2715 0.4763
vn 0.8797 -0.2350 0.4133
vn 0.0772 0.9304 0.3584
vn 0.1254 0.9913 0.0411
vn -0.5509 0.3982 -0.7334
vn 0.7677 -0.3697 0.5234
vn 0.8818 -0.2516 0.3989
vn 0.7657 -0.3710 0.5253
vn 0.5548 0.8286 0.0749
vn -0.0045 0.9990 0.0434
vn -0.0042 0.9991 0.0410
vn -0.0042 0.9992 0.0408
vn -0.4679 -0.2765 -0.8394
vn -0.4699 -0.2860 -0.8351
vn -0.5008 0.8654 -0.0179
vn -0.4098 -0.8063 -0.4266
vn -0.9922 0.0635 0.1072
vn -0.5142 -0.7950 -0.3218
vn -0.0382 0.8789 -0.4755
vn -0.1525 0.9055 -0.3960
vn -0.2511 0.9008 -0.3543
vn -0.7824 0.6205 0.0524
vn -0.7829 0.6196 0.0562
vn -0.7901 0.5891 0.1693
vn -0.7902 0.5877 0.1741
vn 0.0742 -0.9347 -0.3476
vn 0.2348 0.0459 -0.9710
vn 0.2957 0.2734 -0.9153
vn 0.3670 0.2358 -0.8999
vn 0.5947 -0.0267 -0.8035
vn 0.7746 -0.6323 -0.0148
vn 0.7863 -0.6029 -0.1353
vn 0.7752 -0.6315 -0.0187
vn 0.7865 -0.6014 -0.1403
vn -0.0955 0.9296 0.3559
vn -0.1137 0.9133 0.3911
vn -0.1878 0.6525 0.7342
vn -0.2324 -0.0625 0.9706
vn -0.2338 0.0263 0.9719
vn -0.2968 -0.2823 0.9123
vn -0.3556 -0.2594 0.8979
vn -0.9384 0.1118 -0.3270
vn -0.6960 0.1827 -0.6944
vn -0.9910 0.0113 -0.1337
vn -0.5894 -0.0016 0.8078
vn -0.1498 0.4561 -0.8772
vn -0.3246 0.3509 -0.8784
vn -0.1685 0.4127 -0.8951
vn -0.3445 0.3346 -0.8771
vn -0.0368 0.5909 -0.8059
vn -0.0891 0.5873 -0.8045
vn -0.7484 -0.0084 -0.6632
vn -0.2985 0.7960 -0.5265
vn 0.1505 -0.4864 0.8607
vn 0.2356 -0.4675 0.8520
vn 0.3857 -0.0764 0.9195
vn 0.4497 0.0238 0.8929
vn -0.0579 -0.2678 0.9617
vn 0.3014 -0.9020 -0.3090
vn 0.3001 -0.9039 -0.3050
vn 0.1225 -0.9842 -0.1278
vn -0.4901 0.8714 -0.0212
vn -0.7127 -0.0549 0.6994
vn -0.2699 0.8895 0.3686
vn -0.0333 -0.8699 0.4921
vn 0.2813 -0.6244 -0.7287
vn -0.8750 0.4393 -0.2034
vn -0.4776 0.5529 -0.6828
vn -0.8913 0.2553 -0.3747
vn 0.9610 -0.2765 -0.0107
vn 0.8578 -0.4948 -0.1394
vn 0.8563 -0.4969 -0.1410
vn 0.6355 0.7523 -0.1737
vn -0.1262 0.6096 -0.7826
vn 0.5899 0.5190 0.6186
vn 0.9774 0.1723 0.1227
vn 0.9926 0.0170 0.1201
vn 0.9942 0.0038 0.1076
vn 0.0238 0.9941 0.1062
vn 0.0146 0.8856 0.4642
vn -0.0346 0.9993 -0.0108
vn -0.2703 -0.2632 0.9261
vn -0.2275 -0.9028 0.3650
vn -0.1946 0.0523 0.9795
vn -0.5491 -0.7568 0.3547
vn -0.4105 -0.9114 -0.0283
vn -0.0000 0.7244 0.6894
vn -0.0000 0.7243 0.6894
vn 0.1903 0.9430 -0.2732
vn 0.5864 0.8058 -0.0830
vn 0.0847 0.9949 0.0555
vn 0.4073 0.7538 -0.5157
vn 0.6352 0.3507 -0.6881
vn -0.0134 0.9957 -0.0917
vn 0.6541 0.6776 -0.3361
vn -0.0072 0.8816 -0.4720
vn 0.1906 0.3420 0.9202
vn 0.9571 -0.1052 0.2701
vn 0.1665 0.7645 0.6227
vn -0.0016 0.7194 0.6946
vn -0.9869 0.1610 0.0082
vn -0.9696 -0.0074 0.2445
vn -0.9380 0.2905 -0.1891
vn -0.0838 0.0569 0.9949
vn 0.0990 -0.8807 0.4632
vn 0.5509 0.3411 0.7617
vn 0.8996 0.1824 0.3967
vn -0.8714 0.1637 -0.4625
vn -0.7040 0.4843 0.5194
vn -0.6759 0.4823 -0.5572
vn 0.0152 0.0096 -0.9998
vn -0.6653 -0.7464 -0.0184
vn -0.6512 0.5586 0.5136
vn -0.9716 0.1928 0.1373
vn -0.9912 0.1238 -0.0459
vn -0.9610 0.2263 0.1589
vn -0.9149 0.3142 -0.2533
vn -0.6780 0.3736 -0.6330
vn -0.6226 0.6650 -0.4124
vn -0.0528 0.4404 -0.8962
vn 0.0948 0.3185 -0.9432
vn 0.0244 0.3844 -0.9228
vn 0.2252 0.3182 -0.9209
vn 0.0664 0.4099 -0.9097
vn 0.3116 0.3726 -0.8741
vn 0.6368 0.1981 -0.7452
vn 0.5550 0.3315 -0.7629
vn 0.9056 -0.0087 -0.4240
vn 0.9984 0.0500 -0.0278
vn 0.9975 0.0695 0.0123
vn 0.9467 -0.2642 -0.1841
vn 0.8949 -0.3763 0.2399
vn 0.7693 -0.2359 0.5937
vn 0.4842 -0.5495 0.6809
vn 0.2021 -0.4330 0.8784
vn 0.1013 -0.5154 0.8509
vn -0.0277 -0.3798 0.9247
vn -0.0585 -0.4078 0.9112
vn -0.2199 -0.3445 0.9127
vn -0.2896 -0.3908 0.8737
vn -0.5094 -0.2431 0.8255
vn -0.4640 -0.3002 0.8334
vn -0.8167 0.0016 0.5771
vn -0.8730 0.0104 0.4876
vn -0.9993 0.0214 0.0305
vn -0.9999 0.0153 -0.0073
vn -0.9810 0.1897 0.0404
vn -0.9804 0.1936 0.0377
vn -0.9785 0.2038 0.0307
vn -0.1317 0.1130 0.9848
vn 0.9977 0.0387 -0.0557
vn -0.4295 -0.9031 -0.0022
vn 0.8582 0.1964 -0.4743
vn 0.3388 0.4329 -0.8353
vn -0.2419 0.4146 -0.8773
vn 0.9608 0.0205 0.2766
vn 0.9577 0.0421 0.2847
vn 0.8637 0.1389 0.4845
vn -0.4928 -0.1331 0.8599
vn -0.8658 -0.0316 0.4993
vn -0.5179 -0.1476 0.8426
vn -0.8768 0.0081 0.4807
vn -0.6296 0.3602 -0.6884
vn 0.0858 0.6708 -0.7367
vn 0.0344 0.6631 -0.7478
vn -0.7657 0.2673 -0.5850
vn -0.6230 0.3519 -0.6986
vn -0.7989 -0.4037 0.4459
vn -0.8336 -0.2213 -0.5062
vn -0.8218 -0.2217 -0.5249
vn -0.7692 -0.3342 -0.5447
vn 0.8062 0.5895 -0.0514
vn 0.8898 0.4553 -0.0294
vn 0.8104 0.5830 -0.0583
vn -0.8621 -0.5068 -0.0026
vn -0.3291 0.9050 0.2694
vn -0.8657 -0.4928 0.0881
vn 0.0110 0.2301 -0.9731
vn 0.0083 0.4752 -0.8799
vn 0.0301 0.5092 -0.8601
vn -0.1160 0.0443 0.9923
vn -0.1220 0.0477 0.9914
vn -0.1087 0.0269 0.9937
vn -0.0000 1.0000 -0.0000
vn -0.2659 0.6308 0.7290
vn 0.0175 -0.3125 0.9498
vn 0.7606 0.5421 0.3573
vn 0.2361 0.2956 0.9257
vn -0.3890 -0.1362 0.9111
vn -0.9042 -0.3612 0.2278
vn 0.1670 -0.4447 -0.8799
vn -0.6818 -0.5536 -0.4781
vn -0.5783 -0.5288 -0.6213
vn 0.5230 -0.8465 -0.0997
vn 0.5112 -0.8418 -0.1732
vn 0.5467 -0.8335 -0.0794
vn -0.5260 0.8502 -0.0239
vn -0.4610 0.8266 0.3228
vn -0.7235 0.1761 -0.6674
vn -0.3659 0.7696 -0.5233
vn -0.9637 0.1999 -0.1768
vn 0.9286 -0.1705 -0.3297
vn 0.2931 0.4570 0.8398
vn -0.1598 0.1796 0.9707
vn 0.3621 0.4657 0.8075
vn -0.4789 -0.1039 0.8717
vn -0.0107 -0.2072 0.9782
vn -0.0127 -0.2075 0.9782
vn -0.0171 -0.1960 0.9805
vn 0.5578 0.4896 -0.6702
vn -0.2201 0.1471 -0.9643
vn 0.9442 -0.1543 -0.2910
vn 0.0985 -0.3460 -0.9331
vn -0.5407 0.8369 0.0853
vn -0.4283 0.8705 0.2427
vn 0.1124 0.9824 -0.1490
vn 0.5446 0.3776 0.7488
vn -0.0430 0.3385 0.9400
vn -0.2234 0.2586 0.9398
vn -0.1812 0.9668 0.1803
vn -0.0145 0.9899 -0.1410
vn -0.0247 0.8799 -0.4745
vn -0.0120 0.9898 -0.1421
vn -0.1883 0.9574 0.2189
vn -0.7605 0.4293 0.4871
vn -0.2519 0.7371 0.6271
vn 0.5501 -0.6250 -0.5538
vn 0.9673 -0.1900 -0.1678
vn -0.7949 0.2286 0.5621
vn 0.9844 0.1698 -0.0458
vn 0.7611 0.6485 0.0134
vn 0.9824 0.1832 -0.0377
vn 0.2432 0.9180 0.3133
vn 0.1322 0.8967 0.4224
vn -0.0638 0.9333 0.3535
vn 0.0677 0.4047 -0.9120
vn -0.5642 0.0478 -0.8242
vn 0.0281 0.0459 0.9985
vn 0.0009 1.0000 0.0012
vn 0.0022 1.0000 -0.0076
vn -0.0009 1.0000 0.0007
vn -0.0423 0.5888 -0.8072
vn 0.4224 0.6229 -0.6584
vn -0.0075 0.7759 -0.6308
vn -0.4180 -0.8630 -0.2838
vn -0.2455 0.8685 -0.4306
vn -0.2526 0.8685 -0.4265
vn -0.0367 -0.5819 0.8124
vn -0.1222 -0.7858 -0.6063
vn -0.0923 -0.9670 -0.2376
vn -0.0086 0.9907 0.1358
vn 0.1751 0.9706 0.1651
vn -0.2961 0.9359 -0.1911
vn -0.1433 0.6581 0.7392
vn -0.0173 0.0174 -0.9997
vn 0.0678 -0.9973 0.0269
vn 0.0696 -0.9945 -0.0785
vn -0.2128 -0.3502 0.9122
vn -0.6594 0.6863 0.3070
vn -0.5041 -0.3252 0.8001
vn -0.0005 0.5797 0.8149
vn -0.2266 0.1320 0.9650
vn -0.4334 0.5505 -0.7135
vn -0.9606 -0.2540 0.1127
vn -0.5858 -0.8091 -0.0470
vn -0.5918 -0.7926 -0.1466
vn -0.7532 -0.6573 -0.0271
vn 0.0453 0.0629 0.9970
vn 0.1128 -0.0042 0.9936
vn 0.0553 -0.5488 0.8341
vn 0.5061 0.5325 0.6785
vn -0.7399 -0.6681 -0.0784
vn -0.7498 0.6603 0.0426
vn -0.7753 0.6315 0.0127
vn 0.8604 0.4365 -0.2631
vn -0.1610 0.1130 -0.9805
vn 0.3178 0.9462 -0.0613
vn 0.9794 -0.1812 -0.0889
vn 0.9716 -0.1304 -0.1974
vn 0.3255 0.9419 0.0834
vn -0.1317 0.9851 -0.1102
vn -0.9825 0.1758 0.0611
vn -0.9965 0.0761 0.0336
vn -0.0064 0.9511 0.3090
vn 0.9124 -0.4021 0.0764
vn -0.0142 -0.0305 -0.9994
vn -0.7814 0.2886 -0.5534
vn -0.8249 -0.3284 -0.4601
vn 0.7570 -0.6248 -0.1911
vn 0.7997 -0.5739 -0.1763
vn -0.6126 0.1561 0.7748
vn -0.0339 0.9993 0.0155
vn -0.2867 0.7713 0.5682
vn -0.5788 -0.3671 -0.7282
vn -0.3170 -0.7194 -0.6180
vn -0.0000 0.7203 0.6936
vn -0.9928 -0.0157 -0.1189
vn -0.9809 -0.0731 -0.1802
vn -0.8046 0.5543 0.2128
vn -0.9607 0.2699 0.0649
vn -0.9206 0.3177 0.2272
vn 0.9892 -0.1417 0.0385
vn 0.1944 -0.7457 0.6373
vn -0.0936 0.0991 -0.9907
vn 0.1156 0.6911 -0.7135
vn 0.1339 0.7302 -0.6700
vn -0.1406 0.0171 -0.9899
vn -0.2434 0.0901 -0.9657
vn -0.3585 0.8842 0.2995
vn -0.3527 0.8871 0.2979
vn -0.3613 0.8828 0.3003
vn 0.2386 -0.6262 -0.7422
vn 0.8198 -0.5440 -0.1788
vn 0.2694 -0.9488 -0.1650
vn -0.6862 0.3795 -0.6206
vn 0.2553 0.7729 -0.5809
vn -0.6190 0.3839 -0.6851
vn 0.5654 0.8185 -0.1013
vn 0.8566 0.5016 0.1208
vn 0.9798 0.1963 0.0388
vn -0.7521 0.6582 -0.0327
vn 0.6752 -0.7200 -0.1600
vn -0.4769 0.6127 -0.6302
vn -0.4558 -0.3505 -0.8181
vn 0.2750 -0.2818 -0.9192
vn -0.1041 -0.0860 -0.9908
vn -0.5446 0.1782 -0.8196
vn 0.6492 0.7258 0.2275
vn 0.5779 0.7759 0.2530
vn 0.0211 -0.9998 0.0021
vn 0.3240 0.7453 -0.5827
vn 0.1145 0.2279 0.9669
vn -0.1084 0.4786 0.8713
vn -0.6122 0.5231 0.5929
vn -0.0862 0.7078 0.7011
vn 0.0509 0.8415 -0.5379
vn 0.1893 0.9739 -0.1254
vn -0.7526 0.4970 -0.4321
vn 0.1288 -0.2631 -0.9561
vn -0.3898 0.1112 -0.9141
vn -0.4212 -0.0597 -0.9050
vn -0.7825 -0.3451 -0.5182
vn 0.0809 -0.0017 -0.9967
vn -0.6840 -0.2982 -0.6658
vn 0.8380 0.4811 -0.2574
vn -0.5151 -0.7758 -0.3645
vn -0.4219 0.6670 -0.6141
vn -0.0184 -0.9332 -0.3589
vn -0.1329 -0.9845 0.1141
vn -0.0135 -0.9926 0.1210
vn 0.6623 0.6002 0.4485
vn 0.1999 -0.2699 0.9419
vn 0.1145 -0.3101 0.9438
vn 0.8709 0.3519 0.3430
vn 0.7306 0.2521 0.6346
vn 0.2552 0.2869 -0.9233
vn 0.7585 0.0030 -0.6516
vn 0.2913 0.2882 -0.9122
vn -0.7381 0.6634 -0.1230
vn -0.9492 -0.0333 -0.3130
vn -0.9529 -0.0406 -0.3007
vn -0.1251 0.2626 0.9568
vn -0.1903 0.2482 0.9498
vn -0.0462 0.0951 0.9944
vn -0.5170 0.3390 0.7860
vn -0.2610 -0.9387 0.2254
vn -0.6253 -0.6121 0.4841
vn -0.7813 -0.2354 -0.5781
vn -0.3298 -0.3327 -0.8835
vn -0.0890 -0.7101 -0.6985
vn -0.6968 0.3077 -0.6479
vn -0.3307 0.3278 -0.8850
vn -0.0723 0.9506 -0.3018
vn 0.2295 0.8264 -0.5142
vn 0.0009 0.4779 -0.8784
vn -0.0011 0.8399 -0.5428
vn -0.0049 0.6277 0.7784
vn 0.0001 0.6177 0.7865
vn -0.0013 0.6204 0.7843
vn -0.1631 0.7000 0.6953
vn -0.2131 -0.5032 0.8375
vn 0.9072 0.2624 0.3287
vn 0.3470 0.4521 0.8217
vn -0.0164 -0.0707 0.9974
vn 0.0068 -0.7816 -0.6238
vn 0.1348 0.7009 -0.7004
vn 0.7789 0.4181 -0.4674
vn 0.6535 0.6672 -0.3574
vn -0.0393 -0.9851 -0.1672
vn -0.0357 -0.9744 -0.2222
vn -0.0399 -0.9742 -0.2222
vn 0.8364 -0.5388 0.1007
vn 0.3238 -0.9449 -0.0483
vn -0.3586 0.8715 -0.3345
vn -0.3456 0.8741 -0.3414
vn -0.3649 0.8702 -0.3311
vn 0.0428 -0.5238 0.8508
vn 0.0368 -0.5116 0.8584
vn 0.0450 -0.5284 0.8478
vn 0.4984 -0.4158 -0.7607
vn 0.9553 -0.0119 -0.2955
vn 0.5045 -0.0436 -0.8623
vn -0.4210 -0.7410 0.5231
vn -0.1350 -0.8302 0.5408
vn -0.0252 -0.8571 0.5145
vn 0.3793 -0.9230 0.0656
vn 0.1002 -0.9947 0.0242
vn -0.9979 0.0570 0.0302
vn 0.1952 0.9787 0.0634
vn 0.3503 0.8425 -0.4092
vn 0.0709 0.9629 -0.2604
vn 0.7498 0.4431 0.4913
vn 0.9540 0.2515 0.1633
vn -0.4508 0.1235 -0.8840
vn -0.3451 0.2500 -0.9047
vn 0.9127 0.0253 -0.4079
vn 0.5574 0.4750 -0.6809
vn 0.9499 0.2457 -0.1930
vn 0.7706 0.6349 -0.0564
vn -0.4609 0.8854 -0.0606
vn -0.1254 0.9913 0.0411
vn 0.0212 0.1807 -0.9833
vn 0.6345 0.5519 -0.5411
vn 0.0025 0.0103 0.9999
vn 0.7128 -0.6995 0.0518
vn 0.4524 -0.8613 0.2314
vn 0.0994 -0.9770 0.1884
vn 0.5081 0.5270 -0.6813
vn -0.9764 0.0347 0.2132
vn 0.7097 0.5792 -0.4011
vn 0.0385 -0.6474 -0.7612
vn 0.4880 -0.8030 -0.3422
vn 0.3592 -0.1998 -0.9116
vn 0.6510 -0.3442 -0.6766
vn 0.7263 -0.6868 0.0283
vn -0.3404 0.8644 0.3699
vn -0.0769 0.9233 0.3762
vn 0.0570 -0.9946 0.0869
vn 0.0533 -0.9945 0.0905
vn 0.5062 0.8555 -0.1091
vn 0.5458 0.6210 -0.5625
vn 0.1086 -0.7874 -0.6068
vn 0.0793 -0.9347 -0.3465
vn 0.0516 0.5546 -0.8305
vn 0.5382 0.6306 0.5592
vn 0.0004 1.0000 0.0007
vn -0.5453 0.6440 0.5365
vn -0.2967 -0.7131 -0.6351
vn 0.1526 -0.5657 -0.8104
vn 0.7194 0.6914 -0.0670
vn -0.5206 -0.7864 0.3325
vn -0.2421 -0.5874 0.7722
vn -0.3283 -0.9118 0.2467
vn -0.1539 0.3061 -0.9395
vn -0.6790 0.4691 -0.5647
vn -0.1246 0.6163 -0.7776
vn 0.1330 -0.9523 -0.2747
vn 0.5819 -0.7991 -0.1513
vn 0.1013 -0.9110 -0.3998
vn -0.0879 -0.7366 0.6705
vn 0.1338 -0.5713 0.8098
vn 0.4071 -0.6351 0.6565
vn 0.7431 -0.5956 0.3052
vn 0.6199 -0.6966 0.3611
vn 0.8611 -0.3776 -0.3405
vn 0.2953 -0.6605 -0.6903
vn 0.5284 0.6918 -0.4922
vn 0.8746 -0.4511 0.1778
vn 0.8075 0.4186 -0.4156
vn 0.7317 -0.5438 0.4110
vn -0.1058 -0.9899 -0.0944
vn -0.5083 0.0191 -0.8610
vn -0.1357 -0.3363 -0.9319
vn -0.4083 0.8017 -0.4365
vn -0.3643 -0.6796 -0.6368
vn 0.0065 0.9980 0.0623
vn 0.2193 0.5283 0.8203
vn 0.3101 0.8014 0.5115
vn 0.7224 0.6787 -0.1325
vn 0.9921 -0.0701 0.1042
vn -0.2030 0.9641 -0.1710
vn 0.7373 -0.4064 -0.5397
vn 0.3302 -0.6991 -0.6342
vn -0.0047 0.4626 0.8865
vn -0.0262 -0.0574 0.9980
vn -0.0045 -0.0365 0.9993
vn -0.7128 -0.6995 0.0518
vn -0.0994 -0.9770 0.1884
vn -0.4524 -0.8613 0.2314
vn -0.4882 -0.8028 -0.3423
vn -0.0384 -0.6471 -0.7614
vn -0.3593 -0.1998 -0.9116
vn -0.6513 -0.3441 -0.6764
vn -0.7264 -0.6867 0.0282
vn -0.0099 0.3010 -0.9536
vn 0.9496 -0.0019 0.3135
vn 0.6849 -0.7284 0.0203
vn 0.3331 -0.9199 0.2069
vn 0.3000 -0.9326 -0.2006
vn -0.3802 -0.9226 0.0643
vn 0.9560 0.2225 -0.1914
vn 0.9815 0.1776 -0.0711
vn 0.9555 0.2251 -0.1908
vn 0.2025 -0.8796 0.4304
vn 0.2678 -0.7240 -0.6357
vn 0.5184 -0.8208 -0.2399
vn 0.4981 -0.7936 0.3495
vn 0.2960 -0.9305 0.2155
vn 0.2610 -0.5805 0.7713
vn 0.5204 -0.8539 -0.0084
vn 0.8644 -0.4524 0.2195
vn 0.7370 -0.6671 0.1082
vn 0.8911 -0.3781 0.2510
vn -0.4071 -0.6351 0.6565
vn -0.6199 -0.6966 0.3611
vn -0.7431 -0.5956 0.3052
vn -0.1944 -0.7457 0.6373
vn -0.2114 -0.9449 0.2499
vn -0.2564 -0.9589 -0.1217
vn -0.3332 -0.8694 -0.3647
vn -0.5430 -0.8088 -0.2256
vn 0.7848 -0.0052 0.6197
vn 0.0920 -0.0126 0.9957
vn 0.7584 0.0650 0.6486
vn -0.9068 -0.1343 0.3995
vn 0.3634 -0.1886 0.9123
vn -0.8976 -0.1871 0.3991
vn -0.9891 0.1475 0.0007
vn -0.4742 0.8269 -0.3022
vn 0.4901 0.4518 -0.7454
vn -0.5739 0.2124 0.7909
vn -0.1978 0.0687 0.9778
vn -0.1824 0.0696 0.9808
vn -0.8579 0.0781 -0.5078
vn -0.6344 0.6433 -0.4287
vn -0.5215 0.6530 -0.5492
vn -0.6359 -0.5061 -0.5827
vn -0.3766 -0.1857 -0.9075
vn 0.7591 -0.4140 -0.5023
vn 0.7226 0.0443 -0.6899
vn 0.9731 -0.0806 -0.2158
vn 0.7291 -0.2071 -0.6523
vn 0.1224 -0.0222 -0.9922
vn 0.2248 0.2834 -0.9323
vn 0.1513 0.7102 0.6875
vn -0.0041 0.4172 -0.9088
vn -0.0008 0.4171 -0.9088
vn -0.0002 0.4180 -0.9084
vn 0.0621 0.9976 -0.0304
vn -0.0224 0.9100 -0.4140
vn -0.9964 0.0711 0.0460
vn -0.7575 0.6173 -0.2123
vn -0.0772 0.9304 0.3584
vn 0.5509 0.3982 -0.7334
vn 0.1628 0.3725 0.9137
vn -0.0137 0.3532 0.9354
vn -0.0463 0.3727 0.9268
vn 0.5599 -0.5072 0.6552
vn 0.5929 0.5551 0.5834
vn 0.5579 -0.5027 0.6603
vn -0.0454 -0.1813 0.9824
vn 0.6384 0.7668 0.0672
vn 0.6009 0.7702 -0.2141
vn -0.2849 0.7567 0.5884
vn 0.8586 0.5084 0.0663
vn 0.8944 0.4290 -0.1265
vn 0.3666 0.9007 -0.2330
vn 0.4689 0.6651 -0.5811
vn 0.9305 0.3552 -0.0893
vn 0.2960 0.6178 -0.7285
vn 0.6995 0.5072 -0.5034
vn 0.7756 0.4544 -0.4382
vn 0.1722 0.7259 -0.6659
vn 0.1898 0.3231 -0.9272
vn -0.1543 -0.0520 0.9867
vn -0.1243 -0.0684 0.9899
vn -0.1336 -0.0568 0.9894
vn 0.1704 0.4554 -0.8738
vn -0.8961 0.1185 0.4277
vn 0.7021 -0.7049 0.1009
vn 0.0802 -0.9887 -0.1266
vn 0.0749 -0.9868 -0.1435
vn -0.9442 -0.1543 -0.2910
vn 0.5964 0.6911 0.4083
vn 0.8781 0.3994 0.2634
vn -0.9641 -0.2456 -0.1015
vn 0.9574 -0.2357 -0.1670
vn 0.8989 -0.3489 -0.2651
vn -0.1722 0.9832 -0.0608
vn -0.2915 0.9534 0.0778
vn -0.3339 0.9156 -0.2242
vn -0.9540 0.2515 0.1633
vn -0.9569 0.2871 0.0446
vn -0.9731 -0.0806 -0.2158
vn -0.0879 -0.9961 0.0055
vn -0.0914 -0.9956 0.0195
vn -0.0876 -0.9961 0.0043
vn -0.8733 0.4712 -0.1237
vn -0.2878 0.9004 -0.3262
vn -0.8176 0.5198 0.2475
vn -0.1908 0.9519 -0.2399
vn -0.2861 0.7353 0.6144
vn 0.0003 0.2815 -0.9596
vn 0.0008 -0.0003 -1.0000
vn -0.3168 0.9155 0.2479
vn -0.6409 0.6889 0.3386
vn -0.7219 0.6036 0.3385
vn -0.5163 0.8494 -0.1089
vn -0.7498 0.4431 0.4913
vn -0.6314 0.7724 0.0682
vn -0.5989 0.7711 -0.2162
vn -0.8623 0.5037 0.0518
vn -0.3666 0.9007 -0.2330
vn -0.9305 0.3552 -0.0893
vn -0.8932 0.4282 -0.1371
vn -0.2960 0.6178 -0.7285
vn -0.6995 0.5072 -0.5034
vn -0.1043 0.3647 -0.9253
vn -0.5297 0.8468 0.0479
vn 0.1243 0.9888 0.0823
vn -0.1327 0.9889 0.0664
vn -0.7756 0.4544 -0.4382
vn -0.3723 0.3217 -0.8706
vn -0.0864 0.3909 -0.9164
vn -0.1722 0.7259 -0.6659
vn -0.1898 0.3231 -0.9272
vn -0.6564 0.7481 -0.0973
vn 0.0261 0.2749 0.9611
vn 0.0749 0.9864 0.1462
vn 0.1498 0.9761 0.1575
vn 0.2281 0.9420 0.2463
vn 0.0934 0.3896 -0.9162
vn 0.3740 0.3212 -0.8700
vn 0.3882 0.3878 -0.8360
vn -0.9635 -0.1570 0.2170
vn -0.8180 -0.5713 -0.0669
vn 0.7484 -0.0084 -0.6632
vn 0.0974 0.8131 -0.5739
vn -0.0000 0.8173 -0.5762
vn 0.0080 0.8171 -0.5764
vn -0.2756 0.2565 0.9264
vn -0.1304 0.7193 0.6823
vn -0.8776 0.4556 0.1494
vn 0.5362 0.6035 0.5902
vn 0.3701 0.1023 0.9233
vn -0.5762 0.8024 -0.1555
vn 0.8969 -0.0100 0.4421
vn 0.8207 0.5432 -0.1771
vn 0.9718 0.0188 -0.2350
vn 0.2457 0.6593 -0.7106
vn 0.7418 0.1483 -0.6540
vn -0.2517 0.2979 -0.9208
vn 0.0372 0.1501 0.9880
vn 0.1304 0.7193 0.6823
vn -0.5362 0.6035 0.5902
vn 0.2756 0.2565 0.9264
vn -0.3701 0.1023 0.9233
vn 0.8776 0.4556 0.1494
vn 0.5762 0.8024 -0.1555
vn 0.2517 0.2979 -0.9208
vn 0.3890 -0.1362 0.9111
vn 0.6705 0.4942 0.5534
vn -0.2457 0.6593 -0.7106
vn 0.6563 -0.6697 0.3475
vn 0.7054 -0.0202 0.7085
vn 0.2050 -0.1264 0.9706
vn -0.7418 0.1483 -0.6540
vn 0.1861 0.1435 0.9720
vn 0.4988 0.0235 0.8664
vn 0.2032 0.0296 0.9787
vn -0.9718 0.0188 -0.2350
vn -0.8207 0.5432 -0.1771
vn -0.8969 -0.0100 0.4421
vn 0.9395 0.2980 0.1690
vn 0.9304 0.3049 0.2036
vn 0.4512 0.4470 0.7724
vn 0.4476 0.6892 0.5699
vn 0.1189 0.8944 0.4313
vn 0.1989 0.9103 -0.3629
vn 0.1701 0.4068 0.8975
vn 0.2684 0.9386 0.2167
vn 0.0001 0.7325 0.6808
vn -0.3377 0.5189 -0.7853
vn 0.9373 0.1723 0.3030
vn 0.5739 -0.3631 -0.7340
vn -0.3019 -0.9173 0.2595
vn -0.8530 -0.5155 -0.0811
vn -0.1793 0.9025 -0.3916
vn -0.2696 -0.5225 -0.8089
vn -0.7424 0.3453 -0.5741
vn -0.5981 -0.5966 -0.5351
vn -0.9572 -0.0310 -0.2879
vn -0.7036 -0.5860 -0.4020
vn -0.6395 -0.7651 -0.0752
vn -0.8331 -0.5531 0.0072
vn -0.9778 0.1148 -0.1756
vn -0.7495 0.5191 -0.4108
vn -0.8991 -0.3071 0.3119
vn 0.5876 0.6959 -0.4128
vn 0.6499 0.6623 0.3727
vn 0.8700 -0.4931 -0.0014
vn -0.1885 0.0430 0.9811
vn -0.8886 -0.3499 0.2965
vn -0.4337 -0.8124 0.3898
vn -0.4488 0.1618 0.8788
vn -0.6579 -0.6630 0.3572
vn -0.6453 0.0993 -0.7575
vn -0.9323 0.1631 -0.3227
vn -0.3482 -0.8573 0.3791
vn -0.2074 -0.1191 0.9710
vn 0.3683 -0.2773 0.8874
vn -0.1181 -0.8527 0.5089
vn 0.4000 0.0927 0.9118
vn 0.2031 0.7407 0.6404
vn 0.7895 0.6134 -0.0225
vn 0.2863 0.9071 0.3084
vn 0.8206 0.1955 0.5370
vn 0.2274 -0.8777 0.4219
vn 0.9861 0.1606 0.0425
vn 0.5343 -0.8357 -0.1267
vn -0.1795 0.9833 0.0291
vn -0.9599 0.2260 0.1660
vn 0.9599 0.2260 0.1659
vn 0.0454 -0.1813 0.9824
vn 0.0410 0.2935 0.9551
vn 0.6622 -0.7161 -0.2206
vn 0.7306 -0.5866 -0.3495
vn 0.9432 0.2853 0.1705
vn 0.7506 -0.5020 -0.4296
vn 0.7275 -0.3859 -0.5672
vn 0.9577 0.1918 0.2148
vn 0.4610 0.8266 0.3228
vn 0.5260 0.8502 -0.0239
vn 0.1795 0.9833 0.0291
vn 0.4358 0.8457 -0.3081
vn 0.9100 0.3901 0.1404
vn 0.6661 0.5012 0.5523
vn -0.0660 0.5205 0.8513
vn -0.4367 0.2670 0.8590
vn -0.5368 0.8362 0.1123
vn -0.5049 0.7372 -0.4490
vn 0.6167 0.5361 0.5765
vn 0.8138 0.5000 0.2961
vn 0.0548 0.0228 0.9982
vn 0.1427 0.1576 0.9771
vn 0.0781 0.1228 0.9894
vn -0.9395 0.2980 0.1690
vn -0.6499 0.6623 0.3727
vn -0.1989 0.9103 -0.3629
vn -0.1701 0.4068 0.8975
vn -0.2684 0.9386 0.2167
vn -0.9373 0.1723 0.3030
vn -0.4544 0.4854 -0.7469
vn -0.5739 -0.3631 -0.7340
vn 0.3377 0.5189 -0.7853
vn 0.7424 0.3453 -0.5741
vn 0.2696 -0.5225 -0.8089
vn 0.5981 -0.5966 -0.5351
vn 0.9572 -0.0310 -0.2879
vn 0.7036 -0.5860 -0.4020
vn 0.6395 -0.7651 -0.0752
vn 0.8331 -0.5531 0.0072
vn 0.9778 0.1148 -0.1756
vn 0.7495 0.5191 -0.4108
vn 0.8991 -0.3071 0.3119
vn -0.5876 0.6959 -0.4128
vn 0.9042 -0.3612 0.2278
vn 0.8995 0.0266 0.4361
vn 0.5671 0.3295 0.7549
vn 0.8986 0.1802 0.4000
vn 0.8980 -0.3460 0.2719
vn 0.3482 -0.8573 0.3791
vn 0.1214 -0.9297 0.3477
vn -0.7823 0.6227 -0.0175
vn -0.1471 0.9700 0.1938
vn -0.4098 0.6466 -0.6434
vn -0.7363 0.4321 0.5206
vn 0.4367 0.2670 0.8590
vn -0.2110 0.7385 0.6404
vn 0.0660 0.5205 0.8513
vn -0.5153 0.8202 0.2487
vn 0.0192 -0.4408 -0.8974
vn -0.0101 -0.9475 -0.3197
vn -0.0154 -0.9528 -0.3032
vn -0.9459 -0.3057 0.1088
vn -0.8206 0.1955 0.5370
vn -0.2274 -0.8777 0.4219
vn -0.9861 0.1606 0.0425
vn -0.5343 -0.8357 -0.1267
vn -0.6623 -0.7160 -0.2208
vn -0.7306 -0.5865 -0.3495
vn -0.6167 0.5361 0.5765
vn -0.8224 0.5142 0.2435
vn -0.4586 -0.5002 -0.7345
vn -0.0454 -0.7244 -0.6879
vn -0.5477 -0.4465 -0.7076
vn -0.8106 0.5096 -0.2884
vn -0.7592 0.6236 0.1865
vn 0.2849 0.7567 0.5884
vn 0.0326 0.5017 -0.8644
vn -0.2314 0.3371 0.9126
vn 0.2314 0.3371 0.9126
vn 0.8187 -0.5386 -0.1990
vn 0.0928 -0.9004 -0.4251
vn 0.7987 -0.5619 -0.2151
vn 0.8303 -0.5350 -0.1559
vn 0.1633 -0.9834 -0.0796
vn -0.1774 -0.8116 -0.5567
vn -0.4095 0.8819 0.2337
vn -0.9026 0.1721 0.3945
vn -0.9650 -0.0237 0.2610
vn -0.9584 -0.2708 0.0902
vn -0.1124 0.0020 0.9937
vn -0.1010 -0.0003 0.9949
vn -0.1264 -0.0148 0.9919
vn -0.2696 0.5764 0.7714
vn 0.8327 -0.5314 -0.1556
vn 0.8537 -0.5152 -0.0764
vn 0.3735 -0.7168 -0.5888
vn -0.1887 0.1341 0.9728
vn 0.5583 0.8292 0.0270
vn 0.0408 -0.0979 -0.9944
vn 0.1995 0.3993 -0.8948
vn -0.2695 -0.8543 -0.4444
vn -0.0000 0.9904 0.1380
vn 0.2527 -0.5234 -0.8138
vn 0.4932 -0.4538 -0.7421
vn 0.1733 -0.0098 -0.9848
vn 0.3197 -0.0257 -0.9472
vn -0.6948 -0.6361 -0.3355
vn -0.8383 -0.5259 -0.1437
vn -0.8555 -0.5122 -0.0760
vn -0.0000 0.7567 0.6538
vn -0.8310 -0.5337 -0.1567
vn 0.8508 -0.1402 0.5064
vn 0.5260 0.6182 0.5841
vn -0.5936 0.5546 0.5831
vn 0.1774 -0.8116 -0.5567
vn -0.7570 -0.6248 -0.1912
vn -0.1633 -0.9834 -0.0796
vn -0.0254 -0.8786 0.4768
vn -0.0739 -0.8162 0.5730
vn 0.5013 0.1492 0.8523
vn -0.7987 -0.5619 -0.2151
vn -0.7976 -0.5748 -0.1828
vn -0.8187 -0.5386 -0.1990
vn 0.0455 -0.7245 -0.6878
vn -0.0928 -0.9004 -0.4251
vn 0.3582 0.4023 0.8425
vn 0.1534 -0.9325 0.3269
vn 0.2465 -0.4514 0.8576
vn 0.0566 -0.9947 -0.0854
vn -0.0305 -0.9104 -0.4125
vn -0.0989 -0.2227 -0.9699
vn 0.0014 -0.3220 -0.9468
vn -0.0000 -0.3359 -0.9419
vn 0.2866 0.4977 0.8186
vn -0.3002 0.4979 0.8136
vn -0.0018 -0.0042 1.0000
vn 0.0741 0.7463 0.6615
vn 0.5059 0.5633 0.6533
vn 0.6873 0.6283 0.3646
vn 0.0025 0.1057 -0.9944
vn -0.0027 0.1057 -0.9944
vn -0.0140 0.0906 -0.9958
vn 0.0112 -0.6870 0.7265
vn 0.7085 0.6773 0.1983
vn 0.3002 0.4979 0.8136
vn -0.2866 0.4977 0.8186
vn 0.0018 -0.0042 1.0000
vn -0.7253 0.3286 0.6050
vn -0.2624 0.5897 0.7638
vn 0.2624 0.5897 0.7638
vn 0.7253 0.3286 0.6050
vn -0.0008 0.7652 -0.6438
vn 0.0034 -0.6184 0.7859
vn -0.0052 0.9998 -0.0212
vn -0.0000 0.7203 0.6937
vn 0.7997 0.2946 0.5231
vn -0.0124 -0.8808 0.4734
vn -0.2553 -0.7324 0.6312
vn -0.0664 -0.8058 0.5885
vn 0.0037 -0.8240 0.5665
vn -0.7598 0.5228 0.3865
vn -0.7611 -0.1537 0.6302
vn -0.8260 0.0180 -0.5634
vn -0.9871 -0.1127 0.1137
vn -0.5165 -0.7137 0.4731
vn -0.4773 -0.5509 0.6846
vn -0.7017 0.5477 0.4556
vn -0.2947 -0.7780 0.5549
vn -0.1477 0.7940 -0.5897
vn -0.9912 -0.0022 0.1322
vn 0.8013 0.4491 -0.3954
vn -0.3309 0.6384 -0.6950
vn -0.4992 0.8636 -0.0712
vn 0.4143 0.4215 -0.8067
vn 0.5593 0.8289 0.0143
vn -0.0133 -0.4716 0.8817
vn -0.2172 -0.1554 0.9637
vn 0.3777 0.2487 -0.8919
vn 0.1071 -0.2230 -0.9689
vn 1.0000 -0.0053 -0.0031
vn 0.9195 0.3929 0.0144
vn 0.9201 0.3916 0.0110
vn 0.9207 0.3903 0.0076
vn 0.0605 0.1074 -0.9924
vn -0.0473 0.0999 -0.9939
vn 0.4367 -0.4315 -0.7893
vn 0.7164 -0.6975 0.0128
vn -0.5268 0.1275 -0.8404
vn -0.8471 0.1536 -0.5088
vn 0.6716 0.0542 -0.7390
vn -0.6081 0.5714 -0.5511
vn 0.4227 0.8880 -0.1810
vn -0.2473 0.9589 -0.1389
vn 0.6107 0.7434 0.2727
vn 0.5132 0.8541 0.0848
vn -0.8610 0.3721 -0.3466
vn 0.9972 0.0658 0.0368
vn 0.9920 -0.0041 0.1261
vn -0.7386 0.3391 -0.5826
vn -0.3767 0.2540 -0.8908
vn -0.5073 -0.0333 -0.8612
vn -0.8173 0.3664 -0.4448
vn 0.5105 -0.0503 -0.8584
vn 0.7364 0.3283 -0.5916
vn 0.8172 0.3663 -0.4450
vn 0.9543 0.2983 0.0164
vn 0.2230 0.9568 -0.1863
vn 0.7861 0.5742 -0.2289
vn 0.3891 0.6340 -0.6683
vn 0.2689 0.7683 0.5809
vn -0.3748 0.8956 0.2397
vn 0.5052 0.8011 0.3210
vn 0.3700 0.7852 -0.4965
vn 0.0707 0.9975 -0.0018
vn 0.2845 0.9395 -0.1908
vn -0.9659 0.2285 0.1216
vn -0.4686 0.5070 -0.7234
vn -0.0642 0.9979 -0.0118
vn -0.7858 0.5746 -0.2287
vn 0.3303 -0.3323 -0.8834
vn 0.0891 -0.7100 -0.6985
vn -0.9449 0.3264 0.0233
vn -0.5107 0.7207 -0.4688
vn -0.9846 0.1749 -0.0045
vn -0.0573 -0.4224 -0.9046
vn -0.1911 -0.9791 0.0698
vn -0.1746 -0.9572 0.2310
vn 0.8828 -0.4613 -0.0890
vn -0.5020 0.8439 -0.1891
vn 0.1666 0.9471 0.2743
vn 0.8943 0.4466 -0.0284
vn -0.9892 -0.0299 0.1434
vn -0.1010 0.5262 -0.8443
vn 0.1539 0.7522 -0.6407
vn -0.5469 0.2496 -0.7991
vn -0.4960 0.4653 -0.7331
vn -0.6903 -0.3518 -0.6322
vn -0.7755 -0.6250 -0.0890
vn -0.8144 -0.1035 0.5710
vn -0.4600 0.0910 0.8832
vn 0.0026 0.1940 -0.9810
vn 0.0060 -0.0706 -0.9975
vn 0.0126 -0.0636 -0.9979
vn 0.8005 0.0465 -0.5975
vn -0.7994 0.0466 -0.5990
vn 0.0002 -0.7344 -0.6787
vn -0.0000 -0.7342 -0.6789
vn -0.0000 -0.7341 -0.6790
vn -0.0810 -0.9915 0.1017
vn 0.3647 -0.6517 0.6650
vn 0.2751 0.1570 0.9485
vn -0.9999 -0.0044 0.0128
vn -0.9988 0.0283 0.0400
vn -0.9973 -0.0020 0.0736
vn -0.9263 0.3691 0.0759
vn 0.3585 0.8842 0.2995
vn 0.3527 0.8871 0.2979
vn 0.3495 0.8886 0.2970
vn 0.2586 0.9189 -0.2978
vn 0.0411 0.6908 0.7219
vn -0.2540 0.3946 0.8831
vn 0.3409 0.3859 0.8572
vn -0.1163 -0.9253 -0.3610
vn 0.0185 -0.9948 0.1005
vn -0.7049 -0.4796 0.5227
vn -0.5140 -0.2025 -0.8335
vn 0.0673 -0.4389 -0.8960
vn -0.9929 -0.0638 0.1009
vn -0.9930 -0.0635 0.0995
vn -0.9930 -0.0634 0.0995
vn 0.9977 0.0600 0.0307
vn 0.3666 -0.1945 0.9098
vn -0.1133 -0.1034 0.9882
vn -0.1421 0.0795 0.9866
vn -0.1096 0.0594 0.9922
vn -0.9943 0.0556 0.0905
vn -0.8710 0.2056 -0.4462
vn -0.8605 0.1717 -0.4797
vn -0.1581 -0.6405 -0.7515
vn -0.2366 0.4206 0.8758
vn -0.6010 0.4935 -0.6286
vn -0.9795 0.2001 -0.0210
vn -0.7783 0.6125 0.1379
vn -0.7886 0.6001 -0.1342
vn 0.4887 0.1482 -0.8598
vn 0.1239 0.5136 -0.8490
vn 0.6441 0.7208 -0.2561
vn -0.1629 0.9866 0.0098
vn 0.5282 -0.4982 -0.6875
vn 0.8213 0.5703 0.0170
vn -0.5243 -0.5240 -0.6712
vn -0.6629 0.7098 -0.2380
vn 0.8313 0.5536 0.0500
vn 0.9796 0.2001 -0.0195
vn 0.6822 0.1836 -0.7078
vn -0.4878 0.1579 -0.8586
vn 0.8058 0.1463 -0.5738
vn 0.8303 0.1597 -0.5340
vn -0.0265 -0.0658 -0.9975
vn 0.1477 0.7940 -0.5897
vn 0.1413 0.2718 -0.9519
vn -0.6066 0.7945 0.0288
vn 0.3716 0.7404 -0.5601
vn 0.1151 0.3867 -0.9150
vn -0.0387 -0.8776 0.4778
vn -0.0234 -0.8977 0.4401
vn -0.8725 0.4860 -0.0512
vn -0.1053 0.9907 -0.0865
vn 0.4586 0.8506 0.2573
vn 0.4463 0.8917 -0.0758
vn -0.3152 -0.8075 -0.4986
vn -0.3495 -0.7944 -0.4968
vn -0.4172 -0.7976 -0.4355
vn 0.8725 0.4859 -0.0510
vn -0.1411 0.2719 -0.9519
vn -0.5321 -0.2974 -0.7927
vn -0.1269 0.3762 -0.9178
vn -0.6015 -0.1697 -0.7806
vn 0.3281 0.9063 -0.2664
vn -0.0382 0.9903 0.1334
vn 0.3130 0.6498 0.6926
vn -0.4129 0.4811 0.7734
vn 0.2990 0.0481 0.9530
vn 0.3955 0.0906 0.9140
vn -0.2367 0.0117 0.9715
vn 0.3904 -0.1213 0.9126
vn -0.7554 0.4054 0.5148
vn -0.1751 0.9706 0.1651
vn 0.0110 0.9908 0.1349
vn -0.3902 -0.1210 0.9127
vn -0.3956 0.0906 0.9139
vn -0.2985 0.1262 0.9460
vn 0.7139 0.4733 -0.5161
vn 0.1389 0.3959 -0.9077
vn 0.2971 0.9357 -0.1903
vn 0.0266 -0.9551 -0.2952
vn -0.2825 0.0924 -0.9548
vn 0.3557 0.5884 -0.7261
vn 0.6472 -0.3079 -0.6973
vn -0.7121 0.4743 -0.5175
vn -0.1390 0.3959 -0.9077
vn 0.9773 0.0827 -0.1950
vn 0.7556 0.4052 0.5147
vn 0.4129 0.4809 0.7734
vn 0.2366 0.0116 0.9715
vn 0.0401 0.9901 0.1345
vn -0.3249 0.9057 -0.2724
vn -0.1847 0.9631 0.1959
vn -0.3124 0.6495 0.6932
vn -0.2749 -0.7754 0.5685
vn 0.7577 -0.6477 -0.0798
vn 0.4317 -0.7689 0.4716
vn 0.9275 -0.3738 -0.0074
vn 0.1592 -0.9053 0.3939
vn -0.0620 0.9793 -0.1926
vn 0.4195 0.9065 -0.0471
vn 0.8021 0.5967 -0.0231
vn 0.1642 0.8093 -0.5639
vn -0.2403 0.8758 -0.4187
vn 0.1302 0.9756 0.1767
vn 0.4916 0.4175 0.7642
vn 0.6973 -0.2760 0.6615
vn 0.8453 0.4521 -0.2849
vn -0.2099 0.6912 -0.6915
vn 0.1205 0.9906 0.0644
vn 0.3461 0.4556 -0.8201
vn 0.2110 0.8583 -0.4677
vn 0.8014 0.4796 -0.3575
vn 0.6991 -0.3381 -0.6301
vn -0.1214 -0.9297 0.3477
vn 0.4822 0.7492 -0.4541
vn 0.9695 -0.1530 0.1915
vn 0.9601 -0.1965 0.1989
vn -0.1643 0.8094 -0.5639
vn -0.9857 -0.0307 -0.1657
vn -0.8023 0.5965 -0.0229
vn -0.8448 0.4520 -0.2863
vn 0.2099 0.6913 -0.6915
vn 0.2403 0.8758 -0.4187
vn 0.0620 0.9793 -0.1927
vn -0.1891 0.9434 -0.2725
vn -0.4193 0.9066 -0.0478
vn -0.9274 -0.3741 -0.0073
vn -0.9650 -0.0953 -0.2442
vn -0.7581 -0.6469 -0.0825
vn -0.4353 -0.7750 0.4581
vn 0.3891 0.9114 0.1342
vn -0.8017 0.4796 -0.3567
vn -0.3459 0.4557 -0.8202
vn -0.6988 -0.3382 -0.6303
vn -0.2113 0.8582 -0.4678
vn -0.0837 0.8896 -0.4491
vn -0.0827 0.8868 -0.4546
vn 0.7113 -0.2132 0.6698
vn 0.5155 0.8536 -0.0746
vn 0.3183 0.8482 0.4233
vn -0.1137 0.9914 0.0642
vn -0.5841 0.8075 -0.0820
vn -0.9362 0.0704 0.3444
vn -0.5812 0.2103 0.7861
vn -0.4931 0.5210 0.6967
vn -0.4287 0.1108 0.8966
vn -0.6256 -0.1745 0.7604
vn -0.8648 -0.2457 -0.4379
vn -0.9334 0.2567 -0.2509
vn -0.8943 0.1643 0.4161
vn -0.9064 0.2225 0.3590
vn -0.9079 0.2207 0.3564
vn 0.1464 0.2147 -0.9656
vn 0.1121 0.1148 -0.9870
vn 0.0666 0.1101 -0.9917
vn 0.9401 0.2527 -0.2289
vn 0.7474 0.4389 0.4988
vn 0.1402 0.9718 0.1896
vn 0.9356 0.0699 0.3460
vn 0.5830 0.2181 0.7827
vn 0.4443 0.5725 0.6891
vn -0.0493 0.9452 0.3226
vn 0.0052 0.6291 0.7773
vn 0.4051 -0.9139 -0.0266
vn 0.9034 0.2182 -0.3691
vn 0.1799 0.9379 0.2967
vn 0.0076 0.9996 0.0267
vn -0.4652 0.5572 0.6878
vn -0.0681 -0.9538 0.2926
vn 0.1336 -0.4963 0.8578
vn 0.0720 -0.9885 0.1333
vn 0.9956 -0.0933 0.0015
vn 0.9973 -0.0739 -0.0020
vn 0.9995 -0.0199 0.0240
vn -1.0000 0.0001 0.0001
vn -1.0000 -0.0049 -0.0049
vn -0.9999 -0.0013 -0.0124
vn -0.5383 0.7120 0.4509
vn -0.2988 0.9425 0.1497
vn 0.0058 0.9824 -0.1867
vn -0.0007 0.9063 0.4227
vn -0.0375 0.1303 0.9908
vn 0.0100 0.1521 0.9883
vn -0.9614 0.2666 0.0679
vn -0.9795 0.1967 0.0433
vn -0.9811 0.1875 0.0476
vn -0.9613 -0.2114 0.1765
vn -0.6481 -0.0496 -0.7600
vn 0.2622 0.0195 -0.9648
vn 0.3564 0.7676 -0.5327
vn 0.6216 0.4711 0.6259
vn -0.9670 0.2488 0.0541
vn -0.0173 0.9936 -0.1117
vn -0.0143 0.9928 -0.1192
vn 0.7970 -0.4955 -0.3453
vn -0.7664 -0.6092 0.2036
vn 0.5997 -0.7405 -0.3033
vn -0.0044 -0.0299 -0.9995
vn -0.0681 -0.0687 -0.9953
vn -0.5377 0.5486 -0.6402
vn -0.1773 0.8909 0.4181
vn -0.1803 0.8825 0.4344
vn 0.1719 0.1244 0.9772
vn 0.2676 -0.1625 0.9497
vn 0.2546 -0.1200 0.9596
vn 0.0207 0.9997 0.0125
vn 0.1145 0.9933 0.0177
vn -0.0139 0.9999 -0.0095
vn 0.3200 -0.5532 0.7691
vn 0.5094 0.7801 0.3632
vn 0.3649 0.8037 0.4699
vn -0.0959 -0.7957 0.5981
vn 0.8684 -0.1365 0.4767
vn 0.9721 -0.0650 0.2253
vn 0.4820 -0.0202 0.8760
vn -0.1583 0.9854 0.0620
vn -0.4320 0.9018 0.0059
vn 0.7018 -0.3708 -0.6083
vn 0.2424 -0.4110 -0.8788
vn 0.2050 -0.6835 -0.7005
vn -0.1836 0.5583 0.8091
vn -0.1714 0.1710 0.9702
vn -0.1563 0.5460 0.8231
vn 0.9979 0.0570 0.0302
vn 0.3665 -0.1945 0.9099
vn -0.1138 -0.1031 0.9881
vn 0.4545 0.7912 -0.4091
vn -0.3169 0.2887 0.9034
vn 0.9933 -0.1152 0.0051
vn 0.9814 0.1901 0.0248
vn 0.9096 0.3835 0.1597
vn -0.0955 -0.9010 0.4232
vn -0.0985 -0.8807 0.4633
vn -0.6906 0.7118 -0.1283
vn 0.8608 -0.5089 -0.0101
vn 0.8604 -0.5094 0.0120
vn 0.8609 -0.5087 0.0072
vn -0.0146 -0.9396 -0.3420
vn 0.0154 -0.9964 0.0833
vn 0.0171 -0.9940 0.1083
vn 0.0749 -0.4875 -0.8699
vn 0.2267 -0.5906 -0.7745
vn -0.0408 -0.0979 -0.9944
vn -0.0186 0.1572 0.9874
vn -0.0726 0.1322 0.9886
vn 0.1212 0.2193 0.9681
vn 0.0458 -0.9873 -0.1524
vn 0.0404 -0.9907 -0.1302
vn 0.0401 -0.9908 -0.1289
vn 0.7990 0.5999 -0.0424
vn 0.7931 0.5424 -0.2772
vn 0.7894 0.5838 0.1897
vn 0.0697 -0.6945 -0.7162
vn -0.1997 0.9180 -0.3426
vn -0.5022 0.5010 -0.7048
vn 0.5206 0.1167 0.8458
vn -0.4450 -0.5956 -0.6687
vn -0.9194 -0.2661 -0.2897
vn -0.7457 -0.0129 -0.6661
vn 0.5477 -0.4465 -0.7076
vn 0.5356 -0.4799 -0.6949
vn 0.6561 0.6639 -0.3588
vn -0.0255 0.7110 0.7027
vn 0.9947 0.0214 0.1005
vn 0.9947 0.0214 0.1006
vn -0.0059 0.3348 -0.9423
vn -0.0150 0.5178 -0.8554
vn -0.8049 0.2990 -0.5127
vn 0.1203 -0.4547 0.8825
vn 0.9679 -0.0175 0.2508
vn 0.9452 -0.1246 0.3018
vn 0.2708 0.6313 0.7267
vn 0.2651 0.5156 0.8147
vn 0.3065 0.9296 0.2044
vn -0.5572 0.6750 0.4837
vn 0.9916 0.0861 -0.0963
vn 0.9914 0.0923 -0.0929
vn 0.9988 0.0078 -0.0473
vn 0.9817 0.1766 -0.0718
vn 0.9593 -0.0786 -0.2711
vn 0.9739 -0.1603 -0.1608
vn 0.9772 -0.1533 -0.1471
vn -0.4377 0.8981 0.0426
vn -0.6256 0.7033 0.3376
vn -0.0132 -0.1162 0.9931
vn 0.7288 -0.3020 0.6145
vn 0.6820 -0.2816 -0.6750
vn 0.0480 -0.9870 -0.1535
vn -0.0066 0.6307 0.7760
vn -0.2676 -0.6133 0.7431
vn -0.2975 0.5285 0.7951
vn 0.6638 -0.6840 0.3026
vn -0.2594 -0.7345 0.6271
vn -0.0425 -0.9741 0.2219
vn -0.0374 -0.9993 -0.0045
vn 0.5492 -0.2368 -0.8014
vn 0.6422 -0.6244 -0.4446
vn -1.0000 -0.0002 -0.0072
vn 0.3465 0.9281 -0.1365
vn 0.1533 0.9082 -0.3893
vn -0.9942 0.0901 -0.0593
vn -0.1838 0.3186 -0.9299
vn 0.1305 -0.2006 0.9709
vn 0.0336 0.3029 0.9524
vn 0.4609 0.8854 -0.0606
vn -0.7706 0.6349 -0.0564
vn 0.9976 -0.0600 -0.0344
vn 0.1891 -0.9789 -0.0780
vn 0.2200 0.7517 -0.6218
vn 0.0681 0.7934 -0.6049
vn -0.0503 -0.0623 0.9968
vn 0.0503 -0.0623 0.9968
vn -0.0262 0.9387 0.3438
vn 0.0189 0.9392 0.3430
vn -0.8121 -0.5810 0.0547
vn 0.4526 0.7867 -0.4199
vn -0.7591 -0.4140 -0.5023
vn 0.3097 0.1607 -0.9372
vn 0.3097 0.1572 -0.9377
vn 0.3096 0.1585 -0.9376
vn -0.4175 -0.1217 -0.9005
vn -0.4190 -0.1240 -0.8995
vn 0.3284 0.9113 -0.2484
vn -0.9497 0.0026 -0.3132
vn -0.9497 0.0026 -0.3131
vn -0.9497 0.0028 -0.3133
vn -0.2746 -0.6597 0.6996
vn 0.3957 0.3046 0.8664
vn 0.3934 0.5909 0.7044
vn -0.0000 0.0004 -1.0000
vn 0.9802 -0.1169 0.1595
vn 0.9742 -0.0602 0.2173
vn 0.9805 -0.1230 0.1532
vn -0.8907 0.1377 0.4332
vn -0.7914 -0.5372 -0.2918
vn -0.7557 -0.5914 -0.2813
vn -0.7654 -0.6007 -0.2310
vn 0.0340 -0.2981 0.9539
vn 0.2639 0.0392 0.9638
vn 0.6290 0.7001 0.3378
vn -0.3146 0.6582 -0.6839
vn -0.3789 0.8847 -0.2717
vn 0.7142 -0.5318 0.4550
vn 0.5930 0.1223 0.7959
vn -0.5959 0.8028 0.0201
vn -0.9972 -0.0520 0.0542
vn -0.5222 -0.8469 -0.1003
vn -0.5100 -0.8425 -0.1733
vn -0.4491 -0.8562 -0.2553
vn 0.5137 -0.1207 -0.8495
vn 0.0044 -0.7735 -0.6338
vn -0.0010 -0.7647 -0.6444
vn 0.0029 -0.7711 -0.6367
vn -0.2030 0.9412 0.2701
vn -0.0827 0.9884 0.1277
vn -0.0507 0.9925 0.1111
vn 0.9999 0.0121 0.0041
vn 1.0000 0.0065 0.0026
vn 1.0000 0.0069 0.0022
vn -0.2817 0.3914 -0.8761
vn -0.0722 0.6269 -0.7757
vn 0.5035 -0.4687 -0.7258
vn 0.4262 -0.5118 -0.7459
vn 0.6954 -0.3019 -0.6521
vn 0.9607 0.2699 0.0649
vn 0.8875 0.4564 0.0636
vn -0.2946 0.9534 -0.0655
vn -0.3240 0.7453 -0.5827
vn -0.1633 0.4331 0.8864
vn -0.0741 0.9260 -0.3702
vn -0.5030 0.8642 0.0122
vn 0.1572 0.6941 -0.7025
vn 0.1807 0.2445 0.9527
vn -0.5018 0.7951 -0.3405
vn 0.9273 0.3694 -0.0614
vn 0.0387 -0.9370 0.3473
vn 0.0185 -0.9386 0.3446
vn -0.0300 -0.9507 0.3085
vn 0.3193 0.6815 -0.6585
vn -0.7028 -0.5317 -0.4726
vn -0.7801 0.3381 -0.5265
vn -0.1514 0.0678 -0.9861
vn 0.4463 -0.0597 0.8929
vn 0.1269 -0.4750 0.8708
vn 0.9881 -0.1165 0.1001
vn 0.5457 -0.6360 0.5456
vn 0.8952 -0.0000 0.4457
vn 0.9654 -0.1269 0.2279
vn -0.9155 0.4004 0.0405
vn -0.8253 0.5578 0.0880
vn 0.2212 0.7527 0.6201
vn 0.8571 -0.2530 0.4488
vn -0.2552 0.2869 -0.9233
vn -0.7585 0.0030 -0.6516
vn -0.1030 -0.0248 0.9944
vn -0.1234 0.0241 0.9921
vn -0.1062 -0.0381 0.9936
vn 0.6565 0.5824 0.4793
vn 0.4930 0.0617 0.8678
vn 0.7028 0.5902 0.3971
vn -0.0673 0.7051 0.7059
vn 0.3574 0.2715 -0.8936
vn 0.1433 0.6581 0.7392
vn -0.2362 0.6751 0.6988
vn -0.2315 -0.9153 -0.3297
vn 0.0005 -0.9439 -0.3304
vn 0.2835 -0.6909 0.6650
vn 0.2838 -0.6910 0.6649
vn 0.2838 -0.6911 0.6648
vn -0.9829 0.1106 0.1470
vn -0.9981 0.0505 0.0341
vn -0.1443 0.0476 -0.9884
vn 0.0572 0.3771 -0.9244
vn 0.0521 0.9481 -0.3135
vn -0.3192 0.6648 -0.6754
vn -0.3771 0.8840 -0.2762
vn -0.5572 -0.7141 -0.4238
vn -0.7690 -0.3757 -0.5172
vn -0.7635 0.6440 0.0492
vn -0.9551 0.2963 0.0047
vn -0.8479 0.5301 -0.0115
vn 0.0365 0.9992 -0.0188
vn 0.0363 0.9992 -0.0187
vn 0.0366 0.9992 -0.0189
vn -0.8271 -0.5075 0.2415
vn -0.5461 -0.7724 0.3241
vn -0.7563 -0.6296 0.1776
vn 0.8107 -0.1830 0.5561
vn 0.7887 -0.1910 0.5844
vn 0.7942 -0.3964 0.4605
vn 0.9803 0.0002 0.1976
vn 0.8890 -0.1665 -0.4266
vn 0.2659 -0.5759 -0.7731
vn 0.4712 0.1029 0.8760
vn 0.3243 0.7914 -0.5182
vn 0.3276 0.9221 -0.2061
vn -0.5689 0.7873 0.2377
vn 0.6656 -0.3649 0.6510
vn 0.5932 0.7753 0.2169
vn -0.7624 0.1324 -0.6335
vn -0.3953 0.9000 0.1838
vn -0.6979 0.7016 0.1438
vn -0.0016 -0.4330 0.9014
vn 0.0073 0.3308 -0.9437
vn -0.0003 0.0350 -0.9994
vn -0.9142 0.3989 -0.0715
vn 0.7888 0.2786 0.5478
vn 0.7970 0.4587 0.3929
vn -0.2593 -0.0127 -0.9657
vn -0.2581 -0.0064 -0.9661
vn -0.2597 -0.0149 -0.9656
vn -0.8398 -0.5129 -0.1776
vn -0.7785 -0.5962 -0.1963
vn -0.8138 -0.5098 -0.2789
vn -0.7605 -0.5796 -0.2928
vn -0.8400 -0.5130 -0.1764
vn -0.0713 0.3167 -0.9458
vn -0.0748 0.3036 -0.9499
vn 0.1274 0.5322 0.8370
vn -0.2641 0.4456 0.8554
vn 0.4235 0.7118 0.5604
vn 0.1704 -0.7606 -0.6265
vn 0.1701 -0.7606 -0.6266
vn 0.1704 -0.7606 -0.6264
vn 0.2778 0.5048 0.8173
vn 0.1717 0.9499 -0.2613
vn -0.8324 0.0707 -0.5496
vn -0.6346 -0.5454 -0.5476
vn -0.5837 -0.8047 -0.1085
vn 0.0184 0.8919 0.4519
vn -0.1217 0.9342 0.3352
vn -0.0798 0.9447 0.3181
vn 0.9971 0.0742 0.0195
vn -0.1539 -0.9751 0.1598
vn -0.0984 -0.9879 0.1195
vn -0.9396 -0.1658 0.2995
vn 0.2003 -0.8460 -0.4941
vn 0.0698 -0.9972 0.0285
vn 0.0735 -0.9970 0.0223
vn -0.4460 0.4921 -0.7476
vn -0.6813 -0.3632 -0.6355
vn 0.6026 -0.6705 0.4328
vn 0.3853 -0.6497 0.6553
vn -0.0126 -0.9445 -0.3283
vn 0.3895 0.5030 -0.7715
vn 0.0123 0.5021 -0.8647
vn -0.0604 -0.3369 -0.9396
vn -0.2010 0.0338 -0.9790
vn -0.9539 0.2551 0.1578
vn -0.3857 -0.6501 0.6547
vn -0.3830 0.2786 0.8807
vn -0.6002 0.1006 0.7935
vn -0.7503 0.0112 0.6610
vn 0.1955 -0.5863 0.7861
vn -0.2061 -0.9225 0.3263
vn 0.0566 0.9351 -0.3498
vn 0.0774 0.9387 -0.3359
vn -0.0609 -0.3018 0.9514
vn -0.0395 -0.0388 0.9985
vn 0.4405 0.0028 -0.8978
vn 0.3523 0.5965 -0.7211
vn -0.4023 -0.5081 -0.7616
vn 0.2437 0.6713 -0.6999
vn 0.0094 0.2302 -0.9731
vn 0.0848 0.3567 0.9304
vn -0.1174 0.3875 0.9144
vn 0.0317 0.8285 -0.5591
vn -0.2625 0.6609 -0.7031
vn 0.8465 -0.3373 -0.4119
vn 0.5923 0.3663 -0.7176
vn -0.0073 0.9978 0.0666
vn -0.0313 0.9985 -0.0453
vn 0.0061 0.9974 0.0723
vn -0.0247 0.8908 0.4538
vn -0.0151 0.8771 0.4801
vn 0.5739 0.8189 0.0080
vn 0.0199 -0.9960 0.0873
vn -0.6702 -0.3453 0.6569
vn 0.3306 0.8497 -0.4107
vn 0.3329 0.8509 -0.4063
vn 0.7204 -0.3885 0.5744
vn 0.7474 0.6610 -0.0674
vn 0.5246 0.8490 0.0632
vn -0.7703 0.6240 -0.1317
vn -0.1143 0.2306 0.9663
vn -0.2760 0.1728 0.9455
vn 0.6181 0.6134 0.4916
vn 0.9350 0.3372 -0.1103
vn 0.9657 0.2453 -0.0849
vn 0.9033 0.4089 -0.1301
vn -0.9534 0.0584 0.2961
vn -0.6898 0.1814 0.7010
vn -0.3516 0.1227 -0.9281
vn 0.7191 -0.6897 0.0850
vn -0.0117 -0.9812 0.1929
vn -0.6700 0.6375 -0.3804
vn 0.0174 0.3431 -0.9391
vn 0.0404 0.3593 -0.9323
vn -0.0589 0.2386 0.9693
vn -0.0777 0.2471 0.9659
vn -0.1271 0.2687 0.9548
vn 0.8215 -0.1072 0.5600
vn 0.7206 -0.1014 0.6859
vn 0.6795 -0.6719 0.2946
vn 0.9146 -0.4044 0.0014
vn 0.2170 0.5870 0.7799
vn 0.1144 0.8615 0.4947
vn 0.1129 0.6266 0.7711
vn 0.1314 0.8970 0.4220
vn 0.7514 0.6385 -0.1666
vn -0.6286 -0.6306 0.4552
vn -0.0157 0.1300 0.9914
vn -0.0237 0.1120 0.9934
vn -0.0126 0.1370 0.9905
vn 0.7243 -0.2276 0.6509
vn -0.5743 -0.3747 0.7279
vn 0.2596 0.5110 0.8195
vn -0.4853 0.4332 0.7595
vn -0.7606 0.4822 0.4348
vn -0.0183 -0.9990 0.0403
vn -0.0708 -0.9912 0.1120
vn -0.0143 -0.9993 0.0348
vn 0.9999 -0.0100 -0.0036
vn -0.6276 -0.0491 -0.7770
vn -0.6874 0.6402 0.3429
vn -0.3954 0.0850 -0.9146
vn -0.2618 0.8623 -0.4334
vn -0.2688 0.8622 -0.4293
vn -0.4167 -0.8633 -0.2846
vn -0.6146 -0.0122 0.7888
vn -0.4940 -0.2124 0.8431
vn 0.6900 0.4354 -0.5782
vn 0.7436 0.4567 -0.4883
vn 0.9705 -0.2004 -0.1344
vn -0.4389 -0.1783 0.8807
vn -0.0732 0.9389 0.3363
vn -0.7897 0.2404 -0.5644
vn -0.3639 -0.7081 -0.6051
vn 0.0475 -0.9926 -0.1121
vn -0.6632 -0.5621 -0.4942
vn -0.3836 -0.3836 -0.8401
vn -0.6468 0.7048 -0.2914
vn -0.5923 0.7473 -0.3014
vn -0.1422 0.8490 -0.5090
vn -0.1450 0.8613 -0.4870
vn 0.2294 -0.1005 0.9681
vn 0.4285 0.0438 0.9025
vn 0.1821 0.7260 -0.6631
vn 0.0146 -0.3118 -0.9500
vn 0.9999 -0.0043 0.0151
vn 0.9997 -0.0243 0.0058
vn 0.8973 0.1498 -0.4153
vn 0.2081 -0.5804 0.7873
vn 0.7521 -0.5173 0.4084
vn 0.7819 0.1901 -0.5937
vn -0.6132 0.1073 0.7826
vn -0.0475 -0.9275 0.3709
vn -0.0000 0.7246 0.6891
vn 0.9386 -0.0983 -0.3308
vn 0.9975 0.0555 -0.0442
vn 0.7034 0.4792 -0.5250
vn 0.9242 -0.2925 -0.2455
vn 0.4523 -0.6826 0.5741
vn -0.2058 -0.9690 0.1367
vn -0.2790 -0.8795 0.3855
vn -0.2054 -0.9694 0.1347
vn -0.7026 -0.6104 0.3658
vn -0.0606 0.9373 0.3433
vn -0.1060 0.9387 0.3280
vn -0.0715 0.9376 0.3402
vn 0.7707 0.1396 -0.6218
vn 0.9917 -0.0332 -0.1238
vn -0.7572 0.0340 -0.6523
vn -0.5786 0.0079 -0.8156
vn 0.6647 0.7461 -0.0381
vn 0.3346 0.9422 0.0139
vn 0.0218 -0.4646 -0.8853
vn -0.0007 -0.9475 -0.3198
vn -0.0235 -0.4827 -0.8755
vn -0.1793 -0.4516 -0.8740
vn -0.3411 0.8859 -0.3142
vn 0.0639 0.9730 -0.2218
vn 0.0739 0.9720 -0.2231
vn 0.0621 0.9732 -0.2216
vn -0.9428 -0.3258 -0.0700
vn -0.1849 0.8590 -0.4774
vn -0.4859 -0.6437 0.5912
vn 0.9184 0.2071 -0.3370
vn 0.9977 0.0646 -0.0183
vn 0.1088 0.9932 0.0410
vn 0.7050 0.3206 0.6326
vn 0.9043 0.4268 0.0054
vn 0.1206 0.8676 0.4824
vn 0.1299 0.8404 0.5262
vn 0.2737 0.3595 -0.8921
vn -0.0916 -0.9372 0.3367
vn 0.2297 -0.6325 -0.7397
vn 0.2566 -0.2565 -0.9319
vn 0.1965 -0.2202 -0.9555
vn 0.2868 -0.9579 -0.0101
vn 0.2485 0.8419 0.4790
vn -0.8205 -0.5430 -0.1786
vn -0.9992 -0.0329 -0.0207
vn -0.9977 -0.0516 -0.0431
vn -0.9974 -0.0543 -0.0463
vn 0.0112 0.3243 -0.9459
vn 0.2197 -0.1005 0.9704
vn 0.2900 0.3074 -0.9063
vn 0.9393 0.2646 -0.2185
vn 0.8090 0.3197 -0.4932
vn 0.0576 0.9514 -0.3024
vn 0.0023 0.9524 -0.3049
vn 0.0676 0.9541 -0.2917
vn 0.1114 0.9690 0.2203
vn 0.0691 0.7463 -0.6620
vn -0.1503 0.7101 0.6879
vn 0.8027 -0.0930 -0.5891
vn -0.2109 0.2831 -0.9356
vn 0.2154 0.4470 -0.8682
vn -0.6908 0.3654 -0.6239
vn -0.0602 0.8844 -0.4629
vn 0.7032 0.4627 -0.5398
vn -0.0675 0.9401 -0.3340
vn -0.1143 0.9925 0.0426
vn 0.0866 0.9955 -0.0382
vn 0.8718 -0.0773 0.4837
vn 0.0904 0.6350 -0.7672
vn 0.0666 0.6069 -0.7920
vn -0.0647 -0.1491 -0.9867
vn 0.1586 0.8028 -0.5748
vn 0.1366 -0.2432 -0.9603
vn 0.2533 0.1773 0.9510
vn 0.0084 0.9978 -0.0660
vn 0.0107 0.2784 0.9604
vn -0.6717 -0.6980 0.2484
vn 0.1548 -0.6213 0.7681
vn -0.6578 0.0764 -0.7493
vn -0.0036 -0.6326 0.7745
vn -0.0033 -0.6372 0.7707
vn -0.0036 -0.6325 0.7746
vn -0.8995 0.0266 0.4361
vn -0.5671 0.3295 0.7549
vn -0.1766 0.9792 -0.0996
vn 0.5320 0.7608 0.3717
vn -0.0974 0.8131 -0.5739
vn -0.1778 0.7889 -0.5882
vn -0.1474 0.2775 0.9494
vn 0.9291 -0.0360 0.3680
vn 0.6698 0.7014 0.2436
vn 0.6474 0.7612 0.0392
vn 0.4306 -0.7991 0.4195
vn 0.3394 0.0179 0.9405
vn 0.4440 -0.7420 0.5023
vn 0.5911 0.4048 -0.6976
vn -0.2374 0.9615 0.1387
vn 0.6205 -0.5105 -0.5953
vn 0.2828 -0.6762 -0.6803
vn 0.9677 -0.2502 -0.0298
vn 0.9613 -0.1813 -0.2073
vn 0.2941 -0.7710 0.5649
vn 0.3141 -0.1966 0.9288
vn -0.9213 0.2547 0.2940
vn -0.9594 0.1354 0.2474
vn -0.9711 -0.0399 0.2351
vn -0.2713 -0.3579 -0.8935
vn -0.0417 0.8440 -0.5348
vn 0.0206 0.9170 -0.3983
vn -0.0659 0.9559 -0.2863
vn 0.5567 0.1303 0.8205
vn -0.4820 -0.1498 -0.8633
vn -0.0333 0.3286 -0.9439
vn -0.0390 0.3411 -0.9392
vn -0.0349 0.3321 -0.9426
vn 0.5078 0.6208 0.5974
vn 0.9988 -0.0492 0.0072
vn 0.9993 0.0378 -0.0002
vn 0.5665 -0.8224 -0.0517
vn -0.9892 -0.1417 0.0385
vn -0.9448 -0.3201 0.0693
vn -0.2202 0.4133 0.8835
vn -0.1122 0.4179 0.9016
vn 0.9790 -0.2032 0.0136
vn 0.6015 0.6828 -0.4147
vn -0.5104 -0.0592 -0.8579
vn -0.7718 -0.3268 0.5455
vn -0.0449 -0.3816 0.9232
vn -0.7913 0.5029 0.3477
vn -0.5964 0.8003 -0.0624
vn -0.1708 -0.9850 0.0255
vn 0.7062 0.6784 -0.2026
vn 0.7070 0.6749 -0.2114
vn -0.2386 -0.6263 -0.7422
vn -0.9950 0.0305 0.0952
vn -0.9950 0.0304 0.0953
vn -0.9953 0.0325 0.0907
vn 0.4206 -0.8183 0.3918
vn 0.0001 -0.7777 -0.6286
vn 0.0003 -0.7774 -0.6290
vn -0.0000 -0.7779 -0.6284
vn -0.7248 -0.2070 0.6571
vn 0.7547 0.3294 -0.5674
vn -0.5049 0.0435 -0.8621
vn -0.4461 0.4967 -0.7445
vn -0.0046 -0.8490 0.5284
vn -0.0453 -0.9047 0.4237
vn 0.3356 -0.9212 0.1969
vn 0.7677 -0.0505 0.6388
vn -0.3426 -0.0033 0.9395
vn 0.3014 0.2899 -0.9084
vn 0.7026 0.2685 -0.6590
vn 0.7961 0.2199 0.5639
vn -0.0640 0.7670 0.6385
vn -0.4878 0.5860 0.6471
vn 0.9951 -0.0635 0.0757
vn 0.0310 0.6967 -0.7167
vn -0.0402 -0.7756 0.6300
vn 0.9846 0.1342 -0.1116
vn 0.7846 0.6197 -0.0215
vn 0.1090 0.9217 0.3724
vn 0.0595 0.9301 0.3625
vn 0.0663 0.9353 0.3477
vn 0.4935 -0.2123 0.8434
vn 0.2597 -0.1039 0.9601
vn -0.7942 -0.3964 0.4605
vn 0.2225 0.7101 -0.6680
vn 0.7850 -0.3616 -0.5031
vn -0.9476 0.2288 -0.2229
vn 0.9778 -0.1101 0.1781
vn -0.0298 0.9670 -0.2532
vn 0.9247 -0.3071 0.2251
vn -0.5011 0.8037 -0.3208
vn -0.0354 0.8596 -0.5097
vn 0.0233 0.6337 0.7732
vn 0.4790 -0.6931 0.5387
vn 0.3162 0.5278 0.7883
vn 0.2755 -0.8209 0.5003
vn -0.4297 0.4376 -0.7898
vn 0.0667 -0.9951 0.0726
vn -0.0469 0.9878 -0.1484
vn -0.2039 0.9758 -0.0795
vn 0.0165 0.9845 -0.1749
vn 0.5282 0.2549 -0.8100
vn -0.6768 -0.7323 -0.0754
vn -0.1850 0.6960 0.6938
vn -0.1879 0.6957 0.6933
vn -0.1847 0.6960 0.6939
vn -0.6734 0.7389 0.0250
vn -0.7353 0.6209 -0.2718
vn -0.8792 0.4764 0.0114
vn -0.3407 -0.8537 -0.3937
vn 0.1977 0.5063 0.8394
vn -0.0383 0.8150 0.5782
vn -0.3178 0.5469 0.7745
vn -0.5942 0.3187 0.7385
vn -0.5274 0.4332 0.7308
vn -0.8654 -0.5000 -0.0343
vn -0.8700 -0.4917 -0.0355
vn -0.4987 0.8665 -0.0204
vn -0.2141 -0.6620 0.7183
vn -0.6903 0.7098 0.1403
vn -0.0376 0.9606 -0.2754
vn -0.0668 -0.9964 0.0526
vn -0.0646 -0.9972 0.0366
vn -0.0670 -0.9963 0.0539
vn 0.0760 0.6051 0.7925
vn -0.0109 -0.3306 0.9437
vn 0.0476 -0.5377 0.8418
vn -0.3094 -0.6111 -0.7286
vn 0.0100 -0.7226 -0.6912
vn -0.0203 -0.9325 -0.3605
vn -0.5033 -0.8638 -0.0224
vn 0.2209 0.6149 -0.7570
vn -0.3367 0.2004 -0.9200
vn -0.1163 0.4865 -0.8659
vn -0.6646 -0.6669 -0.3371
vn 0.4884 0.0097 0.8726
vn -0.2240 -0.3772 -0.8986
vn -0.2886 -0.2838 -0.9144
vn 0.2769 -0.5866 0.7610
vn -0.0177 0.8498 0.5267
vn 0.2047 0.8893 0.4089
vn 0.2456 0.3213 0.9146
vn 0.2714 0.4080 0.8717
vn 0.9087 0.4154 0.0414
vn 0.9973 0.0535 0.0499
vn 0.8823 -0.4689 -0.0412
vn -0.9639 0.2657 -0.0172
vn 0.6512 -0.2059 0.7304
vn 0.1009 0.1215 -0.9875
vn 0.9229 -0.1575 -0.3512
vn -0.0167 0.4722 -0.8814
vn 0.0615 -0.1974 0.9784
vn 0.0178 -0.1960 0.9804
vn 0.5674 0.7772 -0.2720
vn 0.5782 0.7710 -0.2669
vn -0.5857 0.6241 0.5171
vn -0.9949 0.0802 0.0603
vn 0.0215 0.3226 -0.9463
vn 0.0185 0.2886 -0.9573
vn 0.9949 -0.0802 -0.0603
vn -0.2000 -0.0133 0.9797
vn 0.6700 -0.6375 0.3804
vn 0.6754 -0.1792 -0.7153
vn -0.0026 0.2872 -0.9579
vn 0.0586 0.3967 0.9161
vn -0.0586 0.3977 0.9157
vn 0.4652 -0.1125 -0.8780
vn 0.2323 -0.2119 -0.9493
vn -0.8646 0.3688 -0.3412
vn 0.6922 -0.2709 -0.6690
vn 0.5096 0.2900 -0.8101
vn 0.5239 0.2604 -0.8110
vn 0.6081 0.2205 -0.7626
vn 0.5398 0.1867 -0.8208
vn 0.9219 -0.2454 -0.2998
vn -0.8986 0.1802 0.4000
vn -0.8560 0.3859 0.3439
vn -0.8890 -0.1665 -0.4266
vn 0.6424 -0.6498 0.4063
vn -0.2766 0.5601 0.7808
vn 0.0312 -0.8406 -0.5408
vn -0.0750 -0.9797 -0.1860
vn -0.3245 -0.9442 -0.0572
vn -0.6823 -0.7122 -0.1650
vn 0.4657 -0.6147 -0.6366
vn -0.5331 -0.6221 0.5735
vn 0.0379 -0.6904 0.7224
vn 0.6270 -0.6370 -0.4484
vn -0.7875 -0.5062 -0.3516
vn 0.4499 0.3038 -0.8398
vn -0.7867 -0.4993 -0.3631
vn -0.6270 0.6370 0.4484
vn -0.1624 0.9864 -0.0274
vn -0.3276 0.9221 -0.2061
vn -0.2699 0.9321 0.2417
vn 0.4467 0.8624 -0.2382
vn 0.6486 0.6468 -0.4012
vn 0.4325 0.7491 -0.5018
vn 0.1789 0.9835 -0.0267
vn 0.4475 -0.0583 -0.8924
vn 0.5089 0.8595 0.0476
vn -0.9100 0.3901 0.1404
vn -0.8706 0.4489 -0.2011
vn 0.0329 -0.4493 -0.8928
vn -0.0740 0.1589 0.9845
vn -0.5253 0.2033 0.8263
vn 0.0204 0.6834 0.7298
vn 0.8377 0.0861 -0.5393
vn 0.8127 0.1281 -0.5684
vn 0.7570 0.2082 -0.6193
vn 0.6991 -0.1559 0.6978
vn 0.8455 -0.0048 0.5339
vn -0.6819 0.7300 0.0460
vn -0.6772 -0.1711 -0.7156
vn -0.8656 0.0785 -0.4945
vn 0.0020 -0.7725 -0.6351
vn 0.0035 -0.7749 -0.6321
vn -0.0020 -0.7659 -0.6430
vn 0.1578 0.8785 0.4510
vn -0.7733 0.2790 -0.5694
vn -0.9094 -0.3621 -0.2046
vn -0.8921 -0.4510 0.0264
vn -0.1211 0.0055 -0.9926
vn 0.3035 -0.9527 -0.0149
vn -0.6327 0.0366 -0.7735
vn 0.6717 -0.3236 0.6664
vn 0.4497 -0.8077 0.3813
vn 0.6717 -0.3228 0.6668
vn 0.8473 -0.2123 -0.4868
vn 0.5676 -0.6038 -0.5597
vn 0.7430 0.6619 0.0991
vn 0.5094 -0.3848 0.7697
vn -0.5657 -0.3781 -0.7328
vn 0.1392 0.8286 -0.5423
vn 0.5864 0.4550 -0.6702
vn 0.5007 -0.7085 0.4973
vn 0.1914 -0.6907 -0.6974
vn -0.8015 -0.5961 -0.0468
vn -0.5929 0.8046 0.0309
vn -0.5864 0.4550 -0.6702
vn 0.1660 0.9181 0.3598
vn 0.9853 0.1706 0.0004
vn 0.9797 0.1985 0.0295
vn 0.1163 -0.9841 -0.1339
vn -0.5112 0.2252 0.8294
vn -0.1977 0.5063 0.8394
vn -0.1305 -0.2006 0.9709
vn -0.6010 0.0847 0.7948
vn -0.9690 -0.0444 0.2432
vn -0.2940 0.5370 -0.7907
vn 0.8520 0.4091 -0.3266
vn 0.4409 0.8937 0.0826
vn -0.7986 -0.0457 -0.6001
vn -0.7909 0.1871 -0.5826
vn -0.1521 0.7776 0.6101
vn -0.1029 0.8415 0.5304
vn -0.0177 0.9900 -0.1399
vn -0.0271 0.8779 -0.4781
vn -0.0122 0.9898 -0.1420
vn -0.9995 -0.0309 0.0019
vn -0.9996 -0.0228 0.0142
vn 0.0903 -0.9857 -0.1424
vn -0.5345 0.0017 -0.8452
vn -0.5078 0.6208 0.5974
vn -0.7154 0.6713 0.1937
vn -0.9549 -0.1645 -0.2471
vn -0.7959 0.2202 0.5639
vn -0.7979 0.1632 -0.5803
vn -0.0360 -0.7187 0.6943
vn -0.0450 0.9830 0.1777
vn -0.0441 -0.9076 0.4175
vn 0.7986 -0.0457 -0.6001
vn 0.7891 -0.2748 -0.5494
vn 0.7909 0.1871 -0.5826
vn -0.3823 -0.1599 -0.9101
vn 0.0176 -0.0533 0.9984
vn 0.4267 -0.6658 0.6121
vn -0.3405 0.4969 0.7982
vn -0.1660 0.9182 0.3598
vn -0.0010 0.8619 0.5070
vn -0.0018 0.8523 0.5231
vn -0.2816 0.8472 -0.4505
vn -0.7506 -0.5020 -0.4296
vn -0.0659 -0.9602 0.2714
vn 0.9275 0.3711 -0.0451
vn -0.9977 0.0600 0.0307
vn -0.7528 0.2224 0.6196
vn -0.8434 0.1443 0.5176
vn -0.7572 0.2138 0.6172
vn -0.8523 0.1410 0.5036
vn -0.2085 0.0187 0.9778
vn -0.3524 -0.7595 0.5468
vn -0.0012 -0.8904 0.4552
vn -0.6971 0.4022 0.5935
vn -0.7644 0.2851 0.5782
vn -0.7800 0.2824 0.5585
vn -0.9084 0.4181 0.0024
vn -0.1867 0.5511 -0.8133
vn -0.4016 0.1616 -0.9015
vn -0.7939 0.1110 0.5978
vn -0.9080 0.0572 0.4150
vn -0.8111 0.1505 0.5652
vn -0.4355 0.3847 0.8139
vn -0.6857 0.1354 0.7152
vn -0.9331 0.0169 0.3592
vn -0.9304 0.0209 0.3658
vn -0.8727 0.0918 0.4796
vn -0.9649 -0.2430 0.0995
vn -0.9517 -0.2349 0.1976
vn -0.6030 -0.0091 0.7977
vn -0.5727 0.4210 0.7033
vn -0.3402 0.4705 0.8142
vn -0.5623 0.3974 0.7252
vn -0.1122 -0.0958 0.9891
vn -0.1203 -0.0164 0.9926
vn 0.7017 0.2295 0.6745
vn 0.6970 0.2488 0.6726
vn 0.7031 0.2235 0.6751
vn 0.1406 0.5412 -0.8290
vn 0.6694 0.5158 -0.5346
vn -0.0167 0.8360 0.5484
vn -0.0772 0.9749 -0.2090
vn 0.2151 0.6796 -0.7014
vn 0.2940 0.9079 -0.2990
vn 0.2367 0.8942 -0.3801
vn -0.8453 0.5334 0.0323
vn -0.8875 0.4564 0.0636
vn -0.2794 0.8737 -0.3982
vn -0.8498 0.0751 0.5218
vn -0.8916 0.1345 0.4324
vn -0.0154 0.9393 -0.3428
vn -0.0151 0.9413 -0.3371
vn -0.0151 0.9415 -0.3366
vn -0.5739 0.8189 0.0080
vn -0.0664 -0.9972 0.0348
vn -0.0488 -0.9980 0.0409
vn -0.0678 -0.9971 0.0343
vn 0.0320 -0.9778 0.2072
vn 0.0323 -0.9780 0.2060
vn -0.2829 0.9056 -0.3160
vn -0.9064 0.4114 -0.0954
vn -0.5676 0.7629 -0.3094
vn 0.1144 0.4883 0.8652
vn 0.6165 0.5268 0.5852
vn -0.2709 -0.9483 -0.1651
vn -0.9809 -0.1913 0.0347
vn -0.2316 0.2443 -0.9416
vn -0.1384 -0.0958 -0.9857
vn 0.1155 0.2568 -0.9596
vn 0.0704 0.5585 -0.8265
vn 0.0552 0.1908 -0.9801
vn 0.0122 -0.5316 0.8469
vn -0.0025 0.7878 0.6159
vn -0.0102 -0.5533 0.8329
vn -0.3713 -0.7557 0.5395
vn 0.5763 -0.1286 -0.8070
vn 0.1329 0.0867 -0.9873
vn -0.6517 0.3531 -0.6713
vn 0.8106 0.5096 -0.2885
vn -0.9953 0.0427 0.0874
vn -0.9953 0.0428 0.0872
vn -0.9947 0.0395 0.0947
vn -0.2772 -0.0964 0.9560
vn 0.4033 -0.6047 0.6868
vn 0.3834 0.1564 0.9103
vn 0.1967 0.0700 0.9780
vn 0.5033 0.1919 0.8425
vn 0.0275 0.2904 -0.9565
vn 0.0331 0.2949 -0.9549
vn 0.6754 0.6947 0.2476
vn -0.3509 0.2923 0.8896
vn 0.4761 0.1273 0.8701
vn 0.3676 0.3994 0.8399
vn 0.6848 -0.6847 0.2496
vn 0.9779 -0.2093 -0.0002
vn 0.9432 -0.3273 0.0573
vn 0.9878 0.1330 -0.0809
vn -0.9885 -0.1297 0.0776
vn -0.3077 0.6215 -0.7204
vn -0.9893 -0.1261 0.0735
vn -0.9961 -0.0840 0.0252
vn -0.2987 -0.4426 0.8455
vn 0.3564 -0.3329 0.8730
vn 0.5210 -0.7581 0.3922
vn -0.0915 0.4079 0.9084
vn -0.1387 -0.7914 0.5954
vn -0.8132 0.1828 -0.5525
vn -0.8001 0.3902 -0.4556
vn 0.0117 -0.9917 0.1278
vn 0.0117 -0.9964 0.0840
vn 0.0117 -0.9966 0.0820
vn -0.4968 -0.2247 0.8383
vn 0.3350 0.7339 -0.5909
vn -0.7054 -0.6376 0.3096
vn -0.8440 -0.3424 -0.4128
vn -0.7013 -0.6402 0.3136
vn 0.7737 -0.2873 0.5646
vn 0.7966 0.2447 0.5528
vn 0.8029 0.5009 0.3233
vn 0.8454 0.3815 0.3738
vn 0.1829 -0.4838 0.8558
vn -0.9039 0.2729 -0.3293
vn -0.2212 -0.9504 -0.2185
vn -0.9024 0.2717 -0.3344
vn 0.0675 0.7498 -0.6582
vn -0.0116 0.0981 -0.9951
vn 0.9055 -0.2760 0.3223
vn -0.2096 0.6129 -0.7619
vn 0.7739 0.4015 -0.4898
vn -0.1625 0.4492 -0.8785
vn -0.1212 0.2338 -0.9647
vn -0.3839 -0.8928 0.2358
vn 0.1254 0.4681 -0.8747
vn 0.0167 0.4722 -0.8814
vn 0.0675 0.9401 -0.3340
vn 0.6927 -0.4570 -0.5579
vn -0.1649 0.9707 0.1746
vn -0.0737 0.9900 0.1207
vn -0.2281 0.9420 0.2463
vn -0.0363 0.6104 -0.7912
vn -0.0976 0.7110 -0.6963
vn -0.0051 0.7135 -0.7006
vn -0.7173 0.6869 -0.1168
vn -0.7875 0.5971 0.1529
vn -0.8897 0.4535 -0.0524
vn 0.3551 -0.7032 -0.6159
vn -0.0992 0.9279 -0.3593
vn 0.0346 -0.5072 0.8611
vn -0.8737 0.0292 -0.4856
vn -0.6682 0.5667 -0.4820
vn -0.6190 0.1796 0.7646
vn -0.2777 -0.6615 0.6966
vn -0.1075 -0.4696 0.8763
vn -0.5334 -0.6336 0.5603
vn -0.3538 -0.1366 -0.9253
vn -0.1406 -0.7207 0.6789
vn 0.0996 -0.5771 -0.8106
vn 0.5490 -0.8096 -0.2076
vn -0.9241 -0.1057 0.3672
vn -0.9335 -0.0553 0.3542
vn -0.9388 -0.0409 0.3421
vn -0.6422 0.2199 0.7343
vn -0.0004 0.9064 0.4224
vn -0.0372 0.1305 0.9908
vn 0.0100 0.1526 0.9882
vn 0.0475 -0.9275 0.3709
vn -0.7425 -0.5958 0.3061
vn -0.0042 0.7392 -0.6734
vn -0.1362 -0.0021 0.9907
vn -0.0971 0.0148 0.9952
vn -0.1172 -0.0138 0.9930
vn -0.0667 0.1029 0.9924
vn -0.0832 -0.0431 0.9956
vn -0.0405 -0.0680 0.9969
vn 0.2518 0.9547 0.1585
vn -0.9990 0.0211 -0.0394
vn 0.3059 -0.6900 0.6560
vn 0.4268 -0.6334 0.6455
vn 0.2898 -0.7001 0.6526
vn -0.0393 0.1173 0.9923
vn -0.0507 0.4475 0.8928
vn 0.4065 0.7882 -0.4620
vn -0.0107 -0.9474 -0.3199
vn 0.5791 -0.8134 -0.0549
vn 0.7433 -0.6683 -0.0278
vn 0.2240 0.2350 0.9458
vn 0.6212 0.6723 0.4026
vn 0.2095 0.8225 0.5288
vn -0.3794 0.9249 0.0251
vn 0.9953 0.0286 0.0927
vn 0.7488 0.4279 0.5062
vn 0.6422 0.2199 0.7343
vn 0.9700 0.2431 -0.0012
vn 0.0053 0.0711 -0.9975
vn -0.0056 0.0707 -0.9975
vn 0.0010 0.0582 -0.9983
vn -0.2971 0.4196 0.8577
vn 0.0025 -0.2322 0.9727
vn 0.0261 -0.2446 0.9693
vn 0.0926 0.9797 -0.1777
vn -0.5965 -0.7902 -0.1405
vn -0.9911 0.1325 -0.0144
vn -0.8012 0.0472 0.5966
vn -0.7711 0.0698 0.6329
vn 0.0872 0.9361 -0.3408
vn 0.0262 0.9593 -0.2812
vn -0.0259 0.9731 -0.2288
vn -0.1880 0.3023 0.9345
vn -0.0978 -0.1487 0.9840
vn 0.1016 -0.1480 0.9837
vn 0.1029 -0.1470 0.9838
vn 0.0494 0.3169 -0.9472
vn 0.0154 0.3317 -0.9433
vn -0.9952 0.0404 0.0890
vn -0.9952 0.0405 0.0888
vn -0.9946 0.0371 0.0966
vn -0.0815 0.7985 0.5964
vn -0.1015 0.7571 0.6453
vn 0.4197 0.8611 0.2870
vn -0.2223 -0.1490 -0.9635
vn 0.4089 0.4676 -0.7837
vn -0.0000 0.3075 -0.9515
vn 0.0694 0.4495 -0.8906
vn 0.2354 0.9182 -0.3186
vn 0.2563 -0.9589 -0.1217
vn 0.2250 -0.9744 -0.0020
vn 0.2374 -0.7997 -0.5514
vn -0.4310 0.3336 0.8384
vn -0.9856 -0.0251 -0.1674
vn 0.6311 0.3432 0.6956
vn 1.0000 0.0005 -0.0053
vn 1.0000 0.0008 0.0020
vn 0.7796 -0.1234 -0.6141
vn 0.4719 0.8802 -0.0502
vn -0.5006 -0.5561 -0.6634
vn -0.2755 -0.7663 0.5804
vn -0.7370 0.6733 0.0592
vn -0.9180 0.3965 0.0051
vn -0.8118 0.5838 -0.0082
vn -0.1125 0.3008 -0.9470
vn -0.0765 -0.0228 -0.9968
vn -0.0815 0.3324 -0.9396
vn -0.1254 0.4681 -0.8747
vn -0.0917 -0.5049 0.8583
vn 0.0314 -0.9994 -0.0125
vn 0.9947 0.0572 -0.0854
vn 0.9790 0.1203 -0.1648
vn 0.8062 0.5391 -0.2438
vn 0.9680 -0.1000 0.2300
vn 0.9624 0.0174 0.2712
vn -0.0731 0.4809 0.8737
vn 0.0102 0.5477 0.8366
vn -0.1473 -0.9539 0.2614
vn -0.0072 0.1723 0.9850
vn 0.0571 0.9380 0.3419
vn 0.0116 0.4318 0.9019
vn -0.2329 -0.1278 -0.9641
vn 0.8533 -0.4149 -0.3157
vn -0.0913 -0.9955 0.0255
vn -0.0935 -0.9953 0.0252
vn -0.0936 -0.9953 0.0251
vn 0.1815 0.5291 0.8289
vn 0.4280 -0.2574 0.8664
vn 0.6658 0.4474 0.5971
vn -0.2253 0.0381 -0.9735
vn -0.1446 0.5923 -0.7926
vn 0.0608 0.7451 -0.6641
vn 0.0027 -0.7737 -0.6336
vn -0.0026 -0.7649 -0.6441
vn 0.0013 -0.7713 -0.6365
vn -0.1306 -0.2445 -0.9608
vn -0.0496 0.1841 -0.9817
vn -0.5356 -0.4799 -0.6949
vn -0.0324 0.0294 -0.9990
vn 0.1290 0.9910 -0.0347
vn 0.0266 0.4269 -0.9039
vn -0.1048 0.7956 -0.5967
vn 0.0713 -0.9951 0.0691
vn 0.3183 0.7210 0.6156
vn 0.3236 0.7210 0.6128
vn 0.3181 0.7210 0.6157
vn -0.1111 0.9607 0.2545
vn -0.6053 -0.4129 0.6805
vn 0.9187 0.3945 0.0155
vn 0.9182 0.3958 0.0163
vn 0.9193 0.3932 0.0147
vn 0.0011 0.8399 -0.5428
vn 0.0013 -0.9490 -0.3152
vn -0.0221 -0.8950 0.4456
vn 0.0064 0.9511 0.3090
vn 0.9965 0.0761 0.0336
vn 0.9825 0.1758 0.0611
vn 0.5944 -0.3612 0.7185
vn 0.5845 -0.0147 -0.8113
vn -0.9200 0.3912 0.0225
vn -0.9065 0.3937 0.1525
vn -0.8153 0.5777 0.0376
vn 0.0078 0.9274 -0.3741
vn -0.2497 0.9217 -0.2970
vn -0.2590 0.9481 -0.1842
vn 0.3426 -0.0021 -0.9395
vn 0.7832 -0.2226 -0.5805
vn -0.4484 -0.0452 -0.8927
vn 0.3058 0.8993 0.3127
vn 0.5207 0.8535 0.0207
vn -0.0459 0.0170 0.9988
vn -0.0582 -0.0035 0.9983
vn -0.0834 0.0064 0.9965
vn 0.2447 -0.3045 0.9205
vn -0.7832 -0.2226 -0.5805
vn -0.3441 -0.0057 -0.9389
vn 0.7968 0.2879 -0.5313
vn -0.0444 0.9849 0.1673
vn 0.0635 0.8910 0.4495
vn 0.4878 0.6358 -0.5982
vn -0.0593 -0.8288 -0.5565
vn -0.0506 -0.8308 -0.5543
vn -0.6557 -0.7495 0.0915
vn -0.6408 -0.6750 0.3657
vn -0.1165 0.0423 0.9923
vn 0.7787 -0.1314 0.6134
vn 0.9640 -0.0695 0.2565
vn -0.2025 -0.8796 0.4304
vn 0.1350 -0.8303 0.5408
vn 0.0252 -0.8572 0.5144
vn -0.1579 -0.8483 -0.5054
vn 0.4209 -0.7411 0.5231
vn 0.6408 -0.6750 0.3657
vn -0.3085 0.9049 0.2932
vn -0.3092 0.9314 0.1922
vn -0.2123 0.9061 0.3660
vn -0.8559 0.3770 0.3541
vn -0.1254 0.9347 0.3326
vn -0.0157 0.9729 0.2308
vn 0.0605 0.9481 -0.3122
vn -0.1696 0.9207 -0.3514
vn 0.1989 0.9495 -0.2427
vn -0.1223 -0.9362 -0.3295
vn 0.1353 0.8897 0.4361
vn 0.9675 0.1051 0.2301
vn 0.8549 0.5154 -0.0591
vn 0.9270 0.2922 -0.2353
vn 0.2326 -0.7701 -0.5940
vn 0.1714 -0.8342 -0.5242
vn 0.4207 0.9061 0.0453
vn 0.4164 0.8934 0.1684
vn -0.4239 0.8594 0.2860
vn -0.8158 0.4959 0.2975
vn 0.9991 0.0303 0.0302
vn 0.9991 0.0300 0.0298
vn 0.9960 0.0813 0.0370
vn -0.3374 0.7892 -0.5132
vn -0.3123 0.9268 -0.2087
vn 0.0025 0.2428 0.9701
vn -0.0814 -0.9949 0.0588
vn -0.0597 -0.9848 0.1631
vn 0.3374 0.7892 -0.5132
vn 0.6860 -0.6183 0.3836
vn 0.5267 -0.7904 0.3127
vn -0.6916 -0.6506 -0.3136
vn -0.1541 0.3378 -0.9285
vn -0.6083 -0.5191 0.6004
vn -0.5478 -0.6281 0.5526
vn 0.8001 0.3902 -0.4556
vn 0.9641 -0.2456 -0.1015
vn -0.0000 0.0583 0.9983
vn -0.0127 0.0143 0.9998
vn 0.5221 0.2134 -0.8258
vn 0.3775 -0.9260 -0.0103
vn 0.7538 -0.3047 0.5822
vn 0.6472 0.6491 0.3998
vn 0.6465 0.6492 0.4007
vn 0.6474 0.6491 0.3995
vn -0.0447 0.8803 0.4722
vn -0.3091 -0.1611 0.9373
vn -0.3094 -0.1581 0.9377
vn -0.3077 -0.1413 0.9409
vn -0.4441 0.0271 -0.8956
vn -0.8945 0.0003 -0.4470
vn 0.1029 -0.9329 0.3452
vn 0.7030 -0.6318 -0.3266
vn -0.9073 -0.1354 0.3980
vn -0.8977 -0.1901 0.3975
vn 0.0213 -0.3101 0.9505
vn 0.1405 0.3517 0.9255
vn -0.3641 -0.0061 0.9314
vn -0.4945 0.0509 0.8677
vn 0.8056 -0.4623 -0.3705
vn 0.4246 0.8821 -0.2042
vn 0.0860 0.9009 -0.4254
vn 0.3478 0.8298 -0.4364
vn 0.7325 0.0664 -0.6775
vn -0.8116 0.2580 0.5241
vn -0.7061 0.6982 -0.1177
vn -0.2567 0.8295 0.4960
vn 0.0120 0.9273 0.3741
vn -0.1163 0.7878 0.6049
vn 0.8028 0.4529 -0.3878
vn 0.9752 0.0057 0.2214
vn 0.9154 -0.0104 0.4023
vn 0.9110 -0.0113 0.4123
vn -0.7021 -0.7110 -0.0377
vn -0.8734 -0.4843 0.0517
vn -0.9105 -0.4060 0.0783
vn 0.0339 -0.9012 0.4321
vn -0.0402 -0.7672 0.6402
vn 0.0271 -0.7484 0.6627
vn -0.6606 0.7467 -0.0772
vn -0.0701 0.9961 -0.0543
vn -0.2414 0.8632 -0.4434
vn 0.0819 -0.0991 0.9917
vn -0.9810 0.1860 -0.0553
vn -0.0204 -0.7427 0.6694
vn -0.9498 0.1009 -0.2963
vn -0.1865 -0.7064 -0.6828
vn 0.6163 0.7072 -0.3464
vn -0.1068 -0.7762 0.6214
vn 0.4320 0.9018 0.0059
vn 0.3450 0.9385 -0.0101
vn 0.4770 -0.8696 0.1280
vn 0.5214 0.0558 -0.8515
vn -0.0003 0.2815 -0.9596
vn -0.0046 0.0235 -0.9997
vn -0.0062 0.6304 0.7763
vn 0.7129 0.1667 0.6812
vn -0.3771 -0.2765 0.8840
vn -0.9227 0.2407 0.3011
vn -0.5654 0.8247 -0.0105
vn 0.4273 0.6866 0.5881
vn -0.0315 0.7974 0.6026
vn -0.4141 -0.5259 0.7429
vn 0.2307 -0.6010 -0.7652
vn -0.0100 0.9492 0.3145
vn -0.0155 0.7432 0.6689
vn -0.8544 -0.4491 0.2614
vn -0.8544 -0.4492 0.2614
vn -0.8542 -0.4499 0.2607
vn -0.1283 0.9878 0.0887
vn 0.9993 -0.0327 -0.0204
vn 0.9994 -0.0301 -0.0173
vn -0.9645 0.2360 -0.1185
vn -0.9695 0.2172 -0.1138
vn 0.3083 0.1600 -0.9377
vn 0.3095 0.1622 -0.9369
vn 0.3088 0.1598 -0.9376
vn 0.0836 0.9810 0.1753
vn 0.7963 -0.4581 -0.3950
vn 0.1206 -0.0249 0.9924
vn -0.8414 -0.4675 -0.2711
vn -0.8445 -0.4590 -0.2760
vn -0.5018 0.8648 -0.0183
vn -0.2770 0.9253 0.2591
vn -0.8175 -0.2259 -0.5298
vn -0.0201 -0.9964 -0.0819
vn 0.6485 -0.7598 0.0467
vn -0.3196 0.6694 -0.6707
vn 0.6599 0.0749 -0.7476
vn 0.0344 0.1009 -0.9943
vn 0.0959 -0.3005 0.9490
vn -0.4298 -0.1031 0.8970
vn 0.4013 -0.0049 0.9159
vn -0.1264 -0.9561 -0.2644
vn -0.5563 0.6098 -0.5646
vn -0.8028 0.4529 -0.3878
vn -0.2742 0.6941 -0.6656
vn -0.0002 0.7809 0.6246
vn -0.0018 0.7866 0.6174
vn -0.0000 0.7802 0.6256
vn 0.8976 -0.2522 0.3616
vn -0.9832 -0.1765 -0.0459
vn -0.9818 -0.1859 -0.0386
vn 0.7425 -0.5958 0.3061
vn 0.7956 0.0463 0.6041
vn -0.5548 -0.5031 0.6627
vn -0.5197 0.6244 0.5831
vn 0.1670 -0.7607 -0.6273
vn 0.1667 -0.7607 -0.6273
vn 0.5688 0.6506 0.5032
vn 0.1146 0.7291 -0.6747
vn -0.7597 -0.6136 0.2153
vn -0.9933 0.0311 -0.1111
vn -0.3348 0.6635 -0.6691
vn -0.2324 0.9608 0.1513
vn -0.0003 0.0786 -0.9969
vn -0.0001 0.0774 -0.9970
vn 0.0024 0.0773 -0.9970
vn 0.1604 -0.4526 0.8772
vn 0.1624 -0.4468 0.8798
vn -0.9999 0.0057 0.0101
vn -0.9351 0.3257 0.1399
vn 1.0000 0.0016 0.0083
vn 0.2937 -0.6140 0.7327
vn -0.8884 0.4241 0.1759
vn -0.8308 -0.4668 -0.3031
vn -0.9351 -0.1209 -0.3331
vn -0.8083 -0.3651 -0.4618
vn -0.9401 0.1851 -0.2862
vn -0.8563 0.4089 -0.3153
vn -0.7691 -0.3266 -0.5493
vn -0.7963 0.3075 -0.5209
vn -0.9999 0.0122 0.0025
vn -0.9997 -0.0194 -0.0143
vn -0.9999 0.0163 0.0017
vn 0.9893 0.1462 0.0011
vn 0.0552 0.9374 -0.3439
vn 0.0365 0.5383 0.8420
vn 0.7818 0.0016 -0.6235
vn -0.9496 0.0341 -0.3117
vn -0.9497 0.0370 -0.3109
vn -0.9477 0.0076 -0.3191
vn 0.9985 -0.0550 -0.0022
vn 1.0000 0.0041 0.0045
vn 0.9979 0.0235 0.0597
vn -0.2332 -0.7466 0.6231
vn -0.2636 -0.7970 0.5434
vn 0.0202 -0.9988 -0.0435
vn -0.1321 0.9912 0.0028
vn -0.1369 0.9905 -0.0127
vn -0.1296 0.9916 -0.0001
vn -0.9075 -0.1351 0.3977
vn 0.9539 0.2551 0.1578
vn -0.9655 0.1056 -0.2381
vn -0.1424 0.8824 -0.4485
vn -0.7437 0.0273 0.6680
vn 0.4435 -0.0142 0.8961
vn 0.4591 -0.1189 0.8804
vn -0.2650 -0.0378 -0.9635
vn -0.4762 -0.1517 -0.8662
vn -0.3858 0.9021 -0.1934
vn -0.3952 0.8487 -0.3515
vn -0.6754 -0.3545 0.6467
vn 0.0007 0.0518 0.9987
vn 0.0008 0.0519 0.9987
vn 0.0006 0.0517 0.9987
vn -0.9657 -0.0008 -0.2596
vn 0.7063 -0.0488 0.7062
vn 0.0290 0.4464 0.8944
vn 0.3094 0.1613 -0.9372
vn 0.3090 0.1644 -0.9367
vn 0.3099 0.1587 -0.9374
vn -0.0379 0.8123 0.5820
vn 0.0355 0.9520 -0.3042
vn -0.0205 0.9950 -0.0979
vn 0.8170 -0.3928 0.4220
vn 0.5819 -0.1737 0.7945
vn 0.9186 -0.3655 0.1502
vn 0.3185 0.8393 0.4407
vn 0.3416 0.9218 0.1835
vn -0.9703 -0.0876 0.2254
vn -0.4771 0.6398 0.6025
vn 0.9956 0.0934 0.0045
vn -0.1992 -0.6699 0.7152
vn 0.0361 0.1080 -0.9935
vn 0.9019 0.2193 -0.3722
vn 0.0462 -0.9876 -0.1504
vn 0.0464 -0.9874 -0.1515
vn 0.0468 -0.9872 -0.1526
vn 0.0061 -0.2856 -0.9583
vn 0.0117 -0.2075 -0.9782
vn -0.1394 -0.7562 0.6393
vn -0.4438 -0.6571 0.6093
vn -0.2096 -0.5304 -0.8214
vn -0.3021 0.8619 0.4074
vn 0.0186 0.4320 0.9017
vn 0.0567 0.7786 0.6250
vn 0.2216 0.6481 -0.7286
vn -0.0411 0.6908 0.7219
vn -0.7220 0.1425 0.6771
vn -0.7177 0.1289 0.6843
vn -0.0082 -0.9536 0.3010
vn -0.0140 -0.9523 0.3049
vn -0.5413 -0.5071 0.6707
vn -0.7620 0.1955 -0.6174
vn -0.8704 0.2916 -0.3968
vn -0.1426 -0.5307 0.8355
vn -0.7082 -0.5642 -0.4244
vn -0.1351 0.8868 0.4421
vn 0.0890 0.5619 0.8224
vn 0.6281 -0.2382 0.7408
vn 0.9183 -0.1877 0.3485
vn -0.0720 0.0515 0.9961
vn -0.1660 0.1729 0.9709
vn 0.6812 -0.6255 0.3805
vn 0.5201 -0.7965 0.3084
vn -0.6923 -0.6493 -0.3148
vn -0.9891 0.1456 0.0235
vn -0.9914 0.1310 0.0066
vn 0.1413 0.4137 0.8994
vn -0.0607 0.4669 0.8822
vn 0.0948 0.1522 0.9838
vn -0.0118 -0.9821 0.1880
vn -0.1503 -0.3592 -0.9211
vn -0.3787 -0.0781 -0.9222
vn -0.9038 0.2425 -0.3527
vn -0.2250 -0.9743 -0.0020
vn -0.1820 -0.9098 0.3731
vn 0.1296 0.9916 -0.0009
vn 0.1369 0.9905 -0.0127
vn 0.1321 0.9912 0.0028
vn 0.9673 0.0067 0.2534
vn 0.5691 0.6663 0.4819
vn 0.3703 0.3375 0.8654
vn -0.8841 -0.3791 0.2731
vn 0.8422 -0.3932 -0.3688
vn 0.9869 -0.1197 0.1081
vn 0.0108 0.9941 0.1078
vn 0.5783 0.8158 -0.0032
vn 0.0131 0.9931 0.1168
vn 0.9185 0.3950 0.0202
vn 0.9197 0.3923 0.0173
vn 0.9197 0.3922 0.0171
vn 0.1819 -0.9098 0.3731
vn 0.0249 0.9311 0.3639
vn 0.0334 0.9106 0.4119
vn 0.0329 0.9118 0.4092
vn -0.9530 -0.2932 0.0760
vn -0.9917 -0.0095 0.1280
vn -0.5726 -0.5882 -0.5711
vn -0.5195 -0.8265 -0.2168
vn 0.1490 0.2092 -0.9665
vn 0.0007 -0.5219 0.8530
vn -0.0001 -0.5213 0.8534
vn -0.0001 -0.5222 0.8528
vn -0.0116 0.8934 0.4491
vn -0.0023 0.9288 0.3707
vn -0.0111 0.8954 0.4450
vn 0.4501 -0.8555 -0.2559
vn 0.3408 -0.8532 -0.3948
vn -0.1089 0.7124 -0.6933
vn -0.1920 0.6630 0.7235
vn -0.0091 0.9259 0.3777
vn -0.3758 -0.4135 0.8293
vn 0.2403 0.2267 0.9439
vn -0.9988 -0.0485 0.0066
vn -0.6231 0.6090 0.4908
vn -0.9993 0.0377 -0.0002
vn -0.9124 -0.4021 0.0764
vn 0.0059 0.3348 -0.9423
vn 0.0701 0.4417 -0.8944
vn 0.6168 0.2919 -0.7310
vn 0.0438 0.6586 0.7513
vn -0.5460 0.7819 -0.3007
vn 0.2295 -0.0087 -0.9733
vn 0.6310 -0.1080 -0.7683
vn 0.2009 -0.0244 -0.9793
vn 0.7315 -0.4864 -0.4778
vn -0.9553 -0.0289 0.2941
vn -0.9319 -0.0563 0.3583
vn -0.9498 -0.0997 0.2966
vn 0.3505 -0.5027 0.7902
vn 0.8614 -0.4807 0.1640
vn -0.3243 0.7914 -0.5182
vn -0.9476 -0.1058 0.3015
vn -0.9388 -0.0402 0.3420
vn -0.9539 -0.1344 0.2682
vn -0.9517 -0.1204 0.2824
vn -0.9520 -0.1186 0.2820
vn 0.1446 -0.9892 -0.0224
vn 0.1407 -0.9896 -0.0282
vn 0.1394 -0.9898 -0.0303
vn 0.1670 0.8893 0.4257
vn -0.6376 -0.7703 -0.0085
vn -0.8057 -0.5922 0.0138
vn -0.0899 -0.9958 -0.0160
vn -0.1009 -0.0004 0.9949
vn -0.1010 0.0002 0.9949
vn -0.1008 -0.0005 0.9949
vn 0.2364 0.4212 0.8756
vn 0.9997 -0.0184 -0.0151
vn 0.8894 0.4571 0.0107
vn -0.0080 0.8171 -0.5764
vn 0.2388 0.9073 -0.3460
vn 0.5287 -0.8275 0.1892
vn 0.9485 -0.2449 -0.2009
vn 0.9985 0.0147 -0.0526
vn 0.9561 0.1565 -0.2476
vn -0.9561 0.1565 -0.2476
vn -0.5033 0.1919 0.8425
vn 0.5654 0.8247 -0.0105
vn -0.0432 -0.9146 0.4021
vn -0.0387 -0.9370 0.3473
vn -0.0001 -0.6486 0.7611
vn -0.6312 -0.2478 0.7350
vn -0.3240 -0.9461 -0.0022
vn -0.3598 -0.9329 -0.0147
vn -0.0033 0.8775 -0.4796
vn 0.6686 0.7032 -0.2418
vn 0.0042 0.7392 -0.6734
vn -0.1945 0.9049 -0.3785
vn -0.4378 0.8378 -0.3263
vn 0.0008 0.7652 -0.6438
vn -0.0000 0.9997 -0.0228
vn -0.7848 -0.0052 0.6197
vn -0.0047 0.6170 0.7870
vn -0.0049 0.6173 0.7867
vn -0.0046 0.6168 0.7871
vn -0.0008 -0.9996 0.0279
vn 0.0040 -0.9996 0.0262
vn 0.9826 -0.1563 -0.1001
vn 0.9964 0.0430 -0.0735
vn 0.8114 -0.2650 -0.5210
vn 0.0758 -0.7137 0.6963
vn 0.0496 0.9425 0.3305
vn 0.0720 0.9459 0.3165
vn 0.0159 -0.4163 -0.9091
vn -0.0061 -0.4226 -0.9063
vn -0.8567 0.4104 -0.3125
vn 0.0333 0.0309 0.9990
vn 0.6500 -0.7351 -0.1928
vn 0.1173 -0.4231 -0.8984
vn 0.0378 -0.9043 -0.4251
vn -0.6436 0.5518 0.5304
vn 0.9972 -0.0750 0.0072
vn 0.9863 0.1648 -0.0050
vn -0.0024 0.3729 0.9279
vn -0.0486 -0.8750 0.4817
vn -0.6661 0.5012 0.5523
vn 0.0205 0.6832 0.7299
vn 0.1992 -0.6699 0.7152
vn 0.0555 0.8384 -0.5423
vn 0.0710 0.9314 -0.3569
vn -0.0177 0.9725 -0.2321
vn 0.9415 0.1758 -0.2875
vn 0.4862 0.6587 -0.5742
vn 0.5809 0.6019 -0.5480
vn -0.0017 -0.9448 -0.3276
vn 0.0399 -0.9742 -0.2222
vn 0.0357 -0.9744 -0.2222
vn 0.0393 -0.9851 -0.1672
vn -0.3643 0.2769 -0.8891
vn 0.9997 0.0005 0.0245
vn 0.9997 0.0225 0.0046
vn 0.9998 0.0103 0.0140
vn -0.3731 -0.4812 -0.7932
vn -0.0674 -0.5284 -0.8463
vn -0.2237 -0.6454 -0.7304
vn 0.5806 -0.5935 -0.5573
vn 0.6286 -0.7777 -0.0064
vn 0.7971 -0.6036 0.0177
vn -0.9572 -0.1775 -0.2287
vn -0.6795 0.4134 -0.6061
vn -0.9964 -0.0597 -0.0602
vn -0.5815 -0.5931 -0.5568
vn 0.9057 -0.2739 0.3236
vn -0.6744 -0.5729 -0.4657
vn 0.6242 0.7754 -0.0953
vn 0.9640 -0.2607 -0.0520
vn -0.7297 0.2418 -0.6396
vn -0.0732 0.2650 -0.9615
vn -0.5278 -0.3307 -0.7823
vn 0.4945 0.4965 0.7135
vn -0.0211 0.9998 -0.0021
vn -0.4133 -0.8385 -0.3551
vn -0.6697 -0.2827 -0.6867
vn 0.0012 0.9996 -0.0280
vn -0.7712 0.2644 0.5791
vn -0.7741 0.2644 0.5752
vn -0.9997 -0.0172 -0.0148
vn -0.0288 -0.9863 0.1622
vn -0.0138 0.8804 -0.4740
vn -0.5199 0.1089 0.8473
vn -0.7673 -0.6401 -0.0392
vn -0.6958 -0.7145 -0.0737
vn -0.8711 -0.4906 0.0227
vn -0.2736 0.9618 -0.0027
vn 0.1380 0.2066 0.9686
vn -0.5876 -0.8048 -0.0833
vn 0.0589 0.4133 -0.9087
vn 0.0748 0.3308 -0.9408
vn 0.9022 0.4313 -0.0070
vn 0.9490 0.3093 -0.0616
vn 0.6664 0.7304 0.1497
vn 0.1564 -0.7954 -0.5856
vn 0.1569 -0.7953 -0.5855
vn 0.1570 -0.7953 -0.5855
vn -0.6581 -0.6754 -0.3328
vn -0.6587 -0.6748 -0.3328
vn -0.6588 -0.6747 -0.3328
vn -0.1574 0.7807 0.6047
vn -0.0581 0.8513 0.5215
vn -0.0715 0.7842 0.6163
vn 0.9727 0.1915 -0.1313
vn 0.6145 -0.0125 0.7888
vn 0.7031 0.2561 0.6634
vn -0.0527 -0.0846 -0.9950
vn -0.0749 -0.1201 -0.9899
vn -0.1300 -0.1523 0.9797
vn 0.0619 -0.9977 -0.0288
vn 0.0667 -0.9976 -0.0210
vn 0.0579 -0.9977 -0.0354
vn 0.2878 0.9004 -0.3262
vn -0.0856 0.3579 0.9298
vn -0.9495 -0.2898 0.1206
vn -0.9494 -0.2899 0.1207
vn 0.0477 -0.9871 -0.1527
vn 0.0477 -0.9871 -0.1526
vn 0.0478 -0.9871 -0.1526
vn 0.5540 0.7835 0.2815
vn 0.4229 0.7621 0.4902
vn 0.9887 -0.0004 0.1502
vn -0.7182 -0.6954 0.0233
vn -1.0000 0.0007 -0.0004
vn -1.0000 0.0007 0.0001
vn -0.0814 -0.8793 0.4693
vn 0.5906 -0.4092 0.6955
vn 0.5664 -0.6615 0.4915
vn 0.5863 -0.2919 0.7557
vn 0.1872 0.8139 0.5501
vn 0.2850 0.7567 0.5884
vn 0.0750 0.9718 -0.2236
vn 0.0490 0.9733 -0.2241
vn 0.0787 0.9715 -0.2235
vn 0.7310 0.4624 0.5018
vn -0.8830 -0.4489 0.1370
vn -0.9082 -0.3955 0.1368
vn -0.2687 -0.4625 -0.8449
vn -0.3039 -0.1603 0.9391
vn -0.3038 -0.1602 0.9392
vn -0.3036 -0.1600 0.9393
vn -0.0478 0.9871 0.1526
vn -0.0474 0.9872 0.1521
vn -0.0476 0.9871 0.1527
vn 0.3647 -0.0598 0.9292
vn -0.0479 0.9869 0.1540
vn -0.0478 0.9865 0.1564
vn -0.0479 0.9869 0.1539
vn 0.0546 0.7953 -0.6038
vn -0.8004 0.5969 -0.0563
vn -0.6495 -0.6851 -0.3298
vn -0.2376 0.8706 -0.4307
vn -0.2444 0.8716 -0.4250
vn -0.0365 -0.1267 0.9913
vn -0.9971 0.0535 0.0537
vn -0.8266 0.1081 -0.5522
vn -0.7240 0.1095 0.6811
vn 0.9733 -0.0543 0.2232
vn -0.1330 0.1557 0.9788
vn -0.1310 0.1772 0.9754
vn -0.3306 0.6578 -0.6767
vn -0.2337 0.9646 0.1222
vn 0.3085 0.7825 -0.5409
vn -0.4564 -0.8886 0.0455
vn 0.5112 0.2252 0.8294
vn 0.7212 0.2527 -0.6450
vn 0.9501 0.2476 -0.1895
vn -0.8996 0.1824 0.3967
vn 0.4532 -0.4486 -0.7703
vn 0.9004 -0.4331 0.0426
vn -0.1895 0.9644 -0.1845
vn -0.6087 0.7927 -0.0324
vn -0.9946 -0.0213 -0.1013
vn -0.9946 -0.0214 -0.1016
vn -0.9946 -0.0214 -0.1011
vn 0.1052 0.9626 0.2495
vn -0.4844 0.2968 0.8230
vn 0.2658 0.8329 0.4854
vn -0.5163 -0.8202 0.2464
vn -0.0847 -0.7081 -0.7010
vn -0.0850 -0.7082 -0.7009
vn -0.0851 -0.7083 -0.7008
vn -0.1007 -0.9114 -0.3991
vn -0.0278 -0.8763 -0.4809
vn 0.0002 -0.5224 0.8527
vn 0.0001 -0.5222 0.8528
vn -0.0002 -0.5222 0.8529
vn -0.0060 0.6554 0.7552
vn -0.0004 0.6534 0.7570
vn 0.3186 0.8143 0.4852
vn 0.3146 0.6582 -0.6839
vn -0.0180 -0.0165 0.9997
vn -0.0256 0.0345 0.9991
vn 0.1364 0.0521 0.9893
vn 0.1101 0.1888 0.9758
vn -0.2078 0.9770 0.0471
vn -0.3517 0.0132 -0.9360
vn 0.0176 -0.4342 -0.9006
vn -0.6149 0.5802 -0.5341
vn -0.7412 0.3173 -0.5915
vn 0.2764 0.5027 0.8191
vn 0.0155 0.7432 0.6689
vn 0.2445 0.5040 0.8284
vn 0.9886 0.1273 -0.0807
vn 0.9874 0.0928 -0.1282
vn 0.0053 0.2633 0.9647
vn 0.0337 -0.1706 0.9848
vn 0.0985 0.9283 -0.3586
vn 0.6934 -0.3171 0.6470
vn -0.0100 -0.4499 -0.8930
vn -0.0152 -0.4509 -0.8924
vn 0.5165 0.3222 0.7933
vn 0.5194 0.3205 0.7921
vn 0.5206 0.3198 0.7916
vn -0.8422 0.5195 0.1444
vn -0.9921 0.1255 0.0049
vn -0.0134 -0.3162 0.9486
vn 0.0349 0.8775 0.4783
vn -0.6548 -0.0813 -0.7514
vn -0.1879 0.6959 0.6932
vn -0.1850 0.6957 0.6941
vn -0.1848 0.6956 0.6942
vn -0.7188 -0.3436 0.6044
vn 0.0525 -0.4493 0.8918
vn -0.0019 0.7864 0.6177
vn -0.0183 -0.5441 0.8388
vn 0.1645 0.9147 0.3691
vn -0.8545 0.4235 -0.3007
vn -0.8127 -0.3546 -0.4625
vn -0.9373 0.2120 -0.2767
vn -0.9064 -0.2559 -0.3362
vn -0.9669 -0.1559 -0.2022
vn -0.9327 -0.2020 -0.2988
vn 0.0361 0.9660 -0.2562
vn 0.0864 0.9583 -0.2724
vn -0.5449 -0.1896 -0.8168
vn -0.5453 -0.1885 -0.8168
vn 0.0078 0.7420 0.6704
vn 0.0023 0.7026 0.7116
vn 0.9879 -0.1547 -0.0062
vn -0.9293 0.1737 -0.3258
vn -0.0275 0.1036 0.9942
vn 0.7366 -0.0622 0.6734
vn -0.5762 0.2625 0.7740
vn 0.8503 -0.3908 -0.3526
vn 0.9898 -0.1099 0.0905
vn -0.3350 0.2878 0.8972
vn -0.5513 0.4320 0.7138
vn 0.6991 0.7025 0.1332
vn -0.8257 0.2494 -0.5060
vn -0.4802 0.0589 -0.8752
vn 0.9642 -0.0025 -0.2650
vn 0.0379 -0.0135 0.9992
vn 0.0500 -0.2809 0.9584
vn 0.0786 -0.2109 0.9743
vn 0.8694 0.4931 0.0321
vn -0.0577 -0.6592 0.7497
vn -0.0074 -0.4105 0.9118
vn -0.1457 0.9893 -0.0096
vn -0.0431 0.8878 -0.4583
vn -0.8680 0.0966 0.4870
vn -0.0498 -0.9407 0.3355
vn 0.1050 -0.9168 0.3853
vn 0.0092 -0.9082 0.4184
vn 0.0699 -0.7200 0.6904
vn 0.0692 -0.7205 0.6900
vn 0.0764 -0.7154 0.6945
vn 0.0330 -0.9985 0.0436
vn 0.0689 -0.9961 0.0551
vn 0.0221 -0.9990 0.0397
vn 0.1707 -0.1741 0.9698
vn -0.7846 0.6197 -0.0215
vn -0.9956 0.0934 0.0045
vn -0.2093 -0.2903 -0.9338
vn -0.5459 -0.2449 -0.8013
vn -0.0002 0.7567 0.6537
vn 0.0002 0.7576 0.6527
vn 0.0003 0.7579 0.6524
vn 0.1885 0.7440 0.6410
vn 0.1888 0.7441 0.6408
vn 0.1882 0.7439 0.6412
vn -0.0368 -0.9802 0.1945
vn -0.2724 -0.1617 0.9485
vn -0.1021 -0.1610 0.9817
vn 0.0680 0.9504 0.3035
vn 0.0964 0.9428 0.3191
vn 0.0820 0.9363 0.3414
vn 0.9216 0.3527 -0.1621
vn 0.9911 0.0740 -0.1104
vn 0.9658 -0.1433 -0.2162
vn 0.9945 0.0031 -0.1051
vn -0.2836 0.6909 -0.6650
vn -0.2833 0.6909 -0.6652
vn -0.2836 0.6911 -0.6648
vn -0.6959 0.7178 -0.0210
vn -0.0108 0.9941 0.1075
vn -0.0131 0.9931 0.1165
vn 0.3476 -0.1332 0.9281
vn -0.0167 0.3702 0.9288
vn -0.2513 0.3625 0.8975
vn 0.0329 0.3771 0.9256
vn -0.3470 -0.3429 -0.8730
vn -0.0567 -0.6626 0.7468
vn 0.0502 0.8088 0.5859
vn -0.0439 -0.4573 0.8882
vn 0.4437 0.2536 -0.8595
vn -0.0191 0.9548 0.2966
vn 0.9410 -0.2388 -0.2396
vn 0.0695 -0.7146 0.6961
vn 0.0702 -0.7150 0.6955
vn 0.0772 -0.7193 0.6904
vn -0.6450 0.7422 0.1821
vn 0.3935 0.9050 0.1618
vn 0.1879 0.9725 0.1378
vn -0.9711 0.1636 -0.1737
vn -0.9717 0.1651 -0.1691
vn -0.0570 -0.9946 0.0869
vn -0.0533 -0.9945 0.0905
vn 0.0545 0.3307 0.9422
vn 0.1030 -0.2449 0.9640
vn -0.0003 -0.1084 0.9941
vn 0.1374 0.8140 0.5644
vn -0.5213 -0.0542 -0.8516
vn -0.3742 -0.0076 -0.9273
vn -0.5424 0.3341 -0.7708
vn 0.0729 0.9462 -0.3153
vn -0.6794 -0.0647 0.7309
vn -0.9035 0.2396 -0.3555
vn -0.6797 0.6639 0.3117
vn 0.6557 -0.7495 0.0915
vn 0.5126 -0.8500 -0.1216
vn 0.9921 0.0666 -0.1067
vn -0.8569 -0.2415 -0.4553
vn -0.7385 -0.6553 0.1589
vn -0.5756 -0.8020 0.1596
vn 0.0703 -0.9975 -0.0035
vn 0.0701 -0.9975 -0.0033
vn 0.0700 -0.9975 -0.0031
vn -0.4416 -0.0142 0.8971
vn 0.0472 0.3775 0.9248
vn 0.0893 -0.4753 -0.8753
vn -0.4461 0.5154 0.7316
vn -0.7189 0.2761 -0.6379
vn -0.9881 -0.0273 0.1514
vn 0.6525 -0.6431 0.4009
vn -0.8449 0.0773 0.5294
vn 0.8162 -0.3757 -0.4390
vn 0.9734 -0.0250 -0.2276
vn -0.0464 -0.6005 0.7983
vn 0.0112 0.8318 -0.5550
vn 0.0019 0.9941 0.1089
vn 0.0017 0.9944 0.1059
vn 0.0019 0.9940 0.1090
vn -0.1338 0.3147 0.9397
vn 0.1510 0.9848 -0.0854
vn 0.9662 -0.0906 0.2415
vn 0.8276 -0.1034 0.5517
vn 0.7042 -0.0568 -0.7078
vn 0.5140 -0.2025 -0.8335
vn -0.0673 -0.4389 -0.8960
vn 0.0256 0.6503 -0.7593
vn 0.0579 -0.9243 0.3772
vn 0.9699 0.0522 0.2379
vn 0.2540 0.9550 -0.1530
vn -0.9993 -0.0327 -0.0204
vn -0.9974 -0.0543 -0.0464
vn 0.0527 0.9743 -0.2189
vn 0.0021 -0.7834 0.6215
vn -0.0003 -0.7551 0.6556
vn -0.8997 -0.4342 0.0441
vn -0.0480 0.9870 0.1535
vn -0.0472 0.9874 0.1513
vn 0.3585 0.8958 0.2625
vn -0.4327 0.0989 0.8961
vn 0.4484 0.4680 -0.7615
vn -0.9143 0.1433 0.3788
vn 0.5756 -0.0754 0.8142
vn 0.8560 0.3859 0.3439
vn 0.1609 0.8977 -0.4101
vn -0.3905 0.8905 0.2336
vn -0.1864 0.7447 0.6409
vn -0.1853 0.7453 0.6405
vn -0.1878 0.7439 0.6414
vn -0.0793 -0.9735 0.2146
vn -0.1589 0.6699 0.7253
vn 0.0296 0.2717 0.9619
vn 0.0283 0.2768 0.9605
vn 0.0297 0.2716 0.9620
vn -0.5681 0.7941 -0.2161
vn -0.0696 -0.9945 -0.0785
vn -0.0698 -0.9972 0.0285
vn -0.0678 -0.9973 0.0269
vn 0.0712 -0.1784 0.9814
vn 0.0033 0.4849 0.8745
vn -0.0579 -0.9243 0.3772
vn 0.2114 -0.9449 0.2499
vn 0.8585 -0.5077 0.0728
vn 0.8195 -0.5712 -0.0472
vn 0.8476 -0.5287 0.0448
vn -0.4538 0.8717 -0.1847
vn -0.1570 0.1806 0.9710
vn 0.2794 0.8737 -0.3982
vn -0.4690 0.8215 -0.3242
vn -0.5548 0.8286 0.0748
vn -0.9644 -0.0266 0.2632
vn -0.9521 -0.0047 0.3059
vn -0.9863 0.1651 -0.0050
vn -0.9972 -0.0750 0.0072
vn -0.5207 0.8535 0.0208
vn -0.0015 0.9869 0.1616
vn 0.0363 0.2710 0.9619
vn 0.0336 0.2591 0.9653
vn 0.0225 0.2558 0.9665
vn 0.0999 0.2682 0.9582
vn 0.0006 0.2616 0.9652
vn 0.3973 -0.0360 0.9170
vn 0.2931 0.9544 -0.0575
vn 0.5823 -0.8125 -0.0263
vn 0.2549 -0.4856 -0.8362
vn 0.9498 -0.0023 0.3129
vn -0.0825 -0.9963 0.0230
vn 0.5840 0.0733 0.8085
vn 0.9206 0.3177 0.2272
vn 0.9230 0.2979 0.2434
vn -0.4997 0.4623 0.7325
vn -0.0484 0.9574 0.2846
vn 0.5469 -0.2374 -0.8028
vn 0.1774 -0.8598 -0.4787
vn 0.9794 0.1997 0.0294
vn -0.5185 -0.2580 0.8152
vn 0.0710 0.0174 0.9973
vn -0.2114 -0.3009 0.9299
vn 0.9999 0.0050 0.0129
vn 0.8688 0.4527 -0.2007
vn -0.9348 -0.3540 0.0274
vn -0.2315 0.6015 -0.7646
vn 0.9635 0.1986 0.1793
vn -0.4679 -0.7033 0.5352
vn -0.0427 -0.9684 0.2458
vn -0.2568 0.0060 -0.9664
vn -0.4208 0.1020 -0.9014
vn -0.0756 -0.9947 0.0691
vn 1.0000 0.0004 0.0085
vn 1.0000 0.0005 0.0020
vn 1.0000 0.0009 0.0079
vn 1.0000 0.0019 -0.0004
vn 1.0000 0.0013 -0.0024
vn 1.0000 0.0023 0.0059
vn 1.0000 0.0019 0.0042
vn 1.0000 0.0019 0.0050
vn 1.0000 0.0043 0.0047
vn 1.0000 0.0026 0.0033
vn 1.0000 -0.0003 0.0016
vn 1.0000 -0.0027 -0.0000
vn 0.9851 0.1413 -0.0981
vn 0.9990 0.0074 -0.0451
vn 0.9990 0.0149 -0.0410
vn 0.9991 0.0147 -0.0404
vn 1.0000 0.0009 -0.0004
vn 0.9999 0.0083 -0.0070
vn 1.0000 0.0006 0.0002
vn 1.0000 0.0002 0.0001
vn 1.0000 0.0022 -0.0027
vn 1.0000 0.0004 -0.0001
vn 1.0000 0.0026 -0.0033
vn 1.0000 0.0004 0.0003
vn 1.0000 0.0025 0.0042
vn -0.0176 0.9968 -0.0778
vn -0.3079 -0.1624 0.9375
vn -0.3112 -0.1605 0.9367
vn -0.3096 -0.1604 0.9373
vn -0.3113 -0.1603 0.9367
vn -0.3069 -0.1639 0.9375
vn -0.3072 -0.1679 0.9367
vn -0.3086 -0.1717 0.9356
vn 0.9821 0.1831 0.0453
vn -0.4171 -0.8854 0.2052
vn 0.9974 -0.0543 -0.0463
vn 0.5839 0.0190 -0.8116
vn 0.0904 -0.2999 0.9497
vn -0.0915 -0.9953 0.0321
vn -0.0637 -0.9973 0.0352
vn -0.0950 -0.9951 0.0274
vn 0.4167 0.8633 0.2846
vn -0.9853 0.1276 0.1136
vn 0.8976 -0.1871 0.3991
vn -0.6104 -0.7914 0.0337
vn 0.7134 -0.0218 -0.7004
vn -0.0000 -1.0000 0.0005
vn 0.5311 -0.8328 0.1559
vn 0.9575 -0.1586 0.2407
vn 0.4032 0.8173 -0.4116
vn 0.1382 0.8750 -0.4639
vn -0.0002 0.8895 -0.4569
vn 0.0007 0.8894 -0.4572
vn -0.0001 0.8894 -0.4571
vn 0.0001 0.8895 -0.4569
vn -0.7808 -0.0448 -0.6232
vn 0.3158 -0.9487 -0.0122
vn -0.2660 0.6217 0.7367
vn -0.2597 0.0061 -0.9657
vn -0.4187 0.1000 -0.9026
vn -0.0486 0.9871 0.1524
vn -0.0475 0.9873 0.1517
vn -0.1224 -0.4550 0.8820
vn 0.8114 -0.5557 -0.1813
vn 0.4511 0.2805 -0.8473
vn -0.0025 0.2428 0.9701
vn 0.0597 -0.9848 0.1631
vn 0.0814 -0.9949 0.0588
vn 0.0302 0.5752 -0.8174
vn -0.7851 -0.5205 0.3356
vn -0.0499 0.9871 0.1524
vn -0.5035 0.5616 0.6566
vn -0.7031 0.2561 0.6634
vn 0.2652 0.5398 0.7990
vn 0.9071 0.4207 -0.0125
vn 0.1182 -0.0909 -0.9888
vn 0.0430 0.3385 0.9400
vn 0.5049 0.0435 -0.8621
vn 0.9923 -0.1231 0.0142
vn 0.9894 0.1443 0.0145
vn 0.6705 0.6932 0.2643
vn 0.4312 0.8723 -0.2305
vn 0.2389 -0.7245 0.6466
vn 0.9316 -0.3636 0.0011
vn 0.6587 -0.6284 0.4139
vn 0.2876 0.8140 -0.5046
vn -0.9659 -0.0001 -0.2591
vn 0.7003 -0.6224 -0.3496
vn -0.0001 0.0400 -0.9992
vn -0.0681 0.7934 -0.6049
vn 0.0976 0.7110 -0.6963
vn -0.5216 0.6664 -0.5328
vn 0.9999 0.0050 0.0128
vn 0.0001 0.0777 -0.9970
vn 0.0009 0.0771 -0.9970
vn -0.0011 0.0783 -0.9969
vn 0.0012 0.0781 -0.9969
vn 0.1465 0.9574 -0.2490
vn 0.8466 0.1693 -0.5046
vn -0.9301 -0.0306 -0.3661
vn 0.1438 -0.9528 -0.2672
vn -0.1075 -0.1078 0.9883
vn -0.8122 0.5551 0.1795
vn 0.0229 -0.4258 -0.9045
vn -0.9764 0.2136 0.0319
vn -0.9771 0.2112 0.0244
vn 0.4233 -0.8786 0.2209
vn -0.3536 -0.1274 -0.9267
vn 0.5576 0.8162 0.1514
vn -0.9999 -0.0096 -0.0113
vn 0.8313 -0.5558 0.0040
vn 0.8704 -0.4889 -0.0578
vn 0.7340 -0.6742 -0.0820
vn 0.7586 -0.6515 -0.0090
vn 0.7953 -0.6052 0.0362
vn 0.1137 -0.1471 0.9826
vn 0.5222 0.5739 -0.6309
vn -0.0818 -0.0082 0.9966
vn -0.0789 -0.0093 0.9968
vn 0.0016 0.7537 0.6572
vn 0.9887 0.1130 0.0984
vn 0.9566 -0.0133 -0.2910
vn 0.5018 -0.8648 0.0183
vn -0.9641 -0.2530 0.0807
vn -0.2676 -0.1129 -0.9569
vn -0.0000 -1.0000 -0.0001
vn 0.9812 0.1817 0.0654
vn -0.0084 0.9508 0.3097
vn 0.0007 0.9268 0.3756
vn -0.5311 -0.8328 0.1559
vn -0.7245 0.6781 -0.1232
vn -0.7404 -0.4535 0.4962
vn 0.1906 -0.0268 0.9813
vn 0.0165 -0.5996 0.8002
vn 0.4254 0.9047 0.0246
vn -0.6169 0.1142 -0.7787
vn -0.2150 0.7389 -0.6386
vn 0.0058 -0.8526 -0.5225
vn -0.2601 0.8654 -0.4283
vn -0.4989 0.8666 -0.0116
vn -0.2684 0.8630 -0.4280
vn 0.9896 0.1433 -0.0084
vn 0.8582 0.1812 0.4802
vn 0.8409 0.2331 0.4883
vn -0.1310 0.1774 0.9754
vn 0.2434 0.9698 0.0135
vn -0.0703 -0.9975 -0.0035
vn -0.0700 -0.9975 -0.0031
vn -0.0701 -0.9975 -0.0033
vn -0.0699 -0.9975 -0.0029
vn -0.9932 0.0945 0.0677
vn -0.8114 -0.2650 -0.5210
vn 0.7556 0.6550 -0.0079
vn -0.1378 0.2590 0.9560
vn 0.5035 0.5616 0.6566
vn 0.4357 0.0384 0.8993
vn 0.6357 0.5554 0.5361
vn 0.1902 -0.0273 0.9814
vn 0.3719 0.8684 0.3279
vn -0.9570 -0.0359 -0.2878
vn -0.9218 0.3521 -0.1622
vn -0.9911 0.0740 -0.1104
vn 0.2325 0.6019 -0.7640
vn -0.8857 0.0540 0.4611
vn -0.0003 0.9267 0.3759
vn -0.9832 0.1719 0.0605
vn -0.0090 0.9500 0.3122
vn 0.9699 -0.2436 0.0035
vn 0.0296 0.0539 0.9981
vn 0.0237 -0.1975 0.9800
vn 0.0228 -0.2311 0.9727
vn 0.0159 -0.4498 0.8930
vn 0.9990 0.0211 -0.0394
vn 0.5429 0.5999 -0.5877
vn 0.3428 -0.5006 -0.7949
vn 0.4989 -0.8666 0.0116
vn -0.9981 -0.0206 -0.0583
vn -0.1467 -0.6655 0.7318
vn -0.3487 0.9116 -0.2178
vn -0.3719 0.8684 0.3279
vn -0.1128 0.2245 0.9679
vn 0.8049 -0.3090 0.5066
vn -0.0925 0.2563 0.9622
vn -0.4231 0.3435 0.8384
vn 0.8878 0.4130 -0.2031
vn 0.9186 0.3774 -0.1170
vn -0.0548 0.7951 -0.6040
vn 0.2395 0.0283 0.9705
vn 0.2518 -0.3421 0.9053
vn -0.4393 -0.0183 -0.8982
vn -0.2148 0.7213 -0.6584
vn -0.9286 -0.1705 -0.3297
vn 0.0509 0.9375 -0.3443
vn 0.0201 0.9436 -0.3306
vn 0.4180 0.8630 0.2838
vn 0.1043 -0.6368 0.7639
vn -0.5406 -0.3482 0.7659
vn -0.8160 0.5180 -0.2567
vn -0.4712 0.1029 0.8760
vn 0.0459 -0.0468 -0.9979
vn -0.6463 -0.5824 0.4931
vn -0.3551 -0.7032 -0.6159
vn 0.4067 0.6766 0.6138
vn -0.7591 0.6324 0.1546
vn -0.6705 0.6932 0.2643
vn 0.7886 0.6045 -0.1124
vn -0.2202 0.6838 0.6956
vn -0.5263 0.7397 -0.4192
vn 0.8479 0.5301 -0.0115
vn 0.0040 0.0301 0.9995
vn 0.0041 0.0303 0.9995
vn -0.6754 0.6947 0.2476
vn -0.3758 0.8764 0.3011
vn -0.9833 0.1717 0.0602
vn 0.3088 0.1600 -0.9376
vn 0.3077 0.1600 -0.9379
vn 0.0346 -0.9831 0.1796
vn 0.3577 0.0477 -0.9326
vn -0.4514 -0.2811 0.8469
vn 0.0916 -0.9000 -0.4261
vn -0.5166 0.3255 0.7920
vn 0.0913 -0.8178 -0.5683
vn -0.0009 0.0583 0.9983
vn -0.5126 -0.8500 -0.1215
vn -0.5429 0.5999 -0.5877
vn 0.3175 0.1576 -0.9351
vn -0.0922 -0.1424 0.9855
vn 0.0847 0.9636 0.2535
vn 0.9951 -0.0680 0.0720
vn 0.6817 0.7098 -0.1774
vn 0.5297 0.8468 0.0479
vn 0.1327 0.9889 0.0664
vn 0.0280 0.9994 0.0191
vn 0.9700 -0.1426 0.1967
vn 0.0458 0.2713 0.9614
vn 0.0427 0.2713 0.9616
vn -0.0160 0.2751 0.9613
vn 0.0650 0.2706 0.9605
vn 0.0759 0.2716 0.9594
vn -0.0332 0.4333 -0.9006
vn 0.4269 -0.8870 0.1763
vn 0.3463 -0.9305 0.1189
vn -0.1539 0.9869 0.0478
vn 0.0001 0.9710 0.2390
vn -0.0014 1.0000 0.0026
vn -0.0013 1.0000 -0.0071
vn -0.0019 1.0000 -0.0027
vn -0.0018 1.0000 0.0067
vn 0.0189 0.9992 -0.0350
vn -0.0165 0.9992 -0.0374
vn -0.0017 1.0000 -0.0015
vn 0.0184 0.9998 0.0074
vn 0.4945 0.0509 0.8677
vn -0.1837 0.8702 -0.4571
vn -0.2839 0.8558 -0.4324
vn -0.2920 0.8533 -0.4319
vn 0.5009 -0.8653 0.0177
vn 0.8988 -0.1890 0.3956
vn -1.0000 -0.0000 -0.0023
vn -1.0000 0.0003 -0.0034
vn -1.0000 0.0021 -0.0027
vn -1.0000 0.0015 -0.0040
vn 0.9786 -0.2018 -0.0412
vn -0.1644 0.6916 -0.7033
vn -0.0002 -0.9999 -0.0110
vn -0.7184 -0.6697 -0.1879
vn -0.0000 1.0000 0.0015
vn 0.0607 0.7047 0.7069
vn -0.8701 0.0980 0.4830
vn -0.8875 0.1475 0.4366
vn -0.8720 0.1134 0.4762
vn 0.8977 -0.1901 0.3975
vn 0.8979 -0.1899 0.3972
vn -0.8717 0.2629 0.4136
vn 0.0001 0.9999 0.0103
vn 0.3176 0.1473 -0.9367
vn -0.4646 0.6426 -0.6093
vn 0.0633 -0.7101 0.7012
vn 0.9999 0.0148 -0.0035
vn 0.0315 0.0476 0.9984
vn 0.9810 0.1823 0.0658
vn -0.0094 0.9508 0.3097
vn 0.0002 0.9268 0.3756
vn -0.9995 0.0194 -0.0267
vn -0.9999 0.0138 -0.0077
vn -0.9999 -0.0041 0.0098
vn -0.9997 -0.0142 0.0211
vn -0.5019 0.8648 -0.0127
vn -0.8624 -0.4999 0.0793
vn -0.8631 -0.4988 0.0796
vn -0.1090 -0.9934 -0.0356
vn 0.4902 0.8716 0.0092
vn 0.6638 0.7153 -0.2183
vn 0.2091 0.3464 -0.9145
vn 0.1836 0.8702 -0.4572
vn 0.0452 -0.2177 0.9750
vn -0.0243 -0.9961 0.0849
vn 0.5761 0.1182 -0.8088
vn 0.9651 -0.0281 0.2603
vn 0.8773 -0.4738 0.0766
vn -0.0406 0.3444 -0.9379
vn 0.0320 -0.0929 -0.9952
vn -0.0002 -0.0130 -0.9999
vn -0.0116 -0.0152 -0.9998
vn -0.0048 -0.0049 -1.0000
vn 0.0624 -0.0070 -0.9980
vn -0.9798 0.1713 -0.1036
vn -0.0939 0.1604 -0.9826
vn -0.1935 0.0992 0.9761
vn 0.6742 -0.7385 0.0072
vn 0.6870 -0.7264 0.0186
vn -0.0064 -0.1450 0.9894
vn -0.0258 -0.3590 0.9330
vn 0.9811 0.1875 0.0476
vn -0.7337 -0.6505 -0.1961
vn -0.9988 0.0283 -0.0394
vn -0.0045 0.9990 0.0436
vn 0.4182 0.8625 0.2849
vn -0.1995 0.3993 -0.8948
vn -0.9999 0.0099 -0.0016
vn -1.0000 0.0092 -0.0026
vn -1.0000 0.0095 -0.0025
vn -1.0000 0.0097 0.0003
vn -0.0220 0.9374 0.3475
vn -0.0224 0.9444 0.3280
vn -0.0224 0.9440 0.3292
vn -0.0220 0.9370 0.3487
vn -0.0025 0.9970 -0.0767
vn -0.9615 0.2721 0.0383
vn -0.9821 0.1829 0.0450
vn -0.1873 0.3149 -0.9305
vn 0.0123 0.9997 0.0222
vn 0.1029 0.9946 0.0100
vn -0.1130 0.9936 0.0099
vn -0.0580 0.9974 -0.0438
vn -0.0153 0.9996 0.0225
vn -0.0905 -0.0108 0.9958
vn -0.1064 0.0273 0.9939
vn 0.9477 -0.3166 0.0407
vn 0.9114 -0.4045 0.0760
vn 0.9204 -0.3850 0.0681
vn 0.9543 -0.2969 0.0329
vn -0.0077 0.9344 0.3560
vn -0.0090 0.9427 0.3336
vn -0.0089 0.9422 0.3348
vn -0.0076 0.9340 0.3572
vn 0.2007 0.3362 0.9201
vn -0.0230 -0.2193 0.9754
vn -0.0437 -0.9988 0.0211
vn -0.6829 -0.7301 0.0225
vn 0.8977 -0.2520 0.3615
vn 0.9486 0.2898 -0.1274
vn 0.9307 0.3246 -0.1686
vn -0.5122 0.7978 0.3182
vn 0.0096 0.9531 0.3025
vn 0.8434 0.5367 0.0246
vn 0.8539 0.5198 0.0244
vn 0.4991 -0.8664 0.0149
vn 0.0045 1.0000 -0.0054
vn 0.0301 0.9981 -0.0538
vn -0.0205 0.9994 -0.0291
vn 0.0027 1.0000 0.0029
vn -0.0015 1.0000 0.0014
vn 0.0072 1.0000 0.0022
vn -0.0533 0.3320 0.9418
vn -0.1047 -0.2448 0.9639
vn -0.2518 -0.3421 0.9053
vn -0.1336 -0.9517 -0.2765
vn 0.6190 -0.3178 -0.7182
vn 0.0002 0.9271 0.3748
vn -0.9993 0.0273 0.0271
vn -0.9992 0.0276 0.0275
vn -0.0342 0.9993 0.0157
vn -0.9230 0.2979 0.2434
vn -0.0792 -0.9920 0.0979
vn 0.0013 -0.9808 0.1950
vn 0.9448 -0.3201 0.0693
vn 0.0124 -0.8808 0.4734
vn -0.3495 0.8886 0.2970
vn 0.4743 0.5557 -0.6828
vn 0.2768 0.1726 0.9453
vn -0.0954 0.0452 0.9944
vn 0.3398 0.1094 -0.9341
vn -0.4716 0.4438 0.7620
vn -0.0059 0.9829 -0.1841
vn -0.1850 -0.8396 -0.5108
vn 0.1360 0.9522 -0.2734
vn -0.7085 0.6773 0.1983
vn -0.0938 0.0236 0.9953
vn 0.6495 0.6851 0.3298
vn 0.9965 0.0793 -0.0264
vn -0.0996 -0.5771 -0.8106
vn -0.0513 -0.9802 -0.1912
vn -0.3387 0.8754 -0.3450
vn -0.8964 0.2597 0.3591
vn -0.5490 -0.8096 -0.2076
vn -0.0375 -0.9956 -0.0864
vn -0.9835 0.1709 0.0598
vn -0.6638 0.7153 -0.2183
vn 0.1361 0.4106 -0.9016
vn 0.9744 -0.0952 0.2037
vn -0.4423 -0.6715 -0.5945
vn -0.5282 0.2549 -0.8100
vn 0.2284 -0.7643 0.6030
vn 0.9797 -0.1981 -0.0316
vn 0.9779 -0.2074 -0.0262
vn -0.0208 -0.9490 -0.3147
vn -0.7929 0.0495 -0.6074
vn 0.6795 0.7203 -0.1397
vn -0.0000 -0.0322 0.9995
vn 0.9505 0.0228 0.3098
vn 0.9495 0.0042 0.3136
vn 0.9504 0.0196 0.3104
vn 0.9492 -0.0007 0.3146
vn 0.0278 -0.8763 -0.4809
vn 0.5930 0.0040 0.8052
vn -0.1098 -0.1036 0.9885
vn -0.0330 -0.7048 -0.7087
vn -0.0814 -0.6714 -0.7366
vn -0.4991 0.8664 -0.0149
vn 0.7880 0.4378 -0.4329
vn 0.7829 0.4448 -0.4351
vn -0.0234 -0.3919 0.9197
vn 0.0133 0.0468 -0.9988
vn 0.4716 0.5436 0.6943
vn 0.5464 0.3979 0.7370
vn -0.7144 -0.2208 0.6640
vn -0.0044 0.4183 -0.9083
vn -0.0036 0.4184 -0.9083
vn -0.0279 0.4112 -0.9111
vn 0.1113 0.3537 0.9287
vn -0.2386 0.3497 0.9060
vn -0.0824 0.3714 0.9248
vn -0.0825 0.3776 0.9223
vn -0.1602 -0.0442 0.9861
vn -0.2185 -0.0297 0.9754
vn 0.2315 0.6015 -0.7646
vn -0.0917 -0.9956 0.0206
vn 0.9807 -0.0833 -0.1771
vn 0.0451 0.9960 0.0772
vn -0.8410 0.5217 0.1432
vn -0.7112 -0.0083 0.7029
vn 0.9734 0.1752 0.1479
vn 0.0226 0.6703 -0.7418
vn -0.9394 -0.3301 0.0928
vn 0.5008 -0.8654 0.0179
vn -0.0988 -0.0181 0.9949
vn -0.0673 0.0296 0.9973
vn -0.0043 -0.5623 -0.8269
vn 0.0317 -0.8426 0.5376
vn -0.9927 0.0042 -0.1204
vn -0.0365 0.0789 -0.9962
vn 0.0134 0.0896 -0.9959
vn 0.0296 0.0790 -0.9964
vn -0.0051 0.9998 -0.0207
vn -0.0659 0.1644 0.9842
vn -0.0682 0.1680 0.9834
vn 0.4975 -0.8533 0.1565
vn -0.8342 0.0786 -0.5459
vn 0.6651 0.4984 -0.5561
vn -0.0018 0.8226 0.5686
vn 0.9191 0.3937 0.0165
vn 0.9832 0.1719 0.0605
vn 0.9978 0.0579 0.0307
vn 0.0003 0.9267 0.3759
vn 0.0090 0.9500 0.3122
vn -0.4886 -0.3066 -0.8168
vn 0.9863 -0.0137 0.1646
vn 0.9697 -0.0514 0.2389
vn -0.9480 0.0050 -0.3183
vn -0.9480 0.0036 -0.3183
vn -0.9477 -0.0127 -0.3190
vn -0.9476 -0.0145 -0.3190
vn 0.0002 -0.7345 -0.6786
vn 0.3715 -0.6504 0.6626
vn 0.3613 0.8828 0.3003
vn 0.0219 0.9357 0.3522
vn 0.0220 0.9617 0.2732
vn 0.0219 0.9373 0.3479
vn 0.0220 0.9629 0.2690
vn -0.0024 -0.7623 -0.6473
vn -0.9928 -0.0638 0.1010
vn 0.9821 0.1773 0.0641
vn -0.7385 -0.6684 0.0885
vn -0.9958 0.0455 -0.0790
vn -0.0160 0.9566 0.2910
vn -0.0162 0.9594 0.2816
vn -0.0162 0.9592 0.2821
vn -0.0160 0.9564 0.2915
vn -0.6754 0.1792 0.7153
vn -0.1381 0.9904 0.0055
vn -0.0211 0.9997 -0.0136
vn 0.0091 0.9992 -0.0386
vn 0.1175 0.9919 -0.0479
vn -0.4121 0.3455 0.8431
vn 0.1724 0.8830 -0.4365
vn 0.0185 0.8987 -0.4382
vn 0.0006 0.8998 -0.4362
vn 0.0742 0.8709 -0.4858
vn 0.0183 0.8574 -0.5143
vn -0.0076 0.8552 -0.5182
vn -0.0128 0.8983 -0.4393
vn -0.0442 0.8948 -0.4442
vn -0.0416 0.8748 -0.4826
vn 0.8726 -0.2593 -0.4138
vn 0.9678 -0.2260 0.1107
vn -0.9320 -0.2390 -0.2725
vn -0.7780 -0.0001 -0.6283
vn -0.9998 -0.0099 0.0173
vn -0.0064 0.9089 0.4169
vn -0.0104 0.9985 0.0529
vn 0.0272 -0.1360 0.9903
vn -0.0040 -0.7626 -0.6469
vn -0.0724 -0.0745 -0.9946
vn -0.0051 -0.0310 -0.9995
vn 0.3351 -0.4193 0.8437
vn -0.3450 0.9385 -0.0101
vn 0.9686 0.0959 -0.2295
vn 0.0478 -0.9871 -0.1531
vn 0.0484 -0.9875 -0.1500
vn 0.0478 -0.9871 -0.1529
vn 0.0484 -0.9876 -0.1493
vn 0.0472 -0.9863 -0.1581
vn 0.0472 -0.9863 -0.1578
vn 0.9835 0.1709 0.0598
vn 0.0094 0.9508 0.3097
vn -0.0002 0.9268 0.3756
vn 0.9933 -0.1148 0.0167
vn 0.9934 -0.1143 0.0040
vn 0.5610 0.3487 -0.7508
vn 0.8572 -0.5145 0.0235
vn 0.8550 -0.5110 0.0885
vn 0.8167 -0.4839 0.3144
vn -0.0163 -0.9310 -0.3647
vn 0.0461 -0.9870 -0.1537
vn 0.9947 0.0214 0.1007
vn 0.9946 0.0215 0.1015
vn 0.9947 0.0215 0.1008
vn -0.7911 -0.4843 -0.3736
vn 0.0201 -0.9964 -0.0819
vn 0.8116 0.2580 0.5241
vn 0.1090 -0.9934 -0.0356
vn -0.9998 0.0042 0.0201
vn -0.9993 0.0174 0.0344
vn -0.9992 0.0021 0.0409
vn -0.9998 -0.0022 0.0213
vn -1.0000 0.0003 0.0002
vn -1.0000 0.0003 -0.0000
vn -1.0000 -0.0001 -0.0001
vn -1.0000 0.0008 -0.0004
vn -1.0000 0.0004 -0.0003
vn -1.0000 0.0005 -0.0000
vn -1.0000 0.0002 0.0002
vn -1.0000 0.0001 0.0003
vn -1.0000 0.0003 0.0003
vn -1.0000 -0.0001 -0.0004
vn -1.0000 -0.0001 -0.0005
vn -1.0000 0.0001 -0.0007
vn -1.0000 0.0038 0.0068
vn -1.0000 0.0033 0.0075
vn -0.9999 0.0057 0.0153
vn -0.9999 0.0041 0.0150
vn 0.6449 -0.6249 -0.4400
vn -0.4725 -0.8734 0.1180
vn 0.9690 -0.0444 0.2432
vn 0.0311 0.2774 0.9603
vn 0.1778 0.7889 -0.5882
vn 0.8160 0.5180 -0.2567
vn 0.3096 0.1571 -0.9378
vn 0.3096 0.1591 -0.9375
vn 0.3097 0.1613 -0.9370
vn 0.3096 0.1547 -0.9382
vn 0.3095 0.1574 -0.9378
vn -0.9497 0.0024 -0.3130
vn -0.0043 0.9986 -0.0525
vn -0.9810 0.1823 0.0658
vn -0.9963 0.0793 0.0346
vn -0.5467 -0.8335 -0.0794
vn 1.0000 0.0043 0.0029
vn 1.0000 0.0087 -0.0022
vn 1.0000 0.0078 -0.0013
vn -0.0288 0.9317 0.3621
vn -0.0289 0.9296 0.3674
vn -0.0289 0.9297 0.3671
vn -0.0288 0.9318 0.3618
vn 0.0432 -0.9146 0.4021
vn 0.8122 0.5551 0.1795
vn 0.9029 0.1236 -0.4116
vn 0.7072 -0.0000 0.7070
vn 0.5863 -0.1059 0.8031
vn -0.2913 0.2882 -0.9122
vn 0.8743 0.1709 -0.4543
vn -0.1246 0.0386 0.9915
vn -0.1710 0.1532 0.9733
vn -1.0000 0.0053 0.0031
vn -1.0000 0.0040 0.0023
vn -1.0000 -0.0040 -0.0023
vn -0.2325 0.6019 -0.7640
vn 0.2844 -0.6912 0.6643
vn 0.2837 -0.6910 0.6648
vn 0.2838 -0.6910 0.6648
vn 0.3449 0.9127 -0.2191
vn -0.0244 0.9322 0.3611
vn -0.0329 0.9118 0.4092
vn -0.0249 0.9311 0.3639
vn -0.0334 0.9106 0.4119
vn 0.0362 0.9992 -0.0186
vn -0.0998 -0.6939 0.7131
vn -0.0417 -0.2662 -0.9630
vn -0.0036 -0.2684 -0.9633
vn -0.0229 -0.2668 -0.9635
vn -0.0665 -0.2673 -0.9613
vn -0.0021 0.0320 -0.9995
vn -0.0000 0.0337 -0.9994
vn -0.2577 -0.0040 -0.9662
vn 0.1700 -0.7606 -0.6266
vn 0.2587 0.9120 0.3183
vn 0.0982 0.7194 0.6876
vn -0.0343 0.8817 0.4706
vn 0.9919 0.1144 -0.0548
vn 0.9883 0.0800 0.1299
vn 0.3643 0.2769 -0.8891
vn -0.5497 -0.0332 -0.8347
vn 0.0506 0.4524 -0.8904
vn -0.7185 0.2214 -0.6594
vn 0.4403 0.0040 -0.8979
vn -0.0035 -0.7634 -0.6459
vn 0.8393 -0.1268 -0.5287
vn 0.2284 0.7558 0.6136
vn 0.1588 0.7846 0.5993
vn 0.0229 -0.9960 0.0869
vn -0.0729 0.8695 -0.4886
vn 0.0945 0.0467 0.9944
vn 0.9835 0.1693 -0.0637
vn 0.9023 0.4310 -0.0052
vn -0.7913 -0.2270 -0.5677
vn -0.7700 0.0402 -0.6367
vn -0.7751 -0.1692 -0.6088
vn -0.9983 -0.0247 -0.0537
vn -0.9956 -0.0243 -0.0905
vn -0.9956 -0.0235 -0.0903
vn -0.9998 0.0172 -0.0088
vn -0.9966 -0.0151 -0.0810
vn -0.7178 0.6866 -0.1152
vn -0.1388 0.0771 0.9873
vn -0.1285 0.0857 0.9880
vn -0.0743 -0.9904 0.1167
vn -0.8111 -0.5203 0.2671
vn 0.1925 0.9620 0.1939
vn -1.0000 -0.0053 -0.0031
vn 0.2904 -0.9347 0.2049
vn 0.9999 0.0017 0.0155
vn 0.9999 0.0005 0.0150
vn 0.9999 0.0004 0.0149
vn 0.9959 -0.0804 -0.0418
vn 1.0000 0.0012 -0.0020
vn 0.9301 -0.0306 -0.3661
vn 0.0616 0.9291 0.3647
vn 0.2158 -0.3523 -0.9107
vn -0.0489 -0.9738 0.2222
vn -0.3494 -0.8433 0.4083
vn -0.4205 0.5460 -0.7246
vn -0.3363 -0.8452 0.4155
vn -0.3445 -0.8412 0.4168
vn -0.0246 0.9358 0.3517
vn -0.0245 0.9359 0.3515
vn -0.1061 0.9389 0.3275
vn 0.1909 0.8202 0.5392
vn -0.0849 0.9948 0.0555
vn -0.0192 0.9884 -0.1504
vn 0.0755 0.9718 -0.2234
vn -0.1229 0.9762 0.1787
vn 0.8676 -0.4961 0.0340
vn -0.6900 0.5141 0.5094
vn 0.2423 -0.7915 -0.5611
vn 0.2113 0.8727 0.4401
vn -0.9994 -0.0303 -0.0176
vn 0.9999 -0.0103 0.0003
vn 0.9999 -0.0108 0.0007
vn 0.9999 -0.0102 0.0007
vn 0.9999 -0.0115 -0.0002
vn 0.2148 0.7213 -0.6584
vn -0.0344 0.1009 -0.9943
vn -0.9186 0.1299 0.3733
vn -0.0032 -0.6378 0.7702
vn 0.9810 0.1909 0.0349
vn 0.8237 0.0106 0.5670
vn 0.6691 0.2341 -0.7054
vn 0.9915 0.1252 -0.0339
vn 0.4737 -0.8806 -0.0080
vn 0.1913 0.9247 -0.3291
vn 0.5324 -0.0528 0.8448
vn 0.8175 -0.2259 -0.5298
vn 0.9961 -0.0881 -0.0063
vn 0.9949 -0.0982 0.0229
vn 0.9918 0.0992 0.0808
vn -0.0615 -0.1974 0.9784
vn -0.2296 -0.4188 0.8786
vn -0.9946 0.0286 0.0995
vn 0.0004 -0.7773 -0.6292
vn 0.0691 -0.9975 -0.0112
vn -0.3123 -0.1718 0.9343
vn -0.3135 -0.1701 0.9342
vn -0.3120 -0.1688 0.9350
vn -0.3115 -0.1698 0.9349
vn -0.3111 -0.1644 0.9361
vn 0.5838 -0.3937 0.7101
vn 0.3907 0.6793 0.6212
vn -0.1122 0.9653 0.2358
vn -0.4781 0.8668 0.1418
vn 0.0248 0.9383 0.3449
vn -0.0599 0.9694 0.2379
vn -0.0317 0.8613 -0.5071
vn 0.0733 0.5049 0.8601
vn 0.1774 -0.9448 0.2756
vn -0.6976 0.2998 0.6507
vn -0.7092 0.2900 0.6426
vn -0.1881 0.6957 0.6933
vn 0.1229 0.6389 -0.7594
vn 0.7590 0.6238 0.1863
vn -0.0644 -0.9973 0.0352
vn -0.2559 0.4528 0.8541
vn 0.2543 0.4509 0.8556
vn 0.0162 0.9594 0.2816
vn 0.0160 0.9566 0.2910
vn 0.0162 0.9592 0.2821
vn 0.0160 0.9564 0.2915
vn 0.1177 0.8804 -0.4595
vn -0.8812 -0.4560 0.1249
vn -0.0317 0.4646 0.8850
vn 0.2202 0.6838 0.6956
vn 0.0565 0.9655 -0.2543
vn 0.2252 -0.9284 0.2956
vn -0.5009 0.8653 -0.0177
vn 0.8132 0.1828 -0.5525
vn 0.4497 -0.8076 0.3814
vn 0.0071 0.9422 0.3349
vn 0.0096 0.9340 0.3572
vn 0.0095 0.9344 0.3560
vn 0.0070 0.9427 0.3337
vn 0.0406 -0.9007 0.4326
vn -0.9523 0.2150 -0.2168
vn -0.9686 0.0959 -0.2295
vn -0.0547 0.8177 -0.5731
vn -0.5843 -0.3935 0.7097
vn 0.4487 0.7416 0.4987
vn -0.9995 -0.0302 -0.0029
vn -0.9958 -0.0810 -0.0419
vn -0.9999 0.0004 0.0149
vn -0.9999 0.0005 0.0150
vn -0.9999 0.0017 0.0155
vn 0.9491 -0.0045 0.3150
vn 0.9493 -0.0055 0.3144
vn 0.9499 -0.0089 0.3125
vn 0.9500 -0.0096 0.3121
vn 0.0473 0.9981 -0.0393
vn -0.0002 0.9271 0.3748
vn -0.9821 0.1773 0.0641
vn -0.8905 -0.0872 0.4465
vn 0.6955 0.2547 0.6719
vn 0.1961 -0.1286 0.9721
vn 0.4950 -0.8689 0.0022
vn 0.5338 -0.8451 -0.0291
vn -0.0154 0.9391 -0.3433
vn -0.0474 -0.9980 0.0414
vn 0.0043 -0.5623 -0.8269
vn -0.9958 0.0462 0.0794
vn -0.0007 0.9268 0.3756
vn -0.9812 0.1817 0.0654
vn 0.0084 0.9508 0.3097
vn -0.9963 0.0789 0.0341
vn 0.8271 0.2296 0.5130
vn -0.0723 -0.0763 0.9945
vn 0.9955 0.0933 0.0169
vn 0.9999 0.0138 -0.0077
vn 0.0117 -0.9915 0.1296
vn -0.0214 0.0988 -0.9949
vn -0.1773 0.4091 -0.8951
vn -0.1644 0.4442 -0.8807
vn 0.1534 -0.8079 0.5690
vn 0.9005 -0.4107 0.1429
vn 0.0197 0.9884 -0.1503
vn -0.9807 0.1838 0.0672
vn -0.9991 0.0300 0.0298
vn -0.9960 0.0813 0.0370
vn -0.9991 0.0303 0.0302
vn -0.9367 -0.0304 0.3489
vn -0.9296 -0.0486 0.3654
vn -0.0058 0.9089 0.4170
vn -0.5348 -0.1612 -0.8295
vn -0.5357 -0.1607 -0.8290
vn 0.0489 -0.9738 0.2222
vn 0.0998 0.1923 0.9763
vn -0.0574 0.0129 0.9983
vn -0.0857 0.0661 0.9941
vn 0.4771 -0.3521 0.8052
vn -0.4392 0.0442 0.8973
vn 0.8111 -0.5203 0.2671
vn -0.2091 0.3464 -0.9145
vn 0.0069 0.0743 -0.9972
vn -0.0084 0.0743 -0.9972
vn -0.0010 0.0582 -0.9983
vn 0.0409 -0.2723 0.9613
vn 0.0019 -0.2976 0.9547
vn -0.0500 -0.2888 0.9561
vn -0.1026 -0.3430 0.9337
vn 0.0503 -0.3634 0.9303
vn -0.0834 -0.3330 0.9392
vn 0.0434 -0.3536 0.9344
vn -0.0095 -0.2897 0.9571
vn -0.4334 0.2925 -0.8524
vn -0.9029 0.1236 -0.4116
vn -0.0689 0.9121 0.4042
vn -0.0667 -0.9976 -0.0210
vn -0.0619 -0.9977 -0.0288
vn -0.0579 -0.9977 -0.0354
vn -0.0532 -0.9977 -0.0432
vn -0.2719 -0.1044 0.9567
vn -0.9958 0.0441 0.0807
vn 0.5655 -0.2973 -0.7693
vn -0.0637 0.3812 -0.9223
vn -0.5041 -0.2331 -0.8316
vn 0.4766 0.5500 0.6858
vn 1.0000 0.0006 -0.0045
vn 1.0000 0.0013 -0.0030
vn 1.0000 -0.0001 -0.0046
vn 1.0000 -0.0003 -0.0040
vn 0.0308 -0.9995 -0.0122
vn 0.9762 -0.1795 -0.1219
vn 0.6463 0.7186 0.2567
vn 0.0513 0.9359 0.3486
vn -0.0912 -0.9955 0.0255
vn -0.1846 0.9804 -0.0683
vn -0.5273 0.6253 0.5754
vn -0.0934 -0.0672 0.9934
vn 0.3238 0.7210 0.6127
vn 0.9178 0.3966 0.0168
vn 0.9999 -0.0013 -0.0124
vn 1.0000 -0.0049 -0.0049
vn 0.9998 -0.0099 0.0173
vn 1.0000 0.0001 0.0001
vn 0.1347 -0.0171 -0.9907
vn -0.9037 0.2105 -0.3728
vn 0.5358 0.5863 0.6076
vn 0.1983 0.9776 -0.0707
vn 0.3036 0.9306 0.2045
vn -0.0631 0.0238 0.9977
vn 0.0417 0.0541 0.9977
vn -0.5379 -0.7855 -0.3060
vn -0.1428 -0.9382 -0.3151
vn 0.9125 -0.1072 0.3947
vn -0.0899 0.9629 0.2544
vn -0.2133 0.9742 0.0734
vn -0.1717 0.9838 0.0518
vn -0.1482 0.9890 0.0003
vn 0.9999 0.0048 0.0100
vn 0.9998 0.0006 0.0191
vn 0.9998 0.0071 0.0202
vn 0.9999 0.0074 0.0093
vn 1.0000 0.0013 -0.0005
vn 1.0000 -0.0005 -0.0002
vn 1.0000 0.0001 -0.0003
vn 1.0000 -0.0000 -0.0001
vn 1.0000 0.0001 0.0013
vn 1.0000 -0.0003 0.0010
vn 1.0000 -0.0004 0.0011
vn 1.0000 -0.0007 0.0008
vn 1.0000 -0.0006 0.0006
vn 1.0000 -0.0008 0.0006
vn 0.9998 -0.0031 0.0209
vn 0.9998 0.0036 0.0195
vn 0.9992 0.0016 0.0397
vn 0.9993 0.0174 0.0330
vn 0.9807 0.1838 0.0672
vn 0.0998 -0.6939 0.7131
vn 0.0205 -0.0296 0.9994
vn -0.4988 0.0235 0.8664
vn 0.6463 0.6492 0.4009
vn -0.3095 -0.1567 0.9379
vn -0.3062 -0.1769 0.9354
vn -0.2368 -0.1539 0.9593
vn -0.3090 -0.1613 0.9373
vn -0.2865 -0.0108 0.9580
vn -0.9985 0.0163 -0.0517
vn 0.9775 0.0066 0.2107
vn -0.1073 -0.0015 0.9942
vn -0.1321 -0.0145 0.9911
vn -0.1510 0.0093 0.9885
vn -0.1482 -0.0099 0.9889
vn -0.1202 -0.0450 0.9917
vn 0.9384 0.1118 -0.3270
vn -0.8638 0.2565 -0.4337
vn -0.0008 -0.0003 -1.0000
vn 0.5318 0.3722 0.7607
vn -0.8546 -0.4484 0.2621
vn 0.9974 -0.0543 -0.0464
vn 0.3097 0.1585 -0.9375
vn 0.3098 0.1577 -0.9376
vn 0.3073 0.1601 -0.9381
vn 0.3060 0.1599 -0.9385
vn 0.3095 0.1639 -0.9367
vn 0.0224 0.9444 0.3280
vn 0.0220 0.9374 0.3475
vn 0.0224 0.9440 0.3292
vn 0.0220 0.9370 0.3487
vn -0.0020 0.7874 0.6164
vn 0.5019 -0.8648 0.0127
vn -0.0052 0.9985 -0.0541
vn -0.7915 -0.4830 -0.3744
vn 0.1737 -0.4133 0.8939
vn -1.0000 0.0016 0.0083
vn -1.0000 0.0003 0.0098
vn 0.9999 0.0057 0.0101
vn 1.0000 0.0003 0.0098
vn -0.8442 0.3662 -0.3915
vn -0.6005 -0.5671 -0.5638
vn -0.9895 -0.0406 -0.1386
vn -0.9974 0.0710 -0.0096
vn -1.0000 -0.0004 -0.0001
vn -0.9998 -0.0148 -0.0102
vn -0.9996 -0.0251 -0.0144
vn -0.9984 0.0139 0.0541
vn -0.7571 0.0642 0.6502
vn -0.9970 -0.0553 -0.0545
vn -0.9475 0.0053 -0.3197
vn 0.9999 0.0153 0.0072
vn 0.9995 -0.0274 0.0128
vn 0.9998 -0.0159 0.0085
vn 0.9995 0.0089 0.0299
vn 0.9995 0.0226 0.0241
vn 0.7221 0.0512 0.6899
vn 0.9995 0.0051 -0.0303
vn 0.9966 -0.0816 -0.0116
vn -0.1304 0.9915 -0.0019
vn -0.1292 0.9916 0.0048
vn -0.1294 0.9916 -0.0001
vn -0.1172 0.9931 0.0060
vn 0.9744 -0.2225 0.0322
vn -0.8979 -0.1899 0.3972
vn 0.7185 0.2214 -0.6594
vn 0.4987 -0.8665 0.0204
vn -0.2693 -0.0303 -0.9626
vn 0.3621 0.9310 -0.0452
vn -0.9085 -0.3276 0.2593
vn -0.9696 -0.1363 0.2031
vn 0.0009 0.0520 0.9986
vn 0.3099 0.1598 -0.9373
vn 0.3093 0.1586 -0.9376
vn 0.3092 0.1563 -0.9380
vn 0.3093 0.1617 -0.9371
vn 0.3099 0.1671 -0.9360
vn 0.7930 0.5576 0.2456
vn 0.0484 -0.9878 -0.1480
vn 0.0480 -0.9870 -0.1534
vn 0.0384 -0.0760 -0.9964
vn 0.9833 0.1717 0.0602
vn 0.9978 0.0583 0.0309
vn -0.1299 0.8863 0.4445
vn -0.0775 0.1327 0.9881
vn 0.0314 -0.8556 0.5168
vn 0.0241 -0.8526 0.5220
vn 0.1290 0.9916 0.0046
vn 0.1295 0.9916 -0.0016
vn 0.1292 0.9916 -0.0011
vn 0.1172 0.9931 0.0060
vn -0.9672 -0.0200 -0.2533
vn 0.9184 0.3950 0.0203
vn 0.0244 0.9322 0.3611
vn -0.0004 -0.5210 0.8536
vn -0.0003 -0.5219 0.8530
vn -0.0000 -0.5191 0.8547
vn -0.0002 -0.5224 0.8527
vn 0.0002 -0.5222 0.8529
vn -0.0000 -0.5263 0.8503
vn -0.0001 -0.5236 0.8520
vn -0.0018 0.9305 0.3663
vn -0.9919 0.0987 0.0804
vn -0.9950 -0.0972 0.0222
vn -0.9962 -0.0867 -0.0081
vn -0.0494 0.3072 -0.9503
vn 0.5879 0.0168 -0.8087
vn -1.0000 0.0065 0.0026
vn -0.9999 0.0121 0.0041
vn -1.0000 0.0069 0.0022
vn -1.0000 0.0078 -0.0013
vn -1.0000 0.0087 -0.0022
vn -1.0000 0.0043 0.0029
vn -0.9543 -0.1321 0.2680
vn -0.0446 0.9084 0.4158
vn 0.1461 -0.9891 -0.0202
vn -0.5515 -0.7247 -0.4132
vn -0.9745 0.0370 -0.2213
vn -0.1010 0.0004 0.9949
vn 0.0300 -0.9507 0.3085
vn -0.0185 -0.9386 0.3446
vn -0.1615 0.6431 0.7486
vn -0.1938 0.6826 0.7046
vn -0.9494 -0.2900 0.1207
vn -0.7584 0.0650 0.6486
vn -0.0050 0.6175 0.7866
vn 0.0173 0.0174 -0.9997
vn 0.1531 0.3952 0.9057
vn -0.0152 -0.2109 0.9774
vn 0.1473 -0.9770 -0.1543
vn 0.5857 -0.6241 -0.5171
vn 0.0513 -0.9802 -0.1912
vn 1.0000 -0.0002 0.0001
vn 0.9999 -0.0016 0.0102
vn 1.0000 -0.0002 -0.0000
vn 0.4229 0.8994 0.1105
vn 0.6644 0.7469 -0.0271
vn 0.0689 0.9121 0.4042
vn 0.9958 0.0456 -0.0788
vn 0.2316 -0.1873 -0.9546
vn 0.9982 0.0113 0.0594
vn -0.0012 0.9996 -0.0280
vn -0.7687 0.6261 -0.1311
vn -0.7085 0.7019 -0.0740
vn 0.1563 -0.7954 -0.5856
vn -0.6580 -0.6755 -0.3329
vn 0.1610 0.0050 -0.9869
vn 0.0532 -0.9977 -0.0432
vn 0.0478 -0.9870 -0.1532
vn 0.0481 -0.9869 -0.1541
vn 0.0480 -0.9871 -0.1531
vn 0.0480 -0.9871 -0.1529
vn 0.0485 -0.9870 -0.1531
vn 0.9851 0.1041 0.1366
vn 0.9983 0.0484 0.0326
vn 0.9887 -0.0096 0.1499
vn 0.2330 0.6671 0.7076
vn 0.9846 0.0146 0.1744
vn 0.3599 0.0474 -0.9318
vn 0.0023 0.9288 0.3707
vn 0.0116 0.8934 0.4491
vn 0.0111 0.8954 0.4450
vn 0.0018 0.9305 0.3663
vn 0.0452 0.9735 -0.2242
vn 0.0342 0.4385 -0.8981
vn -0.3040 -0.1605 0.9390
vn -0.0479 0.9871 0.1526
vn -0.0478 0.9872 0.1522
vn -0.0478 0.9871 0.1528
vn -0.0478 0.9871 0.1530
vn -0.0478 0.9871 0.1527
vn -0.0482 0.9871 0.1524
vn -0.0478 0.9864 0.1570
vn -0.0481 0.9876 0.1494
vn -0.0481 0.9877 0.1490
vn -0.9983 0.0568 0.0089
vn -0.9955 0.0878 -0.0358
vn 0.2545 -0.4898 0.8339
vn 0.7004 0.5759 -0.4217
vn -0.9947 -0.0213 -0.1007
vn -0.9946 -0.0213 -0.1011
vn -0.9947 -0.0211 -0.1009
vn -0.0846 -0.7080 -0.7011
vn -0.9955 0.0931 0.0168
vn 0.0001 -0.5213 0.8534
vn 0.0003 -0.5219 0.8530
vn -0.0007 -0.5219 0.8530
vn 0.0004 -0.5210 0.8536
vn 0.0001 -0.5236 0.8520
vn 0.0209 0.6603 0.7507
vn -0.0002 0.6557 0.7550
vn -0.0154 0.6604 0.7508
vn 0.0011 0.6471 0.7624
vn 0.5157 0.3227 0.7937
vn -0.9920 0.1265 0.0038
vn -0.9913 0.1187 0.0570
vn 0.0492 0.8838 0.4654
vn -0.1881 0.6959 0.6931
vn -0.8467 0.3635 -0.3885
vn -0.4242 -0.6836 -0.5939
vn -0.1936 -0.0239 -0.9808
vn 0.0022 0.8926 0.4508
vn 0.6546 0.0143 0.7559
vn 0.9657 -0.0000 -0.2596
vn 0.0095 -0.3765 0.9264
vn 0.0744 -0.0841 0.9937
vn -0.0140 0.0867 0.9961
vn 0.2749 0.4492 0.8501
vn 0.7178 -0.6866 0.1152
vn 0.1343 -0.9462 0.2943
vn 0.0353 -0.9662 0.2555
vn -0.3287 -0.5553 0.7639
vn 0.2043 -0.9209 0.3321
vn 0.0624 -0.7251 0.6858
vn -0.0122 -0.9995 0.0298
vn -0.0121 -0.9995 0.0304
vn -0.0003 0.7565 0.6540
vn 0.1891 0.7442 0.6406
vn -0.0220 0.9617 0.2732
vn -0.0219 0.9357 0.3522
vn -0.0219 0.9373 0.3479
vn -0.0220 0.9629 0.2690
vn 0.0982 0.9068 0.4100
vn 0.0689 0.9399 0.3344
vn -0.2841 0.6910 -0.6647
vn -0.2839 0.6910 -0.6648
vn -0.2844 0.6912 -0.6643
vn 0.3483 -0.1341 0.9278
vn -0.2218 0.3611 0.9058
vn 0.0084 0.3713 0.9285
vn -0.7042 0.0568 0.7078
vn 0.3746 -0.8873 -0.2692
vn 0.0623 -0.7102 0.7012
vn -0.9704 0.1740 -0.1677
vn -0.8216 0.0371 0.5688
vn -0.0608 0.7861 -0.6152
vn -0.3619 0.8854 -0.2918
vn 0.0699 -0.9975 -0.0029
vn -0.0396 -0.6025 0.7971
vn 0.0017 0.9944 0.1055
vn 0.9997 -0.0141 0.0210
vn 0.9999 -0.0041 0.0097
vn -0.9994 -0.0301 -0.0173
vn 0.0532 0.9726 -0.2261
vn 0.0533 0.9727 -0.2257
vn 0.0531 0.9727 -0.2260
vn 0.0532 0.9727 -0.2259
vn 0.0518 0.9732 -0.2240
vn 0.0387 0.9778 -0.2061
vn 0.0528 0.9762 -0.2105
vn -0.2170 0.0021 -0.9762
vn -0.1840 0.7460 0.6400
vn 0.0289 0.9296 0.3674
vn 0.0288 0.9317 0.3621
vn 0.0289 0.9297 0.3671
vn 0.0288 0.9318 0.3618
vn -0.8066 0.3803 -0.4525
vn -0.8145 0.2025 -0.5436
vn -0.8150 0.1841 -0.5495
vn -0.9961 -0.0609 -0.0632
vn -0.9915 0.0284 -0.1266
vn -0.9963 -0.0616 -0.0604
vn -0.9860 -0.0031 -0.1668
vn -0.9141 0.1267 0.3853
vn -0.9197 0.1824 0.3477
vn -0.9092 -0.0632 0.4114
vn 0.0315 0.2645 0.9639
vn -0.9781 -0.1704 0.1193
vn 0.0086 -0.9943 0.1067
vn 0.0040 -0.9937 0.1122
vn -0.0735 -0.9970 0.0223
vn 0.0815 -0.1854 0.9793
vn 0.8633 -0.5037 -0.0320
vn 0.7777 -0.6017 -0.1823
vn 0.8093 -0.5810 -0.0866
vn 0.9061 -0.3254 0.2703
vt 0.891167 0.807970
vt 0.881740 0.815138
vt 0.889764 0.811910
vt 0.241699 0.991211
vt 0.248779 0.992676
vt 0.241699 0.992676
vt 0.204224 0.219238
vt 0.128435 0.206055
vt 0.126831 0.218750
vt 0.336233 0.195062
vt 0.356672 0.169010
vt 0.354284 0.196219
vt 0.309743 0.459869
vt 0.312061 0.378371
vt 0.304285 0.374629
vt 0.329740 0.012653
vt 0.347719 0.006016
vt 0.328396 0.006016
vt 0.677246 0.996097
vt 0.675520 0.998876
vt 0.666349 0.994987
vt 0.552764 0.132242
vt 0.555590 0.132643
vt 0.536580 0.068406
vt 0.004997 0.445145
vt 0.017851 0.458519
vt 0.004997 0.458740
vt 0.532777 0.053079
vt 0.543308 0.050228
vt 0.533856 0.031164
vt 0.542880 0.035585
vt 0.513862 0.114019
vt 0.509766 0.114075
vt 0.509766 0.119324
vt 0.615673 0.305841
vt 0.619096 0.304045
vt 0.619092 0.305987
vt 0.708089 0.130754
vt 0.726556 0.126103
vt 0.708024 0.126342
vt 0.565658 0.029309
vt 0.562222 0.019427
vt 0.558472 0.023502
vt 0.520980 0.291138
vt 0.548932 0.291375
vt 0.546347 0.293789
vt 0.969727 0.892090
vt 0.965466 0.882791
vt 0.969727 0.880371
vt 0.759965 0.188741
vt 0.758301 0.194092
vt 0.761719 0.194702
vt 0.590332 0.218262
vt 0.590789 0.216628
vt 0.589355 0.216797
vt 0.585938 0.215210
vt 0.583053 0.214521
vt 0.583911 0.215288
vt 0.571359 0.235505
vt 0.569233 0.234972
vt 0.768555 0.291260
vt 0.768742 0.294912
vt 0.768555 0.292969
vt 0.553223 0.268066
vt 0.565829 0.264915
vt 0.554213 0.263908
vt 0.819168 0.378239
vt 0.830690 0.373651
vt 0.819911 0.382261
vt 0.554501 0.233547
vt 0.546387 0.230347
vt 0.548249 0.237316
vt 0.545386 0.204504
vt 0.403243 0.025891
vt 0.394792 0.019792
vt 0.406925 0.018200
vt 0.561382 0.213406
vt 0.573922 0.213598
vt 0.548349 0.203212
vt 0.548702 0.174026
vt 0.557129 0.177108
vt 0.572192 0.170751
vt 0.551362 0.156635
vt 0.577021 0.132564
vt 0.589494 0.132002
vt 0.232422 0.215942
vt 0.275635 0.280518
vt 0.232422 0.280518
vt 0.974121 0.856445
vt 0.978830 0.986328
vt 0.990234 0.947349
vt 0.990234 0.986329
vt 0.631348 0.858398
vt 0.631335 0.862785
vt 0.632812 0.858887
vt 0.643555 0.858398
vt 0.643555 0.863770
vt 0.117822 0.203917
vt 0.119446 0.180908
vt 0.101624 0.167725
vt 0.965820 0.835449
vt 0.975098 0.752930
vt 0.975098 0.835449
vt 0.523923 0.302842
vt 0.520594 0.305763
vt 0.833984 0.956735
vt 0.829102 0.952814
vt 0.829102 0.958226
vt 0.581931 0.307861
vt 0.578011 0.293016
vt 0.582031 0.295655
vt 0.823730 0.249146
vt 0.840705 0.267820
vt 0.834961 0.269775
vt 0.014684 0.800624
vt 0.012054 0.809077
vt 0.008764 0.799097
vt 0.715739 0.252535
vt 0.720009 0.248240
vt 0.713868 0.246216
vt 0.776855 0.934572
vt 0.779785 0.937287
vt 0.776855 0.938593
vt 0.738281 0.130862
vt 0.732406 0.059787
vt 0.735352 0.131319
vt 0.734786 0.156497
vt 0.731933 0.049377
vt 0.730717 0.028603
vt 0.722080 0.047699
vt 0.706013 0.180176
vt 0.726597 0.151714
vt 0.708211 0.153030
vt 0.729991 0.016632
vt 0.726562 0.010101
vt 0.718776 0.016094
vt 0.717958 0.010900
vt 0.607910 0.310793
vt 0.607910 0.310059
vt 0.611372 0.310336
vt 0.720990 0.026283
vt 0.702191 0.026845
vt 0.703742 0.049108
vt 0.468750 0.284912
vt 0.473389 0.309326
vt 0.477539 0.284180
vt 0.395020 0.617188
vt 0.394527 0.606726
vt 0.395804 0.609957
vt 0.053925 0.394420
vt 0.054749 0.397354
vt 0.053925 0.397362
vt 0.724055 0.181218
vt 0.705128 0.210566
vt 0.721607 0.211923
vt 0.734854 0.171998
vt 0.724078 0.164112
vt 0.726418 0.176906
vt 0.738153 0.201209
vt 0.735061 0.201268
vt 0.823620 0.439868
vt 0.730312 0.231219
vt 0.738281 0.228027
vt 0.737108 0.235006
vt 0.722825 0.212845
vt 0.721029 0.232232
vt 0.673947 0.987788
vt 0.673821 0.984375
vt 0.674221 0.987305
vt 0.732910 0.265625
vt 0.732620 0.261323
vt 0.724748 0.265573
vt 0.737305 0.269775
vt 0.212769 0.006016
vt 0.117188 0.010628
vt 0.218149 0.012281
vt 0.709625 0.226877
vt 0.456243 0.728363
vt 0.465067 0.734338
vt 0.458079 0.734005
vt 0.978027 0.750000
vt 0.880664 0.743283
vt 0.912109 0.719727
vt 0.538086 0.009926
vt 0.537123 0.017442
vt 0.541016 0.011230
vt 0.546875 0.013557
vt 0.551414 0.014560
vt 0.490478 0.473659
vt 0.480196 0.493291
vt 0.478772 0.478517
vt 0.151611 0.259279
vt 0.148193 0.262207
vt 0.149169 0.258303
vt 0.822597 0.730899
vt 0.813476 0.746097
vt 0.772462 0.706278
vt 0.827148 0.739746
vt 0.820801 0.753384
vt 0.835271 0.699706
vt 0.823242 0.701172
vt 0.839355 0.745117
vt 0.978027 0.715890
vt 0.909668 0.710938
vt 0.866548 0.724340
vt 0.769547 0.703598
vt 0.829565 0.629177
vt 0.036354 0.836550
vt 0.042581 0.845737
vt 0.035557 0.844424
vt 0.898799 0.674187
vt 0.913086 0.670410
vt 0.914551 0.684082
vt 0.873047 0.603027
vt 0.861328 0.606445
vt 0.833984 0.933598
vt 0.829102 0.938180
vt 0.829102 0.933594
vt 0.888577 0.302952
vt 0.865682 0.289778
vt 0.892578 0.290771
vt 0.869629 0.272705
vt 0.842457 0.288203
vt 0.828642 0.360600
vt 0.838867 0.362793
vt 0.749965 0.399658
vt 0.746650 0.406006
vt 0.746568 0.399658
vt 0.978516 0.670898
vt 0.832947 0.458221
vt 0.823275 0.449688
vt 0.228299 0.076799
vt 0.234375 0.077491
vt 0.234375 0.083758
vt 0.702148 0.387207
vt 0.701660 0.384277
vt 0.703745 0.385317
vt 0.702657 0.389882
vt 0.833984 0.933594
vt 0.860517 0.652807
vt 0.846680 0.644531
vt 0.844238 0.610352
vt 0.832246 0.611624
vt 0.417725 0.024789
vt 0.757812 0.018552
vt 0.757812 0.026591
vt 0.836731 0.645884
vt 0.528303 0.946889
vt 0.531738 0.925722
vt 0.532227 0.947244
vt 0.310920 0.606445
vt 0.308350 0.604980
vt 0.307861 0.605957
vt 0.846560 0.725603
vt 0.852051 0.693359
vt 0.187390 0.160810
vt 0.194580 0.168082
vt 0.187306 0.167545
vt 0.029656 0.400590
vt 0.032042 0.414687
vt 0.029681 0.414276
vt 0.116201 0.290295
vt 0.115540 0.297119
vt 0.102783 0.288086
vt 0.429199 0.734863
vt 0.436209 0.733937
vt 0.434838 0.737347
vt 0.230347 0.064410
vt 0.234375 0.070967
vt 0.228400 0.069880
vt 0.029689 0.428352
vt 0.032238 0.442051
vt 0.029661 0.441888
vt 0.333027 0.045806
vt 0.351412 0.046980
vt 0.333504 0.056182
vt 0.979004 0.272949
vt 0.418962 0.170924
vt 0.421143 0.158325
vt 0.420410 0.140625
vt 0.035844 0.234754
vt 0.012831 0.232592
vt 0.035736 0.231812
vt 0.776855 0.938593
vt 0.779785 0.942522
vt 0.779785 0.937306
vt 0.443126 0.630968
vt 0.450145 0.621582
vt 0.449902 0.631036
vt 0.774930 0.968861
vt 0.791992 0.965447
vt 0.787719 0.969125
vt 0.637586 0.875893
vt 0.640639 0.871108
vt 0.644563 0.873389
vt 0.865682 0.289778
vt 0.598572 0.226929
vt 0.600173 0.229891
vt 0.592757 0.228471
vt 0.435547 0.683105
vt 0.438577 0.673340
vt 0.438685 0.682617
vt 0.194702 0.351582
vt 0.211320 0.358336
vt 0.213287 0.354524
vt 0.306196 0.066248
vt 0.311018 0.070090
vt 0.307694 0.063793
vt 0.220942 0.237312
vt 0.252623 0.266895
vt 0.254143 0.270319
vt 0.833984 0.942126
vt 0.835938 0.945793
vt 0.833984 0.945915
vt 0.582314 0.015677
vt 0.686553 0.008058
vt 0.689067 0.018107
vt 0.278818 0.302217
vt 0.280574 0.296885
vt 0.289996 0.306835
vt 0.703121 0.031281
vt 0.719093 0.015407
vt 0.702166 0.019570
vt 0.846664 0.211931
vt 0.877411 0.214334
vt 0.848965 0.214360
vt 0.818384 0.632342
vt 0.823271 0.622081
vt 0.776855 0.943502
vt 0.775391 0.944336
vt 0.775391 0.941427
vt 0.098948 0.599664
vt 0.131758 0.578416
vt 0.144455 0.599298
vt 0.078749 0.283940
vt 0.083651 0.305353
vt 0.069766 0.274021
vt 0.477051 0.242920
vt 0.470072 0.224352
vt 0.458797 0.243164
vt 0.587390 0.525409
vt 0.581123 0.532529
vt 0.575982 0.527110
vt 0.700224 0.353682
vt 0.706531 0.350935
vt 0.706532 0.355666
vt 0.517571 0.053621
vt 0.510742 0.111023
vt 0.510254 0.054278
vt 0.438173 0.728305
vt 0.455596 0.679643
vt 0.847555 0.767444
vt 0.844099 0.768579
vt 0.517802 0.324246
vt 0.589987 0.329850
vt 0.513432 0.329318
vt 0.387100 0.613743
vt 0.396470 0.620605
vt 0.387695 0.622070
vt 0.718543 0.860239
vt 0.745918 0.853105
vt 0.737793 0.867243
vt 0.726510 0.113153
vt 0.708077 0.110735
vt 0.910028 0.221971
vt 0.921387 0.099915
vt 0.979492 0.080200
vt 0.455869 0.626587
vt 0.433244 0.532044
vt 0.426192 0.529368
vt 0.431312 0.526771
vt 0.424072 0.526367
vt 0.234863 0.250977
vt 0.225270 0.251236
vt 0.231866 0.256999
vt 0.988708 0.778271
vt 0.969254 0.705566
vt 0.988760 0.705566
vt 0.028446 0.317706
vt 0.019684 0.321045
vt 0.012260 0.303326
vt 0.005846 0.307683
vt 0.023514 0.323486
vt 0.027466 0.325439
vt 0.033787 0.325651
vt 0.833984 0.939453
vt 0.835938 0.942171
vt 0.459717 0.035143
vt 0.509766 0.064700
vt 0.509766 0.035206
vt 0.805088 0.469482
vt 0.800781 0.468506
vt 0.804688 0.468506
vt 0.274902 0.899059
vt 0.278809 0.910075
vt 0.274902 0.910173
vt 0.043355 0.320288
vt 0.065202 0.300606
vt 0.067635 0.316724
vt 0.010447 0.404990
vt 0.010620 0.404174
vt 0.012527 0.405020
vt 0.074829 0.231812
vt 0.059235 0.231835
vt 0.074829 0.237038
vt 0.058685 0.337646
vt 0.060730 0.334717
vt 0.061466 0.338939
vt 0.556378 0.993389
vt 0.556204 0.998125
vt 0.556641 0.994629
vt 0.816406 0.847656
vt 0.817383 0.843750
vt 0.822266 0.847656
vt 0.303179 0.311956
vt 0.323503 0.303326
vt 0.307376 0.317706
vt 0.626528 0.259033
vt 0.626465 0.265464
vt 0.629880 0.266538
vt 0.032228 0.387191
vt 0.032257 0.400476
vt 0.029685 0.400619
vt 0.164062 0.849609
vt 0.172241 0.836914
vt 0.174194 0.846191
vt 0.444795 0.285392
vt 0.440186 0.285400
vt 0.440186 0.292236
vt 0.538574 0.144409
vt 0.493652 0.092285
vt 0.544922 0.141724
vt 0.973633 0.913610
vt 0.963873 0.961791
vt 0.963886 0.913574
vt 0.667283 0.240283
vt 0.660156 0.258545
vt 0.678654 0.259032
vt 0.644550 0.974627
vt 0.656727 0.977741
vt 0.655550 0.965651
vt 0.004997 0.271484
vt 0.020569 0.266402
vt 0.005001 0.266389
vt 0.053589 0.808105
vt 0.048367 0.799469
vt 0.053589 0.798828
vt 0.774902 0.123840
vt 0.835989 0.037728
vt 0.758193 0.120038
vt 0.698730 0.397705
vt 0.701172 0.402832
vt 0.699707 0.403320
vt 0.277100 0.337646
vt 0.274284 0.338939
vt 0.275146 0.334717
vt 0.815918 0.950597
vt 0.826074 0.955202
vt 0.818942 0.955168
vt 0.857928 0.024177
vt 0.863281 0.065063
vt 0.875977 0.065125
vt 0.965332 0.859375
vt 0.929199 0.859863
vt 0.930664 0.781738
vt 0.774844 0.975320
vt 0.787708 0.975301
vt 0.791992 0.981421
vt 0.599609 0.419678
vt 0.602084 0.424310
vt 0.602051 0.419189
vt 0.004997 0.680664
vt 0.009298 0.681641
vt 0.009165 0.680664
vt 0.288564 0.270274
vt 0.281808 0.272813
vt 0.280277 0.264663
vt 0.978542 0.922370
vt 0.990234 0.948717
vt 0.983875 0.948733
vt 0.082421 0.267604
vt 0.114850 0.237312
vt 0.081611 0.270319
vt 0.223392 0.235178
vt 0.209839 0.231812
vt 0.978027 0.684570
vt 0.033536 0.877245
vt 0.018631 0.890625
vt 0.018489 0.877328
vt 0.047250 0.270274
vt 0.055478 0.264663
vt 0.053952 0.272813
vt 0.883590 0.820339
vt 0.880371 0.825195
vt 0.880371 0.816895
vt 0.217529 0.934570
vt 0.239414 0.932964
vt 0.236450 0.934570
vt 0.329942 0.307683
vt 0.316162 0.321045
vt 0.312256 0.323486
vt 0.308350 0.325439
vt 0.301948 0.325651
vt 0.282735 0.294681
vt 0.287842 0.298828
vt 0.255769 0.297046
vt 0.217882 0.021821
vt 0.329241 0.031367
vt 0.334905 0.021682
vt 0.284912 0.304199
vt 0.265025 0.324915
vt 0.447510 0.589355
vt 0.450928 0.586426
vt 0.449951 0.596191
vt 0.259744 0.331752
vt 0.255348 0.329391
vt 0.240380 0.313234
vt 0.238790 0.316103
vt 0.516212 0.091821
vt 0.517578 0.092529
vt 0.514648 0.092834
vt 0.176060 0.298285
vt 0.282227 0.146240
vt 0.323975 0.093262
vt 0.330566 0.095703
vt 0.893136 0.882831
vt 0.894039 0.881840
vt 0.895007 0.882800
vt 0.157374 0.309896
vt 0.149719 0.315150
vt 0.145996 0.314662
vt 0.142944 0.310059
vt 0.146003 0.300527
vt 0.146547 0.309342
vt 0.149445 0.301616
vt 0.226849 0.174542
vt 0.224641 0.171020
vt 0.219124 0.172735
vt 0.148188 0.295411
vt 0.143066 0.297363
vt 0.148434 0.299743
vt 0.149181 0.301393
vt 0.146819 0.299361
vt 0.606967 0.243254
vt 0.606616 0.246939
vt 0.598918 0.248123
vt 0.686476 0.072155
vt 0.678714 0.132913
vt 0.682731 0.132569
vt 0.846191 0.186890
vt 0.824739 0.162004
vt 0.851595 0.167228
vt 0.125854 0.231812
vt 0.049759 0.395249
vt 0.048872 0.400892
vt 0.046150 0.400244
vt 0.702243 0.429967
vt 0.727051 0.431228
vt 0.703195 0.426016
vt 0.707033 0.088745
vt 0.417556 0.640677
vt 0.418774 0.653048
vt 0.415631 0.644344
vt 0.416260 0.651367
vt 0.415039 0.651855
vt 0.391060 0.640627
vt 0.393046 0.644559
vt 0.390060 0.653044
vt 0.392577 0.651464
vt 0.355071 0.452532
vt 0.345215 0.310319
vt 0.355305 0.310314
vt 0.776855 0.945918
vt 0.779785 0.942541
vt 0.779785 0.950668
vt 0.004997 0.404430
vt 0.007365 0.390529
vt 0.004997 0.390711
vt 0.875000 0.793457
vt 0.868652 0.803223
vt 0.858398 0.806641
vt 0.411789 0.602580
vt 0.413639 0.592185
vt 0.414171 0.607668
vt 0.505582 0.014497
vt 0.516619 0.006016
vt 0.628906 0.006016
vt 0.818075 0.440134
vt 0.817871 0.446045
vt 0.008198 0.380028
vt 0.010582 0.380033
vt 0.009916 0.380002
vt 0.888153 0.889946
vt 0.896542 0.889042
vt 0.896484 0.892547
vt 0.190918 0.824707
vt 0.170654 0.824707
vt 0.120793 0.252242
vt 0.128118 0.241722
vt 0.130298 0.242877
vt 0.768555 0.186646
vt 0.771234 0.178828
vt 0.769045 0.186749
vt 0.029673 0.428213
vt 0.032235 0.441450
vt 0.029639 0.441441
vt 0.193907 0.143415
vt 0.058533 0.129761
vt 0.194946 0.129761
vt 0.715820 0.523926
vt 0.682617 0.520020
vt 0.720371 0.527792
vt 0.979004 0.303955
vt 0.979004 0.290771
vt 0.022805 0.769627
vt 0.005001 0.784668
vt 0.004997 0.769531
vt 0.018496 0.391100
vt 0.015067 0.404715
vt 0.018490 0.403948
vt 0.893066 0.579102
vt 0.894543 0.580435
vt 0.891113 0.579102
vt 0.160243 0.304951
vt 0.086216 0.314655
vt 0.037551 0.475875
vt 0.035537 0.473197
vt 0.038877 0.469673
vt 0.969256 0.696398
vt 0.988694 0.681641
vt 0.988752 0.695654
vt 0.504295 0.515625
vt 0.501323 0.527493
vt 0.590645 0.246932
vt 0.590931 0.244095
vt 0.789075 0.395746
vt 0.789062 0.390381
vt 0.791992 0.394531
vt 0.817871 0.806152
vt 0.815430 0.808594
vt 0.367190 0.183465
vt 0.415107 0.114033
vt 0.415771 0.052931
vt 0.419572 0.112683
vt 0.578116 0.327138
vt 0.579590 0.322754
vt 0.579590 0.325928
vt 0.012429 0.405124
vt 0.508301 0.743048
vt 0.474267 0.733698
vt 0.522631 0.737557
vt 0.455834 0.310493
vt 0.458241 0.304364
vt 0.054749 0.402588
vt 0.053925 0.400281
vt 0.054749 0.400279
vt 0.336557 0.611991
vt 0.337882 0.623750
vt 0.326317 0.622488
vt 0.779785 0.957050
vt 0.776855 0.954989
vt 0.578144 0.359413
vt 0.651331 0.374140
vt 0.578146 0.374068
vt 0.903032 0.874512
vt 0.914295 0.873845
vt 0.903782 0.877121
vt 0.440186 0.326660
vt 0.443359 0.326687
vt 0.440186 0.313563
vt 0.881473 0.872168
vt 0.881764 0.876320
vt 0.870501 0.872698
vt 0.397419 0.252667
vt 0.388916 0.252686
vt 0.384766 0.256348
vt 0.134777 0.897949
vt 0.132758 0.903320
vt 0.137293 0.905143
vt 0.299020 0.324550
vt 0.017776 0.444838
vt 0.018494 0.431824
vt 0.017776 0.431591
vt 0.018539 0.836752
vt 0.012270 0.845718
vt 0.005020 0.837912
vt 0.422532 0.067660
vt 0.409548 0.070676
vt 0.420362 0.062138
vt 0.355434 0.485255
vt 0.337309 0.458757
vt 0.353413 0.459074
vt 0.485107 0.699707
vt 0.507324 0.687500
vt 0.720215 0.414062
vt 0.763672 0.402344
vt 0.763672 0.403564
vt 0.042415 0.810153
vt 0.036319 0.802976
vt 0.199949 0.126865
vt 0.186077 0.142582
vt 0.186034 0.127642
vt 0.887207 0.810547
vt 0.897949 0.810059
vt 0.892578 0.822754
vt 0.884716 0.810646
vt 0.900425 0.811138
vt 0.884650 0.832289
vt 0.900993 0.832664
vt 0.885819 0.834331
vt 0.898992 0.833637
vt 0.567029 0.008077
vt 0.567871 0.002499
vt 0.576172 0.002499
vt 0.685941 0.077770
vt 0.688774 0.061551
vt 0.689072 0.076373
vt 0.898848 0.939580
vt 0.900431 0.897371
vt 0.050109 0.401194
vt 0.053925 0.397424
vt 0.053925 0.403275
vt 0.208117 0.274254
vt 0.221756 0.270577
vt 0.216352 0.265693
vt 0.340975 0.660645
vt 0.340061 0.679179
vt 0.334593 0.660645
vt 0.884277 0.858893
vt 0.901859 0.846660
vt 0.902137 0.859566
vt 0.204103 0.284805
vt 0.191156 0.281171
vt 0.346680 0.618983
vt 0.346680 0.614689
vt 0.348633 0.614746
vt 0.679507 0.064535
vt 0.628175 0.036398
vt 0.627735 0.065163
vt 0.700353 0.363446
vt 0.706401 0.363455
vt 0.189278 0.440342
vt 0.156969 0.314994
vt 0.014286 0.244884
vt 0.406191 0.610787
vt 0.419341 0.643802
vt 0.400638 0.616974
vt 0.444007 0.582894
vt 0.462232 0.577246
vt 0.449781 0.593239
vt 0.312500 0.723633
vt 0.308350 0.738770
vt 0.311523 0.724121
vt 0.352070 0.935679
vt 0.349729 0.941112
vt 0.345681 0.924266
vt 0.571957 0.372774
vt 0.509177 0.335504
vt 0.595715 0.334967
vt 0.044720 0.434202
vt 0.050942 0.429597
vt 0.050747 0.434214
vt 0.053925 0.389648
vt 0.054749 0.391489
vt 0.053925 0.391507
vt 0.058301 0.625928
vt 0.029954 0.625928
vt 0.053151 0.617010
vt 0.779785 0.934570
vt 0.360596 0.820312
vt 0.391856 0.775474
vt 0.381836 0.830566
vt 0.619645 0.180065
vt 0.626465 0.191650
vt 0.663086 0.203369
vt 0.588379 0.887207
vt 0.602051 0.879804
vt 0.602051 0.887207
vt 0.451622 0.166041
vt 0.451705 0.145992
vt 0.458698 0.166023
vt 0.187390 0.160811
vt 0.194580 0.168082
vt 0.187305 0.167545
vt 0.727472 0.255545
vt 0.726955 0.248089
vt 0.719995 0.253435
vt 0.749512 0.046108
vt 0.760494 0.053641
vt 0.749550 0.055362
vt 0.458686 0.054415
vt 0.452156 0.033228
vt 0.458984 0.033050
vt 0.516592 0.058963
vt 0.516596 0.070925
vt 0.325041 0.660580
vt 0.307683 0.653480
vt 0.306296 0.668760
vt 0.035522 0.686523
vt 0.031677 0.716797
vt 0.031494 0.710449
vt 0.468622 0.529631
vt 0.461496 0.532070
vt 0.463446 0.526699
vt 0.351746 0.059433
vt 0.319213 0.065125
vt 0.319028 0.059448
vt 0.583215 0.668870
vt 0.542158 0.664032
vt 0.571907 0.663970
vt 0.604452 0.228433
vt 0.586914 0.238816
vt 0.588370 0.232801
vt 0.589831 0.237383
vt 0.610352 0.238644
vt 0.598659 0.250488
vt 0.004997 0.431677
vt 0.598633 0.238770
vt 0.467947 0.252492
vt 0.726075 0.439693
vt 0.128311 0.198975
vt 0.608837 0.232758
vt 0.648982 0.927457
vt 0.663086 0.922852
vt 0.652832 0.929688
vt 0.879883 0.022882
vt 0.687798 0.024796
vt 0.397267 0.594530
vt 0.394572 0.592026
vt 0.209839 0.825195
vt 0.210079 0.851096
vt 0.208931 0.819758
vt 0.053467 0.369873
vt 0.047913 0.364258
vt 0.053467 0.364258
vt 0.115483 0.251719
vt 0.117025 0.249241
vt 0.054016 0.363525
vt 0.047913 0.353271
vt 0.056396 0.351611
vt 0.789062 0.009926
vt 0.793738 0.011047
vt 0.789062 0.011047
vt 0.194705 0.254637
vt 0.199097 0.256104
vt 0.195512 0.250344
vt 0.701204 0.581914
vt 0.751462 0.516117
vt 0.792322 0.559926
vt 0.700254 0.339039
vt 0.706531 0.350935
vt 0.700256 0.312005
vt 0.707029 0.325860
vt 0.700204 0.324983
vt 0.029668 0.375356
vt 0.032232 0.362481
vt 0.032240 0.375735
vt 0.296139 0.370604
vt 0.214135 0.368408
vt 0.193379 0.265582
vt 0.184729 0.268966
vt 0.685547 0.191162
vt 0.685524 0.176392
vt 0.682816 0.208009
vt 0.007889 0.061646
vt 0.043712 0.129252
vt 0.040588 0.131104
vt 0.270946 0.820314
vt 0.266596 0.825684
vt 0.266135 0.820255
vt 0.037553 0.475872
vt 0.038843 0.469686
vt 0.039210 0.472649
vt 0.902687 0.791049
vt 0.903021 0.784088
vt 0.904785 0.791992
vt 0.050942 0.429544
vt 0.947754 0.930664
vt 0.951559 0.882791
vt 0.952148 0.931152
vt 0.045046 0.242075
vt 0.035744 0.244813
vt 0.369878 0.579590
vt 0.368337 0.578174
vt 0.371338 0.578375
vt 0.235352 0.083667
vt 0.234375 0.081598
vt 0.235352 0.079692
vt 0.529606 0.937236
vt 0.609375 0.974609
vt 0.408936 0.974609
vt 0.527832 0.868164
vt 0.526406 0.867638
vt 0.534554 0.868738
vt 0.504883 0.868164
vt 0.498490 0.868739
vt 0.505848 0.867654
vt 0.777259 0.858979
vt 0.799521 0.861792
vt 0.803415 0.879603
vt 0.504883 0.833984
vt 0.506313 0.834975
vt 0.501615 0.833598
vt 0.527832 0.833984
vt 0.530527 0.833547
vt 0.526376 0.834966
vt 0.607910 0.306824
vt 0.611383 0.304792
vt 0.611384 0.306578
vt 0.385509 0.051390
vt 0.396355 0.057961
vt 0.396287 0.048159
vt 0.508621 0.225267
vt 0.510246 0.243652
vt 0.500175 0.243559
vt 0.153819 0.207239
vt 0.171036 0.167331
vt 0.172638 0.211427
vt 0.596191 0.661621
vt 0.588867 0.673828
vt 0.350840 0.031509
vt 0.457041 0.454297
vt 0.497593 0.420133
vt 0.510185 0.431933
vt 0.018323 0.458740
vt 0.414376 0.159345
vt 0.398596 0.152630
vt 0.397964 0.158273
vt 0.690437 0.259758
vt 0.698235 0.251716
vt 0.698238 0.259762
vt 0.046658 0.473644
vt 0.043658 0.468737
vt 0.049711 0.473264
vt 0.989712 0.915039
vt 0.989736 0.957936
vt 0.970224 0.957817
vt 0.012659 0.380022
vt 0.010618 0.390913
vt 0.012168 0.390386
vt 0.444133 0.656697
vt 0.451309 0.645570
vt 0.441928 0.645770
vt 0.541037 0.606351
vt 0.523364 0.599790
vt 0.548840 0.581499
vt 0.518153 0.191366
vt 0.490924 0.224531
vt 0.386386 0.064375
vt 0.468498 0.255172
vt 0.503418 0.252659
vt 0.503906 0.260972
vt 0.833984 0.963886
vt 0.829102 0.963860
vt 0.848633 0.166016
vt 0.854980 0.167969
vt 0.018661 0.823730
vt 0.053925 0.406738
vt 0.054749 0.404644
vt 0.054749 0.406738
vt 0.380222 0.944618
vt 0.367342 0.934439
vt 0.385242 0.940911
vt 0.044481 0.396740
vt 0.045762 0.394969
vt 0.048489 0.394501
vt 0.848145 0.011047
vt 0.848145 0.009926
vt 0.838379 0.011047
vt 0.343639 0.621542
vt 0.350879 0.612072
vt 0.336557 0.611991
vt 0.427002 0.280518
vt 0.433594 0.201416
vt 0.433594 0.280518
vt 0.300293 0.838867
vt 0.243530 0.867676
vt 0.243530 0.838867
vt 0.019638 0.054901
vt 0.059587 0.143415
vt 0.009443 0.054497
vt 0.058624 0.146851
vt 0.004997 0.050720
vt 0.005264 0.025101
vt 0.011379 0.023828
vt 0.098663 0.018700
vt 0.098450 0.004997
vt 0.111084 0.014778
vt 0.522254 0.096158
vt 0.523203 0.093844
vt 0.523511 0.096757
vt 0.103562 0.058083
vt 0.095459 0.026199
vt 0.107863 0.053401
vt 0.187012 0.265381
vt 0.191899 0.262944
vt 0.189572 0.263674
vt 0.035269 0.812208
vt 0.029833 0.803899
vt 0.882776 0.784126
vt 0.883549 0.790561
vt 0.881348 0.791992
vt 0.609427 0.901478
vt 0.623535 0.970703
vt 0.616526 0.981047
vt 0.154863 0.018700
vt 0.157959 0.026199
vt 0.145594 0.053401
vt 0.149925 0.058083
vt 0.242151 0.023828
vt 0.248291 0.025101
vt 0.244084 0.054497
vt 0.248535 0.050720
vt 0.209808 0.129252
vt 0.233887 0.054901
vt 0.212891 0.131104
vt 0.194824 0.146851
vt 0.381348 0.169800
vt 0.382568 0.188965
vt 0.373535 0.187744
vt 0.653237 0.864097
vt 0.643555 0.958328
vt 0.471191 0.416992
vt 0.487793 0.539062
vt 0.471191 0.539551
vt 0.902146 0.820183
vt 0.882632 0.806781
vt 0.903702 0.806302
vt 0.004997 0.417856
vt 0.018482 0.406494
vt 0.018447 0.418001
vt 0.466064 0.325439
vt 0.464846 0.442170
vt 0.453857 0.322266
vt 0.345458 0.512207
vt 0.354388 0.485725
vt 0.375961 0.460449
vt 0.355181 0.460449
vt 0.457764 0.485352
vt 0.345459 0.512207
vt 0.457764 0.512207
vt 0.923823 0.906259
vt 0.906260 0.921875
vt 0.906436 0.906744
vt 0.892931 0.858887
vt 0.023740 0.803434
vt 0.024230 0.812387
vt 0.048630 0.400154
vt 0.046721 0.400643
vt 0.395752 0.236510
vt 0.394753 0.243870
vt 0.388447 0.244500
vt 0.063232 0.278320
vt 0.076797 0.311685
vt 0.052595 0.288594
vt 0.456494 0.308889
vt 0.464205 0.310818
vt 0.470459 0.317627
vt 0.137495 0.895544
vt 0.464820 0.442145
vt 0.375016 0.310166
vt 0.464082 0.311173
vt 0.889792 0.914454
vt 0.894649 0.909293
vt 0.894092 0.914551
vt 0.707025 0.299066
vt 0.700311 0.285458
vt 0.707029 0.286566
vt 0.875566 0.099182
vt 0.882211 0.438965
vt 0.882324 0.099182
vt 0.964844 0.931152
vt 0.969727 0.940918
vt 0.964844 0.940430
vt 0.472412 0.323730
vt 0.345215 0.271240
vt 0.354470 0.058502
vt 0.387667 0.058640
vt 0.354500 0.059418
vt 0.871128 0.805117
vt 0.875488 0.773926
vt 0.878418 0.774414
vt 0.457764 0.460449
vt 0.345459 0.485352
vt 0.300901 0.363963
vt 0.403043 0.110358
vt 0.806910 0.413086
vt 0.806641 0.412842
vt 0.799805 0.413086
vt 0.391326 0.028151
vt 0.600479 0.577386
vt 0.597168 0.563965
vt 0.607910 0.572754
vt 0.396724 0.013786
vt 0.410181 0.016291
vt 0.089916 0.921888
vt 0.106705 0.922213
vt 0.095729 0.916753
vt 0.424584 0.033097
vt 0.425293 0.028519
vt 0.429932 0.038757
vt 0.419027 0.034534
vt 0.418936 0.021575
vt 0.412202 0.033323
vt 0.197388 0.261475
vt 0.195071 0.257322
vt 0.193728 0.260257
vt 0.558785 0.251250
vt 0.426264 0.114672
vt 0.422852 0.114441
vt 0.389026 0.829224
vt 0.348470 0.823314
vt 0.387721 0.823123
vt 0.398653 0.035960
vt 0.415781 0.140875
vt 0.403625 0.116106
vt 0.401641 0.148435
vt 0.015474 0.426475
vt 0.046108 0.382364
vt 0.039987 0.441125
vt 0.392369 0.139897
vt 0.391107 0.160149
vt 0.400412 0.173680
vt 0.388683 0.187737
vt 0.837376 0.252695
vt 0.859904 0.250646
vt 0.839355 0.224854
vt 0.400810 0.198875
vt 0.414650 0.197998
vt 0.392637 0.217771
vt 0.385932 0.221817
vt 0.384766 0.214844
vt 0.174316 0.856934
vt 0.187256 0.846191
vt 0.187134 0.856934
vt 0.389908 0.248773
vt 0.623535 0.311938
vt 0.619087 0.311700
vt 0.623535 0.310973
vt 0.721822 0.263604
vt 0.775391 0.938702
vt 0.776855 0.939926
vt 0.774952 0.350932
vt 0.764620 0.343375
vt 0.766013 0.347126
vt 0.400716 0.220638
vt 0.408686 0.222881
vt 0.423954 0.198682
vt 0.424805 0.202759
vt 0.422865 0.202503
vt 0.429643 0.203939
vt 0.428896 0.206081
vt 0.513853 0.577301
vt 0.517090 0.563965
vt 0.520199 0.570841
vt 0.432129 0.185547
vt 0.422363 0.174072
vt 0.389648 0.761230
vt 0.395264 0.764160
vt 0.392822 0.764160
vt 0.499268 0.474365
vt 0.503777 0.477092
vt 0.502930 0.472656
vt 0.509884 0.465854
vt 0.004997 0.204420
vt 0.520832 0.464119
vt 0.946776 0.779288
vt 0.937951 0.784781
vt 0.937012 0.781738
vt 0.356188 0.108846
vt 0.337187 0.145218
vt 0.336983 0.106984
vt 0.602594 0.518596
vt 0.589124 0.520126
vt 0.577032 0.514964
vt 0.035253 0.812215
vt 0.029837 0.803896
vt 0.036341 0.802966
vt 0.524414 0.430176
vt 0.528809 0.433594
vt 0.520020 0.457764
vt 0.391617 0.059115
vt 0.353534 0.064553
vt 0.351986 0.059219
vt 0.734375 0.006016
vt 0.634027 0.013438
vt 0.638672 0.006016
vt 0.515137 0.461670
vt 0.334123 0.389001
vt 0.321289 0.395015
vt 0.321289 0.389944
vt 0.824297 0.126966
vt 0.834355 0.140192
vt 0.824377 0.169220
vt 0.517566 0.033258
vt 0.606441 0.270756
vt 0.615524 0.271055
vt 0.607029 0.272569
vt 0.361095 0.048036
vt 0.359478 0.027984
vt 0.359135 0.019761
vt 0.349032 0.017910
vt 0.359122 0.015548
vt 0.348395 0.014711
vt 0.330942 0.016993
vt 0.331178 0.020361
vt 0.615772 0.275737
vt 0.611386 0.278721
vt 0.651360 0.359178
vt 0.578176 0.344698
vt 0.651342 0.344553
vt 0.547411 0.993260
vt 0.554984 0.994440
vt 0.978027 0.932226
vt 0.969727 0.949707
vt 0.969716 0.916023
vt 0.364711 0.135623
vt 0.365263 0.155721
vt 0.356449 0.143736
vt 0.348433 0.217434
vt 0.341849 0.209639
vt 0.406685 0.248181
vt 0.403131 0.241482
vt 0.516113 0.111633
vt 0.517090 0.111816
vt 0.369873 0.251953
vt 0.357643 0.248199
vt 0.365234 0.248413
vt 0.365465 0.243024
vt 0.369385 0.188232
vt 0.363727 0.213702
vt 0.970215 0.893575
vt 0.979976 0.812500
vt 0.979504 0.893566
vt 0.403043 0.110358
vt 0.020767 0.681641
vt 0.650879 0.930176
vt 0.881027 0.810406
vt 0.890141 0.810063
vt 0.768922 0.839284
vt 0.748862 0.833894
vt 0.768680 0.836153
vt 0.155049 0.925407
vt 0.150879 0.925781
vt 0.149048 0.931152
vt 0.522461 0.093323
vt 0.518070 0.094017
vt 0.518066 0.092651
vt 0.406908 0.051898
vt 0.392325 0.114135
vt 0.735319 0.142581
vt 0.728027 0.372314
vt 0.700256 0.380585
vt 0.458252 0.194336
vt 0.460957 0.226542
vt 0.429643 0.203939
vt 0.768786 0.287854
vt 0.774024 0.292750
vt 0.546349 0.302423
vt 0.548653 0.305757
vt 0.533097 0.898727
vt 0.602539 0.908691
vt 0.536133 0.906250
vt 0.775392 0.294678
vt 0.775310 0.292685
vt 0.053925 0.396225
vt 0.053925 0.403232
vt 0.029648 0.428351
vt 0.029701 0.414282
vt 0.032234 0.428472
vt 0.572690 0.534116
vt 0.462119 0.272233
vt 0.503697 0.477098
vt 0.029668 0.455458
vt 0.032236 0.441435
vt 0.032257 0.455153
vt 0.979004 0.233766
vt 0.895403 0.235496
vt 0.029714 0.883789
vt 0.069381 0.867676
vt 0.070259 0.883789
vt 0.602063 0.512834
vt 0.577824 0.424807
vt 0.732410 0.259177
vt 0.729004 0.249878
vt 0.195312 0.002499
vt 0.020370 0.010706
vt 0.020370 0.002499
vt 0.166343 0.311669
vt 0.179932 0.278320
vt 0.190623 0.288697
vt 0.818404 0.849654
vt 0.809082 0.809082
vt 0.813965 0.808594
vt 0.520572 0.464461
vt 0.868652 0.079346
vt 0.873544 0.085435
vt 0.871576 0.085439
vt 0.386230 0.192383
vt 0.004997 0.377124
vt 0.007487 0.380024
vt 0.731480 0.058634
vt 0.731455 0.047151
vt 0.722233 0.046380
vt 0.729728 0.025565
vt 0.279993 0.840336
vt 0.269775 0.849121
vt 0.729008 0.016602
vt 0.728507 0.011902
vt 0.718698 0.011977
vt 0.701806 0.016183
vt 0.704611 0.045867
vt 0.721445 0.029975
vt 0.228216 0.277919
vt 0.233942 0.269198
vt 0.395506 0.618654
vt 0.733889 0.165645
vt 0.733387 0.198319
vt 0.009827 0.390492
vt 0.007758 0.404889
vt 0.009912 0.404722
vt 0.859904 0.250646
vt 0.837376 0.252695
vt 0.730413 0.229592
vt 0.152481 0.906255
vt 0.148258 0.900056
vt 0.716537 0.234091
vt 0.572754 0.420166
vt 0.541016 0.424561
vt 0.540039 0.420166
vt 0.731934 0.264893
vt 0.735840 0.268555
vt 0.234375 0.069879
vt 0.235352 0.072399
vt 0.234375 0.073148
vt 0.715164 0.248640
vt 0.012022 0.656250
vt 0.015585 0.634102
vt 0.020061 0.656250
vt 0.029511 0.362618
vt 0.032003 0.372238
vt 0.032606 0.418213
vt 0.842130 0.277370
vt 0.836914 0.287598
vt 0.836426 0.278076
vt 0.902878 0.832395
vt 0.905273 0.825195
vt 0.015327 0.380101
vt 0.004997 0.363981
vt 0.018452 0.364059
vt 0.710032 0.226500
vt 0.440430 0.104858
vt 0.432373 0.169189
vt 0.433838 0.105896
vt 0.060560 0.153637
vt 0.087066 0.153420
vt 0.072095 0.165824
vt 0.454108 0.631320
vt 0.521971 0.094734
vt 0.517468 0.096712
vt 0.518070 0.094006
vt 0.620108 0.203247
vt 0.615663 0.307742
vt 0.353027 0.741211
vt 0.349609 0.715820
vt 0.352051 0.714844
vt 0.525215 0.096426
vt 0.523329 0.096846
vt 0.525879 0.094910
vt 0.451673 0.115972
vt 0.452664 0.145626
vt 0.455088 0.113587
vt 0.189453 0.237671
vt 0.187133 0.250263
vt 0.189941 0.245803
vt 0.451660 0.115967
vt 0.452637 0.116394
vt 0.455016 0.113587
vt 0.626465 0.011584
vt 0.678985 0.035918
vt 0.679199 0.015671
vt 0.452647 0.024083
vt 0.459229 0.020935
vt 0.453048 0.018100
vt 0.749849 0.033437
vt 0.760238 0.046670
vt 0.517089 0.023619
vt 0.517098 0.019230
vt 0.510742 0.016681
vt 0.474365 0.110596
vt 0.458740 0.113872
vt 0.474365 0.113953
vt 0.532715 0.679199
vt 0.531156 0.669292
vt 0.513718 0.114015
vt 0.513672 0.114014
vt 0.509766 0.110596
vt 0.495361 0.110718
vt 0.643078 0.870129
vt 0.803723 0.209579
vt 0.818359 0.237671
vt 0.824241 0.237044
vt 0.991211 0.843750
vt 0.993164 0.876953
vt 0.929199 0.805664
vt 0.243530 0.783203
vt 0.517578 0.097558
vt 0.517441 0.094928
vt 0.760258 0.031613
vt 0.750977 0.029236
vt 0.796219 0.406633
vt 0.810547 0.412109
vt 0.783458 0.411865
vt 0.503418 0.260471
vt 0.465332 0.260444
vt 0.825195 0.458496
vt 0.825195 0.612305
vt 0.900125 0.804748
vt 0.885903 0.804791
vt 0.241574 0.691462
vt 0.248047 0.693848
vt 0.228927 0.715796
vt 0.508772 0.257007
vt 0.506036 0.250621
vt 0.487793 0.556152
vt 0.550781 0.539551
vt 0.550781 0.556152
vt 0.498291 0.931152
vt 0.521251 0.936057
vt 0.496699 0.936057
vt 0.353282 0.712611
vt 0.355602 0.709988
vt 0.356205 0.715800
vt 0.376909 0.585255
vt 0.377685 0.619105
vt 0.372607 0.576625
vt 0.623535 0.308285
vt 0.619090 0.307880
vt 0.623535 0.307020
vt 0.055084 0.586426
vt 0.033051 0.601562
vt 0.031235 0.581055
vt 0.450199 0.621088
vt 0.446506 0.610877
vt 0.442731 0.621118
vt 0.407837 0.062623
vt 0.407041 0.064605
vt 0.407257 0.060868
vt 0.712437 0.890583
vt 0.716359 0.912549
vt 0.711484 0.912942
vt 0.685533 0.019149
vt 0.685127 0.012687
vt 0.621095 0.017868
vt 0.621081 0.013055
vt 0.621591 0.033539
vt 0.032184 0.455189
vt 0.029650 0.455462
vt 0.618652 0.130615
vt 0.622505 0.133058
vt 0.620117 0.130493
vt 0.625977 0.133179
vt 0.625977 0.129272
vt 0.622559 0.133057
vt 0.791992 0.889838
vt 0.764648 0.902299
vt 0.764198 0.889439
vt 0.517540 0.145995
vt 0.517570 0.166176
vt 0.510374 0.166979
vt 0.602051 0.849587
vt 0.588379 0.850850
vt 0.588379 0.842776
vt 0.686035 0.212891
vt 0.682662 0.208008
vt 0.685059 0.212769
vt 0.810809 0.457748
vt 0.809241 0.463337
vt 0.804218 0.465204
vt 0.517923 0.191880
vt 0.507823 0.224824
vt 0.349500 0.635552
vt 0.361156 0.636618
vt 0.351057 0.646912
vt 0.039786 0.868144
vt 0.047005 0.876443
vt 0.760742 0.009927
vt 0.774890 0.066742
vt 0.767090 0.087830
vt 0.769043 0.087341
vt 0.663086 0.129395
vt 0.663086 0.133057
vt 0.815430 0.301977
vt 0.819671 0.298829
vt 0.819441 0.300178
vt 0.813740 0.458992
vt 0.879625 0.010706
vt 0.488594 0.937236
vt 0.481689 0.906250
vt 0.489280 0.928018
vt 0.590083 0.631007
vt 0.582520 0.656738
vt 0.494629 0.926270
vt 0.485150 0.898727
vt 0.359246 0.232069
vt 0.346517 0.232090
vt 0.394531 0.970703
vt 0.408655 0.901478
vt 0.401779 0.981047
vt 0.952148 0.939941
vt 0.399658 0.984375
vt 0.311905 0.858870
vt 0.312005 0.752632
vt 0.313721 0.754883
vt 0.896541 0.889035
vt 0.888150 0.889939
vt 0.896484 0.892547
vt 0.609863 0.890137
vt 0.523438 0.926270
vt 0.528888 0.928018
vt 0.519531 0.931152
vt 0.888276 0.916794
vt 0.895420 0.916792
vt 0.566895 0.785645
vt 0.566189 0.829380
vt 0.562988 0.789062
vt 0.969727 0.817987
vt 0.050415 0.406732
vt 0.032237 0.350098
vt 0.029671 0.362592
vt 0.029668 0.350098
vt 0.942005 0.789365
vt 0.970703 0.779287
vt 0.975475 0.789365
vt 0.450439 0.635254
vt 0.442627 0.635254
vt 0.689941 0.448665
vt 0.724121 0.458656
vt 0.678564 0.455289
vt 0.095764 0.925781
vt 0.093689 0.926270
vt 0.746582 0.873009
vt 0.737305 0.877663
vt 0.029648 0.441747
vt 0.734375 0.892578
vt 0.601388 0.886411
vt 0.743746 0.869018
vt 0.793608 0.009926
vt 0.805664 0.011047
vt 0.042281 0.471473
vt 0.906258 0.939095
vt 0.924297 0.921875
vt 0.924309 0.942281
vt 0.431885 0.285156
vt 0.431885 0.395996
vt 0.388428 0.395996
vt 0.378823 0.451162
vt 0.381004 0.484253
vt 0.716309 0.636719
vt 0.682617 0.640625
vt 0.675453 0.633282
vt 0.820312 0.372070
vt 0.897074 0.906839
vt 0.888849 0.909192
vt 0.578309 0.401964
vt 0.651348 0.388607
vt 0.651364 0.402466
vt 0.318112 0.010338
vt 0.213964 0.008056
vt 0.214930 0.002499
vt 0.895506 0.883346
vt 0.888665 0.892553
vt 0.888672 0.883325
vt 0.890137 0.677246
vt 0.879883 0.674316
vt 0.891113 0.674805
vt 0.122437 0.171509
vt 0.126831 0.158081
vt 0.126831 0.170166
vt 0.465789 0.090459
vt 0.463623 0.086566
vt 0.469305 0.086487
vt 0.625488 0.180054
vt 0.629300 0.180936
vt 0.625008 0.201776
vt 0.359863 0.812988
vt 0.576172 0.876953
vt 0.359863 0.876953
vt 0.727489 0.256768
vt 0.043936 0.173490
vt 0.517296 0.829624
vt 0.516113 0.785645
vt 0.519531 0.789551
vt 0.886601 0.906856
vt 0.857422 0.218750
vt 0.873903 0.217125
vt 0.590645 0.246932
vt 0.509216 0.243164
vt 0.845703 0.659180
vt 0.434833 0.727503
vt 0.355286 0.676637
vt 0.348469 0.660645
vt 0.355077 0.660645
vt 0.288330 0.386516
vt 0.304199 0.388101
vt 0.288330 0.389636
vt 0.615659 0.309663
vt 0.615661 0.311557
vt 0.706995 0.272894
vt 0.700766 0.271281
vt 0.706905 0.271272
vt 0.409424 0.722656
vt 0.399414 0.722656
vt 0.397214 0.714210
vt 0.860352 0.458252
vt 0.789721 0.025028
vt 0.806116 0.046255
vt 0.789252 0.046260
vt 0.417458 0.978751
vt 0.422514 0.976818
vt 0.424734 0.978014
vt 0.029678 0.387172
vt 0.032068 0.375453
vt 0.032237 0.387206
vt 0.270633 0.300606
vt 0.210424 0.312544
vt 0.125000 0.298217
vt 0.700256 0.312005
vt 0.707029 0.325860
vt 0.700204 0.324983
vt 0.285664 0.388159
vt 0.305931 0.395561
vt 0.285401 0.395743
vt 0.617035 0.545370
vt 0.616588 0.532671
vt 0.647729 0.545363
vt 0.364859 0.668752
vt 0.392334 0.675014
vt 0.373708 0.653816
vt 0.641543 0.720728
vt 0.641571 0.413684
vt 0.672874 0.688913
vt 0.570270 0.295654
vt 0.573022 0.307861
vt 0.563991 0.307861
vt 0.352548 0.387211
vt 0.363770 0.392608
vt 0.354055 0.397943
vt 0.736816 0.849609
vt 0.745117 0.847168
vt 0.189331 0.836914
vt 0.335285 0.010474
vt 0.565016 0.015885
vt 0.091941 0.165058
vt 0.149370 0.166091
vt 0.095403 0.166700
vt 0.710449 0.406006
vt 0.707994 0.399658
vt 0.708008 0.406006
vt 0.841993 0.277392
vt 0.377930 0.104980
vt 0.386963 0.170532
vt 0.783691 0.198730
vt 0.786237 0.192963
vt 0.578191 0.331096
vt 0.294678 0.518066
vt 0.294424 0.523937
vt 0.316876 0.351216
vt 0.320557 0.342529
vt 0.321122 0.348132
vt 0.030228 0.784668
vt 0.052826 0.771959
vt 0.052551 0.784668
vt 0.729393 0.379674
vt 0.332031 0.002499
vt 0.323730 0.002499
vt 0.390403 0.796937
vt 0.387292 0.797905
vt 0.451234 0.192127
vt 0.380827 0.756360
vt 0.315983 0.750977
vt 0.379399 0.752929
vt 0.340575 0.622069
vt 0.774902 0.345947
vt 0.764648 0.343018
vt 0.776367 0.343262
vt 0.336663 0.646977
vt 0.343644 0.637728
vt 0.577733 0.316480
vt 0.574034 0.314659
vt 0.574030 0.303267
vt 0.014506 0.390643
vt 0.012948 0.404131
vt 0.014499 0.404215
vt 0.678700 0.265381
vt 0.669527 0.268451
vt 0.393555 0.607910
vt 0.007758 0.404889
vt 0.008263 0.389789
vt 0.351327 0.626465
vt 0.361093 0.622492
vt 0.351824 0.629677
vt 0.503571 0.036210
vt 0.516271 0.027241
vt 0.521457 0.036271
vt 0.038089 0.479101
vt 0.034848 0.478494
vt 0.928223 0.946777
vt 0.905341 0.907581
vt 0.929896 0.906331
vt 0.408835 0.064900
vt 0.406354 0.070285
vt 0.482666 0.818848
vt 0.417969 0.836914
vt 0.417969 0.818848
vt 0.361607 0.058726
vt 0.706063 0.056701
vt 0.235107 0.030914
vt 0.420598 0.059176
vt 0.423123 0.066217
vt 0.427489 0.064149
vt 0.222534 0.006016
vt 0.018494 0.429443
vt 0.510244 0.249758
vt 0.019455 0.851074
vt 0.019335 0.844589
vt 0.066762 0.822531
vt 0.060913 0.820801
vt 0.066101 0.820801
vt 0.472879 0.712402
vt 0.418701 0.710449
vt 0.479248 0.710449
vt 0.564671 0.134155
vt 0.304199 0.382812
vt 0.287354 0.383057
vt 0.718459 0.871796
vt 0.384521 0.105896
vt 0.354980 0.584685
vt 0.369629 0.572045
vt 0.369629 0.584585
vt 0.020370 0.022878
vt 0.213212 0.031349
vt 0.020370 0.034038
vt 0.183472 0.175171
vt 0.186648 0.168565
vt 0.187500 0.175049
vt 0.004997 0.665527
vt 0.009312 0.666992
vt 0.009158 0.665527
vt 0.050415 0.406732
vt 0.186738 0.159525
vt 0.183472 0.153198
vt 0.187500 0.153320
vt 0.917480 0.764160
vt 0.921678 0.765625
vt 0.921531 0.764160
vt 0.386719 0.794922
vt 0.348610 0.797501
vt 0.349121 0.794434
vt 0.125366 0.311768
vt 0.707025 0.299066
vt 0.700311 0.285458
vt 0.707029 0.286566
vt 0.894531 0.527344
vt 0.895996 0.528809
vt 0.895996 0.530762
vt 0.448088 0.647542
vt 0.444966 0.641975
vt 0.620611 0.072450
vt 0.007487 0.380024
vt 0.029668 0.375355
vt 0.032240 0.362347
vt 0.417969 0.783203
vt 0.482666 0.785645
vt 0.417969 0.785645
vt 0.901797 0.873554
vt 0.761708 0.055401
vt 0.012950 0.390572
vt 0.014635 0.380019
vt 0.820863 0.135251
vt 0.836719 0.116357
vt 0.823738 0.161928
vt 0.762207 0.523438
vt 0.035675 0.253662
vt 0.014359 0.253662
vt 0.623535 0.313927
vt 0.619136 0.313960
vt 0.623535 0.312828
vt 0.189309 0.910156
vt 0.181396 0.903594
vt 0.188541 0.906024
vt 0.811801 0.205943
vt 0.829102 0.204468
vt 0.892040 0.887057
vt 0.870984 0.893398
vt 0.873569 0.862428
vt 0.946312 0.905449
vt 0.964114 0.942849
vt 0.946298 0.942872
vt 0.895507 0.883346
vt 0.888669 0.892545
vt 0.888672 0.883325
vt 0.275387 0.332029
vt 0.978550 0.957519
vt 0.978516 0.948242
vt 0.983818 0.947917
vt 0.187302 0.167542
vt 0.194580 0.160291
vt 0.194580 0.168088
vt 0.746582 0.861513
vt 0.583008 0.419434
vt 0.047278 0.602539
vt 0.057911 0.603702
vt 0.045019 0.603916
vt 0.976562 0.765625
vt 0.976562 0.764160
vt 0.966797 0.765625
vt 0.363770 0.021695
vt 0.363927 0.012258
vt 0.017239 0.602653
vt 0.018469 0.577229
vt 0.006748 0.597168
vt 0.022263 0.577148
vt 0.031677 0.602519
vt 0.024033 0.577637
vt 0.031767 0.607422
vt 0.025278 0.610674
vt 0.029846 0.608887
vt 0.594138 0.570823
vt 0.577637 0.566406
vt 0.056500 0.351770
vt 0.046143 0.350098
vt 0.516102 0.095397
vt 0.514664 0.094778
vt 0.893475 0.882495
vt 0.898786 0.888415
vt 0.894580 0.882373
vt 0.375473 0.452619
vt 0.735840 0.203491
vt 0.736887 0.225040
vt 0.053925 0.391498
vt 0.054749 0.394395
vt 0.963853 0.884292
vt 0.973144 0.857910
vt 0.973145 0.884296
vt 0.885050 0.882803
vt 0.898711 0.896211
vt 0.885595 0.896338
vt 0.054749 0.404645
vt 0.111045 0.915164
vt 0.110763 0.920898
vt 0.126798 0.916016
vt 0.126679 0.921387
vt 0.060852 0.815430
vt 0.066541 0.813556
vt 0.066101 0.815430
vt 0.864258 0.724609
vt 0.818359 0.728516
vt 0.814941 0.723145
vt 0.963961 0.913574
vt 0.973633 0.996094
vt 0.963944 0.996094
vt 0.658727 0.448742
vt 0.121268 0.897949
vt 0.121616 0.903809
vt 0.137817 0.893066
vt 0.140869 0.892090
vt 0.155151 0.895996
vt 0.152476 0.894527
vt 0.153931 0.897461
vt 0.155029 0.905273
vt 0.152588 0.902832
vt 0.148560 0.907227
vt 0.137817 0.907715
vt 0.140747 0.908691
vt 0.527668 0.506209
vt 0.527186 0.486724
vt 0.082214 0.554688
vt 0.098509 0.562566
vt 0.081512 0.563824
vt 0.900048 0.795900
vt 0.152588 0.924805
vt 0.155273 0.934082
vt 0.155598 0.931788
vt 0.152466 0.934570
vt 0.200073 0.933594
vt 0.202759 0.934570
vt 0.197533 0.930998
vt 0.116638 0.897949
vt 0.204346 0.936035
vt 0.207520 0.933594
vt 0.204712 0.925293
vt 0.203003 0.924316
vt 0.199725 0.925108
vt 0.244472 0.608733
vt 0.741384 0.971147
vt 0.736587 0.966895
vt 0.740228 0.975569
vt 0.196676 0.920318
vt 0.201782 0.919922
vt 0.203831 0.917006
vt 0.011688 0.473250
vt 0.057058 0.502751
vt 0.012564 0.528298
vt 0.617200 0.268077
vt 0.377026 0.713836
vt 0.313547 0.708043
vt 0.310277 0.710422
vt 0.974609 0.817383
vt 0.974609 0.808594
vt 0.490478 0.473659
vt 0.478772 0.478517
vt 0.394531 0.065796
vt 0.347573 0.012707
vt 0.487061 0.005900
vt 0.347378 0.042908
vt 0.487391 0.036672
vt 0.345574 0.035215
vt 0.746483 0.668334
vt 0.772913 0.670816
vt 0.759766 0.676270
vt 0.412908 0.740983
vt 0.411685 0.733062
vt 0.414795 0.739746
vt 0.411714 0.714202
vt 0.415212 0.714978
vt 0.413818 0.712402
vt 0.897047 0.906812
vt 0.888844 0.909190
vt 0.894654 0.909288
vt 0.412109 0.710449
vt 0.510493 0.033008
vt 0.451674 0.023404
vt 0.518068 0.022828
vt 0.395020 0.712402
vt 0.396973 0.710449
vt 0.393660 0.714978
vt 0.397260 0.733062
vt 0.119438 0.218763
vt 0.396044 0.740983
vt 0.394043 0.739746
vt 0.116760 0.903809
vt 0.113831 0.898926
vt 0.113892 0.902832
vt 0.724777 0.086671
vt 0.889780 0.914482
vt 0.894113 0.914578
vt 0.888261 0.916787
vt 0.895438 0.916783
vt 0.717916 0.109581
vt 0.723088 0.106380
vt 0.720474 0.192117
vt 0.947688 0.817987
vt 0.943359 0.856445
vt 0.942871 0.826172
vt 0.547172 0.506060
vt 0.547226 0.486131
vt 0.451399 0.636230
vt 0.441902 0.645020
vt 0.441683 0.636230
vt 0.712891 0.412598
vt 0.708008 0.412598
vt 0.712891 0.406494
vt 0.708008 0.406494
vt 0.729980 0.412598
vt 0.729980 0.406494
vt 0.746575 0.412842
vt 0.746677 0.406494
vt 0.758789 0.412842
vt 0.758789 0.406494
vt 0.770508 0.412842
vt 0.772480 0.406494
vt 0.786470 0.412842
vt 0.791504 0.406494
vt 0.806619 0.412842
vt 0.799805 0.406494
vt 0.708008 0.399658
vt 0.712891 0.405762
vt 0.729980 0.406006
vt 0.729980 0.399658
vt 0.296201 0.532117
vt 0.195190 0.558105
vt 0.195190 0.537109
vt 0.758789 0.399658
vt 0.770508 0.399658
vt 0.758789 0.406006
vt 0.771942 0.406006
vt 0.787657 0.399658
vt 0.791504 0.406006
vt 0.799805 0.399658
vt 0.799805 0.406006
vt 0.188789 0.900428
vt 0.194092 0.905365
vt 0.748074 0.412842
vt 0.724616 0.413086
vt 0.746582 0.413086
vt 0.708008 0.406288
vt 0.735379 0.406006
vt 0.748031 0.406141
vt 0.770508 0.406494
vt 0.770508 0.406006
vt 0.781738 0.406494
vt 0.898297 0.092767
vt 0.909395 0.104971
vt 0.904785 0.099365
vt 0.781865 0.406006
vt 0.799805 0.406258
vt 0.835938 0.950244
vt 0.988292 0.992676
vt 0.979481 0.916992
vt 0.988302 0.916992
vt 0.894537 0.615849
vt 0.895996 0.614258
vt 0.897949 0.614258
vt 0.885439 0.788468
vt 0.889938 0.795769
vt 0.884270 0.785162
vt 0.040241 0.481301
vt 0.036497 0.482312
vt 0.038090 0.479099
vt 0.708535 0.412354
vt 0.708521 0.406494
vt 0.781240 0.411865
vt 0.781254 0.406494
vt 0.783203 0.406250
vt 0.810547 0.406738
vt 0.826388 0.412354
vt 0.831036 0.406494
vt 0.830078 0.412354
vt 0.708535 0.400146
vt 0.781246 0.400146
vt 0.708533 0.406006
vt 0.781252 0.405518
vt 0.783203 0.405518
vt 0.783956 0.400146
vt 0.795897 0.405647
vt 0.810547 0.406006
vt 0.810547 0.400146
vt 0.826518 0.400146
vt 0.831040 0.406006
vt 0.458740 0.231201
vt 0.459717 0.224374
vt 0.458740 0.224226
vt 0.830566 0.400146
vt 0.779297 0.405518
vt 0.781250 0.405518
vt 0.779297 0.406494
vt 0.781250 0.406494
vt 0.783265 0.406252
vt 0.783088 0.405516
vt 0.319258 0.376236
vt 0.779297 0.412598
vt 0.779297 0.411865
vt 0.781227 0.412598
vt 0.781250 0.411865
vt 0.783169 0.411865
vt 0.826660 0.412354
vt 0.826660 0.412598
vt 0.821781 0.412354
vt 0.639160 0.939941
vt 0.643879 0.934644
vt 0.646484 0.936523
vt 0.032257 0.414814
vt 0.141357 0.299316
vt 0.463135 0.572266
vt 0.459994 0.566412
vt 0.463135 0.563477
vt 0.893066 0.895678
vt 0.888672 0.896973
vt 0.893066 0.896973
vt 0.272100 0.329600
vt 0.611369 0.312134
vt 0.615582 0.313944
vt 0.658681 0.460303
vt 0.690430 0.504395
vt 0.669434 0.515137
vt 0.239236 0.917481
vt 0.217529 0.915527
vt 0.238643 0.914553
vt 0.243286 0.922363
vt 0.236450 0.924805
vt 0.240900 0.918591
vt 0.242188 0.927246
vt 0.241394 0.931333
vt 0.276076 0.641927
vt 0.323565 0.605763
vt 0.314209 0.620117
vt 0.189957 0.444186
vt 0.202637 0.441406
vt 0.815918 0.877930
vt 0.831055 0.889116
vt 0.815918 0.889666
vt 0.217529 0.920246
vt 0.214478 0.922050
vt 0.214478 0.915527
vt 0.687326 0.031349
vt 0.879883 0.034038
vt 0.778809 0.194811
vt 0.768326 0.222496
vt 0.774530 0.194219
vt 0.057495 0.363525
vt 0.150391 0.909180
vt 0.023984 0.784668
vt 0.029948 0.771609
vt 0.708139 0.406494
vt 0.708044 0.412598
vt 0.728027 0.406494
vt 0.729363 0.412598
vt 0.737793 0.406494
vt 0.748201 0.406494
vt 0.746891 0.412842
vt 0.781738 0.412842
vt 0.791504 0.412842
vt 0.781250 0.406494
vt 0.801738 0.412842
vt 0.806641 0.406494
vt 0.831055 0.412842
vt 0.831055 0.406494
vt 0.728027 0.406006
vt 0.728726 0.399658
vt 0.737793 0.406006
vt 0.748197 0.399658
vt 0.748520 0.406006
vt 0.781738 0.399658
vt 0.781342 0.406006
vt 0.791504 0.399658
vt 0.806641 0.406006
vt 0.806641 0.399658
vt 0.831055 0.406006
vt 0.831055 0.399658
vt 0.197388 0.849609
vt 0.777763 0.255518
vt 0.779297 0.279297
vt 0.775168 0.279387
vt 0.749569 0.412853
vt 0.781738 0.412645
vt 0.791504 0.413086
vt 0.799805 0.412842
vt 0.710748 0.406494
vt 0.728836 0.406494
vt 0.710767 0.405974
vt 0.728069 0.406006
vt 0.747896 0.406494
vt 0.234375 0.076444
vt 0.235352 0.076454
vt 0.790074 0.406006
vt 0.792147 0.406494
vt 0.806641 0.406284
vt 0.057028 0.142582
vt 0.046834 0.155142
vt 0.043819 0.144533
vt 0.230832 0.438724
vt 0.239849 0.439106
vt 0.231393 0.440550
vt 0.206076 0.659668
vt 0.219922 0.667005
vt 0.205988 0.667007
vt 0.790447 0.892291
vt 0.770440 0.882662
vt 0.772799 0.860990
vt 0.550781 0.416992
vt 0.487793 0.417236
vt 0.040970 0.631767
vt 0.036779 0.630858
vt 0.036837 0.634278
vt 0.032234 0.428468
vt 0.449938 0.631091
vt 0.453491 0.621583
vt 0.132473 0.235996
vt 0.110413 0.240967
vt 0.310303 0.607910
vt 0.307074 0.606968
vt 0.775391 0.934570
vt 0.776855 0.935547
vt 0.776855 0.934570
vt 0.202339 0.260005
vt 0.207732 0.261066
vt 0.773274 0.420726
vt 0.765352 0.402848
vt 0.767682 0.400206
vt 0.686035 0.012840
vt 0.054970 0.848652
vt 0.065352 0.851923
vt 0.057120 0.851562
vt 0.708008 0.406251
vt 0.884926 0.882806
vt 0.898438 0.882812
vt 0.786237 0.192963
vt 0.762294 0.183527
vt 0.023336 0.873304
vt 0.022046 0.870126
vt 0.048218 0.873047
vt 0.236391 0.383266
vt 0.238892 0.364990
vt 0.239868 0.393799
vt 0.978027 0.756813
vt 0.912210 0.755856
vt 0.916403 0.757748
vt 0.032236 0.350098
vt 0.029667 0.362586
vt 0.029670 0.350098
vt 0.476671 0.611459
vt 0.486464 0.616450
vt 0.476562 0.619629
vt 0.719015 0.057681
vt 0.716397 0.061755
vt 0.292495 0.320288
vt 0.232788 0.474854
vt 0.186163 0.502797
vt 0.221445 0.457967
vt 0.369198 0.576906
vt 0.370837 0.577173
vt 0.371227 0.578699
vt 0.324135 0.021396
vt 0.211479 0.018107
vt 0.147949 0.893066
vt 0.311768 0.349121
vt 0.316876 0.340434
vt 0.320557 0.349121
vt 0.611384 0.313965
vt 0.035309 0.185425
vt 0.041052 0.168338
vt 0.077942 0.849121
vt 0.076493 0.845823
vt 0.077942 0.847168
vt 0.319761 0.019545
vt 0.304953 0.010589
vt 0.322582 0.008957
vt 0.500054 0.339566
vt 0.486046 0.342296
vt 0.487463 0.300326
vt 0.010208 0.010231
vt 0.276611 0.790039
vt 0.195190 0.790522
vt 0.278825 0.790054
vt 0.529239 0.400085
vt 0.526390 0.383966
vt 0.531233 0.385774
vt 0.156021 0.153367
vt 0.227136 0.427493
vt 0.196906 0.381394
vt 0.304431 0.606689
vt 0.283936 0.600098
vt 0.281250 0.631348
vt 0.787471 0.961423
vt 0.787545 0.956042
vt 0.791992 0.950615
vt 0.885745 0.795902
vt 0.815588 0.853185
vt 0.856560 0.850727
vt 0.859558 0.854302
vt 0.008483 0.584080
vt 0.015841 0.571420
vt 0.013408 0.570597
vt 0.697754 0.868164
vt 0.701952 0.870717
vt 0.697327 0.883088
vt 0.558673 0.258580
vt 0.049498 0.665527
vt 0.051239 0.666992
vt 0.037802 0.666992
vt 0.391602 0.731934
vt 0.314957 0.718230
vt 0.314641 0.723649
vt 0.311533 0.715348
vt 0.320113 0.471778
vt 0.297612 0.530268
vt 0.030573 0.873701
vt 0.048432 0.876465
vt 0.031443 0.877053
vt 0.485051 0.582187
vt 0.488748 0.573181
vt 0.475098 0.086487
vt 0.475094 0.089172
vt 0.836914 0.120544
vt 0.839844 0.111328
vt 0.433585 0.192378
vt 0.288300 0.529002
vt 0.417725 0.037563
vt 0.757812 0.043793
vt 0.417725 0.043793
vt 0.458284 0.192400
vt 0.451904 0.196289
vt 0.114685 0.304199
vt 0.108094 0.307366
vt 0.114929 0.307364
vt 0.342794 0.556544
vt 0.300304 0.583030
vt 0.296387 0.575195
vt 0.528812 0.407717
vt 0.547887 0.400094
vt 0.548334 0.407718
vt 0.438620 0.624772
vt 0.435547 0.634277
vt 0.435303 0.622559
vt 0.013753 0.633674
vt 0.019469 0.636722
vt 0.019414 0.629230
vt 0.619494 0.959869
vt 0.601454 0.957867
vt 0.623529 0.958008
vt 0.482666 0.767578
vt 0.482666 0.783203
vt 0.735352 0.249512
vt 0.279546 0.808105
vt 0.276734 0.805113
vt 0.280252 0.801296
vt 0.482666 0.802734
vt 0.417969 0.800781
vt 0.482666 0.800781
vt 0.451461 0.113017
vt 0.451630 0.053534
vt 0.794434 0.301949
vt 0.775581 0.294852
vt 0.309733 0.749464
vt 0.313824 0.752543
vt 0.377776 0.748478
vt 0.905762 0.847656
vt 0.353893 0.421829
vt 0.333138 0.423703
vt 0.296224 0.532101
vt 0.009956 0.773447
vt 0.006920 0.766113
vt 0.006920 0.752744
vt 0.430917 0.731433
vt 0.947754 0.940918
vt 0.438714 0.631321
vt 0.442733 0.621582
vt 0.439209 0.622070
vt 0.094496 0.883789
vt 0.136447 0.867676
vt 0.136458 0.883789
vt 0.725098 0.975804
vt 0.979647 0.976914
vt 0.970215 0.987788
vt 0.971197 0.965598
vt 0.662328 0.055579
vt 0.665039 0.066160
vt 0.657251 0.066210
vt 0.384212 0.581998
vt 0.379639 0.567383
vt 0.979680 0.784781
vt 0.796824 0.462080
vt 0.804197 0.468132
vt 0.004997 0.219238
vt 0.895508 0.890959
vt 0.895508 0.885690
vt 0.897949 0.885742
vt 0.718905 0.094001
vt 0.714355 0.093506
vt 0.727278 0.094601
vt 0.009956 0.748657
vt 0.006920 0.738770
vt 0.007383 0.731934
vt 0.392060 0.064440
vt 0.434223 0.058959
vt 0.442227 0.063461
vt 0.281005 0.602539
vt 0.195190 0.593747
vt 0.195190 0.634198
vt 0.159886 0.933662
vt 0.195677 0.933163
vt 0.108094 0.307352
vt 0.114929 0.307364
vt 0.895508 0.890955
vt 0.895508 0.885677
vt 0.017776 0.444838
vt 0.018494 0.431831
vt 0.018494 0.442871
vt 0.776855 0.957512
vt 0.775391 0.955069
vt 0.776855 0.954102
vt 0.303303 0.849609
vt 0.309324 0.750978
vt 0.934082 0.765625
vt 0.044181 0.481621
vt 0.050396 0.478292
vt 0.048798 0.482096
vt 0.849476 0.098492
vt 0.836052 0.100989
vt 0.706543 0.155151
vt 0.708584 0.161958
vt 0.430664 0.563477
vt 0.433687 0.566519
vt 0.430664 0.572266
vt 0.909180 0.108398
vt 0.908698 0.119139
vt 0.633301 0.934570
vt 0.634766 0.875977
vt 0.282959 0.842773
vt 0.283936 0.865234
vt 0.272217 0.852051
vt 0.893126 0.882819
vt 0.888144 0.889745
vt 0.896484 0.887076
vt 0.285502 0.883427
vt 0.290528 0.880924
vt 0.295371 0.887705
vt 0.297696 0.884969
vt 0.305411 0.876942
vt 0.627450 0.273604
vt 0.632812 0.277308
vt 0.004997 0.350099
vt 0.018386 0.350100
vt 0.553509 0.049366
vt 0.554600 0.035930
vt 0.043793 0.849121
vt 0.016950 0.844476
vt 0.045511 0.846697
vt 0.019285 0.869542
vt 0.032593 0.862793
vt 0.032727 0.869325
vt 0.316650 0.754883
vt 0.773926 0.287842
vt 0.052082 0.159260
vt 0.316162 0.704102
vt 0.316650 0.706055
vt 0.313612 0.706865
vt 0.771289 0.422228
vt 0.789830 0.449648
vt 0.788120 0.451214
vt 0.299871 0.551951
vt 0.275391 0.592285
vt 0.288126 0.525127
vt 0.293457 0.519531
vt 0.293471 0.525377
vt 0.800003 0.938706
vt 0.810541 0.940515
vt 0.792618 0.941391
vt 0.379150 0.955566
vt 0.369822 0.980779
vt 0.380066 0.948728
vt 0.381558 0.946021
vt 0.318359 0.754883
vt 0.313965 0.752441
vt 0.518880 0.308529
vt 0.519283 0.287517
vt 0.015072 0.404726
vt 0.831055 0.877930
vt 0.831543 0.889715
vt 0.035478 0.473325
vt 0.309779 0.749558
vt 0.314697 0.751953
vt 0.058594 0.650265
vt 0.057709 0.653320
vt 0.055084 0.653809
vt 0.290529 0.880927
vt 0.700200 0.299544
vt 0.230835 0.438721
vt 0.241333 0.436035
vt 0.239990 0.438721
vt 0.307127 0.748538
vt 0.312136 0.752530
vt 0.704102 0.406494
vt 0.711914 0.413574
vt 0.703125 0.407471
vt 0.776855 0.951318
vt 0.313658 0.706927
vt 0.312500 0.611328
vt 0.249076 0.395264
vt 0.255550 0.391602
vt 0.255608 0.395264
vt 0.307850 0.875474
vt 0.775391 0.947314
vt 0.779785 0.961911
vt 0.776855 0.961912
vt 0.004997 0.681641
vt 0.623552 0.916699
vt 0.626856 0.930461
vt 0.624234 0.937681
vt 0.318359 0.706055
vt 0.377894 0.710083
vt 0.315447 0.707058
vt 0.607910 0.302476
vt 0.611368 0.300548
vt 0.611381 0.302922
vt 0.315918 0.750977
vt 0.750480 0.185790
vt 0.837402 0.074219
vt 0.032715 0.679688
vt 0.012680 0.680176
vt 0.015640 0.668457
vt 0.046841 0.483862
vt 0.041414 0.485117
vt 0.227298 0.305423
vt 0.199412 0.172631
vt 0.898297 0.092767
vt 0.128418 0.167358
vt 0.128418 0.165283
vt 0.158813 0.165283
vt 0.691238 0.240548
vt 0.691895 0.233521
vt 0.691895 0.239258
vt 0.827637 0.163086
vt 0.861988 0.170111
vt 0.859375 0.189331
vt 0.825195 0.368652
vt 0.868791 0.172075
vt 0.872559 0.191772
vt 0.824707 0.185547
vt 0.813477 0.184814
vt 0.858456 0.203352
vt 0.871094 0.205688
vt 0.893497 0.217711
vt 0.847656 0.276123
vt 0.772876 0.860913
vt 0.794884 0.859433
vt 0.800678 0.883247
vt 0.028846 0.867676
vt 0.006920 0.883789
vt 0.006920 0.867676
vt 0.206337 0.289662
vt 0.203332 0.289662
vt 0.756420 0.136452
vt 0.719234 0.884720
vt 0.710938 0.887695
vt 0.709739 0.878902
vt 0.936035 0.895630
vt 0.945312 0.814059
vt 0.945312 0.895996
vt 0.877930 0.079590
vt 0.824739 0.162004
vt 0.979492 0.059753
vt 0.979492 0.010365
vt 0.969727 0.930664
vt 0.869787 0.172387
vt 0.734375 0.851074
vt 0.601388 0.844910
vt 0.743746 0.827311
vt 0.908205 0.147340
vt 0.904781 0.186888
vt 0.906250 0.187866
vt 0.715241 0.409539
vt 0.873231 0.739112
vt 0.875818 0.734343
vt 0.870682 0.734077
vt 0.835938 0.961670
vt 0.833984 0.963867
vt 0.835938 0.963867
vt 0.841993 0.277392
vt 0.014068 0.589570
vt 0.019180 0.583638
vt 0.509766 0.191895
vt 0.474365 0.187744
vt 0.474365 0.191772
vt 0.578613 0.591797
vt 0.582520 0.595703
vt 0.578613 0.662109
vt 0.330078 0.541504
vt 0.324543 0.545906
vt 0.315703 0.539922
vt 0.327285 0.551512
vt 0.334961 0.550781
vt 0.315499 0.545890
vt 0.332764 0.560059
vt 0.323080 0.556863
vt 0.325195 0.565430
vt 0.315559 0.555628
vt 0.315918 0.565430
vt 0.307918 0.555415
vt 0.167430 0.280641
vt 0.316201 0.526662
vt 0.321257 0.530385
vt 0.311035 0.531250
vt 0.319092 0.537598
vt 0.311950 0.517024
vt 0.317807 0.517812
vt 0.328705 0.511833
vt 0.184219 0.282919
vt 0.191251 0.283713
vt 0.327350 0.519552
vt 0.176031 0.257589
vt 0.183350 0.260986
vt 0.185741 0.254921
vt 0.336914 0.521484
vt 0.766614 0.701159
vt 0.335693 0.530762
vt 0.327268 0.527177
vt 0.328857 0.537109
vt 0.117464 0.264153
vt 0.127781 0.261032
vt 0.124300 0.274589
vt 0.131136 0.272526
vt 0.114720 0.276684
vt 0.114720 0.264905
vt 0.123201 0.290356
vt 0.119429 0.288611
vt 0.119349 0.285889
vt 0.107165 0.277994
vt 0.125122 0.291016
vt 0.119629 0.297363
vt 0.313384 0.069431
vt 0.305266 0.056518
vt 0.305241 0.065629
vt 0.099670 0.280518
vt 0.105721 0.273609
vt 0.098816 0.273193
vt 0.105501 0.264128
vt 0.100281 0.266846
vt 0.100098 0.259766
vt 0.102051 0.256348
vt 0.108150 0.258702
vt 0.110757 0.257695
vt 0.108826 0.245117
vt 0.115277 0.260429
vt 0.118224 0.254644
vt 0.410645 0.068054
vt 0.144131 0.243476
vt 0.154053 0.240356
vt 0.400147 0.727050
vt 0.151733 0.246394
vt 0.158415 0.241595
vt 0.464802 0.523395
vt 0.470459 0.526367
vt 0.165527 0.245972
vt 0.155906 0.251318
vt 0.159161 0.254863
vt 0.168945 0.263184
vt 0.161667 0.259521
vt 0.149780 0.248657
vt 0.146362 0.244385
vt 0.146118 0.247192
vt 0.162599 0.264488
vt 0.167725 0.267090
vt 0.159187 0.272476
vt 0.163574 0.276367
vt 0.201040 0.251427
vt 0.214212 0.245155
vt 0.150113 0.280888
vt 0.153232 0.286367
vt 0.148438 0.290039
vt 0.139210 0.287339
vt 0.141846 0.292725
vt 0.134644 0.295654
vt 0.130886 0.290256
vt 0.139495 0.267385
vt 0.143057 0.263186
vt 0.151223 0.266340
vt 0.142761 0.252624
vt 0.153082 0.258059
vt 0.152835 0.256104
vt 0.150881 0.254149
vt 0.148320 0.251953
vt 0.146361 0.250241
vt 0.145746 0.252686
vt 0.122437 0.290527
vt 0.119507 0.288818
vt 0.144287 0.243530
vt 0.151733 0.246216
vt 0.661226 0.195838
vt 0.662267 0.183127
vt 0.664449 0.199621
vt 0.216164 0.281714
vt 0.207490 0.285748
vt 0.218004 0.283833
vt 0.235807 0.263793
vt 0.236243 0.267786
vt 0.235474 0.261719
vt 0.239403 0.269659
vt 0.243652 0.263428
vt 0.233172 0.283803
vt 0.230195 0.287195
vt 0.239136 0.289062
vt 0.233154 0.293457
vt 0.222026 0.292137
vt 0.226929 0.295410
vt 0.221069 0.298828
vt 0.217041 0.299072
vt 0.215981 0.292487
vt 0.213788 0.290855
vt 0.203857 0.298828
vt 0.213886 0.285576
vt 0.199463 0.299561
vt 0.044434 0.353271
vt 0.047913 0.363525
vt 0.044434 0.363525
vt 0.177124 0.261963
vt 0.176147 0.249268
vt 0.177490 0.245117
vt 0.184448 0.266602
vt 0.850368 0.666389
vt 0.868900 0.646589
vt 0.874752 0.659422
vt 0.190179 0.260986
vt 0.186401 0.261475
vt 0.190671 0.257812
vt 0.183716 0.260742
vt 0.029678 0.387172
vt 0.032241 0.400425
vt 0.029656 0.400590
vt 0.946492 0.981447
vt 0.193807 0.242470
vt 0.193359 0.236816
vt 0.202400 0.241505
vt 0.203613 0.235718
vt 0.217525 0.239683
vt 0.223022 0.241943
vt 0.236328 0.264404
vt 0.236450 0.267578
vt 0.184692 0.268799
vt 0.314941 0.607422
vt 0.351290 0.547738
vt 0.345459 0.564453
vt 0.408390 0.236730
vt 0.412834 0.243293
vt 0.337365 0.168457
vt 0.419434 0.706055
vt 0.478516 0.706055
vt 0.349880 0.542931
vt 0.351562 0.545410
vt 0.333453 0.492273
vt 0.319343 0.520757
vt 0.324707 0.476318
vt 0.322266 0.465576
vt 0.458740 0.672852
vt 0.458496 0.683105
vt 0.799490 0.861758
vt 0.780814 0.892105
vt 0.777317 0.858925
vt 0.268162 0.316724
vt 0.332469 0.566165
vt 0.301068 0.550583
vt 0.307569 0.606811
vt 0.213779 0.353526
vt 0.303218 0.355976
vt 0.309326 0.609375
vt 0.313965 0.608398
vt 0.213745 0.353516
vt 0.213257 0.354492
vt 0.194702 0.351562
vt 0.310822 0.606445
vt 0.678722 0.207996
vt 0.686029 0.212890
vt 0.682617 0.208008
vt 0.300916 0.550976
vt 0.357910 0.982910
vt 0.573730 0.904785
vt 0.573730 0.982910
vt 0.749512 0.406374
vt 0.691286 0.231939
vt 0.696777 0.233521
vt 0.893066 0.895671
vt 0.896484 0.892578
vt 0.898549 0.888553
vt 0.297602 0.530278
vt 0.306890 0.608969
vt 0.308838 0.610840
vt 0.072373 0.714882
vt 0.166016 0.724121
vt 0.077148 0.724121
vt 0.056751 0.376007
vt 0.047913 0.373047
vt 0.046478 0.376953
vt 0.659260 0.984810
vt 0.648225 0.981487
vt 0.162556 0.272473
vt 0.569824 0.208618
vt 0.583984 0.208618
vt 0.589355 0.210571
vt 0.396615 0.602688
vt 0.495361 0.897461
vt 0.413330 0.687988
vt 0.419434 0.687988
vt 0.478516 0.687988
vt 0.484619 0.687988
vt 0.194824 0.368408
vt 0.424561 0.712402
vt 0.962402 0.869141
vt 0.059539 0.166834
vt 0.195190 0.525885
vt 0.185908 0.162117
vt 0.184387 0.163112
vt 0.184692 0.175659
vt 0.749631 0.412842
vt 0.748047 0.413086
vt 0.523430 0.404577
vt 0.523873 0.386251
vt 0.080412 0.272427
vt 0.300293 0.763184
vt 0.300293 0.783203
vt 0.196569 0.292394
vt 0.386475 0.606934
vt 0.227524 0.321317
vt 0.225342 0.283936
vt 0.207275 0.184082
vt 0.190286 0.162242
vt 0.201416 0.167114
vt 0.053453 0.162364
vt 0.018494 0.376968
vt 0.015389 0.380025
vt 0.171021 0.695312
vt 0.170666 0.714875
vt 0.059235 0.237061
vt 0.436279 0.191406
vt 0.445801 0.186401
vt 0.447510 0.188843
vt 0.162109 0.737305
vt 0.081360 0.736816
vt 0.567383 0.539551
vt 0.567383 0.416992
vt 0.055725 0.440579
vt 0.057034 0.373841
vt 0.897934 0.885757
vt 0.898757 0.888349
vt 0.022487 0.435733
vt 0.013443 0.430176
vt 0.007172 0.416994
vt 0.003128 0.394043
vt 0.004707 0.364746
vt 0.006714 0.383664
vt 0.017914 0.283203
vt 0.016249 0.305208
vt 0.014507 0.321797
vt 0.056763 0.696777
vt 0.072083 0.695312
vt 0.066223 0.708008
vt 0.049133 0.690918
vt 0.176270 0.708984
vt 0.186401 0.696777
vt 0.192871 0.692383
vt 0.202148 0.451416
vt 0.160889 0.554688
vt 0.170898 0.554883
vt 0.161532 0.563822
vt 0.029633 0.668457
vt 0.015259 0.665527
vt 0.035249 0.667946
vt 0.144630 0.562566
vt 0.139526 0.550293
vt 0.130127 0.568359
vt 0.712891 0.399658
vt 0.759277 0.851562
vt 0.746582 0.864258
vt 0.753418 0.854004
vt 0.111543 0.576746
vt 0.103577 0.550293
vt 0.072205 0.554881
vt 0.477587 0.579298
vt 0.481201 0.564453
vt 0.041016 0.451416
vt 0.052930 0.443965
vt 0.022346 0.458087
vt 0.969270 0.696852
vt 0.988746 0.752140
vt 0.969256 0.752276
vt 0.574688 0.033045
vt 0.234395 0.421748
vt 0.335695 0.086792
vt 0.015823 0.462646
vt 0.147092 0.255615
vt 0.144409 0.258057
vt 0.628327 0.240819
vt 0.890189 0.682670
vt 0.879845 0.674680
vt 0.881235 0.678431
vt 0.521100 0.100062
vt 0.516941 0.100339
vt 0.219825 0.659668
vt 0.207183 0.647949
vt 0.221289 0.647955
vt 0.204224 0.851562
vt 0.199097 0.829590
vt 0.162476 0.829590
vt 0.157227 0.851562
vt 0.009636 0.686523
vt 0.034242 0.634592
vt 0.035553 0.635254
vt 0.036072 0.634277
vt 0.006920 0.673828
vt 0.011848 0.672363
vt 0.108276 0.304199
vt 0.018402 0.030914
vt 0.223267 0.783203
vt 0.214722 0.838867
vt 0.507457 0.534535
vt 0.050415 0.389653
vt 0.053925 0.392306
vt 0.048664 0.394479
vt 0.751965 0.194578
vt 0.750538 0.189878
vt 0.821777 0.735352
vt 0.858887 0.733887
vt 0.856445 0.736328
vt 0.020767 0.666992
vt 0.009225 0.665527
vt 0.768066 0.292969
vt 0.767167 0.292699
vt 0.779954 0.412842
vt 0.758789 0.413086
vt 0.310304 0.607906
vt 0.015420 0.390440
vt 0.591232 0.599862
vt 0.600586 0.604980
vt 0.600586 0.597656
vt 0.606934 0.585938
vt 0.574219 0.631836
vt 0.574219 0.606445
vt 0.566406 0.613770
vt 0.581543 0.679199
vt 0.569336 0.661621
vt 0.525391 0.673828
vt 0.544922 0.661621
vt 0.547852 0.613770
vt 0.514160 0.597656
vt 0.513672 0.604980
vt 0.528036 0.657411
vt 0.540039 0.631836
vt 0.524162 0.631004
vt 0.506336 0.572649
vt 0.558561 0.575746
vt 0.550781 0.400391
vt 0.487793 0.400391
vt 0.476807 0.604492
vt 0.481201 0.586426
vt 0.463282 0.615336
vt 0.469971 0.605957
vt 0.453863 0.600420
vt 0.032041 0.414686
vt 0.029681 0.414277
vt 0.483398 0.607910
vt 0.403131 0.241482
vt 0.054749 0.389758
vt 0.053925 0.391509
vt 0.380127 0.610352
vt 0.381104 0.589355
vt 0.413700 0.594377
vt 0.408356 0.601273
vt 0.399339 0.578944
vt 0.589805 0.371071
vt 0.592647 0.375329
vt 0.580156 0.381804
vt 0.597504 0.381594
vt 0.563965 0.375488
vt 0.575627 0.391970
vt 0.599121 0.393066
vt 0.561035 0.382324
vt 0.605957 0.379150
vt 0.618204 0.342296
vt 0.603950 0.339567
vt 0.542969 0.382324
vt 0.528385 0.391966
vt 0.540039 0.375488
vt 0.608415 0.294622
vt 0.619141 0.292236
vt 0.616636 0.300326
vt 0.261475 0.269775
vt 0.867188 0.634766
vt 0.760439 0.646280
vt 0.747952 0.642313
vt 0.495722 0.294622
vt 0.485107 0.292236
vt 0.581543 0.173706
vt 0.498047 0.379150
vt 0.506840 0.381596
vt 0.504883 0.393066
vt 0.511358 0.375330
vt 0.514199 0.371071
vt 0.532987 0.372241
vt 0.523851 0.381803
vt 0.906252 0.942437
vt 0.228516 0.701660
vt 0.236760 0.690144
vt 0.223633 0.714844
vt 0.239077 0.605914
vt 0.243164 0.754395
vt 0.230276 0.752082
vt 0.230284 0.746175
vt 0.249026 0.736176
vt 0.256836 0.741699
vt 0.847049 0.235595
vt 0.848942 0.187911
vt 0.847265 0.184679
vt 0.266487 0.638693
vt 0.260254 0.730469
vt 0.274234 0.636989
vt 0.354460 0.569827
vt 0.345977 0.585170
vt 0.341681 0.581000
vt 0.341635 0.562439
vt 0.168457 0.249146
vt 0.739388 0.844246
vt 0.723727 0.855469
vt 0.724171 0.844258
vt 0.712793 0.237086
vt 0.714355 0.194824
vt 0.731526 0.247027
vt 0.695943 0.139901
vt 0.701660 0.231323
vt 0.705078 0.242310
vt 0.718750 0.254883
vt 0.686327 0.142654
vt 0.731884 0.253038
vt 0.738770 0.215820
vt 0.733350 0.216406
vt 0.733887 0.202515
vt 0.725317 0.191099
vt 0.351959 0.237117
vt 0.620863 0.081481
vt 0.608428 0.070072
vt 0.621156 0.062957
vt 0.616669 0.085657
vt 0.451660 0.600098
vt 0.451904 0.582031
vt 0.659361 0.867302
vt 0.647949 0.862305
vt 0.661196 0.865338
vt 0.688179 0.137644
vt 0.638919 0.106243
vt 0.864258 0.682617
vt 0.848821 0.716781
vt 0.856192 0.670832
vt 0.869141 0.676270
vt 0.882663 0.667837
vt 0.883301 0.643555
vt 0.874512 0.649902
vt 0.945312 0.854004
vt 0.936035 0.813959
vt 0.945312 0.813961
vt 0.978551 0.807055
vt 0.990234 0.867188
vt 0.983893 0.867611
vt 0.754395 0.649902
vt 0.754641 0.659423
vt 0.778635 0.666283
vt 0.765137 0.682617
vt 0.780442 0.716861
vt 0.784724 0.710756
vt 0.803169 0.684677
vt 0.814748 0.711426
vt 0.289354 0.658863
vt 0.289295 0.672841
vt 0.826172 0.688477
vt 0.820105 0.666409
vt 0.844641 0.710966
vt 0.623535 0.301270
vt 0.619100 0.300537
vt 0.623535 0.300537
vt 0.623050 0.718266
vt 0.673307 0.784066
vt 0.582194 0.762093
vt 0.434570 0.817383
vt 0.429688 0.822754
vt 0.434542 0.775391
vt 0.291548 0.729025
vt 0.326482 0.720168
vt 0.326629 0.743509
vt 0.041140 0.507025
vt 0.034775 0.500361
vt 0.041136 0.500352
vt 0.451423 0.645020
vt 0.644715 0.998785
vt 0.651538 0.994774
vt 0.662646 0.997443
vt 0.013123 0.619323
vt 0.008214 0.626935
vt 0.791992 0.877930
vt 0.764165 0.877930
vt 0.273436 0.391602
vt 0.270088 0.395264
vt 0.265792 0.391602
vt 0.103821 0.909180
vt 0.097717 0.909668
vt 0.107077 0.913268
vt 0.867188 0.809570
vt 0.862305 0.809082
vt 0.371252 0.577682
vt 0.368957 0.579051
vt 0.370101 0.576909
vt 0.934570 0.991699
vt 0.942871 0.967773
vt 0.942871 0.991699
vt 0.619097 0.301777
vt 0.615671 0.303933
vt 0.615585 0.301802
vt 0.355287 0.676636
vt 0.353216 0.660645
vt 0.360084 0.675781
vt 0.913580 0.143072
vt 0.442627 0.611328
vt 0.439331 0.621583
vt 0.309220 0.063748
vt 0.317375 0.059338
vt 0.310455 0.069527
vt 0.921543 0.764160
vt 0.448135 0.326685
vt 0.443359 0.303986
vt 0.582031 0.688965
vt 0.582031 0.733855
vt 0.529491 0.733686
vt 0.988753 0.758301
vt 0.969268 0.760667
vt 0.093624 0.867676
vt 0.894043 0.935059
vt 0.888619 0.934686
vt 0.894531 0.934951
vt 0.010643 0.717353
vt 0.031636 0.716845
vt 0.033155 0.717820
vt 0.458008 0.015900
vt 0.450666 0.016694
vt 0.399051 0.153259
vt 0.397380 0.158627
vt 0.413898 0.158963
vt 0.857910 0.845215
vt 0.861328 0.808594
vt 0.336663 0.646977
vt 0.217529 0.929310
vt 0.713134 0.412399
vt 0.701380 0.403096
vt 0.060105 0.822614
vt 0.702183 0.392829
vt 0.706327 0.394111
vt 0.703280 0.399023
vt 0.358155 0.546386
vt 0.691836 0.063942
vt 0.811176 0.465120
vt 0.482666 0.836914
vt 0.498535 0.818848
vt 0.495117 0.119141
vt 0.793945 0.456543
vt 0.797326 0.454521
vt 0.790527 0.459473
vt 0.792348 0.456986
vt 0.793457 0.458496
vt 0.757812 0.005839
vt 0.417725 0.012256
vt 0.417725 0.005802
vt 0.467650 0.618868
vt 0.765137 0.403564
vt 0.766113 0.403076
vt 0.768066 0.417969
vt 0.712402 0.412354
vt 0.700195 0.397949
vt 0.702148 0.392822
vt 0.700684 0.392334
vt 0.039237 0.472618
vt 0.546708 0.486569
vt 0.006920 0.745605
vt 0.724121 0.526855
vt 0.720215 0.632324
vt 0.720215 0.527832
vt 0.347901 0.619629
vt 0.891379 0.734453
vt 0.893924 0.737366
vt 0.889386 0.733660
vt 0.552309 0.289336
vt 0.517520 0.092490
vt 0.517084 0.095264
vt 0.053925 0.404642
vt 0.495361 0.324219
vt 0.458259 0.249757
vt 0.467366 0.250244
vt 0.503761 0.006016
vt 0.546198 0.024860
vt 0.750488 0.070190
vt 0.378178 0.822757
vt 0.908697 0.119139
vt 0.515625 0.187622
vt 0.509766 0.187744
vt 0.969220 0.980957
vt 0.947286 0.980957
vt 0.418680 0.667886
vt 0.390152 0.667876
vt 0.767384 0.279617
vt 0.768780 0.287842
vt 0.718830 0.078871
vt 0.717773 0.565430
vt 0.681641 0.565430
vt 0.053925 0.404647
vt 0.054749 0.404654
vt 0.427002 0.201416
vt 0.393311 0.280518
vt 0.393311 0.201416
vt 0.230225 0.151001
vt 0.233643 0.148438
vt 0.233643 0.151001
vt 0.890137 0.810059
vt 0.879883 0.807129
vt 0.891113 0.807617
vt 0.004997 0.167725
vt 0.327393 0.726562
vt 0.339596 0.713371
vt 0.328124 0.730467
vt 0.312988 0.092346
vt 0.239624 0.116150
vt 0.288818 0.071533
vt 0.547172 0.506060
vt 0.386963 0.238037
vt 0.602051 0.859411
vt 0.586185 0.861705
vt 0.008147 0.560547
vt 0.775391 0.936361
vt 0.345979 0.679036
vt 0.888672 0.885653
vt 0.888672 0.890952
vt 0.886719 0.885742
vt 0.354045 0.084656
vt 0.978027 0.990804
vt 0.969719 0.990720
vt 0.518925 0.718392
vt 0.531981 0.721509
vt 0.514057 0.695598
vt 0.706055 0.171265
vt 0.704126 0.212215
vt 0.444824 0.977051
vt 0.447804 0.978741
vt 0.441959 0.978252
vt 0.826660 0.147949
vt 0.886276 0.785235
vt 0.367920 0.233765
vt 0.564867 0.038803
vt 0.561167 0.028087
vt 0.572011 0.030373
vt 0.332027 0.031708
vt 0.413822 0.153634
vt 0.462989 0.598691
vt 0.562557 0.048809
vt 0.195190 0.884710
vt 0.195190 0.869629
vt 0.206909 0.869141
vt 0.249911 0.175482
vt 0.246658 0.180786
vt 0.251940 0.180786
vt 0.194092 0.910156
vt 0.360084 0.675781
vt 0.364337 0.939050
vt 0.528320 0.676270
vt 0.486328 0.436279
vt 0.497559 0.420166
vt 0.479980 0.421387
vt 0.458984 0.622559
vt 0.458740 0.634277
vt 0.457548 0.454376
vt 0.471924 0.444824
vt 0.770449 0.882695
vt 0.803180 0.874749
vt 0.790418 0.892298
vt 0.053925 0.399022
vt 0.054749 0.396729
vt 0.054749 0.399040
vt 0.725531 0.984827
vt 0.516592 0.031556
vt 0.243286 0.010231
vt 0.155029 0.004997
vt 0.054749 0.393174
vt 0.053925 0.393799
vt 0.437988 0.168701
vt 0.487549 0.094849
vt 0.791254 0.571315
vt 0.780138 0.581621
vt 0.370421 0.209437
vt 0.005499 0.601493
vt 0.015801 0.614645
vt 0.550293 0.253174
vt 0.552266 0.259513
vt 0.019180 0.575438
vt 0.019180 0.570464
vt 0.360107 0.764092
vt 0.326305 0.774063
vt 0.325440 0.764187
vt 0.338623 0.764160
vt 0.344238 0.761230
vt 0.341064 0.764648
vt 0.928704 0.960472
vt 0.928688 0.986246
vt 0.906753 0.956703
vt 0.349385 0.623779
vt 0.633558 0.027107
vt 0.733887 0.032611
vt 0.633291 0.036649
vt 0.328113 0.304211
vt 0.686021 0.038150
vt 0.686513 0.058870
vt 0.367564 0.829044
vt 0.371688 0.811424
vt 0.371757 0.828619
vt 0.980469 0.781738
vt 0.009773 0.668457
vt 0.345459 0.460449
vt 0.355392 0.571826
vt 0.358887 0.563965
vt 0.712590 0.250921
vt 0.271484 0.161255
vt 0.276611 0.143555
vt 0.293457 0.066406
vt 0.286865 0.060791
vt 0.318115 0.087280
vt 0.029648 0.375403
vt 0.032225 0.375684
vt 0.336419 0.705965
vt 0.356201 0.715820
vt 0.353516 0.741211
vt 0.353027 0.715332
vt 0.332560 0.036412
vt 0.335581 0.028073
vt 0.051530 0.310047
vt 0.057301 0.287114
vt 0.057504 0.310329
vt 0.368787 0.579165
vt 0.371225 0.577544
vt 0.371049 0.579048
vt 0.483609 0.849211
vt 0.331575 0.677699
vt 0.331927 0.662134
vt 0.343401 0.677725
vt 0.053925 0.396101
vt 0.195190 0.737816
vt 0.281247 0.737797
vt 0.240083 0.443792
vt 0.229827 0.436119
vt 0.281986 0.825684
vt 0.277588 0.822754
vt 0.277638 0.820314
vt 0.727616 0.132812
vt 0.988740 0.681641
vt 0.988707 0.696328
vt 0.617797 0.207991
vt 0.626465 0.234985
vt 0.270996 0.822754
vt 0.553379 0.305486
vt 0.024217 0.812382
vt 0.023724 0.803427
vt 0.619090 0.309831
vt 0.623535 0.310059
vt 0.760238 0.046669
vt 0.764209 0.952473
vt 0.774928 0.956057
vt 0.304199 0.383545
vt 0.304199 0.386499
vt 0.226685 0.148438
vt 0.223633 0.151001
vt 0.223633 0.148438
vt 0.637783 0.212608
vt 0.637637 0.210191
vt 0.978516 0.948732
vt 0.611382 0.308455
vt 0.452393 0.319824
vt 0.448245 0.306661
vt 0.939429 0.996094
vt 0.948730 0.975438
vt 0.948730 0.996094
vt 0.032245 0.455454
vt 0.029651 0.455462
vt 0.735831 0.109924
vt 0.368652 0.794445
vt 0.367505 0.811462
vt 0.373495 0.581069
vt 0.365493 0.581062
vt 0.366728 0.574718
vt 0.191895 0.920898
vt 0.163452 0.921387
vt 0.160760 0.926765
vt 0.269040 0.808105
vt 0.269035 0.812502
vt 0.266190 0.805097
vt 0.342834 0.859055
vt 0.391044 0.762519
vt 0.391571 0.858673
vt 0.330873 0.676830
vt 0.325474 0.660645
vt 0.773462 0.186499
vt 0.322660 0.702168
vt 0.896484 0.246216
vt 0.894710 0.247987
vt 0.891876 0.241211
vt 0.397871 0.152553
vt 0.398990 0.157711
vt 0.414402 0.153646
vt 0.032598 0.311956
vt 0.036698 0.324550
vt 0.263459 0.573242
vt 0.268139 0.561035
vt 0.273370 0.573242
vt 0.826096 0.976058
vt 0.826079 0.968239
vt 0.831468 0.978022
vt 0.317271 0.030371
vt 0.089309 0.207232
vt 0.398662 0.158309
vt 0.415094 0.153372
vt 0.398404 0.153035
vt 0.325198 0.060667
vt 0.324292 0.056581
vt 0.888330 0.738749
vt 0.734665 0.978265
vt 0.741685 0.978529
vt 0.980491 0.900857
vt 0.970215 0.987800
vt 0.971672 0.901360
vt 0.004998 0.242063
vt 0.517749 0.096433
vt 0.521968 0.094699
vt 0.521556 0.097691
vt 0.894543 0.598133
vt 0.895996 0.599609
vt 0.895996 0.601562
vt 0.492675 0.520020
vt 0.491759 0.508765
vt 0.050415 0.406732
vt 0.053925 0.403205
vt 0.034556 0.633749
vt 0.035455 0.629924
vt 0.032684 0.630830
vt 0.515924 0.095497
vt 0.514502 0.094438
vt 0.522768 0.042908
vt 0.638708 0.042908
vt 0.040773 0.481579
vt 0.037307 0.483026
vt 0.520509 0.103997
vt 0.516602 0.103271
vt 0.562638 0.993188
vt 0.556526 0.999021
vt 0.923828 0.897461
vt 0.920898 0.923340
vt 0.008219 0.615189
vt 0.360839 0.941348
vt 0.443107 0.631089
vt 0.459449 0.737347
vt 0.210693 0.866699
vt 0.517009 0.099952
vt 0.521065 0.101270
vt 0.773354 0.288699
vt 0.773438 0.287598
vt 0.649980 0.859202
vt 0.893066 0.895677
vt 0.053925 0.396159
vt 0.868652 0.760254
vt 0.864746 0.771973
vt 0.863770 0.762695
vt 0.521484 0.099548
vt 0.517090 0.098816
vt 0.607910 0.308360
vt 0.607910 0.308794
vt 0.043640 0.126968
vt 0.057069 0.127614
vt 0.831504 0.913550
vt 0.764476 0.926579
vt 0.764264 0.913445
vt 0.719238 0.849609
vt 0.034838 0.478526
vt 0.989648 0.779297
vt 0.970243 0.856934
vt 0.970246 0.779297
vt 0.517578 0.088013
vt 0.517818 0.113310
vt 0.206421 0.931641
vt 0.188110 0.586426
vt 0.210083 0.601562
vt 0.355141 0.677673
vt 0.366940 0.661692
vt 0.368285 0.677724
vt 0.827360 0.301692
vt 0.826172 0.298841
vt 0.019553 0.646991
vt 0.264780 0.289300
vt 0.234375 0.064392
vt 0.235352 0.067536
vt 0.234375 0.066646
vt 0.054749 0.400268
vt 0.047326 0.600098
vt 0.662450 0.083572
vt 0.020569 0.271484
vt 0.008212 0.633547
vt 0.009608 0.646521
vt 0.582747 0.993209
vt 0.580744 0.998978
vt 0.973145 0.801257
vt 0.963868 0.841309
vt 0.963841 0.801243
vt 0.060428 0.332029
vt 0.387692 0.065003
vt 0.351738 0.065111
vt 0.728516 0.093506
vt 0.724894 0.086565
vt 0.009858 0.596188
vt 0.019168 0.591302
vt 0.019194 0.600383
vt 0.904785 0.079468
vt 0.041907 0.471401
vt 0.043686 0.468743
vt 0.044992 0.472098
vt 0.509766 0.178345
vt 0.515634 0.187621
vt 0.516098 0.166820
vt 0.449463 0.285383
vt 0.446289 0.298823
vt 0.452369 0.299072
vt 0.360818 0.390151
vt 0.351074 0.395020
vt 0.350586 0.395020
vt 0.075519 0.216077
vt 0.070484 0.211501
vt 0.498164 0.287711
vt 0.160278 0.158081
vt 0.123474 0.155762
vt 0.163696 0.155762
vt 0.360041 0.239415
vt 0.342051 0.238534
vt 0.626465 0.208008
vt 0.620117 0.203247
vt 0.622070 0.208496
vt 0.413906 0.158919
vt 0.292570 0.452864
vt 0.312095 0.428138
vt 0.312483 0.453111
vt 0.844238 0.438965
vt 0.853062 0.099182
vt 0.844238 0.099182
vt 0.226023 0.180781
vt 0.234689 0.176004
vt 0.728516 0.087769
vt 0.728516 0.086487
vt 0.314316 0.182861
vt 0.312347 0.179328
vt 0.314209 0.179466
vt 0.231812 0.170966
vt 0.337158 0.395741
vt 0.316618 0.395413
vt 0.336888 0.388174
vt 0.701183 0.021084
vt 0.041853 0.485258
vt 0.044377 0.481574
vt 0.047992 0.482965
vt 0.091375 0.914062
vt 0.888672 0.885653
vt 0.888672 0.890951
vt 0.115788 0.045238
vt 0.254883 0.818359
vt 0.246460 0.817383
vt 0.364138 0.032615
vt 0.433585 0.192378
vt 0.435303 0.187988
vt 0.589040 0.520471
vt 0.605505 0.141033
vt 0.330994 0.668972
vt 0.331858 0.679190
vt 0.888266 0.883017
vt 0.885908 0.888836
vt 0.894539 0.788094
vt 0.895515 0.785163
vt 0.522462 0.405024
vt 0.053925 0.401958
vt 0.054749 0.401965
vt 0.619984 0.056926
vt 0.183326 0.167418
vt 0.176024 0.160290
vt 0.183311 0.160895
vt 0.408693 0.727539
vt 0.190918 0.862793
vt 0.317520 0.070800
vt 0.329068 0.069786
vt 0.810059 0.443359
vt 0.041050 0.498167
vt 0.034803 0.498164
vt 0.346423 0.064462
vt 0.347966 0.056467
vt 0.340785 0.056648
vt 0.053925 0.404635
vt 0.849155 0.259183
vt 0.582407 0.532101
vt 0.816434 0.983898
vt 0.815789 0.973905
vt 0.833347 0.979105
vt 0.775879 0.833539
vt 0.768206 0.833498
vt 0.518066 0.661621
vt 0.843750 0.458008
vt 0.371338 0.577871
vt 0.369704 0.579590
vt 0.368466 0.578728
vt 0.504269 0.515613
vt 0.458181 0.243652
vt 0.691415 0.072646
vt 0.763536 0.843774
vt 0.755094 0.855469
vt 0.050384 0.478397
vt 0.372034 0.574479
vt 0.366696 0.573344
vt 0.365512 0.581071
vt 0.369629 0.593706
vt 0.714240 0.072991
vt 0.714237 0.064301
vt 0.315556 0.056580
vt 0.516112 0.091753
vt 0.185947 0.166313
vt 0.701198 0.433604
vt 0.882680 0.896973
vt 0.314697 0.723633
vt 0.312744 0.736328
vt 0.312744 0.723633
vt 0.205322 0.198856
vt 0.776855 0.937436
vt 0.633592 0.019852
vt 0.521944 0.017565
vt 0.949219 0.859863
vt 0.974205 0.836071
vt 0.965160 0.859386
vt 0.894523 0.660027
vt 0.895996 0.658691
vt 0.897949 0.658691
vt 0.347471 0.026395
vt 0.549316 0.271729
vt 0.954102 0.909108
vt 0.944824 0.991616
vt 0.944824 0.908691
vt 0.706995 0.272895
vt 0.706905 0.271272
vt 0.016037 0.749135
vt 0.019015 0.731934
vt 0.019073 0.744521
vt 0.019073 0.752441
vt 0.013000 0.746980
vt 0.019073 0.760305
vt 0.013000 0.773445
vt 0.018978 0.773438
vt 0.006920 0.773438
vt 0.578013 0.249386
vt 0.578064 0.241212
vt 0.578125 0.245333
vt 0.567586 0.241290
vt 0.567572 0.249340
vt 0.563965 0.241253
vt 0.563965 0.249338
vt 0.582031 0.743136
vt 0.529785 0.743164
vt 0.895691 0.410125
vt 0.896973 0.413330
vt 0.894228 0.416504
vt 0.896973 0.416504
vt 0.641602 0.160156
vt 0.898926 0.883301
vt 0.898438 0.882812
vt 0.894917 0.347412
vt 0.889140 0.352295
vt 0.891113 0.347412
vt 0.891113 0.363770
vt 0.894373 0.357761
vt 0.894765 0.363770
vt 0.896973 0.363770
vt 0.895766 0.193173
vt 0.895862 0.199741
vt 0.891113 0.201294
vt 0.891113 0.246216
vt 0.891113 0.250977
vt 0.891978 0.257559
vt 0.032625 0.764169
vt 0.050138 0.764169
vt 0.893985 0.151678
vt 0.894458 0.143657
vt 0.896484 0.144906
vt 0.891113 0.145612
vt 0.749944 0.412842
vt 0.749512 0.406494
vt 0.897947 0.885745
vt 0.044434 0.375977
vt 0.117234 0.016318
vt 0.335852 0.497442
vt 0.336451 0.485849
vt 0.452393 0.285400
vt 0.452393 0.292236
vt 0.364258 0.042908
vt 0.503428 0.042908
vt 0.452393 0.306313
vt 0.440186 0.306152
vt 0.440186 0.299072
vt 0.891113 0.092102
vt 0.894394 0.092102
vt 0.893609 0.082092
vt 0.891229 0.098755
vt 0.896484 0.092102
vt 0.459473 0.064381
vt 0.452647 0.058993
vt 0.452672 0.070876
vt 0.237183 0.149737
vt 0.237183 0.148438
vt 0.240356 0.148438
vt 0.237183 0.151001
vt 0.192993 0.253901
vt 0.880377 0.809082
vt 0.032237 0.387201
vt 0.754188 0.964984
vt 0.305373 0.020923
vt 0.700709 0.272980
vt 0.744349 0.412904
vt 0.713489 0.412598
vt 0.710633 0.413086
vt 0.689595 0.002499
vt 0.879883 0.002499
vt 0.011945 0.609514
vt 0.006920 0.629807
vt 0.006920 0.611596
vt 0.888672 0.885618
vt 0.888672 0.890953
vt 0.672363 0.277272
vt 0.303350 0.179334
vt 0.298644 0.182861
vt 0.300804 0.179334
vt 0.757812 0.036744
vt 0.053925 0.400301
vt 0.607910 0.304899
vt 0.531250 0.381104
vt 0.545410 0.379883
vt 0.545410 0.381104
vt 0.550758 0.383966
vt 0.553223 0.404576
vt 0.545437 0.386026
vt 0.293248 0.481978
vt 0.880129 0.212176
vt 0.487305 0.019852
vt 0.487549 0.027234
vt 0.879540 0.261939
vt 0.012266 0.868120
vt 0.005020 0.876443
vt 0.821777 0.412598
vt 0.116696 0.028205
vt 0.217848 0.029083
vt 0.761708 0.055401
vt 0.763497 0.087062
vt 0.709473 0.866895
vt 0.602051 0.868847
vt 0.586065 0.870985
vt 0.335323 0.629672
vt 0.326193 0.636487
vt 0.278809 0.893555
vt 0.274902 0.893555
vt 0.032236 0.350098
vt 0.029667 0.362587
vt 0.029670 0.350098
vt 0.861816 0.921875
vt 0.860352 0.895996
vt 0.151367 0.935547
vt 0.749512 0.406086
vt 0.137691 0.045238
vt 0.142456 0.014778
vt 0.018494 0.445205
vt 0.706507 0.338162
vt 0.326193 0.636487
vt 0.709716 0.855720
vt 0.044440 0.630739
vt 0.043064 0.634520
vt 0.046208 0.629892
vt 0.879540 0.261939
vt 0.651354 0.327160
vt 0.578251 0.327155
vt 0.011090 0.629342
vt 0.228638 0.246338
vt 0.340576 0.002499
vt 0.944824 0.951172
vt 0.954102 0.951656
vt 0.954102 0.909103
vt 0.185055 0.162269
vt 0.979977 0.970594
vt 0.971214 0.935957
vt 0.980229 0.933755
vt 0.281428 0.573242
vt 0.277358 0.558378
vt 0.281494 0.561038
vt 0.951781 0.808990
vt 0.949707 0.718749
vt 0.990562 0.791574
vt 0.929200 0.859849
vt 0.929826 0.816528
vt 0.965820 0.752930
vt 0.965820 0.835447
vt 0.973633 0.996030
vt 0.963951 0.996078
vt 0.973633 0.964202
vt 0.963999 0.996131
vt 0.973633 0.965914
vt 0.973633 0.913574
vt 0.963890 0.913574
vt 0.437012 0.188843
vt 0.306551 0.182861
vt 0.307882 0.179350
vt 0.319601 0.024889
vt 0.303229 0.028804
vt 0.942868 0.918000
vt 0.942871 0.927586
vt 0.934588 0.917970
vt 0.936035 0.853523
vt 0.964878 0.996094
vt 0.955566 0.913621
vt 0.964852 0.913605
vt 0.366689 0.105652
vt 0.963963 0.996094
vt 0.879826 0.847179
vt 0.879395 0.832520
vt 0.883084 0.832323
vt 0.271996 0.805155
vt 0.268490 0.801285
vt 0.666016 0.076050
vt 0.893348 0.330743
vt 0.896973 0.329720
vt 0.896978 0.332808
vt 0.990234 0.912109
vt 0.990234 0.923824
vt 0.978489 0.912109
vt 0.050921 0.424729
vt 0.044494 0.429493
vt 0.044534 0.424636
vt 0.641602 0.129395
vt 0.201782 0.315186
vt 0.346053 0.679016
vt 0.342879 0.660645
vt 0.714413 0.234927
vt 0.176023 0.160295
vt 0.183317 0.167424
vt 0.176025 0.168090
vt 0.067632 0.855305
vt 0.056956 0.854004
vt 0.377894 0.710083
vt 0.380081 0.705060
vt 0.368900 0.844262
vt 0.371091 0.844241
vt 0.686035 0.130249
vt 0.396719 0.060749
vt 0.407161 0.064323
vt 0.396293 0.058380
vt 0.167588 0.216082
vt 0.058795 0.784668
vt 0.059961 0.769627
vt 0.834615 0.884354
vt 0.829358 0.915584
vt 0.816105 0.883799
vt 0.800855 0.916013
vt 0.802291 0.884364
vt 0.465574 0.091862
vt 0.462648 0.091861
vt 0.353243 0.712629
vt 0.335898 0.706466
vt 0.355519 0.709867
vt 0.336179 0.632812
vt 0.337876 0.635537
vt 0.474121 0.774902
vt 0.454102 0.778794
vt 0.454102 0.774902
vt 0.048083 0.287505
vt 0.048368 0.275879
vt 0.043261 0.264584
vt 0.057296 0.275635
vt 0.057614 0.264404
vt 0.041992 0.310059
vt 0.041718 0.289043
vt 0.045008 0.310085
vt 0.041611 0.275879
vt 0.523821 0.930869
vt 0.524421 0.907699
vt 0.527823 0.928493
vt 0.528296 0.907727
vt 0.387713 0.059340
vt 0.442648 0.064996
vt 0.527842 0.947194
vt 0.527832 0.924900
vt 0.528687 0.907793
vt 0.710449 0.406494
vt 0.820801 0.302246
vt 0.818946 0.302136
vt 0.516160 0.145635
vt 0.495117 0.144897
vt 0.597659 0.959961
vt 0.835938 0.961670
vt 0.452416 0.163086
vt 0.458986 0.191952
vt 0.191313 0.159246
vt 0.182626 0.153689
vt 0.196026 0.154780
vt 0.354004 0.546387
vt 0.349395 0.589785
vt 0.896973 0.891600
vt 0.372082 0.678912
vt 0.585102 0.028250
vt 0.581715 0.037655
vt 0.752441 0.858398
vt 0.754395 0.863770
vt 0.754395 0.857910
vt 0.675036 0.984375
vt 0.666229 0.984031
vt 0.207153 0.819336
vt 0.209106 0.821777
vt 0.524168 0.772951
vt 0.558835 0.772702
vt 0.734782 0.014475
vt 0.041140 0.507027
vt 0.041137 0.500352
vt 0.301570 0.296556
vt 0.767767 0.878687
vt 0.794744 0.859322
vt 0.780619 0.892047
vt 0.641683 0.182730
vt 0.632241 0.185900
vt 0.647187 0.174921
vt 0.934570 0.923524
vt 0.762207 0.110840
vt 0.924234 0.978515
vt 0.916504 0.978516
vt 0.906305 0.978513
vt 0.775028 0.961499
vt 0.764308 0.965440
vt 0.047577 0.477822
vt 0.032241 0.400425
vt 0.304696 0.605453
vt 0.851538 0.770122
vt 0.261963 0.333252
vt 0.117004 0.042908
vt 0.217272 0.035461
vt 0.116618 0.034458
vt 0.029892 0.375244
vt 0.563965 0.157227
vt 0.589355 0.157227
vt 0.569824 0.158325
vt 0.881836 0.804688
vt 0.340576 0.047089
vt 0.332031 0.047089
vt 0.323081 0.031370
vt 0.360569 0.653327
vt 0.334477 0.660645
vt 0.325440 0.675781
vt 0.325472 0.660645
vt 0.707528 0.912934
vt 0.712057 0.889766
vt 0.711437 0.912973
vt 0.067501 0.848654
vt 0.858887 0.763011
vt 0.831521 0.901693
vt 0.815918 0.901888
vt 0.176023 0.160298
vt 0.183314 0.167427
vt 0.176025 0.168086
vt 0.057715 0.597129
vt 0.055444 0.600473
vt 0.893066 0.577148
vt 0.430606 0.976562
vt 0.434514 0.978017
vt 0.153291 0.744998
vt 0.415771 0.908691
vt 0.775391 0.947314
vt 0.776855 0.948024
vt 0.356205 0.715800
vt 0.157593 0.164183
vt 0.158813 0.163086
vt 0.776855 0.945918
vt 0.651567 0.316481
vt 0.655462 0.303267
vt 0.655459 0.314659
vt 0.502002 0.974314
vt 0.495396 0.983909
vt 0.488526 0.972618
vt 0.566473 0.255707
vt 0.226685 0.151001
vt 0.230225 0.148438
vt 0.478761 0.754354
vt 0.444760 0.764497
vt 0.443848 0.754417
vt 0.398285 0.056811
vt 0.396242 0.058599
vt 0.625977 0.138916
vt 0.619581 0.160645
vt 0.730757 0.863770
vt 0.013502 0.876468
vt 0.572266 0.247314
vt 0.571289 0.239624
vt 0.571644 0.250711
vt 0.321289 0.383575
vt 0.333328 0.384243
vt 0.711430 0.879878
vt 0.716007 0.880830
vt 0.623535 0.308951
vt 0.988752 0.938193
vt 0.969315 0.949219
vt 0.969252 0.938099
vt 0.346243 0.011958
vt 0.359164 0.018299
vt 0.970703 0.812003
vt 0.979502 0.893565
vt 0.970215 0.893570
vt 0.338549 0.026903
vt 0.351060 0.023604
vt 0.359142 0.032402
vt 0.360023 0.010802
vt 0.350778 0.007532
vt 0.334127 0.007163
vt 0.341064 0.614668
vt 0.341064 0.618980
vt 0.339111 0.614746
vt 0.328188 0.008365
vt 0.318406 0.007660
vt 0.305176 0.008834
vt 0.332915 0.034962
vt 0.320068 0.036041
vt 0.323944 0.036083
vt 0.522949 0.093444
vt 0.343994 0.758789
vt 0.879538 0.235549
vt 0.714355 0.087769
vt 0.383301 0.191772
vt 0.372070 0.190063
vt 0.831528 0.925771
vt 0.764341 0.939857
vt 0.054777 0.854910
vt 0.429952 0.523353
vt 0.552734 0.764026
vt 0.490066 0.760911
vt 0.552734 0.754419
vt 0.835938 0.936557
vt 0.833984 0.943868
vt 0.829102 0.946535
vt 0.687825 0.983905
vt 0.835938 0.954163
vt 0.833984 0.950204
vt 0.790418 0.892299
vt 0.770478 0.882734
vt 0.777319 0.858948
vt 0.672868 0.066209
vt 0.833984 0.943831
vt 0.942871 0.817383
vt 0.833984 0.961530
vt 0.835938 0.957998
vt 0.735342 0.251218
vt 0.031281 0.630859
vt 0.031372 0.634277
vt 0.775391 0.959473
vt 0.833984 0.957774
vt 0.833984 0.951158
vt 0.776855 0.957511
vt 0.775391 0.959473
vt 0.835938 0.954163
vt 0.833984 0.953125
vt 0.833984 0.956133
vt 0.459197 0.727110
vt 0.835938 0.957998
vt 0.833984 0.959758
vt 0.833984 0.938508
vt 0.835938 0.936556
vt 0.009912 0.404721
vt 0.887195 0.882336
vt 0.888041 0.882615
vt 0.717246 0.075905
vt 0.053925 0.398193
vt 0.054749 0.396765
vt 0.158383 0.920792
vt 0.152023 0.918458
vt 0.715019 0.260576
vt 0.709481 0.255623
vt 0.061035 0.681641
vt 0.061035 0.680664
vt 0.051239 0.681641
vt 0.621596 0.038333
vt 0.621103 0.059145
vt 0.195190 0.790537
vt 0.278839 0.790012
vt 0.516588 0.036778
vt 0.246899 0.205078
vt 0.238412 0.205078
vt 0.244764 0.201416
vt 0.050415 0.389653
vt 0.053925 0.389680
vt 0.337876 0.635537
vt 0.700353 0.363446
vt 0.706401 0.363455
vt 0.369629 0.599609
vt 0.358643 0.599609
vt 0.018715 0.606934
vt 0.007804 0.600133
vt 0.311386 0.709572
vt 0.764216 0.978018
vt 0.852539 0.846191
vt 0.822754 0.845215
vt 0.854004 0.806152
vt 0.458827 0.296934
vt 0.477516 0.284182
vt 0.070990 0.289300
vt 0.004997 0.666992
vt 0.032234 0.428467
vt 0.325440 0.675781
vt 0.812012 0.374268
vt 0.895008 0.882801
vt 0.586675 0.324033
vt 0.351323 0.632812
vt 0.470284 0.089172
vt 0.878932 0.184556
vt 0.686035 0.203247
vt 0.855451 0.843764
vt 0.817410 0.843772
vt 0.820321 0.842782
vt 0.245794 0.157227
vt 0.252327 0.160767
vt 0.245739 0.160767
vt 0.831515 0.939639
vt 0.814453 0.948730
vt 0.793457 0.948730
vt 0.514490 0.094490
vt 0.516047 0.095546
vt 0.305915 0.179328
vt 0.523280 0.358296
vt 0.522461 0.347168
vt 0.554688 0.345471
vt 0.413163 0.154230
vt 0.230347 0.083784
vt 0.970234 0.916920
vt 0.336160 0.678292
vt 0.700194 0.015718
vt 0.431437 0.598747
vt 0.735352 0.858398
vt 0.914076 0.123218
vt 0.150667 0.213119
vt 0.942871 0.808594
vt 0.896973 0.891600
vt 0.450684 0.611328
vt 0.350813 0.390224
vt 0.350342 0.394775
vt 0.392101 0.111083
vt 0.357187 0.498017
vt 0.380755 0.496011
vt 0.406778 0.068753
vt 0.729492 0.009926
vt 0.007368 0.404084
vt 0.571289 0.249390
vt 0.563965 0.249390
vt 0.567383 0.249390
vt 0.320557 0.986816
vt 0.336182 0.981492
vt 0.320557 0.981478
vt 0.451399 0.636230
vt 0.441691 0.636230
vt 0.679199 0.632812
vt 0.681641 0.590820
vt 0.258052 0.172335
vt 0.217529 0.921716
vt 0.218021 0.611452
vt 0.219482 0.609863
vt 0.221313 0.609863
vt 0.753784 0.839352
vt 0.856934 0.092834
vt 0.272705 0.594727
vt 0.247070 0.391602
vt 0.241365 0.436258
vt 0.605840 0.287712
vt 0.621094 0.285400
vt 0.685673 0.047089
vt 0.687400 0.041504
vt 0.705078 0.047089
vt 0.148071 0.933105
vt 0.452393 0.178101
vt 0.451660 0.187500
vt 0.454892 0.191896
vt 0.039551 0.582031
vt 0.046814 0.583008
vt 0.039520 0.583008
vt 0.029887 0.418213
vt 0.032197 0.361998
vt 0.032073 0.368426
vt 0.034144 0.296556
vt 0.351824 0.629677
vt 0.697913 0.240556
vt 0.697864 0.231907
vt 0.356445 0.740723
vt 0.353516 0.740723
vt 0.416722 0.647454
vt 0.042623 0.481969
vt 0.310034 0.493866
vt 0.293465 0.492920
vt 0.776403 0.343516
vt 0.774716 0.346233
vt 0.012192 0.709961
vt 0.012070 0.716797
vt 0.710449 0.412354
vt 0.710449 0.412598
vt 0.326660 0.793945
vt 0.371709 0.770792
vt 0.716797 0.490234
vt 0.014788 0.607422
vt 0.310880 0.714357
vt 0.311523 0.715332
vt 0.309105 0.715995
vt 0.310639 0.725586
vt 0.308886 0.724621
vt 0.315135 0.717752
vt 0.314641 0.723626
vt 0.647992 0.532455
vt 0.647729 0.545363
vt 0.616646 0.532481
vt 0.625536 0.567713
vt 0.636719 0.566895
vt 0.639111 0.567713
vt 0.636719 0.554688
vt 0.005014 0.614058
vt 0.015809 0.622281
vt 0.007786 0.590820
vt 0.812790 0.771919
vt 0.814941 0.772949
vt 0.793945 0.772949
vt 0.627930 0.599121
vt 0.616605 0.588715
vt 0.647765 0.589725
vt 0.288330 0.392819
vt 0.304199 0.391155
vt 0.304199 0.392820
vt 0.780319 0.951080
vt 0.780266 0.955063
vt 0.786129 0.958008
vt 0.648060 0.577105
vt 0.638225 0.598745
vt 0.617030 0.589796
vt 0.509766 0.218872
vt 0.045346 0.399638
vt 0.046923 0.400604
vt 0.894159 0.789932
vt 0.020370 0.047060
vt 0.213126 0.041504
vt 0.054749 0.391490
vt 0.865784 0.099182
vt 0.865579 0.438965
vt 0.184572 0.162036
vt 0.577158 0.018120
vt 0.583975 0.010010
vt 0.583980 0.018215
vt 0.308350 0.739258
vt 0.472412 0.458252
vt 0.095947 0.867676
vt 0.093140 0.865723
vt 0.092651 0.845215
vt 0.345459 0.453110
vt 0.029648 0.638143
vt 0.058594 0.640814
vt 0.054749 0.394436
vt 0.053925 0.396103
vt 0.459715 0.257813
vt 0.458024 0.253912
vt 0.833984 0.951158
vt 0.735948 0.982612
vt 0.487061 0.042908
vt 0.886630 0.906827
vt 0.978516 0.868164
vt 0.430494 0.533975
vt 0.802246 0.792969
vt 0.818848 0.773438
vt 0.793457 0.909180
vt 0.814453 0.909180
vt 0.312752 0.876475
vt 0.314138 0.876108
vt 0.886180 0.793074
vt 0.509283 0.257576
vt 0.014509 0.380109
vt 0.305588 0.679208
vt 0.833984 0.963865
vt 0.413310 0.576795
vt 0.394739 0.577293
vt 0.696777 0.239258
vt 0.349032 0.070483
vt 0.880786 0.859986
vt 0.318663 0.653320
vt 0.331835 0.653323
vt 0.327330 0.726438
vt 0.337506 0.709415
vt 0.651278 0.301154
vt 0.767578 0.252930
vt 0.767578 0.258301
vt 0.229199 0.205078
vt 0.220726 0.205078
vt 0.227077 0.201416
vt 0.455322 0.797852
vt 0.450195 0.792480
vt 0.831398 0.965370
vt 0.815918 0.965418
vt 0.826049 0.962322
vt 0.623535 0.303244
vt 0.357588 0.679199
vt 0.764160 0.903809
vt 0.764160 0.902236
vt 0.776855 0.948024
vt 0.775391 0.951233
vt 0.340854 0.712944
vt 0.323964 0.736328
vt 0.338314 0.708388
vt 0.263438 0.395264
vt 0.352165 0.714975
vt 0.348253 0.714891
vt 0.057061 0.088562
vt 0.045288 0.126953
vt 0.045349 0.088562
vt 0.775391 0.951233
vt 0.050145 0.373540
vt 0.050146 0.353022
vt 0.051775 0.353029
vt 0.702148 0.901855
vt 0.697752 0.902325
vt 0.701254 0.890306
vt 0.347412 0.392597
vt 0.245051 0.177237
vt 0.709961 0.792480
vt 0.692383 0.729004
vt 0.738281 0.727539
vt 0.051784 0.373540
vt 0.051783 0.353021
vt 0.050233 0.373536
vt 0.775391 0.936361
vt 0.776855 0.937436
vt 0.019526 0.616052
vt 0.045703 0.395016
vt 0.048218 0.394531
vt 0.246872 0.171079
vt 0.234845 0.171022
vt 0.292236 0.817871
vt 0.282383 0.805082
vt 0.299805 0.817383
vt 0.417236 0.731934
vt 0.641113 0.138794
vt 0.685514 0.160644
vt 0.682606 0.132569
vt 0.029989 0.650397
vt 0.350655 0.394880
vt 0.048373 0.799466
vt 0.552794 0.386313
vt 0.569824 0.777831
vt 0.571289 0.831055
vt 0.584473 0.002499
vt 0.592982 0.002321
vt 0.452895 0.036992
vt 0.512207 0.831055
vt 0.513184 0.777829
vt 0.515625 0.834473
vt 0.515137 0.831543
vt 0.567871 0.831543
vt 0.544434 0.162231
vt 0.833984 0.956381
vt 0.308592 0.710448
vt 0.282959 0.791504
vt 0.311031 0.708490
vt 0.194092 0.181152
vt 0.205322 0.198886
vt 0.663086 0.207886
vt 0.438246 0.267982
vt 0.432261 0.274952
vt 0.429838 0.268388
vt 0.409994 0.238446
vt 0.408936 0.233643
vt 0.209473 0.868164
vt 0.651383 0.291264
vt 0.578001 0.300680
vt 0.578122 0.291266
vt 0.306840 0.608471
vt 0.245605 0.061646
vt 0.194824 0.357359
vt 0.895508 0.890726
vt 0.895508 0.885681
vt 0.393759 0.522949
vt 0.413352 0.522461
vt 0.344902 0.233737
vt 0.346191 0.228882
vt 0.336179 0.626465
vt 0.659668 0.859863
vt 0.781250 0.400146
vt 0.244019 0.282471
vt 0.245483 0.266846
vt 0.463965 0.534062
vt 0.007877 0.572739
vt 0.514773 0.092632
vt 0.064636 0.849429
vt 0.050720 0.849117
vt 0.334528 0.935350
vt 0.679199 0.714844
vt 0.638092 0.715798
vt 0.024155 0.985352
vt 0.338623 0.763672
vt 0.338623 0.985352
vt 0.184590 0.161904
vt 0.191404 0.255125
vt 0.700709 0.272980
vt 0.939439 0.913577
vt 0.948730 0.925293
vt 0.939426 0.966293
vt 0.299064 0.887263
vt 0.366943 0.983887
vt 0.296875 0.889648
vt 0.578140 0.388221
vt 0.281005 0.602539
vt 0.320557 0.783203
vt 0.329102 0.838867
vt 0.452890 0.031800
vt 0.709473 0.864258
vt 0.709473 0.870117
vt 0.696777 0.851562
vt 0.033691 0.671875
vt 0.038727 0.673828
vt 0.710938 0.847168
vt 0.511230 0.015717
vt 0.518377 0.016658
vt 0.461042 0.564956
vt 0.308595 0.710450
vt 0.029495 0.564453
vt 0.888266 0.883018
vt 0.885909 0.888837
vt 0.399620 0.566278
vt 0.524431 0.947280
vt 0.418013 0.582564
vt 0.154928 0.262176
vt 0.451416 0.088257
vt 0.510741 0.226189
vt 0.561357 0.165321
vt 0.235623 0.180774
vt 0.369223 0.579244
vt 0.369304 0.576877
vt 0.371305 0.577884
vt 0.528809 0.408691
vt 0.530974 0.409694
vt 0.124390 0.330322
vt 0.954102 0.991701
vt 0.944824 0.991680
vt 0.623535 0.305142
vt 0.032257 0.362481
vt 0.642578 0.995612
vt 0.404852 0.095337
vt 0.413529 0.095337
vt 0.411553 0.098938
vt 0.653136 0.210086
vt 0.668457 0.201904
vt 0.254319 0.157227
vt 0.978543 0.701665
vt 0.990234 0.796286
vt 0.400541 0.217493
vt 0.396390 0.233981
vt 0.397622 0.227557
vt 0.315186 0.717773
vt 0.321533 0.706055
vt 0.323242 0.707031
vt 0.386719 0.201416
vt 0.386719 0.280518
vt 0.818964 0.976122
vt 0.815918 0.981421
vt 0.818950 0.968214
vt 0.424303 0.060978
vt 0.492333 0.527991
vt 0.282243 0.555673
vt 0.278909 0.555595
vt 0.637865 0.172055
vt 0.276870 0.633282
vt 0.278821 0.685059
vt 0.195190 0.685415
vt 0.012659 0.380022
vt 0.781255 0.895509
vt 0.795410 0.895150
vt 0.781255 0.924498
vt 0.336426 0.216675
vt 0.315918 0.216553
vt 0.356602 0.059178
vt 0.355856 0.058197
vt 0.391852 0.058334
vt 0.186103 0.374108
vt 0.010582 0.717285
vt 0.435774 0.058548
vt 0.442697 0.060206
vt 0.435467 0.059503
vt 0.305891 0.061905
vt 0.305936 0.058478
vt 0.318953 0.058850
vt 0.969298 0.857422
vt 0.988673 0.778809
vt 0.988730 0.856934
vt 0.318359 0.382812
vt 0.335205 0.383057
vt 0.879854 0.807390
vt 0.668945 0.821289
vt 0.640137 0.781250
vt 0.668945 0.781250
vt 0.474365 0.209229
vt 0.484131 0.216675
vt 0.885254 0.788086
vt 0.895508 0.785156
vt 0.894531 0.788086
vt 0.851663 0.438965
vt 0.819336 0.762995
vt 0.815918 0.762695
vt 0.333205 0.207462
vt 0.199454 0.144407
vt 0.895996 0.773926
vt 0.892124 0.768370
vt 0.895996 0.771973
vt 0.638648 0.168788
vt 0.606445 0.270752
vt 0.617188 0.268066
vt 0.615723 0.270752
vt 0.542823 0.837635
vt 0.607910 0.301055
vt 0.607910 0.300537
vt 0.337646 0.710449
vt 0.799316 0.773438
vt 0.807588 0.802682
vt 0.805157 0.804165
vt 0.891152 0.675050
vt 0.889959 0.677613
vt 0.240356 0.151001
vt 0.883315 0.939112
vt 0.734771 0.020727
vt 0.708008 0.412843
vt 0.904792 0.860825
vt 0.891268 0.135138
vt 0.422163 0.265505
vt 0.413363 0.259988
vt 0.422611 0.257971
vt 0.416504 0.784180
vt 0.416504 0.802246
vt 0.879242 0.235866
vt 0.878277 0.183843
vt 0.906853 0.995895
vt 0.228394 0.133545
vt 0.195190 0.591309
vt 0.738281 0.842285
vt 0.711426 0.794922
vt 0.582745 0.872070
vt 0.580551 0.861336
vt 0.044828 0.398982
vt 0.223676 0.072524
vt 0.226194 0.076817
vt 0.224026 0.074980
vt 0.647617 0.206850
vt 0.563422 0.125944
vt 0.340933 0.679357
vt 0.029648 0.387160
vt 0.050415 0.389654
vt 0.053925 0.389679
vt 0.310533 0.481737
vt 0.007368 0.404084
vt 0.656750 0.212616
vt 0.235107 0.499512
vt 0.230838 0.527347
vt 0.632242 0.195831
vt 0.655296 0.168734
vt 0.613112 0.090171
vt 0.282449 0.820255
vt 0.371329 0.854023
vt 0.369147 0.854016
vt 0.164673 0.171387
vt 0.160278 0.170166
vt 0.500000 0.764264
vt 0.552734 0.809082
vt 0.225134 0.070489
vt 0.970260 0.971191
vt 0.546110 0.409696
vt 0.314697 0.741699
vt 0.312744 0.741211
vt 0.351343 0.655622
vt 0.050903 0.425176
vt 0.044492 0.429441
vt 0.044535 0.424655
vt 0.356350 0.663996
vt 0.310637 0.725586
vt 0.308888 0.724622
vt 0.309530 0.714747
vt 0.311035 0.714355
vt 0.309436 0.716486
vt 0.047522 0.477339
vt 0.049708 0.473256
vt 0.651378 0.327138
vt 0.590332 0.322754
vt 0.042367 0.810172
vt 0.014743 0.800648
vt 0.413457 0.158542
vt 0.516602 0.103269
vt 0.587403 0.525362
vt 0.352173 0.714979
vt 0.348414 0.715132
vt 0.181396 0.893854
vt 0.188783 0.893577
vt 0.503670 0.022531
vt 0.012027 0.809068
vt 0.008798 0.799103
vt 0.522461 0.093384
vt 0.819824 0.732910
vt 0.187318 0.175054
vt 0.184857 0.166775
vt 0.725098 0.859375
vt 0.004997 0.417856
vt 0.975098 0.835452
vt 0.370849 0.577148
vt 0.371338 0.578045
vt 0.369640 0.576796
vt 0.895509 0.892548
vt 0.888673 0.883346
vt 0.895507 0.883324
vt 0.809082 0.759277
vt 0.814453 0.762207
vt 0.656049 0.172055
vt 0.364258 0.006016
vt 0.733887 0.038300
vt 0.733887 0.042908
vt 0.014252 0.407959
vt 0.008423 0.409912
vt 0.008423 0.407959
vt 0.581055 0.322998
vt 0.623535 0.304377
vt 0.773608 0.186652
vt 0.823730 0.763672
vt 0.819336 0.763196
vt 0.368417 0.578411
vt 0.369013 0.577005
vt 0.370743 0.577119
vt 0.346680 0.217651
vt 0.346680 0.221191
vt 0.214355 0.565430
vt 0.211914 0.581055
vt 0.197876 0.126953
vt 0.186043 0.088562
vt 0.197754 0.088562
vt 0.128418 0.163086
vt 0.158813 0.160889
vt 0.734375 0.935059
vt 0.600512 0.927793
vt 0.744002 0.911179
vt 0.212737 0.024796
vt 0.050359 0.843697
vt 0.018494 0.445221
vt 0.346679 0.612829
vt 0.341062 0.620580
vt 0.341064 0.612812
vt 0.184558 0.166437
vt 0.745117 0.887695
vt 0.736816 0.884766
vt 0.279296 0.819296
vt 0.274414 0.819336
vt 0.274414 0.816971
vt 0.615259 0.300537
vt 0.607910 0.311897
vt 0.607910 0.313025
vt 0.535290 0.026396
vt 0.934570 0.948693
vt 0.659883 0.922063
vt 0.906749 0.945801
vt 0.710459 0.255621
vt 0.371338 0.578082
vt 0.369423 0.579487
vt 0.370316 0.576887
vt 0.775391 0.961914
vt 0.021820 0.609375
vt 0.636930 0.937395
vt 0.821780 0.941404
vt 0.820832 0.938981
vt 0.278827 0.685047
vt 0.281253 0.737797
vt 0.195190 0.685571
vt 0.879883 0.047060
vt 0.143311 0.312012
vt 0.963873 0.965869
vt 0.346761 0.829097
vt 0.345453 0.796890
vt 0.307917 0.878456
vt 0.936035 0.895557
vt 0.623538 0.950686
vt 0.626425 0.949761
vt 0.969251 0.913511
vt 0.045074 0.484863
vt 0.163696 0.172485
vt 0.123535 0.172485
vt 0.035706 0.843878
vt 0.367526 0.856277
vt 0.369102 0.852525
vt 0.370849 0.856280
vt 0.892729 0.464286
vt 0.894844 0.461851
vt 0.896973 0.466309
vt 0.194702 0.351582
vt 0.041050 0.498167
vt 0.034803 0.498164
vt 0.312250 0.874026
vt 0.370843 0.577245
vt 0.370334 0.579252
vt 0.368417 0.578038
vt 0.336182 0.986816
vt 0.678223 0.875977
vt 0.651352 0.406733
vt 0.578140 0.406732
vt 0.404798 0.098938
vt 0.674805 0.526855
vt 0.679199 0.527832
vt 0.194092 0.893707
vt 0.018157 0.652832
vt 0.882812 0.789062
vt 0.644542 0.969716
vt 0.707871 0.886356
vt 0.510246 0.253908
vt 0.588867 0.325684
vt 0.588867 0.322998
vt 0.623535 0.306338
vt 0.408447 0.890137
vt 0.869674 0.749067
vt 0.873762 0.752639
vt 0.876573 0.748220
vt 0.362305 0.058682
vt 0.005348 0.638184
vt 0.005017 0.623043
vt 0.371338 0.578361
vt 0.369393 0.579590
vt 0.369448 0.576872
vt 0.706507 0.338162
vt 0.424072 0.057587
vt 0.318801 0.065023
vt 0.835938 0.950244
vt 0.943848 0.718749
vt 0.735953 0.513650
vt 0.695312 0.512696
vt 0.833984 0.950206
vt 0.248779 0.991212
vt 0.379400 0.821553
vt 0.379400 0.810543
vt 0.378177 0.809075
vt 0.349633 0.810277
vt 0.349737 0.821289
vt 0.360107 0.660645
vt 0.899644 0.785216
vt 0.217529 0.926017
vt 0.217529 0.934484
vt 0.275635 0.215942
vt 0.316461 0.038275
vt 0.848145 0.101746
vt 0.523985 0.294243
vt 0.764166 0.981445
vt 0.117188 0.006016
vt 0.049843 0.837912
vt 0.749512 0.406006
vt 0.641757 0.199108
vt 0.650763 0.199446
vt 0.194580 0.160289
vt 0.905756 0.809082
vt 0.879395 0.938961
vt 0.385651 0.184968
vt 0.435547 0.672852
vt 0.298584 0.179429
vt 0.623535 0.302405
vt 0.004997 0.798828
vt 0.005026 0.808105
vt 0.969288 0.778988
vt 0.796390 0.461432
vt 0.797852 0.463623
vt 0.795710 0.462607
vt 0.801758 0.467529
vt 0.806641 0.468262
vt 0.810059 0.466797
vt 0.810547 0.467773
vt 0.811508 0.464623
vt 0.812492 0.465588
vt 0.813477 0.460938
vt 0.813965 0.458252
vt 0.814941 0.458252
vt 0.813965 0.456299
vt 0.814941 0.456055
vt 0.769531 0.417725
vt 0.773438 0.427734
vt 0.771973 0.428223
vt 0.786133 0.448730
vt 0.787109 0.452148
vt 0.785156 0.449463
vt 0.793457 0.394287
vt 0.790527 0.389648
vt 0.788086 0.451172
vt 0.814941 0.460938
vt 0.278809 0.900009
vt 0.858887 0.848633
vt 0.854004 0.853027
vt 0.853027 0.848633
vt 0.820801 0.852051
vt 0.814698 0.808594
vt 0.861816 0.808838
vt 0.049520 0.808434
vt 0.831487 0.952856
vt 0.943848 0.718750
vt 0.993652 0.782715
vt 0.992188 0.719238
vt 0.897949 0.599609
vt 0.499049 0.821303
vt 0.112485 0.235178
vt 0.438785 0.976815
vt 0.033417 0.890625
vt 0.011352 0.301652
vt 0.353509 0.740723
vt 0.346680 0.735352
vt 0.352689 0.715337
vt 0.437256 0.599609
vt 0.437744 0.583008
vt 0.439209 0.596191
vt 0.439453 0.586914
vt 0.442627 0.594238
vt 0.443115 0.589355
vt 0.446777 0.594238
vt 0.308723 0.611069
vt 0.044441 0.397081
vt 0.005025 0.808105
vt 0.858398 0.773926
vt 0.411283 0.594388
vt 0.674983 0.526894
vt 0.195190 0.790537
vt 0.969275 0.681641
vt 0.786770 0.391762
vt 0.820312 0.842773
vt 0.497267 0.532262
vt 0.492333 0.527992
vt 0.153564 0.921875
vt 0.473389 0.743137
vt 0.053925 0.402588
vt 0.479736 0.705078
vt 0.720215 0.412842
vt 0.615723 0.903320
vt 0.289371 0.679199
vt 0.685581 0.059445
vt 0.902832 0.939934
vt 0.767178 0.194903
vt 0.421875 0.639160
vt 0.312500 0.736816
vt 0.054749 0.389648
vt 0.035122 0.616990
vt 0.625977 0.203369
vt 0.678707 0.207951
vt 0.588379 0.879821
vt 0.194580 0.160287
vt 0.028320 0.720703
vt 0.015434 0.720215
vt 0.010368 0.687500
vt 0.034332 0.687500
vt 0.047333 0.470215
vt 0.128107 0.181152
vt 0.554199 0.405025
vt 0.047913 0.369873
vt 0.793608 0.009926
vt 0.346924 0.637208
vt 0.707029 0.311615
vt 0.365513 0.581071
vt 0.373508 0.581064
vt 0.366634 0.574793
vt 0.371869 0.572930
vt 0.947754 0.891602
vt 0.038701 0.233282
vt 0.368903 0.577148
vt 0.369875 0.576660
vt 0.371049 0.577349
vt 0.368902 0.579351
vt 0.370842 0.579353
vt 0.887566 0.892154
vt 0.860139 0.875540
vt 0.878020 0.860422
vt 0.618164 0.984375
vt 0.790429 0.892296
vt 0.770440 0.882664
vt 0.690434 0.251470
vt 0.212732 0.042908
vt 0.334699 0.042908
vt 0.219482 0.608398
vt 0.449911 0.656699
vt 0.090276 0.913081
vt 0.036255 0.823730
vt 0.836496 0.009926
vt 0.820119 0.011047
vt 0.817866 0.009926
vt 0.324408 0.301652
vt 0.300293 0.867676
vt 0.848282 0.183691
vt 0.030417 0.812988
vt 0.748047 0.406006
vt 0.746582 0.406006
vt 0.894520 0.545032
vt 0.893066 0.548340
vt 0.893066 0.546387
vt 0.387717 0.059340
vt 0.348913 0.059447
vt 0.348888 0.058543
vt 0.868673 0.803191
vt 0.281253 0.737797
vt 0.195190 0.737715
vt 0.779075 0.413086
vt 0.305217 0.070801
vt 0.668457 0.179932
vt 0.390137 0.758301
vt 0.588847 0.528340
vt 0.030418 0.812988
vt 0.677803 0.273407
vt 0.332520 0.395017
vt 0.714844 0.234253
vt 0.714844 0.237793
vt 0.736328 0.195298
vt 0.970703 0.812014
vt 0.031824 0.680664
vt 0.022473 0.680664
vt 0.034156 0.681641
vt 0.345190 0.742188
vt 0.371225 0.578420
vt 0.370072 0.579581
vt 0.369810 0.576887
vt 0.368330 0.578143
vt 0.736336 0.113647
vt 0.042084 0.630859
vt 0.891113 0.546387
vt 0.046007 0.394868
vt 0.146996 0.861286
vt 0.151103 0.857223
vt 0.173462 0.857422
vt 0.458996 0.249270
vt 0.460102 0.256823
vt 0.355990 0.659129
vt 0.353919 0.658924
vt 0.355283 0.657715
vt 0.157531 0.168582
vt 0.158813 0.167358
vt 0.158691 0.169678
vt 0.905762 0.816406
vt 0.906738 0.832520
vt 0.702612 0.224324
vt 0.453613 0.622070
vt 0.521604 0.097088
vt 0.345459 0.742188
vt 0.452148 0.018356
vt 0.919922 0.766602
vt 0.964844 0.796875
vt 0.079773 0.847168
vt 0.413150 0.618471
vt 0.412829 0.610009
vt 0.340575 0.637209
vt 0.007722 0.304211
vt 0.791992 0.907676
vt 0.313848 0.002499
vt 0.347113 0.033342
vt 0.335456 0.940590
vt 0.402100 0.903320
vt 0.947266 0.880371
vt 0.533691 0.887695
vt 0.974609 0.826172
vt 0.724609 0.448757
vt 0.103271 0.926270
vt 0.106262 0.924805
vt 0.451660 0.111450
vt 0.454971 0.113586
vt 0.807546 0.009926
vt 0.388428 0.285156
vt 0.376717 0.423886
vt 0.720372 0.632365
vt 0.895510 0.892563
vt 0.880859 0.677246
vt 0.122437 0.156860
vt 0.576172 0.812988
vt 0.366464 0.109191
vt 0.861176 0.878783
vt 0.880100 0.861551
vt 0.888196 0.889185
vt 0.210970 0.047089
vt 0.831538 0.981445
vt 0.686478 0.135277
vt 0.509766 0.249346
vt 0.908205 0.147340
vt 0.806123 0.025178
vt 0.707029 0.311615
vt 0.306127 0.387909
vt 0.627930 0.522461
vt 0.636719 0.522461
vt 0.639112 0.523280
vt 0.647731 0.531790
vt 0.625537 0.523279
vt 0.648438 0.534180
vt 0.648438 0.542969
vt 0.639113 0.553979
vt 0.626424 0.554311
vt 0.624023 0.553223
vt 0.616211 0.542969
vt 0.618164 0.530273
vt 0.053520 0.413347
vt 0.053298 0.720201
vt 0.673374 0.445391
vt 0.021834 0.688584
vt 0.021936 0.444951
vt 0.788219 0.834941
vt 0.422363 0.272461
vt 0.423003 0.266189
vt 0.651350 0.331029
vt 0.312474 0.341823
vt 0.315440 0.340435
vt 0.318709 0.340995
vt 0.310934 0.344701
vt 0.319336 0.350342
vt 0.313591 0.350643
vt 0.311337 0.348115
vt 0.321637 0.344721
vt 0.626357 0.299525
vt 0.010179 0.894406
vt 0.008720 0.895996
vt 0.006920 0.895996
vt 0.765625 0.345947
vt 0.568359 0.296875
vt 0.570801 0.294189
vt 0.570404 0.323975
vt 0.567872 0.321289
vt 0.888184 0.895542
vt 0.457426 0.609519
vt 0.514190 0.094042
vt 0.518077 0.092711
vt 0.035431 0.851074
vt 0.992676 0.740234
vt 0.958984 0.718750
vt 0.184553 0.166392
vt 0.917480 0.765625
vt 0.626426 0.917082
vt 0.884974 0.891228
vt 0.861101 0.873097
vt 0.879526 0.861612
vt 0.963980 0.906814
vt 0.895513 0.892563
vt 0.187391 0.160809
vt 0.150513 0.892090
vt 0.964915 0.764160
vt 0.948471 0.765625
vt 0.945925 0.764160
vt 0.768792 0.053775
vt 0.774414 0.062622
vt 0.771973 0.056000
vt 0.026398 0.897461
vt 0.026398 0.895996
vt 0.027879 0.894419
vt 0.195190 0.819329
vt 0.060068 0.813632
vt 0.860352 0.729492
vt 0.471191 0.302246
vt 0.473389 0.292725
vt 0.477747 0.299525
vt 0.632773 0.941762
vt 0.458011 0.219482
vt 0.019812 0.591011
vt 0.007519 0.559570
vt 0.887207 0.891602
vt 0.884277 0.859375
vt 0.882987 0.860822
vt 0.901367 0.859375
vt 0.902502 0.861316
vt 0.902832 0.871094
vt 0.008194 0.498779
vt 0.396728 0.060303
vt 0.767086 0.294678
vt 0.129761 0.920898
vt 0.129883 0.916992
vt 0.527437 0.486667
vt 0.527662 0.506228
vt 0.713079 0.250345
vt 0.714355 0.245483
vt 0.979472 0.992676
vt 0.897949 0.528809
vt 0.353104 0.827789
vt 0.353062 0.817801
vt 0.354004 0.828613
vt 0.363768 0.811523
vt 0.051742 0.373536
vt 0.051765 0.353019
vt 0.050064 0.353028
vt 0.050065 0.373536
vt 0.500488 0.754395
vt 0.234375 0.079041
vt 0.390141 0.747557
vt 0.396449 0.699266
vt 0.412222 0.699314
vt 0.412131 0.678512
vt 0.418453 0.747559
vt 0.790771 0.856372
vt 0.803179 0.874782
vt 0.897183 0.889704
vt 0.887859 0.889812
vt 0.887815 0.886342
vt 0.897119 0.886377
vt 0.051786 0.373538
vt 0.051797 0.353037
vt 0.050304 0.353032
vt 0.050284 0.373543
vt 0.454108 0.631321
vt 0.885589 0.896332
vt 0.309328 0.750975
vt 0.307167 0.748497
vt 0.032291 0.443809
vt 0.230103 0.468750
vt 0.227295 0.462646
vt 0.369823 0.579590
vt 0.368402 0.578348
vt 0.894527 0.562741
vt 0.893066 0.563965
vt 0.891113 0.563965
vt 0.311337 0.343391
vt 0.313590 0.341008
vt 0.319336 0.341309
vt 0.321124 0.343380
vt 0.321635 0.346702
vt 0.318744 0.350638
vt 0.316162 0.351318
vt 0.313580 0.350638
vt 0.310934 0.346702
vt 0.269288 0.819296
vt 0.274414 0.816693
vt 0.299854 0.551973
vt 0.368519 0.578221
vt 0.371558 0.578035
vt 0.370717 0.579360
vt 0.040135 0.665527
vt 0.061066 0.665527
vt 0.061066 0.666992
vt 0.048218 0.873049
vt 0.044735 0.419292
vt 0.050743 0.419278
vt 0.195190 0.525885
vt 0.370553 0.576945
vt 0.371164 0.578419
vt 0.369065 0.576573
vt 0.417969 0.767578
vt 0.279790 0.812502
vt 0.276814 0.815351
vt 0.417969 0.802734
vt 0.030460 0.328585
vt 0.547852 0.408691
vt 0.522461 0.897461
vt 0.978516 0.989256
vt 0.897949 0.771973
vt 0.050415 0.402987
vt 0.276866 0.633311
vt 0.875854 0.463259
vt 0.877728 0.463730
vt 0.876023 0.466435
vt 0.935965 0.764160
vt 0.632812 0.302246
vt 0.990234 0.702232
vt 0.990234 0.711426
vt 0.326143 0.703584
vt 0.019424 0.863281
vt 0.371582 0.567383
vt 0.366699 0.567383
vt 0.074341 0.269775
vt 0.607910 0.302989
vt 0.831543 0.877930
vt 0.033142 0.653809
vt 0.861781 0.808820
vt 0.863281 0.807617
vt 0.871094 0.805176
vt 0.229858 0.435791
vt 0.214478 0.934570
vt 0.538812 0.566531
vt 0.044098 0.897461
vt 0.044098 0.895996
vt 0.045559 0.894407
vt 0.599275 0.955580
vt 0.623561 0.957985
vt 0.604609 0.957767
vt 0.563965 0.295654
vt 0.407836 0.062837
vt 0.407586 0.060763
vt 0.127624 0.169922
vt 0.127628 0.158387
vt 0.159485 0.169922
vt 0.780560 0.892029
vt 0.767767 0.878684
vt 0.936035 0.813957
vt 0.894038 0.881840
vt 0.833984 0.962402
vt 0.391322 0.764172
vt 0.473389 0.658691
vt 0.473389 0.595703
vt 0.477295 0.662109
vt 0.474854 0.593262
vt 0.477295 0.591797
vt 0.581055 0.593262
vt 0.582520 0.658691
vt 0.581055 0.661133
vt 0.474854 0.661133
vt 0.773438 0.294922
vt 0.948730 0.913574
vt 0.963986 0.981447
vt 0.895996 0.612793
vt 0.767806 0.878840
vt 0.800664 0.883252
vt 0.194702 0.350098
vt 0.357910 0.904785
vt 0.888184 0.895543
vt 0.587891 0.204834
vt 0.563965 0.210571
vt 0.565918 0.204834
vt 0.930176 0.827148
vt 0.381487 0.511168
vt 0.358519 0.512205
vt 0.147761 0.166698
vt 0.749630 0.413086
vt 0.229980 0.430664
vt 0.243530 0.763184
vt 0.893066 0.565918
vt 0.034156 0.681641
vt 0.044434 0.397972
vt 0.341064 0.712898
vt 0.339596 0.713371
vt 0.753418 0.880371
vt 0.749023 0.875977
vt 0.758789 0.882812
vt 0.746582 0.870117
vt 0.749023 0.858398
vt 0.883789 0.770996
vt 0.883789 0.774414
vt 0.864923 0.771937
vt 0.862305 0.772949
vt 0.035278 0.633789
vt 0.050267 0.373541
vt 0.050250 0.353041
vt 0.051751 0.373543
vt 0.051794 0.353033
vt 0.887207 0.891602
vt 0.022473 0.665527
vt 0.546875 0.998996
vt 0.604492 0.631348
vt 0.050174 0.353040
vt 0.050181 0.373529
vt 0.051774 0.373535
vt 0.051778 0.353033
vt 0.896484 0.250977
vt 0.522809 0.096558
vt 0.523561 0.093247
vt 0.524423 0.096800
vt 0.525107 0.093558
vt 0.157593 0.159793
vt 0.158813 0.158691
vt 0.437744 0.603516
vt 0.440430 0.606934
vt 0.444336 0.607910
vt 0.438965 0.578613
vt 0.442139 0.576172
vt 0.446533 0.575684
vt 0.448242 0.606934
vt 0.450928 0.604004
vt 0.450195 0.578125
vt 0.647455 0.864178
vt 0.612305 0.725586
vt 0.006920 0.644025
vt 0.006920 0.656250
vt 0.392578 0.831055
vt 0.034722 0.507204
vt 0.031232 0.458252
vt 0.638597 0.216422
vt 0.656097 0.217018
vt 0.339600 0.619630
vt 0.094299 0.908691
vt 0.106812 0.910645
vt 0.368529 0.577394
vt 0.509766 0.226463
vt 0.861816 0.762695
vt 0.858887 0.762914
vt 0.945925 0.764160
vt 0.539062 0.675781
vt 0.576660 0.683105
vt 0.223426 0.434352
vt 0.888836 0.902229
vt 0.894778 0.902431
vt 0.894531 0.901855
vt 0.012103 0.716831
vt 0.855469 0.843750
vt 0.500000 0.820801
vt 0.500000 0.835449
vt 0.498535 0.836914
vt 0.236816 0.201416
vt 0.724121 0.633301
vt 0.565872 0.322684
vt 0.567871 0.321289
vt 0.570254 0.324171
vt 0.566967 0.326520
vt 0.553782 0.326528
vt 0.554666 0.322651
vt 0.551270 0.324951
vt 0.543193 0.316610
vt 0.546566 0.314624
vt 0.542480 0.313721
vt 0.542858 0.302258
vt 0.546578 0.303249
vt 0.543945 0.299561
vt 0.552783 0.291779
vt 0.554681 0.295263
vt 0.555664 0.291016
vt 0.566939 0.291393
vt 0.565878 0.295241
vt 0.570619 0.294008
vt 0.568359 0.296875
vt 0.092494 0.213119
vt 0.350905 0.822439
vt 0.513672 0.192383
vt 0.683105 0.523926
vt 0.720215 0.567871
vt 0.678711 0.567871
vt 0.880859 0.810059
vt 0.442389 0.059317
vt 0.550013 0.729004
vt 0.557129 0.686035
vt 0.556450 0.684868
vt 0.050359 0.353040
vt 0.050373 0.373540
vt 0.051756 0.373537
vt 0.051783 0.353021
vt 0.517090 0.116028
vt 0.510254 0.431885
vt 0.673340 0.061636
vt 0.458113 0.228129
vt 0.772793 0.860996
vt 0.790714 0.856355
vt 0.370361 0.180817
vt 0.538086 0.163208
vt 0.525879 0.095475
vt 0.051719 0.373544
vt 0.478334 0.473877
vt 0.348758 0.854009
vt 0.389038 0.852290
vt 0.386967 0.854252
vt 0.346815 0.852314
vt 0.361572 0.562012
vt 0.369629 0.562012
vt 0.280029 0.164307
vt 0.356445 0.741211
vt 0.369879 0.579590
vt 0.368474 0.577505
vt 0.369873 0.576900
vt 0.487291 0.862337
vt 0.489999 0.837552
vt 0.686514 0.033356
vt 0.656738 0.062028
vt 0.969299 0.681641
vt 0.619141 0.213135
vt 0.288330 0.383545
vt 0.887207 0.891602
vt 0.452393 0.326660
vt 0.306397 0.059160
vt 0.305965 0.063643
vt 0.370605 0.794444
vt 0.371859 0.572905
vt 0.271960 0.815343
vt 0.342407 0.763203
vt 0.425781 0.066772
vt 0.349833 0.065589
vt 0.318848 0.066537
vt 0.349622 0.064575
vt 0.355704 0.064545
vt 0.391834 0.064454
vt 0.391852 0.065216
vt 0.355878 0.065550
vt 0.433105 0.064941
vt 0.893066 0.645508
vt 0.893066 0.643555
vt 0.896938 0.640194
vt 0.978516 0.989268
vt 0.346680 0.622070
vt 0.524859 0.383432
vt 0.928711 0.903809
vt 0.932129 0.911133
vt 0.935059 0.917480
vt 0.921387 0.931539
vt 0.921387 0.883789
vt 0.610352 0.904785
vt 0.438702 0.631275
vt 0.210693 0.854004
vt 0.888184 0.895542
vt 0.895602 0.322874
vt 0.870117 0.770996
vt 0.464600 0.260986
vt 0.647949 0.120850
vt 0.629395 0.108337
vt 0.989688 0.856445
vt 0.847296 0.235859
vt 0.606391 0.137187
vt 0.235352 0.064392
vt 0.045032 0.597158
vt 0.385498 0.828125
vt 0.386194 0.817798
vt 0.386314 0.827471
vt 0.375369 0.811523
vt 0.483398 0.285400
vt 0.714450 0.086489
vt 0.294184 0.428013
vt 0.677858 0.240396
vt 0.678752 0.240227
vt 0.031427 0.458252
vt 0.254639 0.821275
vt 0.246460 0.823226
vt 0.253906 0.801270
vt 0.885763 0.883783
vt 0.176025 0.168090
vt 0.170654 0.862793
vt 0.311034 0.708495
vt 0.210604 0.706111
vt 0.216052 0.708356
vt 0.215643 0.713226
vt 0.206607 0.711479
vt 0.211262 0.715943
vt 0.847109 0.262232
vt 0.092407 0.919434
vt 0.368592 0.577391
vt 0.369629 0.576660
vt 0.370733 0.577027
vt 0.371067 0.579021
vt 0.373521 0.581059
vt 0.354980 0.596011
vt 0.551791 0.383628
vt 0.971673 0.901361
vt 0.980480 0.900868
vt 0.314697 0.736816
vt 0.831055 0.406011
vt 0.412834 0.243293
vt 0.954102 0.991709
vt 0.051883 0.766009
vt 0.030893 0.766009
vt 0.525830 0.096091
vt 0.928414 0.997837
vt 0.754395 0.969742
vt 0.484619 0.887695
vt 0.610352 0.820801
vt 0.887214 0.882324
vt 0.008720 0.897461
vt 0.336179 0.632813
vt 0.531738 0.379639
vt 0.559570 0.002499
vt 0.626465 0.242485
vt 0.315935 0.034820
vt 0.847090 0.262214
vt 0.317655 0.734390
vt 0.862793 0.882324
vt 0.861229 0.929982
vt 0.848145 0.915527
vt 0.851074 0.909180
vt 0.854980 0.902344
vt 0.805176 0.804199
vt 0.807617 0.802734
vt 0.812988 0.807129
vt 0.814753 0.808331
vt 0.396574 0.678517
vt 0.184720 0.165476
vt 0.020111 0.636415
vt 0.020111 0.619141
vt 0.020111 0.611816
vt 0.955566 0.996094
vt 0.963937 0.913574
vt 0.183312 0.160896
vt 0.462645 0.090090
vt 0.464116 0.092773
vt 0.764160 0.054108
vt 0.768791 0.053775
vt 0.474122 0.778797
vt 0.442274 0.060498
vt 0.708496 0.406249
vt 0.524748 0.093315
vt 0.263615 0.201416
vt 0.264642 0.205078
vt 0.257681 0.205078
vt 0.333252 0.607910
vt 0.049474 0.680664
vt 0.565918 0.773926
vt 0.517090 0.773926
vt 0.034722 0.507204
vt 0.708016 0.412598
vt 0.708008 0.413086
vt 0.656894 0.193343
vt 0.800641 0.883285
vt 0.772875 0.860914
vt 0.651642 0.183278
vt 0.637094 0.189251
vt 0.630859 0.292725
vt 0.565918 0.162231
vt 0.587891 0.162231
vt 0.583984 0.158325
vt 0.323730 0.047089
vt 0.559570 0.047089
vt 0.576172 0.047089
vt 0.592773 0.047089
vt 0.307617 0.047089
vt 0.584473 0.047089
vt 0.315674 0.047089
vt 0.567871 0.047089
vt 0.622342 0.133066
vt 0.618652 0.135254
vt 0.051031 0.353021
vt 0.051784 0.373540
vt 0.050341 0.373406
vt 0.195190 0.634306
vt 0.255659 0.198375
vt 0.258719 0.189482
vt 0.260427 0.194100
vt 0.183315 0.160899
vt 0.158813 0.742188
vt 0.089805 0.745069
vt 0.084290 0.742188
vt 0.019562 0.621662
vt 0.661621 0.321289
vt 0.659089 0.323975
vt 0.658600 0.294189
vt 0.661133 0.296875
vt 0.013741 0.873053
vt 0.573564 0.252108
vt 0.576647 0.256608
vt 0.988705 0.949219
vt 0.980001 0.812500
vt 0.835938 0.933594
vt 0.522188 0.095365
vt 0.891113 0.329329
vt 0.891113 0.332275
vt 0.616242 0.460205
vt 0.621582 0.508301
vt 0.659180 0.516113
vt 0.616211 0.502930
vt 0.645058 0.865799
vt 0.305204 0.328585
vt 0.799461 0.861727
vt 0.803446 0.879477
vt 0.605458 0.267834
vt 0.886059 0.888987
vt 0.578610 0.291014
vt 0.581103 0.289793
vt 0.583991 0.291880
vt 0.583496 0.294436
vt 0.663614 0.295240
vt 0.661133 0.296875
vt 0.658850 0.294008
vt 0.662553 0.291393
vt 0.673828 0.291016
vt 0.676709 0.291779
vt 0.674812 0.295263
vt 0.685059 0.299561
vt 0.682915 0.303249
vt 0.686635 0.302258
vt 0.687012 0.313721
vt 0.682926 0.314624
vt 0.686187 0.316610
vt 0.678223 0.324951
vt 0.674826 0.322651
vt 0.675711 0.326528
vt 0.662525 0.326520
vt 0.663620 0.322684
vt 0.659209 0.324171
vt 0.661621 0.321289
vt 0.355957 0.598633
vt 0.822266 0.806152
vt 0.854492 0.763672
vt 0.857894 0.845226
vt 0.767815 0.878875
vt 0.772841 0.860948
vt 0.780627 0.892049
vt 0.800625 0.883338
vt 0.794883 0.859432
vt 0.545740 0.335968
vt 0.553223 0.343262
vt 0.542969 0.335449
vt 0.534180 0.335449
vt 0.554688 0.355957
vt 0.554352 0.358302
vt 0.546875 0.365967
vt 0.544851 0.367299
vt 0.534180 0.367676
vt 0.531786 0.366912
vt 0.522461 0.355957
vt 0.531786 0.335969
vt 0.523277 0.344589
vt 0.678711 0.247192
vt 0.891113 0.416492
vt 0.397878 0.056762
vt 0.574707 0.249390
vt 0.717773 0.590820
vt 0.720703 0.587891
vt 0.683594 0.636719
vt 0.678711 0.587891
vt 0.046783 0.582031
vt 0.024612 0.895996
vt 0.031928 0.458252
vt 0.219116 0.201416
vt 0.708496 0.412476
vt 0.334229 0.806641
vt 0.328857 0.801270
vt 0.724121 0.477539
vt 0.722168 0.484863
vt 0.309238 0.722945
vt 0.319183 0.706055
vt 0.638460 0.523022
vt 0.625950 0.554181
vt 0.616976 0.545291
vt 0.626012 0.522949
vt 0.648438 0.587402
vt 0.647725 0.589803
vt 0.646973 0.574707
vt 0.640625 0.597656
vt 0.625536 0.598412
vt 0.616211 0.587402
vt 0.616211 0.578613
vt 0.617027 0.576224
vt 0.627930 0.566895
vt 0.793945 0.770020
vt 0.616773 0.576641
vt 0.626213 0.567342
vt 0.638494 0.567341
vt 0.647717 0.576195
vt 0.648438 0.578613
vt 0.638904 0.598510
vt 0.787773 0.949295
vt 0.783021 0.948532
vt 0.789338 0.954904
vt 0.782227 0.957520
vt 0.610352 0.862793
vt 0.346289 0.735091
vt 0.516602 0.196533
vt 0.895996 0.656738
vt 0.746094 0.881836
vt 0.602051 0.842773
vt 0.316430 0.388005
vt 0.577151 0.009930
vt 0.312500 0.741699
vt 0.094971 0.842773
vt 0.132446 0.842773
vt 0.134888 0.844727
vt 0.132690 0.867676
vt 0.135376 0.865234
vt 0.042297 0.895996
vt 0.642578 0.977539
vt 0.802246 0.773438
vt 0.815918 0.907715
vt 0.324219 0.723633
vt 0.818953 0.962320
vt 0.783019 0.948532
vt 0.787788 0.949308
vt 0.789369 0.954848
vt 0.693848 0.791992
vt 0.692383 0.790527
vt 0.693848 0.727539
vt 0.712402 0.842285
vt 0.711426 0.841309
vt 0.050262 0.353028
vt 0.294678 0.801270
vt 0.299805 0.823225
vt 0.293945 0.820801
vt 0.049492 0.808440
vt 0.567871 0.834473
vt 0.649414 0.930664
vt 0.885764 0.883783
vt 0.306158 0.068770
vt 0.306279 0.064804
vt 0.795025 0.929732
vt 0.049833 0.988290
vt 0.034985 0.988291
vt 0.034984 0.976899
vt 0.049842 0.976743
vt 0.896973 0.891600
vt 0.877227 0.478137
vt 0.875478 0.476383
vt 0.876823 0.475572
vt 0.263428 0.561035
vt 0.024155 0.763672
vt 0.896973 0.347412
vt 0.702637 0.880371
vt 0.696777 0.882812
vt 0.707031 0.875977
vt 0.702637 0.854004
vt 0.707031 0.858398
vt 0.033203 0.717773
vt 0.370868 0.578921
vt 0.368385 0.578269
vt 0.369430 0.576941
vt 0.509766 0.631348
vt 0.690234 0.987758
vt 0.902786 0.789091
vt 0.211426 0.330322
vt 0.408336 0.260063
vt 0.410918 0.254653
vt 0.313477 0.716797
vt 0.283448 0.558844
vt 0.345947 0.209229
vt 0.345947 0.201416
vt 0.305176 0.202759
vt 0.315918 0.202759
vt 0.582958 0.773765
vt 0.594013 0.784184
vt 0.391842 0.059098
vt 0.349914 0.058634
vt 0.433105 0.058565
vt 0.309834 0.179321
vt 0.050262 0.353028
vt 0.969285 0.778809
vt 0.032074 0.448975
vt 0.031457 0.450439
vt 0.031323 0.448575
vt 0.640137 0.821289
vt 0.474365 0.201416
vt 0.544434 0.215942
vt 0.544434 0.280518
vt 0.504395 0.216553
vt 0.504395 0.202759
vt 0.515137 0.202759
vt 0.884277 0.785156
vt 0.605469 0.267822
vt 0.549236 0.849197
vt 0.545759 0.862209
vt 0.667969 0.987741
vt 0.425463 0.222195
vt 0.431770 0.224344
vt 0.424282 0.229317
vt 0.400391 0.802246
vt 0.400391 0.784180
vt 0.577148 0.867188
vt 0.577637 0.864258
vt 0.578855 0.870359
vt 0.583984 0.860840
vt 0.164673 0.156982
vt 0.547363 0.814453
vt 0.509277 0.822266
vt 0.989679 0.971191
vt 0.309211 0.722958
vt 0.323975 0.699707
vt 0.234375 0.083801
vt 0.590332 0.325928
vt 0.520508 0.104002
vt 0.813008 0.771982
vt 0.864721 0.771981
vt 0.342440 0.070801
vt 0.891113 0.643555
vt 0.369203 0.579452
vt 0.368346 0.578232
vt 0.368652 0.577148
vt 0.370674 0.579379
vt 0.888665 0.892573
vt 0.812988 0.771973
vt 0.807129 0.770020
vt 0.014259 0.409912
vt 0.581055 0.325684
vt 0.371265 0.578562
vt 0.369864 0.579590
vt 0.128296 0.160889
vt 0.159546 0.158386
vt 0.891113 0.466309
vt 0.517651 0.094542
vt 0.830078 0.412474
vt 0.346685 0.620603
vt 0.804973 0.413074
vt 0.393555 0.067444
vt 0.701154 0.224397
vt 0.368339 0.578187
vt 0.368769 0.577148
vt 0.370826 0.579369
vt 0.978027 0.916016
vt 0.368859 0.577173
vt 0.370519 0.576931
vt 0.368600 0.578869
vt 0.370373 0.579461
vt 0.371338 0.578070
vt 0.988588 0.912622
vt 0.683105 0.876465
vt 0.673340 0.922852
vt 0.682617 0.935059
vt 0.675781 0.923828
vt 0.676758 0.933105
vt 0.676758 0.926758
vt 0.676270 0.873535
vt 0.676270 0.868164
vt 0.675293 0.633301
vt 0.607910 0.313963
vt 0.442261 0.065886
vt 0.435861 0.066165
vt 0.435686 0.065186
vt 0.387695 0.065735
vt 0.354488 0.065094
vt 0.387688 0.065003
vt 0.354502 0.066009
vt 0.348843 0.065125
vt 0.349008 0.066040
vt 0.318985 0.065755
vt 0.873054 0.745476
vt 0.395627 0.217231
vt 0.050730 0.419285
vt 0.044735 0.419292
vt 0.016580 0.654289
vt 0.370650 0.579397
vt 0.368430 0.578656
vt 0.368528 0.577397
vt 0.370969 0.577294
s 1
f 5331/1/1 5332/2/2 5340/3/3
f 905/4/4 907/5/5 906/6/6
f 1912/7/7 1906/8/8 1913/9/9
f 1288/10/10 1257/11/11 1280/12/12
f 4079/13/13 4078/14/14 4077/15/15
f 6250/16/16 6238/17/17 6249/18/18
f 6528/19/19 6524/20/20 6515/21/21
f 38/22/22 17/23/23 18/24/24
f 2237/25/25 2243/26/26 2252/27/27
f 19/28/28 20/29/29 34/30/30
f 35/31/31 34/30/30 20/29/29
f 1549/32/32 1565/33/33 1548/34/34
f 3068/35/35 3054/36/36 3069/37/37
f 109/38/38 65/39/39 110/40/40
f 63/41/41 154/42/42 52/43/43
f 4505/44/44 4496/45/45 4501/46/46
f 1779/47/47 1759/48/48 1778/49/49
f 3720/50/50 3727/51/51 3728/52/52
f 131/53/53 130/54/54 129/55/55
f 133/56/56 56/57/57 144/58/58
f 146/59/59 144/58/58 50/60/60
f 6170/61/61 6156/62/62 6178/63/63
f 46/64/64 45/65/65 33/66/66
f 179/67/67 178/68/68 183/69/69
f 26/70/70 39/71/71 29/72/72
f 39/71/71 26/70/70 40/73/73
f 1213/74/74 1314/75/75 1243/76/76
f 28/77/77 26/70/70 42/78/78
f 27/79/79 26/70/70 28/77/77
f 27/79/79 40/73/73 26/70/70
f 40/73/73 27/79/79 25/80/80
f 27/79/79 28/77/77 24/81/81
f 42/78/78 43/82/82 28/77/77
f 25/80/80 27/79/79 24/81/81
f 38/22/22 23/83/83 17/23/23
f 48/84/84 43/82/82 137/85/85
f 5143/86/86 5141/87/87 5144/88/88
f 1778/49/49 1759/48/48 1775/89/89
f 6506/90/90 6501/91/91 6500/92/92
f 158/93/93 125/94/94 126/95/95
f 127/96/96 126/95/95 124/97/97
f 1909/98/98 1908/99/99 1907/100/100
f 6383/101/101 6381/102/102 6380/103/103
f 4505/44/44 4499/104/104 4506/105/105
f 6764/106/106 6766/107/107 6765/108/108
f 6019/109/109 6014/110/110 6020/111/111
f 3648/112/112 3642/113/113 3649/114/114
f 607/115/115 611/116/116 614/117/117
f 100/118/118 88/119/119 142/120/120
f 6743/121/121 6742/122/122 6741/123/123
f 86/124/124 66/125/125 64/126/126
f 86/124/124 64/126/126 70/127/127
f 68/128/128 82/129/129 67/130/130
f 1452/131/131 1420/132/132 1453/133/133
f 84/134/134 161/135/135 83/136/136
f 160/137/137 83/136/136 161/135/135
f 3066/138/138 3067/139/139 3061/140/140
f 81/141/141 111/142/142 67/130/130
f 108/143/143 67/130/130 111/142/142
f 1163/144/144 1162/145/145 1164/146/146
f 595/147/147 578/148/148 596/149/149
f 2495/150/150 2481/151/151 2482/152/152
f 1421/153/153 1451/154/154 1444/155/155
f 87/156/156 71/157/157 72/158/158
f 87/156/156 72/158/158 73/159/159
f 73/159/159 72/158/158 74/160/160
f 256/161/161 260/68/162 265/69/163
f 74/160/160 75/162/164 73/159/159
f 85/163/165 73/159/159 75/162/164
f 75/162/164 76/164/166 85/163/165
f 75/162/164 98/165/167 92/166/168
f 6605/167/169 6609/168/170 6608/169/171
f 91/170/172 79/171/173 89/172/174
f 91/170/172 89/172/174 145/173/175
f 6259/174/176 6261/175/177 6254/176/178
f 104/177/179 92/166/168 98/165/167
f 341/178/180 346/179/181 347/180/182
f 211/181/183 210/182/184 213/183/185
f 152/184/186 136/185/187 151/186/188
f 151/186/188 136/185/187 153/187/189
f 61/188/190 153/187/189 136/185/187
f 1313/189/191 1327/190/192 1309/191/193
f 3876/192/194 3864/193/195 3861/194/196
f 209/195/197 234/196/198 168/197/199
f 209/195/197 215/198/200 234/196/198
f 235/199/201 234/196/198 215/198/200
f 189/200/202 215/198/200 209/195/197
f 209/195/197 208/201/203 189/200/202
f 215/198/200 214/202/204 235/199/201
f 212/203/205 213/183/185 201/204/206
f 210/182/184 191/205/207 213/183/185
f 201/204/206 213/183/185 191/205/207
f 167/206/208 207/207/209 168/197/199
f 534/208/210 579/209/211 537/210/212
f 191/205/207 194/211/213 201/204/206
f 203/212/214 198/213/215 194/211/213
f 203/212/214 194/211/213 202/214/216
f 195/215/217 202/214/216 194/211/213
f 6693/216/218 6692/217/219 6694/218/220
f 197/219/221 188/220/222 231/221/223
f 229/222/224 231/221/223 188/220/222
f 188/220/222 176/223/225 229/222/224
f 177/224/226 185/225/227 178/68/68
f 2724/226/228 2719/227/229 2720/228/230
f 204/229/231 203/212/214 202/214/216
f 244/230/232 256/161/161 257/231/233
f 4810/232/234 4812/233/235 4813/234/236
f 233/235/237 232/236/238 181/237/239
f 181/237/239 184/238/240 233/235/237
f 6759/217/241 6760/239/242 6761/218/243
f 192/240/244 199/241/245 186/242/246
f 164/243/247 199/241/245 207/207/209
f 6269/244/248 6266/245/249 6270/246/250
f 206/247/251 207/207/209 199/241/245
f 6583/248/252 6582/249/253 6584/250/254
f 3599/251/255 3598/252/255 3600/253/255
f 214/202/204 190/254/256 210/182/184
f 190/254/256 193/255/257 191/205/207
f 191/205/207 210/182/184 190/254/256
f 2583/256/258 2581/257/259 2584/258/260
f 2063/259/261 2047/260/262 2049/261/263
f 3851/262/264 3902/263/265 3900/264/266
f 375/265/267 373/266/268 372/267/269
f 288/247/270 281/241/271 246/207/272
f 245/243/273 246/207/272 281/241/271
f 4815/268/274 4811/269/275 4817/270/276
f 2061/271/277 2044/272/278 2043/273/279
f 290/195/280 315/196/281 296/198/282
f 316/199/283 296/198/282 315/196/281
f 271/200/284 290/195/280 296/198/282
f 290/195/280 271/200/284 289/201/285
f 296/198/282 316/199/283 295/202/286
f 1293/274/287 1253/275/288 1291/276/289
f 312/221/290 322/277/291 310/222/292
f 1385/278/293 1485/279/294 1484/280/295
f 550/281/296 565/282/297 564/283/298
f 6809/284/299 6807/285/300 6810/286/301
f 292/182/302 294/183/303 273/205/304
f 283/204/305 273/205/304 294/183/303
f 3329/287/306 3332/288/307 3328/289/308
f 273/205/304 283/204/305 275/211/309
f 280/213/310 285/212/311 275/211/309
f 285/212/311 284/214/312 275/211/309
f 278/215/313 275/211/309 284/214/312
f 947/290/314 929/291/315 946/292/316
f 3459/293/317 3458/294/318 3457/295/319
f 310/222/292 270/296/320 312/221/290
f 279/219/321 312/221/290 270/296/320
f 270/296/320 310/222/292 258/223/322
f 863/297/323 864/298/324 876/299/325
f 380/300/326 328/301/327 331/302/328
f 259/224/329 260/68/162 267/225/330
f 4092/303/331 4072/304/332 4074/305/333
f 4961/306/334 4960/307/334 4962/308/334
f 267/225/330 256/161/161 244/230/232
f 274/240/335 269/242/336 281/241/271
f 461/309/337 467/310/338 466/311/339
f 6706/312/340 6701/313/341 6702/314/342
f 6278/315/343 6293/316/344 6292/317/345
f 500/318/346 485/319/347 496/320/348
f 1458/321/349 1429/322/350 1459/323/351
f 263/237/352 313/235/353 266/238/354
f 313/235/353 263/237/352 314/236/355
f 6347/324/356 6342/325/357 6343/326/358
f 273/205/304 272/254/359 292/182/302
f 295/202/286 292/182/302 272/254/359
f 272/254/359 273/205/304 276/255/360
f 289/201/285 271/200/284 288/247/270
f 207/207/209 166/327/361 165/328/362
f 6719/329/363 6720/330/364 6723/331/365
f 4223/332/366 4289/333/367 4290/334/368
f 4181/335/369 4180/336/370 4176/337/371
f 1535/338/372 1529/339/373 1536/340/374
f 1284/341/375 1277/342/376 1275/343/377
f 2021/344/378 2006/345/379 2020/346/380
f 1023/347/381 1025/348/382 1012/349/383
f 340/350/384 329/351/385 341/178/180
f 318/352/386 316/199/283 319/353/387
f 4653/354/388 4631/355/389 4654/356/390
f 4603/357/391 4600/358/392 4605/359/393
f 4345/360/394 4328/361/395 4326/362/396
f 1453/133/133 1413/363/397 1457/364/398
f 3686/365/399 3674/366/400 3700/367/401
f 328/301/327 325/368/402 329/351/385
f 370/369/403 408/370/404 365/371/405
f 417/372/406 365/371/405 408/370/404
f 3971/373/407 3963/374/408 3962/375/409
f 5065/376/410 5067/377/411 5066/378/412
f 420/379/413 424/380/414 419/381/415
f 423/382/416 419/381/415 424/380/414
f 425/383/417 420/379/413 426/384/418
f 421/385/419 426/384/418 420/379/413
f 6708/386/420 6705/387/421 6706/312/340
f 1525/388/422 1538/389/423 1539/390/424
f 5018/391/425 5021/392/425 5019/393/425
f 2918/394/426 2929/395/427 2920/396/428
f 439/397/429 440/398/430 442/399/431
f 2217/400/432 2207/401/433 2208/402/434
f 1995/403/435 1990/404/436 1989/405/437
f 451/406/438 450/407/439 449/408/440
f 6554/409/441 6561/410/442 6562/411/443
f 5240/412/444 5238/413/445 5186/414/446
f 472/415/447 452/416/448 453/417/449
f 1630/418/450 1684/419/451 1629/420/452
f 1858/421/453 1860/422/454 1859/423/455
f 4392/424/456 4390/425/457 4393/426/458
f 6102/427/459 6107/428/460 6098/429/461
f 5521/430/462 5519/431/463 5522/432/464
f 6440/433/465 6439/434/466 6441/435/467
f 241/277/291 231/221/223 229/222/224
f 6249/18/18 6254/176/178 6250/16/16
f 1614/436/468 1621/437/469 1620/438/470
f 58/439/471 53/440/472 122/441/473
f 1998/442/474 1991/443/475 1992/444/476
f 625/445/477 627/446/478 626/447/479
f 3739/448/480 3737/449/481 3740/450/482
f 5009/451/483 5033/452/484 5034/453/485
f 483/454/486 481/455/487 482/456/488
f 995/457/489 964/458/490 966/459/491
f 3735/460/492 3736/461/493 3734/462/494
f 6369/463/495 6368/464/496 6367/465/497
f 948/466/498 949/467/499 970/468/500
f 1469/469/501 1470/470/502 1487/471/503
f 2287/472/504 2289/473/505 2288/474/506
f 463/475/507 480/476/508 464/477/509
f 6491/478/510 6510/479/511 6497/480/512
f 434/481/513 436/482/514 433/483/515
f 468/484/516 461/309/337 469/485/517
f 280/213/310 293/203/518 287/486/519
f 539/487/520 583/488/521 538/489/522
f 430/490/523 431/491/524 448/492/525
f 705/493/526 704/494/527 710/495/528
f 2907/496/529 2898/497/530 2899/498/531
f 457/499/532 456/500/533 452/416/448
f 453/417/449 452/416/448 456/500/533
f 459/501/534 458/502/535 453/417/449
f 454/503/536 453/417/449 458/502/535
f 485/319/347 486/504/537 496/320/348
f 498/505/538 496/320/348 486/504/537
f 500/318/346 493/506/539 485/319/347
f 6258/507/540 6252/508/541 6248/509/542
f 500/318/346 496/320/348 497/510/543
f 500/318/346 494/511/544 493/506/539
f 396/512/545 388/513/546 386/514/547
f 499/515/548 510/516/549 494/511/544
f 488/517/550 510/516/549 487/518/551
f 5820/519/552 5806/520/553 5805/521/554
f 493/506/539 488/517/550 492/522/555
f 5547/523/556 5545/524/557 5548/525/558
f 2684/526/559 2692/527/560 2691/528/561
f 490/529/562 491/530/563 501/531/564
f 504/532/565 505/533/566 503/534/567
f 513/535/568 503/534/567 505/533/566
f 5918/536/569 5919/537/570 5917/538/571
f 508/539/572 505/533/566 506/540/573
f 511/541/574 505/533/566 508/539/572
f 512/542/575 514/543/576 511/541/574
f 867/544/577 868/545/578 869/546/579
f 1642/547/580 1612/548/581 1645/549/582
f 448/492/525 464/477/509 480/476/508
f 3666/550/583 3716/551/584 3690/552/585
f 461/309/337 437/553/586 469/485/517
f 2447/554/587 2440/555/588 2448/556/589
f 253/557/590 251/558/591 254/559/592
f 1413/363/397 1454/560/593 1457/364/398
f 526/561/594 525/562/595 555/563/596
f 556/564/597 555/563/596 525/562/595
f 557/565/598 556/564/597 525/562/595
f 532/566/599 566/567/600 531/568/601
f 558/569/602 531/568/601 566/567/600
f 1140/570/603 1144/571/604 1145/572/605
f 6740/573/606 6739/574/607 6749/575/608
f 2334/576/609 2336/577/610 2337/578/611
f 5223/579/612 5221/580/613 5220/581/614
f 594/582/615 527/583/616 533/584/617
f 6219/585/618 6223/586/619 6228/587/620
f 257/231/233 255/588/621 302/589/622
f 2188/590/623 2216/591/624 2215/592/625
f 2681/593/626 2682/594/627 2688/595/628
f 4380/596/629 4363/425/630 4381/597/631
f 3843/598/632 3914/599/633 3846/600/634
f 6162/601/635 6153/602/636 6154/603/637
f 578/148/148 594/582/615 533/584/617
f 2112/604/638 2090/605/639 2089/606/640
f 1087/607/641 1066/608/642 1085/609/643
f 5104/610/644 5101/611/645 5103/612/646
f 240/613/647 231/221/223 242/614/648
f 1477/75/649 1379/74/650 1407/76/651
f 1105/615/652 1113/616/653 1112/617/654
f 2380/618/655 2355/619/656 2377/620/657
f 5379/621/658 5378/622/659 5381/623/660
f 4246/624/661 4190/625/662 4180/336/370
f 631/626/663 643/627/664 642/628/665
f 5051/629/666 5069/630/667 5068/631/668
f 1235/632/669 1275/343/377 1232/633/670
f 871/634/671 872/635/672 869/546/579
f 4977/636/673 4990/637/674 4989/638/675
f 5261/639/676 5259/413/677 5262/640/678
f 1258/641/679 1280/12/12 1257/11/11
f 1229/642/680 1244/643/681 1245/644/682
f 783/645/683 854/646/684 855/647/685
f 2343/401/686 2353/400/687 2342/648/688
f 407/649/689 383/650/690 406/651/691
f 1178/571/692 1165/652/693 1166/653/694
f 2458/654/695 2455/655/696 2456/656/697
f 2195/657/698 2231/658/699 2194/659/700
f 6747/660/701 6748/661/702 6749/575/608
f 781/662/703 770/663/704 771/664/705
f 701/665/706 685/666/707 682/667/708
f 6104/668/709 6103/669/710 6105/670/711
f 674/671/712 667/672/713 665/673/714
f 1390/674/715 1391/675/716 1460/676/717
f 2517/677/718 2523/678/719 2519/679/720
f 472/415/447 454/503/536 462/680/721
f 2376/681/722 2386/682/723 2387/683/724
f 535/684/725 542/685/726 543/686/727
f 5972/687/728 5965/688/729 5973/689/730
f 6183/690/731 6185/691/732 6181/692/733
f 357/693/734 358/694/735 406/651/691
f 5028/695/736 4997/696/737 4996/697/738
f 630/698/739 632/699/740 627/446/478
f 4300/700/741 4293/701/742 4297/702/743
f 729/703/744 728/704/745 730/705/746
f 730/705/746 736/706/747 729/703/744
f 728/704/745 733/707/748 730/705/746
f 730/705/746 734/708/749 736/706/747
f 733/707/748 732/709/750 730/705/746
f 731/710/751 734/708/749 730/705/746
f 732/709/750 735/711/752 730/705/746
f 6276/712/753 6285/713/754 6286/714/755
f 4513/715/756 4508/716/757 4518/717/758
f 682/667/708 680/718/759 664/719/760
f 1822/720/761 1823/721/762 1824/722/763
f 3924/723/764 3929/724/765 3930/725/766
f 636/726/767 633/727/768 629/728/769
f 668/729/770 662/730/771 702/731/772
f 3923/732/773 3924/723/764 3927/733/774
f 2876/734/775 2882/735/776 2881/736/777
f 1611/737/778 1624/738/779 1623/739/780
f 767/740/781 756/346/380 769/741/782
f 4254/742/783 4190/625/662 4255/743/784
f 550/281/296 554/744/785 565/282/297
f 4611/745/786 4576/746/787 4601/747/788
f 4583/748/789 4585/749/790 4584/750/791
f 5452/751/792 5450/752/793 5449/753/794
f 6644/754/795 6645/755/796 6647/756/797
f 4617/757/798 4639/758/799 4616/759/800
f 2015/760/801 2019/761/802 2016/762/803
f 1846/763/804 1848/764/805 1847/765/806
f 1718/766/807 1717/767/808 1721/768/809
f 6811/121/810 6810/286/301 6812/769/811
f 1766/770/812 1767/771/813 1768/772/814
f 1648/773/815 1649/774/816 1618/775/817
f 4482/776/818 4481/777/819 4483/778/820
f 321/613/821 284/214/312 286/229/231
f 1031/779/822 1004/780/823 1007/781/824
f 2641/782/825 2639/783/826 2642/784/827
f 1426/785/828 1424/786/829 1436/787/830
f 1697/788/831 1702/789/832 1701/790/833
f 1006/791/834 1022/792/835 1005/793/836
f 1574/794/837 1538/389/423 1556/795/838
f 5937/796/839 5935/797/840 5934/798/841
f 4369/799/842 4358/800/843 4359/801/844
f 403/802/845 344/803/846 404/804/847
f 4905/805/848 4906/806/849 4908/807/850
f 4541/808/851 4565/809/852 4546/810/853
f 863/297/323 862/811/854 864/298/324
f 873/812/855 875/813/856 874/814/857
f 866/815/858 868/545/578 867/544/577
f 871/634/671 873/812/855 872/635/672
f 868/545/578 870/816/859 869/546/579
f 870/816/859 871/634/671 869/546/579
f 2376/681/722 2390/817/860 2375/25/861
f 280/213/310 286/229/231 285/212/311
f 877/818/862 869/546/579 872/635/672
f 1537/819/863 1535/338/372 1536/340/374
f 877/818/862 872/635/672 874/814/857
f 877/818/862 867/544/577 869/546/579
f 171/557/864 169/558/865 172/820/866
f 1186/99/867 1183/821/868 1187/98/869
f 877/818/862 874/814/857 876/299/325
f 877/818/862 865/822/870 867/544/577
f 3467/823/871 3450/824/872 3469/825/873
f 877/818/862 876/299/325 864/298/324
f 877/818/862 864/298/324 865/822/870
f 6292/317/345 6301/826/874 6294/827/875
f 527/583/616 598/828/876 562/829/877
f 3444/830/878 3422/831/879 3440/832/880
f 3196/833/881 3198/834/881 3197/835/882
f 3843/598/632 3915/836/883 3913/837/884
f 2263/838/885 2257/839/886 2262/840/887
f 2159/841/888 2157/842/889 2160/843/890
f 3958/844/891 3943/845/892 3957/846/893
f 568/847/894 570/848/895 573/849/896
f 740/850/897 742/851/379 757/344/378
f 2022/852/898 2003/853/899 2002/854/900
f 2086/855/901 2088/856/902 2087/857/903
f 4076/858/904 4074/305/333 4073/859/905
f 526/561/594 566/567/600 532/566/599
f 3946/860/906 3926/861/907 3924/723/764
f 1691/862/908 1615/863/909 1653/864/910
f 1077/865/911 1068/866/912 1075/867/913
f 5701/868/914 5704/869/915 5698/870/916
f 175/161/917 163/230/918 174/231/919
f 1949/871/920 1958/872/921 1957/873/922
f 697/874/923 695/875/924 696/876/925
f 751/760/926 755/877/927 752/762/928
f 1804/878/929 1758/879/930 1760/880/931
f 550/281/296 548/881/932 551/882/933
f 3618/883/934 3621/884/935 3625/885/936
f 4829/886/937 4828/887/938 4827/888/939
f 1741/889/940 1742/890/941 1725/891/942
f 945/892/943 932/893/944 937/894/945
f 942/895/946 936/896/947 931/897/948
f 4872/898/949 4873/899/950 4874/900/951
f 997/901/952 934/902/953 935/903/954
f 998/904/955 996/905/956 933/906/957
f 3058/907/958 3039/908/959 3049/909/960
f 1361/910/961 1363/911/962 1362/912/963
f 1026/913/964 1035/914/965 1018/915/966
f 4257/916/967 4238/917/968 4244/918/969
f 4541/808/851 4543/919/970 4544/920/971
f 1293/274/287 1264/921/972 1253/275/288
f 1131/922/973 1125/923/974 1132/924/975
f 2382/925/976 2375/25/861 2389/27/977
f 5763/926/978 5766/927/979 5765/928/980
f 2274/929/981 2272/930/982 2275/931/983
f 1931/932/984 1934/933/985 1932/934/986
f 5074/935/987 5041/936/988 5044/937/989
f 2354/938/990 2340/939/991 2341/940/992
f 81/141/141 84/134/134 83/136/136
f 3380/941/993 3373/942/994 3374/943/995
f 4538/944/996 4551/945/997 4558/946/998
f 1044/947/999 1026/913/964 1048/948/1000
f 1199/910/1001 1197/911/1002 1196/949/1003
f 1011/950/1004 1017/951/1005 1019/952/1006
f 6762/953/1007 6765/108/108 6763/954/1008
f 3690/552/585 3703/955/1009 3705/956/1010
f 545/957/1011 534/208/210 535/684/725
f 1843/958/1012 1842/959/1013 1844/960/1014
f 3532/961/1015 3507/962/1016 3533/963/1017
f 2479/964/1018 2480/965/1019 2476/966/1020
f 2295/967/1021 2294/968/1022 2293/969/1023
f 2371/970/1024 2333/971/1025 2332/972/1026
f 5139/973/1027 5137/974/1028 5140/975/1029
f 4443/976/1030 4445/977/1030 4444/978/1030
f 1066/608/642 1068/866/912 1065/979/1031
f 1066/608/642 1067/980/1032 1068/866/912
f 1076/981/1033 1065/979/1031 1068/866/912
f 1075/867/913 1068/866/912 1074/982/1034
f 1079/983/1035 1078/984/1036 1076/981/1033
f 1071/985/1037 1076/981/1033 1078/984/1036
f 1067/980/1032 1074/982/1034 1068/866/912
f 1073/986/1038 1082/987/1039 1081/988/1040
f 5863/989/1041 5860/990/1042 5870/991/1043
f 1064/992/1044 1069/993/1045 1072/994/1046
f 1073/986/1038 1072/994/1046 1069/993/1045
f 3948/995/1047 3947/996/1048 3949/997/1049
f 634/998/1050 603/999/1051 632/699/740
f 681/1000/1052 718/1001/1053 703/1002/1054
f 2196/971/1055 2233/970/1056 2195/657/698
f 1746/1003/1057 1752/1004/1058 1743/1005/1059
f 1094/1006/1060 1091/1007/1061 1093/1008/1062
f 1084/1009/1063 1093/1008/1062 1091/1007/1061
f 1092/1010/1064 1099/1011/1065 1089/1012/1066
f 1098/1013/1067 1089/1012/1066 1099/1011/1065
f 1089/1012/1066 1088/1014/1068 1086/1015/1069
f 1085/609/643 1086/1015/1069 1088/1014/1068
f 1096/1016/1070 1095/1017/1071 1088/1014/1068
f 1087/607/641 1085/609/643 1088/1014/1068
f 1087/607/641 1088/1014/1068 1095/1017/1071
f 5539/1018/1072 5537/1019/1073 5540/1020/1074
f 1087/607/641 1074/982/1034 1067/980/1032
f 117/1021/1075 132/1022/1076 122/441/473
f 4475/1023/425 4477/1024/425 4476/1025/425
f 708/1026/1077 717/1027/1078 720/1028/1079
f 2241/1029/1080 2248/1030/1081 2240/1031/1082
f 1124/1032/1083 1123/1033/1084 1122/1034/1085
f 1150/1035/1086 1148/1036/1087 1138/1037/1088
f 1142/1038/1089 1138/1037/1088 1148/1036/1087
f 1172/1039/1090 1174/1040/1091 1173/1041/1091
f 5480/1042/1092 5488/1043/1093 5489/1044/1094
f 675/1045/1095 668/729/770 702/731/772
f 605/1046/1096 601/1047/1097 607/115/115
f 2468/1048/1098 2477/1049/1099 2479/964/1018
f 1207/1050/1100 1210/1051/1101 1208/1052/1102
f 4178/1053/1103 4182/1054/1104 4179/1055/1105
f 1130/1056/1106 1128/1057/1107 1122/1034/1085
f 1128/1057/1107 1127/1058/1108 1122/1034/1085
f 2517/677/718 2519/679/720 2518/1059/1109
f 1155/1032/1110 1154/1034/1111 1156/1060/1112
f 1147/1061/1113 1122/1034/1085 1123/1033/1084
f 3160/833/1114 3162/834/1114 3161/835/1114
f 1160/1062/1115 1165/652/693 1154/1034/1111
f 1161/1058/1116 1160/1062/1115 1154/1034/1111
f 2656/1063/1117 2654/1064/1118 2653/1065/1119
f 2014/1066/1120 2012/1067/1121 2009/1068/1122
f 6205/1069/1123 6206/1070/1124 6207/1071/1125
f 1761/1072/1126 1781/1073/1127 1763/1074/1128
f 1123/1033/1084 1126/1075/1129 1125/923/974
f 1166/653/694 1179/1076/1130 1178/571/692
f 4928/1077/1131 4927/1078/1132 4929/1079/1133
f 5197/1080/1134 5195/1081/1135 5198/1082/1136
f 1176/1083/1137 1171/1084/1090 1172/1039/1090
f 4035/15/1138 4034/1085/1139 4036/14/1140
f 1196/949/1003 1197/911/1002 1195/1086/1141
f 3008/1087/1142 3007/1088/1143 3004/1089/1144
f 1199/910/1001 1211/1090/1145 1198/912/1146
f 4530/1091/1147 4540/1092/1148 4532/1093/1149
f 1348/1094/1150 1338/1095/1151 1314/75/75
f 1243/76/76 1314/75/75 1338/1095/1151
f 2506/1096/1152 2497/1097/1153 2510/1098/1154
f 1247/1099/1155 1339/1100/1156 1340/1101/1157
f 1247/1099/1155 1246/1102/1158 1242/1103/1159
f 1231/1104/1160 1242/1103/1159 1246/1102/1158
f 3944/1105/1161 3942/1106/1162 3945/1107/1163
f 29/72/72 30/1108/1164 26/70/70
f 1479/644/1165 1480/1109/1166 1411/1099/1167
f 1316/1109/1168 1315/1110/1169 1245/644/682
f 5786/1111/1170 5783/1112/1171 5790/1113/1172
f 1315/1110/1169 1319/280/1173 1245/644/682
f 1212/1114/1174 1198/912/1146 1211/1090/1145
f 1245/644/682 1222/1115/1175 1229/642/680
f 1201/1116/1176 1222/1115/1175 1223/1117/1177
f 4187/1118/1178 4186/1119/1179 4188/1120/1180
f 1202/1121/1181 1223/1117/1177 1214/1122/1182
f 1203/1123/1183 1214/1122/1182 1223/1117/1177
f 1214/1122/1182 1203/1123/1183 1204/1124/1184
f 3762/1125/1185 3752/1126/1186 3747/1127/1187
f 1203/1123/1183 1223/1117/1177 1221/278/1188
f 1203/1123/1183 1221/278/1188 1220/1128/1189
f 1219/1129/1190 1220/1128/1189 1221/278/1188
f 1220/1128/1189 1219/1129/1190 1205/1130/1191
f 1205/1130/1191 1206/1131/1192 1217/1132/1193
f 4387/1133/1194 4389/1134/1194 4388/1135/1194
f 1227/675/1195 1209/1136/1196 1225/674/1197
f 3046/1137/1198 3063/1138/1199 3064/1139/1200
f 1437/1140/1201 1426/785/828 1436/787/830
f 6725/1141/1202 6724/1142/1203 6723/331/365
f 512/542/575 511/541/574 492/522/555
f 5313/1143/1204 5320/1144/1205 5314/1145/1206
f 1230/1146/1207 1219/1129/1190 1240/1147/1208
f 1236/1148/1209 1330/1149/1210 1324/1150/1211
f 1329/1151/1212 1328/1152/1213 1236/1148/1209
f 4554/1153/1214 4559/1154/1215 4557/1155/1216
f 1311/1156/1217 1236/1148/1209 1321/1157/1218
f 5608/1158/1219 5606/1159/1220 5605/1160/1221
f 1313/189/191 1303/1161/1222 1300/1162/1223
f 1302/1163/1224 1300/1162/1223 1303/1161/1222
f 1301/1164/1225 1300/1162/1223 1302/1163/1224
f 1188/1165/1226 1185/100/1227 1187/98/869
f 1300/1162/1223 1301/1164/1225 1334/1166/1228
f 1797/1167/1229 1814/1168/1230 1820/1169/1231
f 1250/1170/1232 1289/1171/1233 1294/1172/1234
f 1317/1173/1235 1283/1174/1236 1278/1175/1237
f 1951/1176/1238 1920/1177/1239 1950/1178/1240
f 6250/16/16 6258/507/540 6248/509/542
f 1337/1179/1241 1336/1180/1242 1335/1181/1243
f 4910/1182/1244 4914/1183/1245 4912/1184/1246
f 6235/1185/1247 6227/1186/1248 6231/1187/1249
f 1334/1166/1228 1335/1181/1243 1336/1180/1242
f 1335/1181/1243 1334/1166/1228 1333/1188/1250
f 1333/1188/1250 1334/1166/1228 1301/1164/1225
f 5858/1189/1251 5857/1190/1252 5854/1191/1253
f 6613/1192/1254 6606/1193/1254 6612/1194/1254
f 503/534/567 490/529/562 501/531/564
f 1012/349/383 1021/1195/1255 1023/347/381
f 5311/1196/1256 5305/1197/1257 5303/1198/1258
f 1252/1199/1259 1253/275/288 1265/1200/1260
f 1267/1201/1261 1266/1202/1262 1347/1203/1263
f 1346/1204/1264 1347/1203/1263 1266/1202/1262
f 1346/1204/1264 1266/1202/1262 1345/1205/1265
f 1296/1206/1266 1345/1205/1265 1266/1202/1262
f 5302/1207/1267 5301/1208/1268 5303/1198/1258
f 6739/574/607 6740/573/606 6741/123/123
f 786/1209/1269 775/1210/1270 776/1211/1271
f 6561/410/442 6553/1212/1272 6563/1213/1273
f 6487/1214/1274 6471/1215/1275 6470/1216/1276
f 1256/1217/1277 1259/1218/1278 1255/1219/1279
f 1257/11/11 1255/1219/1279 1259/1218/1278
f 1259/1218/1278 1258/641/679 1257/11/11
f 1280/12/12 1279/1220/1280 1286/1221/1281
f 1226/1222/1282 1210/1051/1101 1224/1223/1283
f 1556/795/838 1558/1224/1284 1585/1225/1285
f 1323/1226/1286 1273/1227/1287 1274/1228/1288
f 1274/1228/1288 1273/1227/1287 1262/1229/1289
f 1270/1230/1290 1260/1231/1291 1258/641/679
f 1260/1231/1291 1279/1220/1280 1280/12/12
f 6413/1232/1292 6428/1233/1293 6412/1234/1294
f 1360/949/1295 1394/1235/1296 1363/911/962
f 2288/474/506 2289/473/505 2291/1236/1297
f 3467/823/871 3469/825/873 3473/1237/1298
f 1361/910/961 1362/912/963 1377/1090/1299
f 1513/1094/1300 1477/75/649 1503/1095/1301
f 5339/1238/1302 5333/1239/1303 5340/3/3
f 1407/76/651 1503/1095/1301 1477/75/649
f 1378/1114/1304 1377/1090/1299 1362/912/963
f 6632/1240/1305 6636/1241/1306 6634/1242/1307
f 1411/1099/1167 1408/1103/1308 1410/1102/1309
f 1396/1104/1310 1410/1102/1309 1408/1103/1308
f 2547/1243/1311 2545/1244/1312 2544/1245/1313
f 1138/1037/1088 1131/922/973 1137/1083/1314
f 1212/1114/1174 1211/1090/1145 1213/74/74
f 5842/1246/1315 5839/1247/1316 5841/1248/1317
f 1363/911/962 1392/1249/1318 1362/912/963
f 1480/1109/1166 1479/644/1165 1478/1110/1319
f 1478/1110/1319 1479/644/1165 1484/280/295
f 1394/1235/1296 1365/1250/1320 1364/1116/1321
f 1419/1251/1322 1413/363/397 1420/132/132
f 1366/1121/1323 1369/1122/1324 1386/1117/1325
f 1369/1122/1324 1368/1124/1326 1367/1123/1327
f 1367/1123/1327 1386/1117/1325 1369/1122/1324
f 1367/1123/1327 1385/278/293 1386/1117/1325
f 1367/1123/1327 1371/1128/1328 1385/278/293
f 1384/1129/1329 1385/278/293 1371/1128/1328
f 1479/644/1165 1393/642/1330 1387/1115/1331
f 226/1252/1332 181/237/239 227/1253/1333
f 1476/1156/1334 1486/1157/1335 1402/1148/1336
f 3068/35/35 3049/909/960 3039/908/959
f 1008/1254/1337 1048/948/1000 1028/1255/1338
f 1494/1256/1339 1402/1148/1336 1493/1152/1340
f 1395/1146/1341 1401/1147/1342 1384/1129/1329
f 6164/1257/1343 6177/1258/1344 6156/62/62
f 4502/1259/1345 4501/46/46 4507/1260/1346
f 1749/1261/1347 1744/1262/1348 1745/1263/1349
f 6174/1264/1350 6177/1258/1344 6172/1265/1351
f 2440/555/588 2441/1266/1352 2442/1267/1353
f 1391/675/716 1390/674/715 1376/1136/1354
f 1883/1268/1355 1862/1269/1356 1863/1270/1357
f 1370/1130/1358 1381/1132/1359 1372/1131/1360
f 1371/1128/1328 1370/1130/1358 1384/1129/1329
f 1276/1271/1361 1275/343/377 1277/342/376
f 1166/653/694 1163/144/144 1159/1272/1362
f 1466/1161/1363 1465/1273/1364 1463/1163/1365
f 1464/1164/1366 1463/1163/1365 1465/1273/1364
f 1853/1274/1367 1857/1275/1368 1864/1276/1369
f 3786/1277/1370 3751/1278/1371 3752/1126/1186
f 5087/1279/1372 5085/1280/1373 5088/1281/1374
f 1483/1282/1375 1462/1283/1376 1442/1175/1377
f 1424/786/829 1426/785/828 1425/1284/1378
f 88/119/119 78/1285/1379 75/162/164
f 6330/1286/1380 6331/1287/1381 6335/1288/1382
f 4247/1289/1383 4243/1290/1384 4245/1291/1385
f 5179/1292/1386 5226/1293/1387 5227/1294/1388
f 1502/1179/1389 1499/1181/1390 1501/1180/1391
f 1500/1295/1392 1501/1180/1391 1499/1181/1390
f 3660/1296/1393 3680/1297/1394 3677/1298/1395
f 1499/1181/1390 1498/1188/1396 1500/1295/1392
f 1498/1188/1396 1464/1164/1366 1500/1295/1392
f 1464/1164/1366 1465/1273/1364 1500/1295/1392
f 1382/1299/1397 1370/1130/1358 1368/1124/1326
f 2324/1300/1398 2348/1301/1399 2325/590/1400
f 1415/1302/1401 1417/1303/1402 1416/1304/1403
f 1417/1303/1402 1428/1305/1404 1416/1304/1403
f 3393/831/1405 3394/1306/1406 3403/1307/1407
f 1430/1308/1408 1512/1309/1409 1429/322/350
f 1511/1310/1410 1429/322/350 1512/1309/1409
f 1511/1310/1410 1510/1311/1411 1429/322/350
f 1459/323/351 1429/322/350 1510/1311/1411
f 1456/1312/1412 1427/1313/1413 1458/321/349
f 3929/724/765 3934/1314/1414 3935/1315/1415
f 562/829/877 578/148/148 577/1316/1416
f 1419/1251/1322 1420/132/132 1431/1317/1417
f 1421/153/153 1431/1317/1417 1420/132/132
f 1431/1317/1417 1421/153/153 1422/1318/1418
f 2339/1319/1419 2349/1320/1420 2350/1321/1421
f 3668/1322/1422 3679/1323/1423 3662/1127/1424
f 1444/155/155 1423/1324/1425 1422/1318/1418
f 2528/1325/1426 2520/1326/1427 2519/679/720
f 1423/1324/1425 1444/155/155 1443/1327/1428
f 1299/1328/1429 1331/1329/1430 1332/1330/1431
f 1438/1331/1432 1425/1284/1378 1437/1140/1201
f 1488/1332/1433 1438/1331/1432 1437/1140/1201
f 4835/1333/1434 4822/1334/1435 4823/1335/1436
f 1436/787/830 1424/786/829 1445/1336/1437
f 6004/1337/1438 6003/1338/1439 6005/1339/1440
f 2132/1340/1441 2133/1341/1442 2135/1342/1443
f 182/1343/1444 222/1344/1445 228/1345/1446
f 686/1346/1447 708/1026/1077 713/1347/1448
f 2220/1348/1449 2255/1349/1450 2246/1350/1451
f 1444/155/155 1449/1351/1452 1443/1327/1428
f 5501/1352/1453 5499/1353/1454 5502/1354/1455
f 4227/1355/1456 4226/1356/1457 4173/1357/1458
f 3312/1358/1459 3313/288/1460 3310/289/1461
f 5808/1359/1462 5810/1360/1463 5807/1361/1464
f 1652/1362/1465 1649/774/816 1648/773/815
f 3049/909/960 3068/35/35 3051/1363/1466
f 5641/1364/1467 5639/1365/1468 5642/1366/1469
f 5822/1367/1470 5817/1368/1471 5819/1369/1472
f 1551/1370/1473 1524/1371/1474 1532/1372/1475
f 3977/1373/1476 3955/1374/1477 3968/1375/1478
f 1551/1376/1473 1587/1377/1479 1586/1378/1479
f 1625/1379/1480 1610/1380/1481 1660/1381/1482
f 1576/1382/1483 1575/1383/1484 1540/1384/1485
f 1700/1385/1486 1698/1386/1487 1697/788/831
f 1578/1387/1488 1577/1388/1489 1541/1389/1490
f 1527/1390/1491 1528/1391/1492 1591/1392/1493
f 4541/808/851 4564/1393/1494 4560/1394/1495
f 1585/1225/1285 1584/1224/1496 1583/1395/1496
f 1602/33/1497 1601/1396/1498 1559/1397/1499
f 1580/33/1500 1582/1397/1500 1581/1398/1501
f 3460/1399/1502 3457/295/319 3458/294/318
f 3723/1400/1503 3730/1401/1504 3724/1402/1505
f 6450/1403/1506 6449/1404/1507 6451/1405/1508
f 4439/1406/1509 4441/976/1509 4440/978/1509
f 5863/989/1041 5862/1407/1510 5868/1408/1511
f 2409/1409/1512 2406/1410/1513 2408/1385/1514
f 2837/1411/1515 2834/1412/1516 2792/1413/1517
f 1546/1414/1518 1537/819/863 1547/1415/1519
f 217/1416/1520 164/243/247 216/1417/1521
f 725/1418/1522 717/1027/1078 722/1419/1523
f 4681/1420/1524 4670/1421/1525 4671/1422/1526
f 1570/1423/1527 1544/1424/1528 1546/1414/1518
f 4471/1425/1091 4473/1426/1091 4472/1427/1091
f 1738/1428/1529 1748/1429/1530 1732/1430/1531
f 5620/1431/1532 5619/1432/1533 5621/1433/1534
f 4610/1434/1535 4602/1435/1536 4609/1436/1537
f 3080/1437/1538 3053/1438/1539 3055/1439/1540
f 4202/1440/1541 4204/1441/1542 4207/1442/1543
f 3369/1443/1544 3378/1444/1545 3377/1445/1546
f 5971/1446/1547 5966/1447/1548 5970/1448/1549
f 6655/1449/1550 6657/1450/1551 6658/1451/1552
f 1661/1452/1553 1626/1453/1554 1660/1381/1482
f 1662/1454/1555 1625/1379/1480 1663/1455/1556
f 1624/738/779 1662/1454/1555 1638/1456/1557
f 2089/606/640 2084/1457/1558 2083/1458/1559
f 1671/1459/1560 1670/1460/1561 1672/1461/1561
f 1687/1462/1562 1643/1463/1563 1686/1464/1564
f 926/1465/1565 988/1466/1566 991/1467/1567
f 1032/1468/1568 1030/1469/1569 1016/1470/1570
f 4485/1471/1571 4487/1472/1572 4484/1473/1573
f 1655/1474/1574 1664/1475/1575 1665/1476/1575
f 4975/1477/1576 4983/1478/1577 4985/1479/1578
f 1569/1480/1579 1529/339/373 1561/1481/1580
f 65/39/39 67/130/130 108/143/143
f 2223/1482/1581 2190/1483/1582 2191/1484/1583
f 539/487/520 546/1485/1584 547/1486/1585
f 1695/1487/1586 1699/1409/1587 1696/1410/1588
f 2414/1488/1589 2415/1489/1590 2418/1490/1591
f 1612/548/581 1613/1491/1592 1677/1492/1593
f 6592/1493/1594 6591/1494/1595 6590/1495/1596
f 4975/1477/1576 4989/638/675 4982/1496/1597
f 6292/317/345 6293/316/344 6300/1497/1598
f 1724/1498/1599 1728/1499/1600 1730/1500/1601
f 4526/1501/1602 4541/808/851 4542/1502/1603
f 3786/1277/1370 3770/365/1604 3751/1278/1371
f 1732/1430/1531 1730/1500/1601 1738/1428/1529
f 1736/1503/1605 1738/1428/1529 1730/1500/1601
f 1724/1498/1599 1748/1429/1530 1741/889/940
f 1731/1504/1606 1730/1500/1601 1728/1499/1600
f 1261/1505/1607 1281/1506/1608 1279/1220/1280
f 1735/1507/1609 1729/1508/1610 1726/1509/1611
f 1760/880/931 1763/1074/1128 1762/1510/1612
f 1743/1005/1059 1733/1511/1613 1726/1509/1611
f 3509/1512/1614 3488/1513/1615 3510/1514/1616
f 3344/1515/1617 3347/1516/1618 3348/1517/1619
f 1749/1261/1347 1757/1518/1620 1746/1003/1057
f 1753/1519/1621 1747/1520/1622 1755/1521/1623
f 1748/1429/1530 1755/1521/1623 1747/1520/1622
f 1749/1261/1347 1745/1263/1349 1747/1520/1622
f 1284/341/375 1278/1175/1237 1283/1174/1236
f 1741/889/940 1747/1520/1622 1745/1263/1349
f 2839/1065/1624 2846/1522/1625 2845/1523/1626
f 5591/1524/1627 5590/1525/1627 5592/1526/1627
f 1777/1527/1628 1775/89/89 1759/48/48
f 1826/958/1629 1825/1528/1630 1824/722/763
f 1725/891/942 1743/1005/1059 1726/1509/1611
f 1851/1529/1631 1856/1530/1632 1852/1531/1633
f 1806/1532/1634 1798/1533/1635 1782/1534/1636
f 3311/1535/1637 3309/287/1638 3308/1536/1639
f 1813/1537/1640 1810/1538/1641 1789/1539/1642
f 2505/1540/1643 2506/1096/1152 2507/1541/1644
f 4325/1542/1645 4323/1543/1646 4326/362/396
f 1853/1274/1367 1885/1544/1647 1857/1275/1368
f 260/68/162 261/67/1648 265/69/163
f 4123/1545/1649 4124/1546/1650 4126/1547/1651
f 492/522/555 488/517/550 490/529/562
f 2298/1548/1652 2299/842/1653 2301/1549/1654
f 1939/1550/1655 1934/933/985 1931/932/984
f 5487/1551/1656 5490/1552/1657 5491/1553/1658
f 5164/1554/1659 5163/1555/1660 5167/1556/1661
f 6182/1557/1662 6199/1558/1663 6183/690/731
f 5096/1559/1664 5097/1560/1665 5098/1561/1666
f 224/1562/1667 178/68/68 179/67/67
f 2844/1563/1668 2841/1564/1669 2842/1064/1670
f 778/1565/1671 785/1566/1672 788/1567/1673
f 6314/1568/1674 6322/1569/1675 6329/1570/1676
f 2886/1571/1677 2883/1572/1678 2885/1573/1679
f 1372/1131/1360 1373/1050/1680 1370/1130/1358
f 5348/1574/1681 5346/1575/1681 5345/1576/1681
f 2620/1577/1682 2618/1578/1683 2621/1579/1684
f 4801/1580/1685 4805/1581/1686 4807/1582/1687
f 5771/1583/1688 5770/1584/1689 5734/1585/1690
f 4117/1586/1691 4115/1587/1692 4118/1588/1693
f 80/1589/1694 88/119/119 100/118/118
f 169/558/865 175/161/917 173/588/1695
f 4175/1590/1696 4178/1053/1103 4179/1055/1105
f 1974/811/1697 1973/297/1698 1975/298/1699
f 5585/1591/1700 5584/1592/1700 5583/1593/1700
f 1979/545/1701 1977/815/1702 1978/544/1703
f 1981/816/1704 1979/545/1701 1980/546/1705
f 2656/1063/1117 2658/1594/1706 2655/1564/1707
f 1976/822/1708 1988/818/1709 1978/544/1703
f 1978/544/1703 1988/818/1709 1980/546/1705
f 1975/298/1699 1988/818/1709 1976/822/1708
f 1986/299/1710 1988/818/1709 1975/298/1699
f 3663/1595/1711 3670/1596/1712 3669/1278/1713
f 1985/813/1714 1984/812/1715 1987/814/1716
f 1987/814/1716 1988/818/1709 1986/299/1710
f 1984/812/1715 1982/1597/1717 1983/635/1718
f 1535/338/372 1544/1424/1528 1545/1598/1719
f 1983/635/1718 1988/818/1709 1987/814/1716
f 1982/1597/1717 1981/816/1704 1980/546/1705
f 1980/546/1705 1988/818/1709 1983/635/1718
f 276/255/360 282/1599/1720 271/200/284
f 380/300/326 340/350/384 409/1600/1721
f 610/1601/1722 599/1602/1723 612/1603/1724
f 5827/1604/1725 5825/1605/1726 5824/1606/1727
f 3061/140/140 3077/1607/1728 3062/1608/1729
f 743/1609/1730 759/1610/1731 763/1611/1732
f 2680/1612/1733 2671/1613/1734 2675/1614/1735
f 252/820/1736 255/588/621 251/558/591
f 202/214/216 196/1615/1737 197/219/221
f 1120/1616/1738 1118/1617/1739 1121/1618/1740
f 6540/1619/1741 6539/1620/1742 6538/1621/1743
f 2062/1622/1744 2041/1623/1745 2045/1624/1746
f 473/1625/1747 478/1626/1748 444/1627/1749
f 758/1628/898 739/1629/899 738/1630/900
f 4666/1631/1750 4664/1632/1751 4669/1633/1752
f 2075/1634/1753 2068/1635/1753 2077/1636/1753
f 5943/1637/1754 5947/1638/1755 5945/1639/1756
f 4135/1640/1757 4141/1641/1758 4136/1642/1759
f 6016/1643/1760 6015/1644/1761 6017/1645/1762
f 5992/1646/1763 5994/1647/1764 5998/1648/1765
f 4328/361/395 4330/1649/1766 4329/1650/1767
f 4364/426/1768 4362/1651/1769 4365/1134/1768
f 6305/1652/1770 6276/712/753 6277/1653/1771
f 165/328/362 164/243/247 207/207/209
f 4192/1654/1772 4256/1655/1773 4193/1656/1774
f 2969/1657/1775 2968/1658/1776 2970/1659/1777
f 3649/114/114 3643/1660/1778 3650/1345/1779
f 5535/1661/1780 5533/1662/1781 5536/1018/1782
f 3720/50/50 3729/1663/1783 3721/1664/1784
f 780/1665/1785 776/1211/1271 775/1210/1270
f 4038/1666/1786 4037/13/1787 4039/1667/1788
f 1962/1668/1789 1966/1669/1790 1964/1670/1791
f 1107/1671/1792 1110/1672/1793 1111/1673/1794
f 261/67/1648 307/1252/1795 262/1674/1796
f 263/237/352 307/1252/1795 308/1253/1797
f 6313/1675/1798 6314/1568/1674 6321/1676/1799
f 5791/1677/1800 5790/1113/1172 5795/1678/1801
f 1200/1250/1802 1195/1086/1141 1201/1116/1176
f 2297/841/1803 2299/842/1653 2298/1548/1652
f 1045/1679/1804 1031/779/822 1007/781/824
f 3513/1680/1805 3489/1681/1806 3491/1682/1807
f 2195/657/698 2232/1683/1808 2231/658/699
f 4034/1085/1139 4029/859/1809 4032/305/1810
f 5319/1684/1811 5317/1685/1812 5316/1686/1813
f 2193/1687/1814 2225/1688/1815 2191/1484/1583
f 782/1689/1816 804/1690/1817 803/1691/1818
f 2344/1692/1819 2347/1693/1820 2346/1694/1821
f 1007/781/824 1032/1468/1568 1016/1470/1570
f 1656/1695/1822 1620/438/470 1622/1696/1823
f 4599/1697/1824 4601/747/788 4603/357/391
f 2203/1319/1825 2214/1698/1826 2202/1699/1827
f 1305/470/1828 1306/469/1829 1322/471/1830
f 2236/1700/1831 2189/1701/1832 2221/1702/1833
f 6211/1703/1834 6220/1704/1835 6222/1705/1836
f 3172/833/1837 3174/834/1837 3173/835/1837
f 635/1706/1838 644/1707/1839 631/626/663
f 5474/1708/1840 5475/1709/1841 5469/1710/1842
f 5964/1711/1843 5963/1712/1844 5966/1447/1548
f 4774/1713/1845 4772/1714/1845 4771/1715/1845
f 1252/1199/1259 1251/1716/1846 1253/275/288
f 1416/1304/1403 1456/1312/1412 1455/1717/1847
f 2355/619/656 2346/1694/1821 2342/648/688
f 1090/1718/1848 1089/1012/1066 1086/1015/1069
f 5984/1719/1849 5987/1720/1850 5985/1721/1851
f 4499/104/104 4507/1260/1346 4506/105/105
f 6259/174/176 6254/176/178 6253/1722/1852
f 1210/1051/1101 1207/1050/1100 1224/1223/1283
f 2249/683/1853 2240/1031/1082 2250/1723/1854
f 1017/951/1005 1035/914/965 1036/1724/1855
f 537/210/212 589/1725/1856 536/1726/1857
f 4/1727/1858 11/1728/1859 12/1729/1860
f 4157/1730/1861 4155/1731/1862 4171/1732/1863
f 1298/1283/1864 1318/1282/1865 1278/1175/1237
f 23/83/83 21/1733/1866 17/23/23
f 4667/1734/1867 4666/1631/1750 4668/1735/1868
f 4343/1736/1869 4326/362/396 4323/1543/1646
f 5509/1353/1870 5507/1737/1871 5510/1354/1872
f 1061/1738/1873 1062/1739/1874 1060/1740/1875
f 6332/1741/1876 6325/1742/1877 6333/1743/1878
f 2004/850/897 2006/345/379 2021/344/378
f 2637/1744/1879 2633/1745/1880 2638/1746/1881
f 1978/544/1703 1977/815/1702 1976/822/1708
f 2307/1747/1882 2309/1748/1883 2308/1749/1884
f 2444/958/1885 2443/1750/1886 2442/1267/1353
f 2591/1751/1887 2593/1752/1888 2592/1753/1889
f 2313/1754/1890 2315/1755/1891 2314/1756/1892
f 5784/1757/1893 5793/1758/1894 5785/1759/1895
f 444/1627/1749 478/1626/1748 445/1760/1896
f 750/1761/1120 748/1762/1121 745/1763/1122
f 5402/1764/1897 5403/1765/1898 5404/1766/1899
f 4574/1767/1900 4576/746/787 4575/1768/1901
f 1644/1461/1902 1641/1769/1903 1671/1459/1560
f 2201/1770/1904 2199/578/1905 2187/1300/1906
f 2040/1771/1907 2042/1772/1908 2041/1623/1745
f 5868/1408/1511 5860/990/1042 5863/989/1041
f 4784/1773/1909 4782/1774/1909 4781/1775/1909
f 669/1776/1910 701/665/706 682/667/708
f 2411/790/1911 2417/1777/1912 2412/789/1913
f 2210/1778/1914 2209/1779/1915 2211/1692/1916
f 3658/1780/1917 3678/1781/1918 3687/1782/1919
f 570/848/895 575/1783/1920 573/849/896
f 554/744/785 553/1784/1921 552/1785/1922
f 2387/683/724 2386/682/723 2378/1031/1923
f 3073/1786/1924 3072/1787/1925 3045/1788/1926
f 2913/1789/1927 2912/1790/1928 2911/1791/1929
f 3722/1792/1930 3747/1127/1187 3744/1793/1931
f 5406/1794/1932 5407/1795/1932 5408/1796/1932
f 5485/1797/1933 5484/1798/1934 5477/1799/1935
f 2862/1800/1936 2859/1801/1937 2861/1802/1938
f 482/456/488 481/455/487 477/1803/1939
f 6508/1804/1940 6494/1805/1941 6498/1806/1942
f 2627/1807/1943 2625/1808/1944 2624/1809/1945
f 4327/1810/1946 4326/362/396 4328/361/395
f 1304/1811/1947 1305/470/1828 1298/1283/1864
f 900/1812/1948 899/1813/1949 901/1814/1950
f 2409/1409/1512 2405/1487/1951 2406/1410/1513
f 2323/1815/1021 2322/1816/1022 2321/1817/1952
f 6219/585/618 6217/1818/1953 6215/1819/1954
f 2431/1820/1955 2432/1821/1956 2423/1822/1957
f 3440/832/880 3422/831/879 3424/1306/1958
f 2433/1823/1959 2434/1824/1960 2439/1825/1961
f 2436/1826/1962 2435/1827/1963 2438/1828/1964
f 4537/1829/1965 4534/1830/1966 4540/1092/1148
f 2396/839/1967 2399/1831/1968 2403/1832/1969
f 373/266/268 341/178/180 347/180/182
f 5868/1408/1511 5871/1833/1970 5869/1834/1971
f 3346/1835/1972 3357/1836/1973 3353/1837/1974
f 1146/1838/1975 1142/1038/1089 1140/570/603
f 1433/1839/1976 1423/1324/1425 1434/1840/1977
f 2493/1841/1978 2496/1842/1979 2495/150/150
f 6458/1843/1980 6488/1844/1981 6459/1845/1982
f 1357/1846/1983 1350/1847/1984 1349/1848/1985
f 2489/958/1986 2488/1849/1987 2490/960/1988
f 2501/1850/1989 2502/1851/1990 2499/1852/1991
f 2500/1853/1992 2499/1852/1991 2502/1851/1990
f 10/1854/1993 1/1855/1994 9/1856/1995
f 5237/1857/1996 5235/1858/1996 5234/1859/1996
f 124/97/97 126/95/95 125/94/94
f 6386/1860/1997 6384/1861/1998 6387/1862/1999
f 1819/1863/2000 1813/1537/1640 1789/1539/1642
f 3216/833/882 3218/834/882 3217/835/882
f 3192/833/1837 3194/834/1837 3193/835/1837
f 2517/677/718 2515/1864/2001 2523/678/719
f 2516/1865/2002 2523/678/719 2515/1864/2001
f 2519/679/720 2520/1326/1427 2518/1059/1109
f 3946/860/906 3945/1107/1163 3947/996/1048
f 2534/1866/2003 2518/1059/1109 2535/1867/2004
f 2536/1868/2005 2527/1869/2006 2532/1870/2007
f 2531/1871/2008 2529/1872/2009 2528/1325/1426
f 2528/1325/1426 2519/679/720 2533/1873/2010
f 2525/1874/2011 2524/1875/2012 2519/679/720
f 1355/1876/2013 1235/632/669 1356/1877/2014
f 4215/1878/2015 4219/1879/2016 4201/1880/2017
f 724/1881/2018 720/1028/1079 725/1418/1522
f 2546/1882/2019 2545/1244/1312 2547/1243/1311
f 2560/1883/2020 2542/1884/2021 2543/1885/2022
f 2561/1886/2023 2552/1887/2024 2548/1888/2025
f 2522/1889/2026 2516/1865/2002 2515/1864/2001
f 2551/1890/2027 2550/1891/2028 2552/1887/2024
f 2548/1888/2025 2552/1887/2024 2550/1891/2028
f 2555/1892/2029 2554/1893/2030 2559/1894/2031
f 4681/1420/1524 4676/1895/2032 4670/1421/1525
f 140/1896/2033 97/1897/2034 102/1898/2035
f 2562/1899/2036 2553/1900/2037 2564/1901/2038
f 4210/1902/2039 4206/1903/2040 4205/1904/2041
f 5301/1208/1268 5305/1197/1257 5304/1905/2042
f 3582/1906/2043 3552/1907/2044 3563/1908/2045
f 1784/1909/2046 1777/1527/1628 1783/1910/2047
f 1492/190/2048 1467/1911/2049 1473/1912/2050
f 5966/1447/1548 5963/1712/1844 5974/1913/2051
f 6240/1914/2052 6239/1915/2053 6238/17/17
f 6243/1916/2054 6241/1917/2055 6244/1918/2056
f 4746/1919/2057 4743/1920/2058 4747/1921/2059
f 2664/1922/2060 2661/1923/2061 2662/1924/2062
f 2669/1925/2063 2667/1926/2064 2661/1923/2061
f 2667/1926/2064 2669/1925/2063 2666/1927/2065
f 2785/1928/2066 2782/1929/2067 2783/1930/2068
f 2666/1927/2065 2669/1925/2063 2665/1931/2069
f 1013/1932/2070 1040/1933/2071 1014/1934/2072
f 2677/1935/2073 2676/1936/2074 2675/1614/1735
f 2678/1937/2075 2677/1935/2073 2675/1614/1735
f 2675/1614/1735 2679/1938/2076 2678/1937/2075
f 1187/98/869 1191/9/2077 1192/1939/2078
f 2674/1940/2079 2673/1941/2080 2679/1938/2076
f 2676/1936/2074 2669/1925/2063 2675/1614/1735
f 2521/1942/2081 2570/1943/2082 2571/1944/2083
f 3176/833/882 3178/834/882 3177/835/882
f 1414/1945/2084 1455/1717/1847 1454/560/593
f 2769/1946/2085 2767/1930/2086 2766/1947/2087
f 2773/1948/2088 2766/1947/2087 2772/1949/2089
f 4703/1950/2090 4718/1951/2091 4708/1952/2092
f 2679/1938/2076 2664/1922/2060 2674/1940/2079
f 1799/1953/2093 1801/1954/2094 1800/1955/2095
f 1278/1175/1237 1354/1956/2096 1352/1957/2097
f 3336/1958/2098 3334/1959/2099 3333/1960/2100
f 2697/1961/2101 2696/1962/2102 2698/1963/2103
f 2699/1964/2104 2698/1963/2103 2696/1962/2102
f 2697/1961/2101 2698/1963/2103 2701/1965/2105
f 2700/1966/2106 2701/1965/2105 2698/1963/2103
f 2701/1965/2105 2700/1966/2106 2702/1967/2107
f 2703/1968/2108 2702/1967/2107 2700/1966/2106
f 2706/1969/2109 2707/1970/2110 2708/1971/2111
f 2709/1972/2112 2708/1971/2111 2707/1970/2110
f 2708/1971/2111 2709/1972/2112 2710/1973/2113
f 2711/1974/2114 2710/1973/2113 2709/1972/2112
f 2710/1973/2113 2711/1974/2114 2712/1975/2115
f 2713/1976/2116 2712/1975/2115 2711/1974/2114
f 2717/1659/2117 2716/1977/2118 2714/1978/2119
f 2718/1979/2120 2714/1978/2119 2721/1980/2121
f 2721/1980/2121 2720/228/230 2718/1979/2120
f 2719/227/229 2718/1979/2120 2720/228/230
f 3524/1981/2122 3527/1982/2123 3526/1983/2124
f 2723/1984/2125 2726/1985/2126 2722/1986/2127
f 2725/1987/2128 2722/1986/2127 2726/1985/2126
f 2726/1985/2126 2727/1988/2129 2725/1987/2128
f 2728/1989/2130 2725/1987/2128 2727/1988/2129
f 2727/1988/2129 2730/1990/2131 2728/1989/2130
f 2729/1991/2132 2728/1989/2130 2730/1990/2131
f 2910/1992/2133 2915/1993/2134 2911/1791/1929
f 2741/1965/2135 2740/1994/2136 2734/1995/2137
f 2739/1996/2138 2734/1995/2137 2740/1994/2136
f 98/165/167 75/162/164 74/160/160
f 2737/1978/2139 2736/1963/2140 2738/1997/2141
f 2736/1963/2140 2737/1978/2139 2742/1966/2142
f 2743/1998/2143 2742/1966/2142 2737/1978/2139
f 2742/1966/2142 2743/1998/2143 2745/1999/2144
f 2750/1970/2145 2751/1986/2146 2754/2000/2147
f 2755/2001/2148 2754/2000/2147 2751/1986/2146
f 2754/2000/2147 2755/2001/2148 2756/2002/2149
f 3709/2003/2150 3685/2004/2151 3710/2005/2152
f 2760/1974/2153 2757/2006/2154 2762/2007/2155
f 6704/2008/2156 6702/314/342 6701/313/341
f 6466/2009/2157 6473/2010/2158 6472/2011/2159
f 5373/2012/2160 5370/2013/2161 5371/2014/2162
f 5299/2015/2163 5290/2016/2164 5298/2017/2165
f 1954/2018/2166 1961/2019/2167 1952/2020/2168
f 2788/2021/2169 2789/2022/2170 2818/2023/2171
f 2817/2024/2172 2818/2023/2171 2789/2022/2170
f 2793/2025/2173 2837/1411/1515 2792/1413/1517
f 2833/2026/2174 2834/1412/1516 2837/1411/1515
f 2834/1412/1516 2833/2026/2174 2795/2027/2175
f 2795/2027/2175 2794/2028/2176 2796/2029/2177
f 2797/2030/2178 2824/2031/2179 2798/2032/2180
f 2823/2033/2181 2798/2032/2180 2824/2031/2179
f 2801/2034/2182 2800/2035/2183 2799/2036/2184
f 2835/2037/2185 2799/2036/2184 2836/2038/2186
f 2836/2038/2186 2831/2039/2187 2835/2037/2185
f 2831/2039/2187 2829/2040/2188 2835/2037/2185
f 1604/2041/2189 1562/2042/2190 1605/2043/2191
f 2831/2039/2187 2830/2044/2192 2829/2040/2188
f 2826/2045/2193 2821/2046/2194 2825/2047/2195
f 2822/2048/2196 2825/2047/2195 2821/2046/2194
f 2822/2048/2196 2821/2046/2194 2812/2049/2197
f 2813/2050/2198 2812/2049/2197 2821/2046/2194
f 4097/2051/2199 4075/1085/2200 4078/14/14
f 2807/2052/2201 2808/2053/2202 2809/2054/2203
f 2811/2055/2204 2809/2054/2203 2808/2053/2202
f 2811/2055/2204 2810/2056/2205 2809/2054/2203
f 2814/2057/2206 2815/2058/2207 2827/2059/2208
f 1541/1389/1490 1525/388/422 1539/390/424
f 3474/2060/2209 3470/2061/2210 3471/2062/2211
f 1859/423/455 1861/2063/2212 1862/1269/1356
f 507/2064/2213 506/540/573 505/533/566
f 349/2065/2214 342/2066/2215 354/2067/2216
f 3350/2068/2217 3351/2069/2218 3352/2070/2219
f 494/511/544 496/320/348 495/2071/2220
f 3043/2072/2221 3062/1608/1729 3044/2073/2222
f 1791/2074/2223 1790/2075/2224 1792/2076/2225
f 2895/2077/2226 2905/2078/2227 2897/2079/2228
f 2903/2080/2229 2902/2081/2230 2896/2082/2231
f 2902/2081/2230 2901/2083/2232 2900/2084/2233
f 3168/833/2234 3170/834/2234 3169/835/2235
f 4685/2085/2236 4688/2086/2237 4687/2087/2238
f 4280/2088/2239 4254/742/783 4318/2089/2240
f 918/2090/2241 919/2091/2242 923/2092/2243
f 2921/2093/2244 2922/2094/2245 2923/2078/2246
f 2924/2095/2247 2923/2078/2246 2922/2094/2245
f 6295/2096/2248 6301/826/874 6302/2097/2249
f 6151/2098/2250 6165/2099/2251 6159/2100/2252
f 2399/1831/1968 2401/838/2253 2400/2101/2254
f 2780/1947/2255 2787/1948/2256 2786/1949/2257
f 2528/1325/1426 2533/1873/2010 2537/2102/2258
f 1106/2103/2259 1104/2104/2260 1107/1671/1792
f 2952/2105/2261 2953/2106/2262 2967/1963/2263
f 2967/1963/2263 2953/2106/2262 3015/2107/2264
f 2954/2108/2265 3015/2107/2264 2953/2106/2262
f 3015/2107/2264 2954/2108/2265 2955/2109/2266
f 2955/2109/2266 2954/2108/2265 2956/2110/2267
f 2957/2111/2268 2956/2110/2267 2954/2108/2265
f 2959/2112/2269 2960/2113/2270 2958/2114/2271
f 2961/1974/2272 2958/2114/2271 2960/2113/2270
f 2960/2113/2270 2962/2115/2273 2961/1974/2272
f 2963/1976/2274 2961/1974/2272 2962/2115/2273
f 2963/1976/2274 2962/2115/2273 2964/2116/2275
f 2962/2115/2273 2966/2117/2276 2964/2116/2275
f 2965/2118/2277 2964/2116/2275 2966/2117/2276
f 2969/1657/1775 3014/1978/2278 2968/1658/1776
f 3014/1978/2278 3016/2119/2279 2968/1658/1776
f 2972/2120/2280 2968/1658/1776 3016/2119/2279
f 3016/2119/2279 2971/2121/2281 2972/2120/2280
f 2972/2120/2280 2971/2121/2281 2973/2122/2282
f 3010/2123/2283 2973/2122/2282 2971/2121/2281
f 2975/2124/2284 2974/2125/2285 2976/2126/2286
f 2977/1989/2287 2976/2126/2286 2974/2125/2285
f 2976/2126/2286 2977/1989/2287 2978/1990/2288
f 2979/1991/2289 2978/1990/2288 2977/1989/2287
f 2979/1991/2289 2980/2127/2290 2978/1990/2288
f 2981/2128/2291 2978/1990/2288 2980/2127/2290
f 2980/2127/2290 3012/2129/2292 2981/2128/2291
f 3013/2130/2293 2981/2128/2291 3012/2129/2292
f 4385/1651/2294 4383/2131/2295 4382/1134/2296
f 6167/2132/2297 6152/2133/2298 6158/2134/2299
f 2994/2135/2300 2998/2136/2301 2996/1971/2302
f 3001/2113/2303 2998/2136/2301 3002/2137/2304
f 3002/2137/2304 3004/1089/1144 3001/2113/2303
f 3003/2138/2305 3001/2113/2303 3004/1089/1144
f 3003/2138/2305 3004/1089/1144 3007/1088/1143
f 2985/2139/2306 2989/2140/2307 2987/2141/2308
f 2990/2142/2309 2987/2141/2308 2989/2140/2307
f 2989/2140/2307 2992/2143/2310 2990/2142/2309
f 4827/888/939 4824/2144/2311 4825/2145/2312
f 3000/2146/2313 2997/2001/2314 2999/2147/2315
f 2999/2147/2315 3005/1976/2316 3000/2146/2313
f 3006/1991/2317 3000/2146/2313 3005/1976/2316
f 3005/1976/2316 3009/2148/2318 3006/1991/2317
f 4320/2149/2319 4229/2150/2320 4230/2151/2321
f 5330/2152/2322 5324/2153/2323 5323/2154/2324
f 4521/2155/2325 4523/2156/2326 4522/2157/2327
f 4883/2158/2328 4884/2159/2329 4880/2160/2330
f 4459/2161/2331 4461/1024/2331 4460/2162/2331
f 3031/2163/2332 3030/2164/2332 3032/2165/2332
f 2049/261/263 2048/2166/2333 2061/271/277
f 3369/1443/1544 3366/2167/2334 3370/2168/2335
f 3918/2169/2336 3913/837/884 3917/2170/2337
f 4108/2171/2338 4105/253/2339 4098/2172/2340
f 6798/2173/2341 6796/2174/2342 6797/2175/2343
f 3959/2176/2344 3924/723/764 3931/2177/2345
f 4969/2178/2346 4967/2179/2347 4968/2180/2348
f 1626/1453/1554 1661/1452/1553 1693/2181/2349
f 895/2182/2350 890/2183/2351 894/2184/2352
f 2986/2185/2353 2985/2139/2306 2987/2141/2308
f 1516/2186/2354 1514/1847/2355 1522/2187/2356
f 3640/1792/2357 3638/2188/2358 3682/2189/2359
f 6623/2190/2360 6624/2191/2360 6625/2192/2360
f 4251/2193/2361 4313/2194/2362 4314/2195/2363
f 206/247/251 199/241/245 200/1599/2364
f 324/2196/2365 317/2197/2366 320/2198/2367
f 2081/2199/2368 2080/2200/2369 2082/2201/2370
f 4581/2202/2371 4579/2203/2372 4582/2204/2373
f 4508/716/757 4516/2205/2374 4517/2206/2375
f 471/2207/2376 473/1625/1747 472/415/447
f 4278/2208/2377 4270/2209/2378 4277/2210/2379
f 4007/2211/2380 4008/2212/2381 4005/2213/2382
f 3061/140/140 3062/1608/1729 3043/2072/2221
f 6314/1568/1674 6315/2214/2383 6323/2215/2384
f 2526/2216/2385 2518/1059/1109 2527/1869/2006
f 657/2217/2386 653/2218/2387 649/2219/2388
f 3043/2072/2221 3044/2073/2222 3071/2220/2389
f 4303/2221/2390 4228/2222/2391 4175/1590/1696
f 3072/1787/1925 3063/1138/1199 3045/1788/1926
f 3046/1137/1198 3045/1788/1926 3063/1138/1199
f 5396/2223/2392 5394/2224/2393 5395/2225/2394
f 6668/2226/2395 6676/2227/2396 6679/2228/2397
f 4638/2229/2398 4642/2230/2399 4637/2231/2400
f 189/200/202 193/255/257 190/254/256
f 1073/986/1038 1083/2232/2401 1082/987/1039
f 3408/2233/2402 3396/2234/2403 3401/2235/2404
f 3332/288/307 3330/1358/2405 3328/289/308
f 1797/1167/1229 1806/1532/1634 1814/1168/1230
f 3281/2236/2406 3280/2237/2407 3279/2238/2408
f 4292/2239/2409 4256/1655/1773 4192/1654/1772
f 4253/2240/2410 4254/742/783 4252/2241/2411
f 3603/2242/2412 3579/2243/2413 3574/2244/2414
f 952/2245/2415 953/2246/2416 971/2247/2417
f 723/2248/2418 697/874/923 724/1881/2018
f 5180/2249/2419 5169/2250/2420 5170/2251/2421
f 3228/833/1837 3230/834/1837 3229/835/1837
f 5909/2252/2422 5911/2253/2423 5915/2254/2424
f 6527/2255/2425 6513/2256/2426 6514/2257/2427
f 45/65/65 32/2258/2428 33/66/66
f 2164/2259/2429 2165/2260/2430 2163/2261/2431
f 2672/2262/2432 2679/1938/2076 2673/1941/2080
f 5614/2263/2433 5613/2264/2434 5629/2265/2435
f 4039/1667/1788 4048/2266/2436 4050/2267/2437
f 6615/2268/2438 6616/2269/2439 6614/2270/2440
f 3152/833/2234 3154/834/2234 3153/835/2235
f 4579/2203/2372 4588/2271/2441 4589/2272/2442
f 3220/833/2443 3222/834/2443 3221/835/2443
f 3224/833/2234 3226/834/2234 3225/835/2234
f 3164/833/2443 3166/834/2443 3165/835/2443
f 3188/833/2235 3190/834/2235 3189/835/2235
f 4809/2273/2444 4808/2274/2445 4807/1582/1687
f 3204/833/2443 3206/834/2443 3205/835/2443
f 3761/1781/2446 3797/2275/2447 3798/2276/2448
f 1475/2277/2449 1476/1156/1334 1402/1148/1336
f 3526/1983/2124 3499/2278/2450 3524/1981/2122
f 6272/2279/2451 6273/2280/2452 6274/2281/2453
f 1605/2043/2191 1534/2282/2454 1579/2283/2455
f 3325/2284/2456 3322/2285/2457 3323/2286/2458
f 1799/1953/2093 1782/1534/1636 1777/1527/1628
f 4697/2287/2459 4675/2288/2460 4693/2289/2461
f 3282/2290/2462 3275/2291/2463 3276/2292/2464
f 330/2293/2465 378/2294/2466 377/2295/2467
f 270/296/320 277/1615/2468 279/219/321
f 5892/2296/2469 5893/2297/2470 5895/2298/2471
f 6626/2299/2472 6627/2300/2473 6628/2301/2474
f 3336/1958/2098 3326/1536/2475 3327/1535/2476
f 4755/1773/2477 4753/2302/2477 4756/2303/2477
f 1435/2304/2478 1423/1324/1425 1424/786/829
f 5676/2305/2479 5682/2306/2480 5677/2307/2481
f 4788/2308/2482 4786/2309/2482 4785/2310/2482
f 1034/2311/2483 1024/2312/2484 1006/791/834
f 6593/2313/2485 6594/2314/2485 6592/1493/1594
f 3637/50/2486 3646/1663/2487 3645/52/2488
f 3548/2315/2489 3547/2316/2490 3549/2317/2491
f 686/1346/1447 687/2318/2492 662/730/771
f 6189/2319/2493 6185/691/732 6186/2320/2494
f 3577/1982/2495 3575/2321/2496 3578/1983/2497
f 6045/2322/2498 6046/2323/2499 6048/2324/2500
f 1394/1235/1296 1392/1249/1318 1363/911/962
f 374/2325/2501 340/350/384 373/266/268
f 1805/2326/2502 1760/880/931 1762/1510/1612
f 1753/1519/1621 1749/1261/1347 1747/1520/1622
f 3319/2327/2503 3321/2328/2504 3320/2329/2505
f 5093/2330/2506 5091/2331/2507 5094/2332/2508
f 96/2333/2509 117/1021/1075 122/441/473
f 6400/2334/2510 6426/2335/2511 6401/2336/2512
f 5990/2337/2513 5991/2338/2514 5993/2339/2515
f 4596/2340/2516 4609/1436/1537 4608/2341/2517
f 1782/1534/1636 1798/1533/1635 1812/2342/2518
f 1758/879/930 1761/1072/1126 1760/880/931
f 4987/2343/2519 4985/1479/1578 4986/2344/2520
f 4/1727/1858 9/1856/1995 1/1855/1994
f 1914/1939/2521 1910/1165/2522 1915/2345/2523
f 2852/2346/2524 2858/2347/2525 2857/2348/2526
f 6118/2349/2527 6119/2350/2528 6117/2351/2529
f 1337/1179/1241 1331/1329/1430 1336/1180/1242
f 6037/2352/2530 6038/2353/2531 6043/2354/2532
f 4911/2355/2533 4909/2356/2534 4922/2357/2535
f 3436/2358/2536 3433/2359/2537 3416/2360/2538
f 2548/1888/2025 2556/2361/2539 2557/2362/2540
f 3386/2284/2541 3383/2363/2542 3384/2364/2543
f 2893/2348/2544 2888/2365/2545 2894/2366/2546
f 2238/2367/2547 2251/2368/2548 2247/2369/2549
f 6734/2370/2550 6735/2371/2551 6736/2372/2552
f 3487/2373/2553 3588/2374/2554 3488/1513/1615
f 2314/1756/1892 2315/1755/1891 2317/2375/2555
f 1921/2376/2556 1928/2377/2557 1924/2378/2558
f 3676/2379/2559 3659/2380/2560 3660/1296/1393
f 109/38/38 135/2381/2561 107/2382/2562
f 381/2383/2563 368/2384/2564 376/2385/2565
f 3801/2386/2566 3802/2387/2567 3769/2004/2568
f 1213/74/74 1231/1104/1160 1212/1114/1174
f 3459/293/317 3456/2388/2569 3462/2389/2570
f 1150/1035/1086 1137/1083/1314 1136/1041/2571
f 3521/2390/2572 3505/2391/2573 3536/2392/2574
f 2932/2393/2575 2933/2394/2576 2930/2395/2577
f 3476/2396/2578 3504/2397/2579 3477/2398/2580
f 3478/2399/2581 3504/2397/2579 3520/2400/2582
f 1629/420/452 1666/2401/2583 1631/2402/2584
f 2246/1350/1451 2254/2403/2585 2245/2404/2586
f 35/31/31 47/2405/2587 51/2406/2588
f 6640/2407/2589 6643/2408/2590 6641/2409/2591
f 541/2410/2592 591/2411/2593 540/2412/2594
f 3488/1513/1615 3511/2413/2595 3510/1514/1616
f 6163/2414/2596 6172/1265/1351 6177/1258/1344
f 4227/1355/1456 4236/2415/2597 4229/2150/2320
f 3516/2416/2598 3593/2417/2599 3497/2418/2600
f 4970/2419/2601 4966/2420/2602 4965/2421/2603
f 3525/2422/2604 3529/2243/2605 3528/2423/2606
f 1461/1328/2607 1496/1329/2608 1462/1283/1376
f 3500/2424/2609 3605/2425/2610 3597/2426/2611
f 3499/2278/2450 3500/2424/2609 3597/2426/2611
f 6595/2427/2612 6596/2428/2613 6597/2429/2614
f 3535/2430/2615 3518/2431/2616 3523/2432/2617
f 3534/2433/2618 3523/2432/2617 3532/961/1015
f 3512/2434/2619 3589/2435/2620 3489/1681/1806
f 4505/44/44 4503/2436/2621 4504/2437/2622
f 1559/1397/1499 1556/795/838 1538/389/423
f 2218/2438/2623 2242/618/2624 2239/620/2625
f 958/2439/2626 959/2440/2627 919/2091/2242
f 1949/871/920 1959/2441/2628 1958/872/921
f 3589/2435/2620 3490/2442/2629 3587/2443/2630
f 1716/2444/2631 1720/2445/2632 1719/2446/2633
f 3156/833/1837 3158/834/1837 3157/835/1837
f 3573/2390/2634 3583/2392/2635 3560/2391/2636
f 3561/2447/2637 3539/2396/2638 3540/2398/2639
f 3541/2399/2640 3572/2400/2641 3561/2447/2637
f 750/1761/1120 758/1628/898 749/2448/2642
f 1316/1109/1168 1245/644/682 1247/1099/1155
f 5327/2449/2643 5325/2450/2643 5328/2451/2643
f 3588/2374/2554 3487/2373/2553 3503/2452/2644
f 3564/1512/2645 3546/2453/2646 3544/2373/2647
f 5031/2454/2648 5030/2455/2649 5032/2456/2650
f 6735/2371/2551 6737/2457/2651 6736/2372/2552
f 3596/2413/2652 3546/2453/2646 3565/1514/2653
f 3570/2416/2654 3553/2458/2655 3595/2417/2656
f 3571/2459/2657 3553/2458/2655 3570/2416/2654
f 4895/2460/2658 4894/2461/2659 4897/2462/2660
f 3557/2424/2661 3601/2426/2662 3604/2425/2663
f 3556/2278/2664 3601/2426/2662 3557/2424/2661
f 3542/2463/2665 3564/1512/2645 3544/2373/2647
f 6789/2464/2666 6787/329/2667 6790/330/2668
f 3528/2423/2606 3527/1982/2123 3525/2422/2604
f 6813/2465/2669 6816/661/2670 6814/2466/2671
f 2147/472/2672 2145/473/2673 2148/2467/2674
f 6531/2468/2675 6511/2469/2676 6512/2470/2677
f 3515/2471/2678 3493/2472/2679 3494/2473/2680
f 3060/2474/2681 3076/2475/2682 3050/2476/2683
f 3591/2443/2684 3590/2477/2684 3592/2435/2684
f 3644/51/2685 3637/50/2486 3645/52/2488
f 3637/50/2486 3691/2478/2686 3682/2189/2359
f 3654/461/2687 3655/2479/2688 3653/449/2689
f 3654/461/2687 3651/460/2690 3652/462/2691
f 3655/2479/2688 3654/461/2687 3659/2380/2560
f 3660/1296/1393 3659/2380/2560 3654/461/2687
f 245/243/273 247/328/2692 246/207/272
f 1370/1130/1358 1371/1128/1328 1368/1124/1326
f 4400/2480/2693 4399/2481/2694 4401/2482/2695
f 3677/1298/1395 3676/2379/2559 3660/1296/1393
f 1922/2483/2696 1955/2484/2697 1961/2019/2167
f 4248/2485/2698 4245/1291/1385 4241/2486/2699
f 3769/2004/2568 3768/2487/2700 3794/2005/2701
f 3678/1781/1918 3659/2380/2560 3676/2379/2559
f 2958/2114/2271 2957/2111/2268 2959/2112/2269
f 2602/2488/2702 2601/2489/2703 2600/2490/2704
f 3658/1780/1917 3659/2380/2560 3678/1781/1918
f 6/2491/2705 13/2492/2706 14/2493/2707
f 3690/552/585 3704/2494/2708 3703/955/1009
f 3690/552/585 3694/2495/2709 3666/550/583
f 3666/550/583 3694/2495/2709 3693/2496/2710
f 223/2497/2711 177/224/226 178/68/68
f 3694/2495/2709 3706/2498/2712 3693/2496/2710
f 3693/2496/2710 3706/2498/2712 3673/2499/2713
f 3665/2500/2714 3661/1793/2715 3667/2501/2716
f 3693/2496/2710 3673/2499/2713 3664/2502/2717
f 3672/2503/2718 3664/2502/2717 3673/2499/2713
f 3663/1595/1711 3664/2502/2717 3672/2503/2718
f 3686/365/399 3669/1278/1713 3671/2504/2719
f 3670/1596/1712 3663/1595/1711 3672/2503/2718
f 3670/1596/1712 3671/2504/2719 3669/1278/1713
f 3668/1322/1422 3683/222/2720 3642/113/113
f 3684/2505/2721 3642/113/113 3683/222/2720
f 3642/113/113 3679/1323/1423 3668/1322/1422
f 4854/2506/2722 4856/2507/2723 4857/2508/2724
f 3662/1127/1424 3661/1793/2715 3663/1595/1711
f 3641/1402/2725 3662/1127/1424 3679/1323/1423
f 3640/1792/2357 3667/2501/2716 3661/1793/2715
f 2842/1064/1670 2840/1063/2726 2839/1065/1624
f 5086/2509/2727 5090/2510/2728 5089/2511/2729
f 3637/50/2486 3682/2189/2359 3638/2188/2358
f 3720/50/50 3721/1664/1784 3765/2189/2730
f 3995/2512/2731 3923/732/773 3993/2513/2732
f 3781/2514/2733 3765/2189/2730 3739/448/480
f 3653/449/2689 3657/448/2734 3656/450/2735
f 4341/2515/2736 4340/2516/2737 4342/2517/2738
f 3741/2380/2739 3742/1780/2740 3761/1781/2446
f 3736/461/493 3737/449/481 3738/2479/2741
f 6379/2518/2742 6377/2519/2743 6376/2520/2744
f 3738/2479/2741 3741/2380/2739 3736/461/493
f 3743/1296/2745 3736/461/493 3741/2380/2739
f 3734/462/494 3743/1296/2745 3764/2521/2746
f 3772/2522/2747 3749/550/2748 3776/552/2749
f 3698/2523/2750 3651/460/2690 3699/2524/2751
f 3763/1297/2752 3743/1296/2745 3760/1298/2753
f 686/1346/1447 705/493/526 708/1026/1077
f 1759/48/48 1780/2525/2754 1761/1072/1126
f 1228/1249/2755 1195/1086/1141 1197/911/1002
f 3760/1298/2753 3743/1296/2745 3759/2379/2756
f 3741/2380/2739 3759/2379/2756 3743/1296/2745
f 3741/2380/2739 3761/1781/2446 3759/2379/2756
f 3776/552/2749 3749/550/2748 3791/2495/2757
f 3791/2495/2757 3749/550/2748 3779/2496/2758
f 3791/2495/2757 3779/2496/2758 3775/2526/2759
f 3748/2500/2760 3750/2501/2761 3744/1793/1931
f 3775/2526/2759 3779/2496/2758 3756/2499/2762
f 3779/2496/2758 3745/2502/2763 3756/2499/2762
f 4133/2527/1649 4128/2528/1650 4127/2529/1651
f 3754/2503/2764 3756/2499/2762 3745/2502/2763
f 3745/2502/2763 3746/1595/2765 3754/2503/2764
f 3800/2530/2766 3773/2531/2767 3774/2532/2768
f 3770/365/1604 3755/2504/2769 3751/1278/1371
f 3746/1595/2765 3753/1596/2770 3754/2503/2764
f 3753/1596/2770 3751/1278/1371 3755/2504/2769
f 1090/1718/1848 1094/1006/1060 1092/1010/1064
f 3752/1126/1186 3725/113/2771 3766/222/2772
f 3767/2505/2773 3766/222/2772 3725/113/2771
f 3725/113/2771 3752/1126/1186 3762/1125/1185
f 4967/2179/2347 4972/2533/2774 4968/2180/2348
f 3747/1127/1187 3746/1595/2765 3744/1793/1931
f 5879/2534/2775 5878/2535/2775 5880/2536/2775
f 3724/1402/1505 3762/1125/1185 3747/1127/1187
f 3722/1792/1930 3744/1793/1931 3750/2501/2761
f 6778/2537/2776 6780/2538/2777 6779/2539/2778
f 3726/2540/2779 3732/114/2780 3733/1345/2781
f 5906/2541/2782 5910/2542/2783 5911/2253/2423
f 4060/2051/2784 4037/13/1787 4036/14/1140
f 1542/2543/2785 1590/2544/2786 1589/2545/2787
f 3809/2546/2331 3807/2547/2331 3810/2548/2331
f 1145/572/605 1146/1838/1975 1140/570/603
f 3825/2549/2788 3819/2550/2789 3830/2551/2790
f 3820/2552/2791 3819/2550/2789 3825/2549/2788
f 3824/2553/2792 3820/2552/2791 3825/2549/2788
f 3819/2550/2789 3823/2554/2793 3830/2551/2790
f 3826/2555/2794 3820/2552/2791 3824/2553/2792
f 3821/2556/2795 3820/2552/2791 3826/2555/2794
f 3827/2557/2796 3821/2556/2795 3826/2555/2794
f 3822/2558/2797 3821/2556/2795 3827/2557/2796
f 3828/2559/2798 3822/2558/2797 3827/2557/2796
f 3829/2560/2799 3822/2558/2797 3828/2559/2798
f 3823/2554/2793 3822/2558/2797 3829/2560/2799
f 4243/1290/1384 4242/2561/2800 4244/918/969
f 3830/2551/2790 3823/2554/2793 3829/2560/2799
f 3831/2562/2801 3832/2563/2802 3835/2564/2803
f 3832/2563/2802 3836/2565/2804 3835/2564/2803
f 3831/2562/2801 3835/2564/2803 3841/2566/2805
f 3842/2567/2806 3831/2562/2801 3841/2566/2805
f 1260/1231/1291 1280/12/12 1258/641/679
f 3842/2567/2806 3841/2566/2805 3840/2568/2807
f 3999/2569/2808 3993/2513/2732 3994/2570/2809
f 3834/2571/2810 3842/2567/2806 3840/2568/2807
f 3987/2572/2811 3997/2573/2812 3953/2574/2813
f 3834/2571/2810 3840/2568/2807 3839/2575/2814
f 248/327/2815 299/2576/2816 250/206/2817
f 3834/2571/2810 3839/2575/2814 3838/2577/2818
f 3833/2578/2819 3834/2571/2810 3838/2577/2818
f 3833/2578/2819 3838/2577/2818 3837/2579/2820
f 3832/2563/2802 3833/2578/2819 3837/2579/2820
f 3832/2563/2802 3837/2579/2820 3836/2565/2804
f 3844/2580/2821 3843/598/632 3845/2581/2822
f 3848/2582/2823 3845/2581/2822 3849/2583/2824
f 3844/2580/2821 3853/2584/2825 3856/2585/2826
f 3860/2586/2827 3858/2587/2828 3852/2588/2829
f 3853/2584/2825 3851/262/264 3854/2589/2830
f 3858/2587/2828 3899/2590/2831 3851/262/264
f 3851/262/264 3899/2590/2831 3898/2591/2832
f 5951/2592/2833 5949/2593/2834 5948/2594/2835
f 3854/2589/2830 3901/2595/2836 3855/2596/2837
f 3903/2597/2838 3855/2596/2837 3901/2595/2836
f 3854/2589/2830 3855/2596/2837 3853/2584/2825
f 3856/2585/2826 3853/2584/2825 3855/2596/2837
f 3855/2596/2837 3903/2597/2838 3857/2598/2839
f 3904/2599/2840 3857/2598/2839 3903/2597/2838
f 3904/2599/2840 3905/2600/2841 3857/2598/2839
f 3856/2585/2826 3855/2596/2837 3857/2598/2839
f 3905/2600/2841 3906/2601/2842 3857/2598/2839
f 206/247/251 200/1599/2364 189/200/202
f 3859/2602/2843 3857/2598/2839 3906/2601/2842
f 3859/2602/2843 3906/2601/2842 3890/2603/2844
f 3906/2601/2842 3919/2604/2845 3890/2603/2844
f 3856/2585/2826 3857/2598/2839 3859/2602/2843
f 3844/2580/2821 3889/2605/2846 3847/2606/2847
f 5984/1719/1849 5989/2607/2848 5987/1720/1850
f 3890/2603/2844 3919/2604/2845 3915/836/883
f 3915/836/883 3919/2604/2845 3913/837/884
f 3917/2170/2337 3913/837/884 3919/2604/2845
f 535/684/725 537/210/212 536/1726/1857
f 3914/599/633 3918/2169/2336 3846/600/634
f 3882/2608/2849 3846/600/634 3918/2169/2336
f 3918/2169/2336 3916/2609/2850 3882/2608/2849
f 2670/2610/2851 2661/1923/2061 2679/1938/2076
f 3882/2608/2849 3916/2609/2850 3880/2611/2852
f 3916/2609/2850 3907/2612/2853 3880/2611/2852
f 403/802/845 366/2613/2854 413/2614/2855
f 3907/2612/2853 3908/2615/2856 3872/2616/2857
f 3874/2617/2858 3897/2618/2859 3888/2619/2860
f 3880/2611/2852 3870/2620/2861 3881/2621/2862
f 3870/2620/2861 3880/2611/2852 3872/2616/2857
f 3868/2622/2863 3881/2621/2862 3870/2620/2861
f 3888/2619/2860 3897/2618/2859 3887/2623/2864
f 3896/2624/2865 3887/2623/2864 3897/2618/2859
f 3887/2623/2864 3896/2624/2865 3886/2625/2866
f 3895/2626/2867 3886/2625/2866 3896/2624/2865
f 3965/2627/2868 3931/2177/2345 3964/2628/2869
f 3886/2625/2866 3895/2626/2867 3885/2629/2870
f 3788/2494/2871 3776/552/2749 3789/955/2872
f 3894/2630/2873 3885/2629/2870 3895/2626/2867
f 3894/2630/2873 3893/2631/2874 3885/2629/2870
f 3884/2632/2875 3893/2631/2874 3892/2633/2876
f 3884/2632/2875 3891/2634/2877 3883/2635/2878
f 3891/2634/2877 3898/2591/2832 3883/2635/2878
f 3899/2590/2831 3883/2635/2878 3898/2591/2832
f 3860/2586/2827 3883/2635/2878 3899/2590/2831
f 3849/2583/2824 3845/2581/2822 3850/2636/2879
f 3878/2637/2880 3879/2638/2881 3850/2636/2879
f 3881/2621/2862 3866/2639/2882 3882/2608/2849
f 3879/2638/2881 3878/2637/2880 3864/193/195
f 3874/2617/2858 3875/2640/2883 3873/2641/2884
f 3872/2616/2857 3873/2641/2884 3871/2642/2885
f 3872/2616/2857 3871/2642/2885 3870/2620/2861
f 3869/2643/2886 3870/2620/2861 3871/2642/2885
f 3870/2620/2861 3869/2643/2886 3868/2622/2863
f 3867/2644/2887 3868/2622/2863 3869/2643/2886
f 3868/2622/2863 3865/2645/2888 3866/2639/2882
f 3911/2646/2889 3910/2590/2889 3912/2647/2889
f 3921/2648/2890 3920/2649/2890 3922/2621/2890
f 5712/2650/2891 5752/2651/2892 5710/2652/2893
f 3925/2653/2894 3924/723/764 3923/732/773
f 3925/2653/2894 3923/732/773 3928/2654/2895
f 3930/725/766 3931/2177/2345 3924/723/764
f 3925/2653/2894 3936/2655/2896 3934/1314/1414
f 3941/2656/2897 3935/1315/1415 3939/2657/2898
f 3941/2656/2897 3979/2658/2899 3962/375/409
f 3939/2657/2898 3932/2659/2900 3979/2658/2899
f 3979/2658/2899 3932/2659/2900 3978/2660/2901
f 3979/2658/2899 3978/2660/2901 3962/375/409
f 3971/373/407 3962/375/409 3978/2660/2901
f 3933/2661/2902 3937/2662/2903 3981/2663/2904
f 3983/2664/2905 3981/2663/2904 3937/2662/2903
f 3933/2661/2902 3934/1314/1414 3937/2662/2903
f 3936/2655/2896 3937/2662/2903 3934/1314/1414
f 3937/2662/2903 3938/2665/2906 3983/2664/2905
f 3984/2666/2907 3983/2664/2905 3938/2665/2906
f 3984/2666/2907 3938/2665/2906 3985/2667/2908
f 3937/2662/2903 3936/2655/2896 3938/2665/2906
f 3985/2667/2908 3938/2665/2906 3986/2668/2909
f 3940/2669/2910 3986/2668/2909 3938/2665/2906
f 3940/2669/2910 3970/2670/2911 3986/2668/2909
f 3938/2665/2906 3936/2655/2896 3940/2669/2910
f 3986/2668/2909 3970/2670/2911 4000/2671/2912
f 3969/2672/2913 3925/2653/2894 3928/2654/2895
f 4000/2671/2912 3970/2670/2911 3995/2512/2731
f 3995/2512/2731 3993/2513/2732 4000/2671/2912
f 3998/2673/2914 4000/2671/2912 3993/2513/2732
f 2258/2674/2915 2256/2675/2916 2259/2676/2917
f 3994/2570/2809 3927/733/774 3999/2569/2808
f 3926/861/907 3999/2569/2808 3927/733/774
f 3996/2677/2918 3999/2569/2808 3926/861/907
f 3996/2677/2918 3926/861/907 3997/2573/2812
f 3996/2677/2918 3997/2573/2812 3987/2572/2811
f 3988/2678/2919 3987/2572/2811 3953/2574/2813
f 3988/2678/2919 3955/1374/1477 3989/2679/2920
f 3961/2680/2921 3926/861/907 3946/860/906
f 3959/2176/2344 3931/2177/2345 3965/2627/2868
f 3965/2627/2868 3943/845/892 3959/2176/2344
f 3959/2176/2344 3944/1105/1161 3946/860/906
f 3946/860/906 3948/995/1047 3961/2680/2921
f 4736/2681/2922 4738/2682/2923 4732/2683/2924
f 3949/997/1049 3950/2684/2925 3948/995/1047
f 3951/2685/2926 3948/995/1047 3950/2684/2925
f 3950/2684/2925 3952/2686/2927 3951/2685/2926
f 3948/995/1047 3951/2685/2926 3961/2680/2921
f 3960/2687/2928 3961/2680/2921 3951/2685/2926
f 3960/2687/2928 3997/2573/2812 3961/2680/2921
f 3953/2574/2813 3951/2685/2926 3952/2686/2927
f 3951/2685/2926 3953/2574/2813 3960/2687/2928
f 2113/2688/2929 2092/2689/2930 2114/2690/2931
f 5484/1798/1934 5492/2691/2932 5477/1799/1935
f 3968/1375/1478 3967/2692/2933 3977/1373/1476
f 3976/2693/2934 3977/1373/1476 3967/2692/2933
f 3967/2692/2933 3966/2694/2935 3976/2693/2934
f 3975/2695/2936 3976/2693/2934 3966/2694/2935
f 3966/2694/2935 3964/2628/2869 3975/2695/2936
f 3974/2696/2937 3975/2695/2936 3964/2628/2869
f 3973/2697/2938 3974/2696/2937 3964/2628/2869
f 3991/2698/2939 3990/2699/2939 3992/2658/2939
f 4002/2700/2940 4001/2680/2940 4003/2573/2940
f 4043/2701/2941 4027/2702/2942 4045/2703/2943
f 1226/1222/1282 1237/2704/2944 1241/2705/2945
f 259/224/329 304/2497/2946 260/68/162
f 1290/2706/2947 1255/1219/1279 1257/11/11
f 1979/545/1701 1978/544/1703 1980/546/1705
f 4171/1732/1863 4153/2707/2948 4169/2708/2949
f 4027/2702/2942 4052/2709/2950 4062/2710/2951
f 4047/2711/2952 4052/2709/2950 4049/2712/2953
f 4047/2711/2952 4048/2266/2436 4064/2713/2954
f 4049/2712/2953 4048/2266/2436 4047/2711/2952
f 4066/2714/2955 4064/2713/2954 4048/2266/2436
f 329/351/385 352/2715/2956 353/2716/2957
f 4079/13/13 4080/1666/2958 4081/1667/2959
f 4838/2717/2960 4840/2718/2961 4836/2719/2962
f 477/1803/1939 476/2720/2963 471/2207/2376
f 4049/2712/2953 4053/2721/2964 4051/2722/2965
f 4061/2723/2966 4051/2722/2965 4053/2721/2964
f 3789/955/2872 3776/552/2749 3790/956/2967
f 4032/305/1810 4029/859/1809 4030/304/2968
f 177/224/226 222/1344/1445 176/223/225
f 533/584/617 596/149/149 578/148/148
f 4034/1085/1139 4058/2724/2969 4059/2725/2970
f 4041/2726/2971 4040/2727/2971 4042/2459/2971
f 4055/2728/2972 4054/2729/2972 4056/2730/2972
f 4067/2731/2973 4108/2171/2338 4082/2701/2974
f 1619/2732/2975 1655/2733/1574 1694/2734/2976
f 4105/253/2339 4068/252/2977 4098/2172/2340
f 4098/2172/2340 4091/2721/2978 4089/2735/2979
f 4121/2736/2980 4119/2737/2980 4122/2738/2980
f 4086/2712/2981 4089/2735/2979 4091/2721/2978
f 2750/1970/2145 2744/2739/2982 2751/1986/2146
f 5/2740/2983 16/2741/2984 13/2492/2706
f 4104/2714/2985 4087/2266/2986 4101/2713/2987
f 1466/1161/1363 1467/1911/2049 1465/1273/1364
f 2936/2742/2988 2934/2743/2989 2945/2744/2990
f 4086/2712/2981 4085/2711/2991 4087/2266/2986
f 4088/2745/2992 4089/2735/2979 4086/2712/2981
f 4085/2711/2991 4086/2712/2981 4090/2709/2993
f 4053/2721/2964 4049/2712/2953 4052/2709/2950
f 4069/2702/2994 4099/2710/2995 4090/2709/2993
f 260/68/162 305/1562/2996 261/67/1648
f 4073/859/905 4074/305/333 4072/304/332
f 4075/1085/2200 4077/15/15 4078/14/14
f 4094/2728/2972 4093/2730/2972 4095/2729/2972
f 4106/2746/2997 4107/2747/2998 4109/2459/2999
f 4110/2727/3000 4106/2746/2997 4109/2459/2999
f 4220/2748/3001 4284/2749/3002 4217/2750/3003
f 2402/2751/3004 2397/2752/3005 2404/2753/3006
f 54/2754/3007 53/440/472 55/2755/3008
f 4181/335/369 4261/2756/3009 4242/2561/2800
f 1022/792/835 1040/1933/2071 1005/793/836
f 4414/2757/3010 4415/2758/3011 4412/2759/3012
f 2559/1894/2031 2553/1900/2037 2562/1899/2036
f 281/241/271 288/247/270 282/1599/1720
f 562/829/877 597/2760/3013 578/148/148
f 1736/1503/1605 1731/1504/1606 1737/2761/3014
f 1396/1104/1310 1379/74/650 1378/1114/1304
f 2260/2752/3015 2265/2751/3016 2267/2753/3017
f 4158/2762/3018 4154/2763/3019 4153/2707/2948
f 4170/2764/3020 4172/2765/3021 4169/2708/2949
f 4072/304/332 4070/2766/3022 4073/859/905
f 4156/2767/3023 4155/1731/1862 4157/1730/1861
f 6448/2768/3024 6451/1405/1508 6449/1404/1507
f 3148/833/2443 3150/834/2443 3149/835/3025
f 4227/1355/1456 4173/1357/1458 4174/2769/3026
f 3578/1983/2497 3556/2278/2664 3558/2770/3027
f 2634/2771/3028 2636/1752/3029 2635/1753/3030
f 4256/1655/1773 4292/2239/2409 4238/917/968
f 4292/2239/2409 4239/2772/3031 4238/917/968
f 4239/2772/3031 4240/2773/3032 4238/917/968
f 2746/2774/3033 2764/2775/3034 2740/1994/2136
f 3280/2237/2407 3283/2776/3035 3295/2777/3036
f 4196/2778/3037 4181/335/369 4176/337/371
f 4451/1406/1091 4453/2779/1091 4452/2780/1091
f 1156/1060/1112 1154/1034/1111 1178/571/692
f 1741/889/940 1748/1429/1530 1747/1520/1622
f 4242/2561/2800 4243/1290/1384 4246/624/661
f 4255/743/784 4246/624/661 4247/1289/1383
f 4240/2773/3032 4239/2772/3031 4241/2486/2699
f 486/504/537 485/319/347 484/2781/3038
f 4598/2782/3039 4596/2340/2516 4599/1697/1824
f 4248/2485/2698 4250/2783/3040 4245/1291/1385
f 4248/2485/2698 4241/2486/2699 4312/2784/3041
f 4311/2785/3042 4312/2784/3041 4241/2486/2699
f 4241/2486/2699 4301/2786/3043 4310/2787/3044
f 4228/2222/2391 4237/2788/3045 4175/1590/1696
f 4178/1053/1103 4176/337/371 4180/336/370
f 2380/618/655 2388/2789/3046 2357/2790/3047
f 4180/336/370 4190/625/662 4182/1054/1104
f 4220/2748/3001 4263/2791/3048 4286/2792/3049
f 1996/2793/3050 1989/405/437 1990/404/436
f 5568/2794/3051 5566/2795/3052 5565/2796/3053
f 4217/2750/3003 4283/2797/3054 4218/2798/3055
f 4467/2799/1753 4469/2161/1753 4468/2800/1753
f 133/56/56 130/54/54 56/57/57
f 4189/2801/3056 4188/1120/1180 4184/2802/3057
f 2682/594/627 2683/2803/3058 2695/2804/3059
f 4308/2805/3060 4307/2806/3061 4187/1118/1178
f 4309/2807/3062 4187/1118/1178 4307/2806/3061
f 4306/2808/3063 4305/2809/3064 4185/2810/3065
f 4304/2811/3066 4303/2221/2390 4183/2812/3067
f 4175/1590/1696 4183/2812/3067 4303/2221/2390
f 4183/2812/3067 4179/1055/1105 4216/2813/3068
f 4198/2814/3069 4197/2815/3070 4199/2816/3071
f 4197/2815/3070 4198/2814/3069 4200/2817/3072
f 4197/2815/3070 4220/2748/3001 4199/2816/3071
f 4286/2792/3049 4263/2791/3048 4264/2818/3073
f 4263/2791/3048 4262/2819/3074 4264/2818/3073
f 4262/2819/3074 4263/2791/3048 4265/2820/3075
f 4279/2821/3076 4270/2209/2378 4280/2088/2239
f 4281/2822/3077 4268/2823/3078 4267/2824/3079
f 4420/2825/3080 4422/2826/3081 4421/2827/3082
f 4285/2828/3083 4289/333/367 4287/2829/3084
f 4290/334/368 4289/333/367 4285/2828/3083
f 4288/2830/3085 4287/2829/3084 4289/333/367
f 2715/2831/3086 2714/1978/2119 2716/1977/2118
f 61/188/190 52/43/43 154/42/42
f 4339/2832/1753 4336/2833/1753 4338/2834/1753
f 4222/2835/3087 4223/332/366 4219/1879/2016
f 4219/1879/2016 4221/2836/3088 4222/2835/3087
f 4215/1878/2015 4201/1880/2017 4203/2837/3089
f 4589/2272/2442 4569/2838/3090 4587/2839/3091
f 4213/2840/3092 4214/2841/3093 4206/1903/2040
f 4213/2840/3092 4206/1903/2040 4211/2842/3094
f 5046/2843/3095 5056/2844/3096 5045/2845/3097
f 154/42/42 63/41/41 155/2846/3098
f 4253/2240/2410 4251/2193/2361 4315/2847/3099
f 4314/2195/2363 4315/2847/3099 4251/2193/2361
f 1292/2848/3100 1250/1170/1232 1294/1172/1234
f 1402/1148/1336 1495/1149/3101 1493/1152/1340
f 4212/2849/3102 4211/2842/3094 4210/1902/2039
f 3866/2639/2882 3862/2850/3103 3863/2851/3104
f 1646/2852/3105 1621/437/469 1614/436/468
f 5342/2853/3106 5349/2854/3107 5343/2855/3108
f 5811/2856/3109 5812/2857/3110 5810/1360/1463
f 4520/2858/3111 4524/2859/3112 4525/2860/3113
f 204/229/231 198/213/215 203/212/214
f 4371/2861/3114 4370/2131/3114 4372/2862/3114
f 4378/2863/3115 4377/424/3115 4379/2864/3115
f 4397/2480/3116 4395/2865/3117 4394/2481/3118
f 3023/2866/3119 3022/2867/3120 3025/2868/3121
f 4416/2865/3122 4417/2869/3123 4437/2481/3124
f 4433/2870/3125 4437/2481/3124 4417/2869/3123
f 3343/2284/3126 3340/2285/3127 3342/2871/3128
f 1070/2872/3129 1073/986/1038 1069/993/1045
f 4457/2873/425 4455/978/425 4454/2874/425
f 1397/2875/3130 1440/343/3131 1399/633/3132
f 1827/2876/3133 1828/2877/3134 1830/2878/3135
f 3637/50/2486 3695/2879/3136 3692/2880/3137
f 262/1674/1796 265/69/163 261/67/1648
f 2520/1326/1427 2527/1869/2006 2518/1059/1109
f 5269/2881/3138 5267/2882/3139 5270/2883/3140
f 2172/2884/3141 2168/1748/3142 2169/2885/3143
f 6170/61/61 6175/2886/3144 6169/2887/3145
f 3879/2638/2881 3887/2623/2864 3886/2625/2866
f 2753/2888/3146 2748/2889/3147 2749/1969/3148
f 4027/2702/2942 4044/2890/3149 4061/2723/2966
f 2380/618/655 2357/2790/3047 2358/2891/3150
f 4631/355/389 4639/758/799 4654/356/390
f 4526/1501/1602 4529/2892/3151 4528/2893/3152
f 4533/2894/3153 4528/2893/3152 4529/2892/3151
f 4533/2894/3153 4529/2892/3151 4531/2895/3154
f 4530/1091/1147 4531/2895/3154 4529/2892/3151
f 4526/1501/1602 4547/2896/3155 4529/2892/3151
f 4526/1501/1602 4542/1502/1603 4547/2896/3155
f 4546/810/853 4547/2896/3155 4542/1502/1603
f 4539/2897/3156 4529/2892/3151 4547/2896/3155
f 4547/2896/3155 4546/810/853 4548/2898/3157
f 4548/2898/3157 4539/2897/3156 4547/2896/3155
f 4545/2899/3158 4541/808/851 4544/920/971
f 4549/2900/3159 4548/2898/3157 4546/810/853
f 4564/1393/1494 4563/2901/3160 4560/1394/1495
f 4568/2902/3161 4565/809/852 4567/2903/3162
f 4556/2904/3163 4551/945/997 4552/2905/3164
f 4565/809/852 4561/2906/3165 4566/2907/3166
f 4550/2908/3167 4566/2907/3166 4561/2906/3165
f 4566/2907/3166 4567/2903/3162 4565/809/852
f 4550/2908/3167 4551/945/997 4566/2907/3166
f 4556/2904/3163 4555/2909/3168 4551/945/997
f 4538/944/996 4567/2903/3162 4566/2907/3166
f 4538/944/996 4566/2907/3166 4551/945/997
f 4554/1153/1214 4551/945/997 4555/2909/3168
f 4558/946/998 4551/945/997 4554/1153/1214
f 4536/2910/3169 4558/946/998 4557/1155/1216
f 4463/2911/1030 4465/2162/1030 4464/2912/1030
f 4538/944/996 4536/2910/3169 4539/2897/3156
f 4529/2892/3151 4536/2910/3169 4530/1091/1147
f 4571/2913/3170 4569/2838/3090 4572/2914/3171
f 4578/2915/3172 4570/2916/3173 4581/2202/2371
f 4568/2902/3161 4546/810/853 4565/809/852
f 4584/750/791 4585/749/790 4594/2917/3174
f 4588/2271/2441 4572/2914/3171 4569/2838/3090
f 2114/2690/2931 2093/2918/3175 2095/2919/3176
f 4580/2920/3177 4581/2202/2371 4571/2913/3170
f 1375/1051/3178 1389/1222/3179 1388/2921/3180
f 2464/763/3181 2463/2922/3182 2465/2923/3183
f 4603/357/391 4604/2924/3184 4598/2782/3039
f 4610/1434/1535 4596/2340/2516 4597/2925/3185
f 4591/2926/3186 4595/2927/3187 4607/2928/3188
f 4612/2929/3189 4613/2930/3190 4617/757/798
f 4618/2931/3191 4617/757/798 4613/2930/3190
f 4613/2930/3190 4620/2932/3192 4618/2931/3191
f 1909/98/98 1913/9/9 1906/8/8
f 4618/2931/3191 4633/2933/3193 4617/757/798
f 4632/2934/3194 4618/2931/3191 4622/2935/3195
f 4620/2932/3192 4622/2935/3195 4618/2931/3191
f 4618/2931/3191 4632/2934/3194 4633/2933/3193
f 4634/2936/3196 4633/2933/3193 4632/2934/3194
f 4622/2935/3195 4620/2932/3192 4621/2937/3197
f 4621/2937/3197 4620/2932/3192 4619/2938/3198
f 4613/2930/3190 4615/2939/3199 4620/2932/3192
f 1613/1491/1592 1612/548/581 1611/737/778
f 4656/2940/3200 4655/2941/3201 4657/2942/3202
f 1219/1129/1190 1236/1148/1209 1240/1147/1208
f 4629/2943/3203 4624/2944/3204 4614/2945/3205
f 4614/2945/3205 4616/759/800 4629/2943/3203
f 465/2946/3206 466/311/339 467/310/338
f 4631/355/389 4629/2943/3203 4616/759/800
f 4740/2947/3207 4752/2948/3208 4749/2949/3209
f 4654/356/390 4639/758/799 4652/2950/3210
f 4637/2231/2400 4652/2950/3210 4639/758/799
f 4652/2950/3210 4637/2231/2400 4649/2951/3211
f 123/2952/3212 43/82/82 56/57/57
f 4643/2953/3213 4642/2230/2399 4644/2954/3214
f 4645/2955/3215 4643/2953/3213 4644/2954/3214
f 4636/2956/3216 4644/2954/3214 4638/2229/2398
f 4635/2957/3217 4640/2958/3218 4636/2956/3216
f 4636/2956/3216 4641/2959/3219 4644/2954/3214
f 4641/2959/3219 4636/2956/3216 4640/2958/3218
f 4641/2959/3219 4640/2958/3218 4657/2942/3202
f 4641/2959/3219 4657/2942/3202 4655/2941/3201
f 4655/2941/3201 4645/2955/3215 4641/2959/3219
f 4644/2954/3214 4641/2959/3219 4645/2955/3215
f 4633/2933/3193 4656/2940/3200 4657/2942/3202
f 1071/985/1037 1078/984/1036 1083/2232/2401
f 5491/1553/1658 5486/2960/3220 5487/1551/1656
f 4680/2961/3221 4679/2962/3222 4681/1420/1524
f 4681/1420/1524 4671/1422/1526 4680/2961/3221
f 4691/2963/3223 4680/2961/3221 4671/1422/1526
f 4679/2962/3222 4690/2964/3224 4681/1420/1524
f 4682/2965/3225 4692/2966/3226 4672/2967/3227
f 4672/2967/3227 4673/2968/3228 4682/2965/3225
f 4683/2969/3229 4682/2965/3225 4673/2968/3228
f 4673/2968/3228 4672/2967/3227 4670/1421/1525
f 6351/2970/3230 6348/2971/3231 6352/2972/3232
f 4673/2968/3228 4674/2973/3233 4684/2974/3234
f 4685/2085/2236 4684/2974/3234 4674/2973/3233
f 4674/2973/3233 4673/2968/3228 4670/1421/1525
f 4674/2973/3233 4686/2975/3235 4685/2085/2236
f 4674/2973/3233 4688/2086/2237 4686/2975/3235
f 4696/2976/3236 4695/2977/3237 4677/2978/3238
f 4677/2978/3238 4678/2979/3239 4696/2976/3236
f 3874/2617/2858 3908/2615/2856 3909/2980/3240
f 1732/1430/1531 1724/1498/1599 1730/1500/1601
f 6566/2981/3241 6546/2982/3242 6567/2983/3243
f 4699/2984/3244 4698/2985/3245 4700/2986/3246
f 4699/2984/3244 4702/2987/3247 4698/2985/3245
f 4699/2984/3244 4712/2988/3248 4702/2987/3247
f 4711/2989/3249 4699/2984/3244 4710/2990/3250
f 4713/2991/3251 4702/2987/3247 4712/2988/3248
f 4700/2986/3246 4710/2990/3250 4699/2984/3244
f 4710/2990/3250 4700/2986/3246 4720/2992/3252
f 4719/2993/3253 4701/2994/3254 4709/2995/3255
f 4708/1952/2092 4709/2995/3255 4701/2994/3254
f 4709/2995/3255 4708/1952/2092 4707/2996/3256
f 4707/2996/3256 4708/1952/2092 4718/1951/2091
f 1261/1505/1607 1272/2997/3257 1281/1506/1608
f 4705/2998/3258 4724/2999/3259 4706/3000/3260
f 4723/3001/3261 4724/2999/3259 4705/2998/3258
f 326/3002/3262 387/3003/3263 342/2066/2215
f 3449/3004/3264 3455/3005/3265 3445/3006/3266
f 4702/2987/3247 4714/3007/3267 4715/3008/3268
f 4702/2987/3247 4713/2991/3251 4714/3007/3267
f 4727/3009/3269 4726/3010/3270 4728/3011/3271
f 4730/3012/3272 4727/3009/3269 4728/3011/3271
f 4731/3013/3273 4732/2683/2924 4733/3014/3274
f 4734/3015/3275 4733/3014/3274 4732/2683/2924
f 4733/3014/3274 4734/3015/3275 4740/2947/3207
f 4736/2681/2922 4732/2683/2924 4728/3011/3271
f 4738/2682/2923 4734/3015/3275 4732/2683/2924
f 4738/2682/2923 4740/2947/3207 4734/3015/3275
f 6434/3016/3276 6429/3017/3277 6430/3018/3278
f 6496/3019/3279 6502/3020/3280 6495/3021/3281
f 4752/2948/3208 4748/3022/3282 4749/2949/3209
f 4748/3022/3282 4745/3023/3283 4749/2949/3209
f 4746/1919/2057 4749/2949/3209 4745/3023/3283
f 4748/3022/3282 4752/2948/3208 4745/3023/3283
f 4752/2948/3208 4751/3024/3284 4745/3023/3283
f 4751/3024/3284 4743/1920/2058 4745/3023/3283
f 4747/1921/2059 4743/1920/2058 4744/3025/3285
f 4744/3025/3285 4743/1920/2058 4741/3026/3286
f 4742/3027/3287 4741/3026/3286 4743/1920/2058
f 4742/3027/3287 4743/1920/2058 4751/3024/3284
f 4751/3024/3284 4750/3028/3288 4742/3027/3287
f 4735/3029/3289 4742/3027/3287 4750/3028/3288
f 4742/3027/3287 4735/3029/3289 4741/3026/3286
f 4640/2958/3218 4633/2933/3193 4657/2942/3202
f 5931/3030/3290 5933/3031/3291 5934/798/841
f 4737/3032/3292 4735/3029/3289 4739/3033/3293
f 4729/3034/3294 4726/3010/3270 4735/3029/3289
f 4735/3029/3289 4737/3032/3292 4729/3034/3294
f 4729/3034/3294 4728/3011/3271 4726/3010/3270
f 4736/2681/2922 4729/3034/3294 4737/3032/3292
f 3081/3035/3295 3036/3036/3296 3037/3037/3297
f 518/3038/3298 515/3039/3299 521/3040/3300
f 1772/3041/3301 1771/3042/3302 1770/3043/3303
f 2780/1947/2255 2785/1928/2066 2783/1930/2068
f 5743/3044/3304 5721/3045/3305 5722/3046/3306
f 2010/3047/3307 2024/3048/3308 2025/3049/3309
f 3316/1958/3310 3318/1959/3311 3317/3050/3312
f 6537/3051/3313 6535/3052/3314 6516/3053/3315
f 1743/1005/1059 1744/1262/1348 1746/1003/1057
f 5892/2296/2469 5897/3054/3316 5896/3055/3317
f 3316/1958/3310 3308/1536/1639 3315/1960/3318
f 927/3056/3319 991/1467/1567 928/3057/3320
f 5051/629/666 5066/378/412 5067/377/411
f 4888/3058/3321 4886/3059/3322 4885/3060/3323
f 2503/3061/3324 2511/3062/3325 2498/3063/3326
f 5171/3064/3327 5169/2250/2420 5172/3065/3328
f 1364/1116/1321 1366/1121/1323 1386/1117/1325
f 3232/3066/3329 3231/3067/3330 3234/3068/3331
f 6485/3069/3332 6483/3070/3333 6486/3071/3334
f 3035/3072/3335 3052/3073/3336 3033/3074/3337
f 1885/1544/1647 1863/1270/1357 1857/1275/1368
f 1202/1121/1181 1201/1116/1176 1223/1117/1177
f 1470/470/502 1468/1811/3338 1462/1283/1376
f 1929/3075/3339 1925/3076/3340 1935/3077/3341
f 3770/365/1604 3757/366/3342 3792/3078/3343
f 3377/1445/1546 3381/3079/3344 3376/3080/3345
f 3879/2638/2881 3886/2625/2866 3885/2629/2870
f 2655/1564/1707 2657/1563/3346 2654/1064/1118
f 4918/3081/3347 4915/3082/3348 4919/3083/3349
f 2178/2375/3350 2174/1755/3351 2175/3084/3352
f 6100/3085/3353 6096/3086/3354 6103/669/710
f 364/3087/3355 363/3088/3356 359/3089/3357
f 5057/3090/3358 5075/3091/3359 5045/2845/3097
f 5088/1281/1374 5092/3092/3360 5093/2330/2506
f 3614/3093/3361 3612/3094/3362 3613/3095/3363
f 4429/3096/3364 4431/3097/3365 4430/3098/3366
f 1041/3099/3367 1040/1933/2071 1042/3100/3368
f 4075/1085/2200 4096/2724/3369 4074/305/333
f 5728/3101/3370 5726/3102/3371 5727/3103/3372
f 5209/3104/3373 5207/581/3374 5210/3105/3375
f 2363/1688/3376 2330/3106/3377 2328/1484/3378
f 2906/3107/3379 2902/2081/2230 2900/2084/2233
f 175/161/917 185/225/227 163/230/918
f 4972/2533/2774 4988/3108/3380 4974/3109/3381
f 3/3110/3382 10/1854/1993 11/1728/1859
f 4980/3111/3383 4979/3112/3384 4973/3113/3385
f 4069/2702/2994 4083/2703/3386 4084/3114/3387
f 4508/716/757 4517/2206/2375 4514/3115/3388
f 4975/1477/1576 4982/1496/1597 4983/1478/1577
f 4984/3116/3389 4983/1478/1577 4982/1496/1597
f 4766/3117/3390 4765/1713/3391 4769/3118/3391
f 1588/3119/3392 1565/33/33 1532/1372/1475
f 493/506/539 492/522/555 484/2781/3038
f 4978/3120/3393 4971/3121/3394 4987/2343/2519
f 4971/3121/3394 4978/3120/3393 4966/2420/2602
f 4992/3122/3395 4991/3123/3396 4993/3124/3397
f 6267/3125/3398 6268/3126/3399 6275/3127/3400
f 4574/1767/1900 4578/2915/3172 4577/3128/3401
f 4999/3129/3402 4998/3130/3403 5000/3131/3404
f 5029/3132/3405 5030/2455/2649 5031/2454/2648
f 5010/3133/3406 5009/451/483 5007/3134/3407
f 5008/3135/3408 5007/3134/3407 5009/451/483
f 631/626/663 642/628/665 641/3136/3409
f 3051/1363/1466 3069/37/37 3053/1438/1539
f 1352/1957/2097 1354/1956/2096 1353/3137/3410
f 1641/1769/1903 1643/1463/1563 1623/739/780
f 1250/1170/1232 1256/1217/1277 1255/1219/1279
f 6037/2352/2530 6039/3138/3411 6038/2353/2531
f 3490/2442/2629 3531/1906/3412 3492/2317/3413
f 5105/3139/3414 5108/3140/3414 5106/3141/3414
f 2875/3142/3415 2876/734/775 2881/736/777
f 5888/3143/3416 5885/3144/3417 5887/3145/3418
f 4504/2437/2622 4500/3146/3419 4505/44/44
f 5847/3147/3420 5839/1247/1316 5848/3148/3421
f 2487/3149/3422 2486/654/3423 2488/1849/1987
f 1133/3150/3424 1125/923/974 1126/1075/1129
f 1011/950/1004 1038/3151/3425 1010/3152/3426
f 6223/586/619 6219/585/618 6213/3153/3427
f 136/185/187 37/3154/3428 61/188/190
f 2413/3155/3429 2417/1777/1912 2411/790/1911
f 5798/3156/3430 5790/1113/1172 5783/1112/1171
f 3719/3157/3431 3718/2386/3432 3685/2004/2151
f 3393/831/1405 3415/830/3433 3411/832/3434
f 3043/2072/2221 3066/138/138 3061/140/140
f 1542/2543/2785 1566/3158/3435 1543/3159/3436
f 1762/1510/1612 1774/3160/3437 1773/3161/3438
f 531/568/601 529/3162/3439 567/3163/3440
f 6157/3164/3441 6163/2414/2596 6164/3165/1343
f 4518/717/758 4515/3166/3442 4513/715/756
f 65/39/39 64/126/126 67/130/130
f 3778/2478/3443 3720/50/50 3765/2189/2730
f 5122/610/3444 5114/3167/3445 5113/3168/3446
f 2459/3169/3447 2458/654/695 2460/3170/3448
f 244/230/232 257/231/233 298/1416/3449
f 5162/3171/3450 5160/3172/3451 5159/3173/3452
f 6130/3174/3453 6127/3175/3454 6128/3176/3455
f 5337/3177/1811 5335/3178/1812 5334/3179/1813
f 1910/1165/2522 1907/100/100 1911/3180/3456
f 5463/3181/3457 5461/3182/3458 5464/3183/3459
f 2783/1930/2068 2781/1946/3460 2780/1947/2255
f 5554/3184/3461 5552/3185/3462 5549/3186/3463
f 1519/3187/3464 1518/1957/3465 1520/3137/3466
f 1383/3188/3467 1374/1052/3468 1373/1050/1680
f 4487/1472/1572 4488/3189/3469 4495/3190/3470
f 1823/721/762 1822/720/761 1830/2878/3135
f 5911/2253/2423 5916/3191/3471 5915/2254/2424
f 1221/278/1188 1320/279/3472 1321/1157/1218
f 6730/2173/3473 6728/2174/3474 6727/3192/3475
f 4318/2089/2240 4254/742/783 4253/2240/2410
f 600/3193/3476 636/726/767 599/1602/1723
f 2866/3194/3477 2868/3195/3478 2865/3196/3479
f 1291/276/289 1249/3197/3480 1292/2848/3100
f 6471/1215/1275 6468/3198/3481 6469/3199/3482
f 3306/3200/3483 3305/3201/3484 3304/3202/3485
f 134/3203/3486 106/3204/3487 107/2382/2562
f 6525/3205/3488 6529/3206/3489 6522/3207/3490
f 3678/1781/1918 3713/2275/3491 3715/3208/3492
f 678/3209/3493 697/874/923 718/1001/1053
f 1271/3210/3494 1262/1229/1289 1261/1505/1607
f 6281/3211/3495 6279/3212/3496 6280/3213/3497
f 1390/674/715 1375/1051/3178 1376/1136/1354
f 1295/3214/3498 1266/1202/1262 1264/921/972
f 5728/3101/3370 5727/3103/3372 5729/3215/3499
f 343/3216/3500 325/368/402 342/2066/2215
f 4270/2209/2378 4268/2823/3078 4281/2822/3077
f 48/84/84 137/85/85 62/3217/3501
f 3475/3218/3502 3608/3219/3503 3609/3220/3504
f 5928/3221/3505 5925/3222/3506 5929/3223/3507
f 2916/3224/3508 2911/1791/1929 2915/1993/2134
f 610/1601/1722 612/1603/1724 617/3225/3509
f 3523/2432/2617 3482/3226/3510 3532/961/1015
f 541/2410/2592 539/487/520 538/489/522
f 4735/3029/3289 4750/3028/3288 4739/3033/3293
f 359/3089/3357 358/694/735 360/3227/3511
f 1168/3228/3512 1152/3229/3513 1153/3230/3514
f 325/368/402 350/3231/3515 351/3232/3516
f 1169/3233/3517 1158/3234/3518 1156/1060/1112
f 3339/2327/3519 3337/2328/3520 3329/287/306
f 4893/3235/3521 4891/3236/3522 4892/3237/3523
f 1837/3238/3524 1835/3239/3525 1838/3240/3526
f 96/2333/2509 54/2754/3007 95/3241/3527
f 1976/822/1708 1974/811/1697 1975/298/1699
f 1578/1387/1488 1539/390/424 1552/3242/3528
f 1102/3243/3529 1094/1006/1060 1103/3244/3530
f 2348/1301/1399 2337/578/611 2336/577/610
f 2465/2923/3183 2466/3245/3531 2467/3246/3532
f 107/2382/2562 135/2381/2561 134/3203/3486
f 5493/2795/3533 5497/3247/3534 5498/3248/3535
f 573/849/896 569/3249/3536 576/3250/3537
f 1271/3210/3494 1260/1231/1291 1269/3251/3538
f 2425/3252/3539 2426/3253/3540 2431/1820/1955
f 2839/1065/1624 2844/1563/1668 2842/1064/1670
f 41/3254/3541 31/3255/3542 30/1108/1164
f 5911/2253/2423 5912/3256/3543 5913/3257/3544
f 1816/3258/3545 1786/3259/3546 1818/3260/3547
f 5599/3261/3548 5597/3262/3549 5600/3263/3550
f 4599/1697/1824 4603/357/391 4598/2782/3039
f 1415/1302/1401 1416/1304/1403 1414/1945/2084
f 5471/3264/3551 5470/3265/3552 5472/3266/3553
f 2374/1700/3554 2326/1701/3555 2373/3267/3556
f 188/220/222 197/219/221 196/1615/1737
f 3044/2073/2222 3063/1138/1199 3072/1787/1925
f 6230/3268/3557 6237/3269/3558 6226/3270/3559
f 455/3271/3560 457/499/532 452/416/448
f 3729/1663/1783 3723/1400/1503 3721/1664/1784
f 1640/3272/3561 1611/737/778 1658/3273/3562
f 5650/3274/3563 5665/3275/3564 5651/3276/3565
f 1812/2342/2518 1798/1533/1635 1817/3277/3566
f 3744/1793/1931 3749/550/2748 3748/2500/2760
f 4423/2482/3567 4432/3278/3568 4422/2826/3081
f 1169/3233/3517 1175/3279/3569 1176/1083/1137
f 1062/1739/1874 1063/3280/3570 1054/3281/3571
f 312/221/290 321/613/821 323/614/648
f 100/118/118 142/120/120 143/3282/3572
f 4817/270/276 4811/269/275 4810/232/234
f 2327/1483/3573 2361/1482/3574 2328/1484/3378
f 5544/523/3575 5542/3283/3576 5541/3284/3577
f 5550/3285/3578 5549/3186/3463 5551/3286/3579
f 5551/3286/3579 5549/3186/3463 5552/3185/3462
f 5554/3184/3461 5555/524/3580 5553/3284/3581
f 5556/3287/3582 5555/524/3580 5554/3184/3461
f 1884/3288/3583 1856/1530/1632 1855/3289/3584
f 2205/939/3585 2208/402/434 2207/401/433
f 5620/1431/1532 5616/3290/3586 5619/1432/1533
f 5588/1592/3587 5586/1526/3587 5589/1593/3587
f 5624/3291/3588 5622/3292/3589 5625/3293/3590
f 6279/3212/3496 6307/3294/3591 6306/3295/3592
f 6560/3296/3593 6558/3297/3594 6559/3298/3595
f 4265/2820/3075 4263/2791/3048 4267/2824/3079
f 4023/3299/3596 4026/3300/3597 4022/3301/3598
f 934/902/953 931/897/948 943/3302/3599
f 5759/3303/3600 5761/3304/3601 5777/3305/3602
f 2466/3245/3531 2453/3306/3603 2467/3246/3532
f 3401/2235/2404 3397/3307/3604 3402/3308/3605
f 5322/3309/3606 5329/3310/3607 5323/2154/2324
f 1773/3161/3438 1805/2326/2502 1762/1510/1612
f 4825/2145/2312 4823/1335/1436 4822/1334/1435
f 3889/2605/2846 3856/2585/2826 3859/2602/2843
f 5686/3311/3608 5685/3312/3609 5683/3313/3610
f 107/2382/2562 69/3314/3611 109/38/38
f 5046/2843/3095 5061/3315/3612 5060/3316/3613
f 1654/3317/3614 1682/3318/3615 1646/2852/3105
f 5704/869/915 5701/868/914 5702/3319/3616
f 4497/3320/3617 4496/45/45 4500/3146/3419
f 1920/1177/1239 1918/3321/3618 1923/3322/3619
f 3064/1139/1200 3078/3323/3620 3065/3324/3621
f 2407/788/3622 2412/789/1913 2410/3325/3623
f 992/3326/3624 971/2247/2417 950/3327/3625
f 5827/1604/1725 5829/3328/3626 5826/3329/3627
f 6131/3330/3628 6133/3331/3629 6134/3332/3630
f 5732/3333/3631 5734/1585/1690 5733/3334/3632
f 6491/478/510 6497/480/512 6493/3335/3633
f 1799/1953/2093 1777/1527/1628 1759/48/48
f 3075/3336/3634 3051/1363/1466 3077/1607/1728
f 6100/3085/3353 6109/3337/3635 6101/3338/3636
f 6464/3339/3637 6462/3340/3638 6465/3341/3639
f 2043/273/279 2038/3342/3640 2037/3343/3641
f 1414/1945/2084 1413/363/397 1412/3344/3642
f 3062/1608/1729 3078/3323/3620 3063/1138/1199
f 5652/3345/3643 5665/3275/3564 5660/3346/3644
f 2776/3347/3645 2775/3348/3646 2774/3349/3647
f 2563/3350/3648 2565/3351/3649 2558/3352/3650
f 5700/3353/3651 5699/3354/3652 5691/3355/3653
f 5596/3356/3654 5593/3357/3655 5595/3358/3656
f 1212/1114/1174 1228/1249/2755 1198/912/1146
f 629/728/769 628/3359/3657 622/3360/3658
f 2712/1975/2115 2713/1976/2116 2765/2116/3659
f 6154/603/637 6153/602/636 6161/3361/3660
f 5721/3045/3305 5743/3044/3304 5720/3362/3661
f 6084/3363/3662 6081/3364/3663 6082/3365/3664
f 5744/3366/3665 5746/3367/3666 5745/3368/3667
f 421/385/419 428/3369/3668 429/3370/3669
f 6028/3371/3670 6027/3372/3671 6026/3373/3672
f 962/3374/3673 912/3375/3674 920/3376/3675
f 4972/2533/2774 4974/3109/3381 4973/3113/3385
f 6315/2214/2383 6306/3295/3592 6316/3377/3676
f 1025/348/382 1006/791/834 1012/349/383
f 4191/3378/3677 4173/1357/1458 4192/1654/1772
f 5782/3379/3678 5779/3380/3679 5781/3381/3680
f 1408/1103/1308 1503/1095/1301 1407/76/651
f 5951/2592/2833 5954/3382/3681 5955/3383/3682
f 5888/3143/3416 5886/3384/3683 5885/3144/3417
f 93/3385/3684 101/3386/3685 102/1898/2035
f 2684/526/559 2683/2803/3058 2682/594/627
f 6392/3387/3686 6365/3388/3687 6393/3389/3688
f 4688/2086/2237 4677/2978/3238 4695/2977/3237
f 585/3390/3689 565/282/297 554/744/785
f 5837/3391/3690 5840/3392/3691 5838/3393/3692
f 5374/3394/3693 5375/3395/3694 5376/3396/3695
f 1235/632/669 1239/3397/3696 1307/3398/3697
f 2473/958/3698 2472/3399/3699 2470/3400/3700
f 3018/3401/3701 3019/3402/3702 3017/3403/3703
f 5852/3404/3704 5849/3405/3705 5848/3148/3421
f 6221/3406/3706 6226/3270/3559 6225/3407/3707
f 3366/2167/2334 3364/1536/3708 3367/1535/3709
f 637/3408/3710 645/3409/3711 635/1706/1838
f 4027/2702/2942 4053/2721/2964 4052/2709/2950
f 5813/3410/3712 5814/3411/3713 5812/2857/3110
f 6561/410/442 6551/3412/3714 6549/3413/3715
f 683/3414/3716 698/3415/3717 682/667/708
f 1903/821/3718 1908/99/99 1909/98/98
f 5896/3055/3317 5897/3054/3316 5900/3416/3719
f 3523/2432/2617 3518/2431/2616 3519/3417/3720
f 3377/1445/1546 3376/3080/3345 3365/3418/3721
f 372/267/269 347/180/182 348/3419/3722
f 3583/2392/2635 3610/3420/3723 3560/2391/2636
f 3180/833/1114 3182/834/1114 3181/835/3724
f 3184/833/2443 3186/834/2443 3185/835/2443
f 5845/3421/3725 5838/3393/3692 5846/3422/3726
f 6163/2414/2596 6155/3423/3727 6171/3424/3728
f 4700/2986/3246 4698/2985/3245 4701/2994/3254
f 124/97/97 118/3425/3729 127/96/96
f 3883/2635/2878 3849/2583/2824 3884/2632/2875
f 2689/2069/3730 2687/3426/3731 2690/2070/3732
f 2476/966/1020 2469/3427/3733 2468/1048/1098
f 5176/3428/3734 5174/3429/3735 5173/3430/3736
f 2800/2035/2183 2836/2038/2186 2799/2036/2184
f 4034/1085/1139 4060/2051/2784 4036/14/1140
f 5863/989/1041 5865/3431/3737 5862/1407/1510
f 5864/3432/3738 5862/1407/1510 5865/3431/3737
f 3889/2605/2846 3890/2603/2844 3915/836/883
f 4202/1440/1541 4201/1880/2017 4200/2817/3072
f 3082/3433/3739 3075/3336/3634 3083/3434/3740
f 4320/2149/2319 4235/3435/3741 4232/3436/3742
f 954/3437/3743 967/3438/3744 916/3439/3745
f 4328/361/395 4331/3440/3746 4330/1649/1766
f 1952/2020/2168 1960/3441/3747 1949/871/920
f 4591/2926/3186 4583/748/789 4584/750/791
f 1356/1877/2014 1352/1957/2097 1353/3137/3410
f 5043/3442/3748 5048/3443/3749 5059/3444/3750
f 1385/278/293 1402/1148/1336 1486/1157/1335
f 1023/347/381 1049/3445/3751 1033/3446/3752
f 2549/3447/3753 2555/1892/2029 2559/1894/2031
f 4266/3448/3754 4269/3449/3755 4265/2820/3075
f 5742/3450/3756 5760/3451/3757 5758/3452/3758
f 6586/3453/3759 6591/1494/1595 6587/3454/3760
f 5893/2297/2470 5892/2296/2469 5891/3455/3761
f 475/3456/3762 473/1625/1747 444/1627/1749
f 4832/3457/3763 4834/3458/3764 4833/3459/3765
f 2484/3460/3766 2482/152/152 2481/151/151
f 901/1814/1950 902/3461/3767 900/1812/1948
f 4705/2998/3258 4704/3462/3768 4715/3008/3268
f 887/442/3769 880/443/3770 886/3463/3771
f 2253/817/3772 2238/2367/2547 2237/25/25
f 5892/2296/2469 5894/3464/3773 5890/3465/3774
f 6552/3466/3775 6548/3467/3776 6551/3412/3714
f 6480/3468/3777 6457/3469/3778 6481/3470/3779
f 449/408/440 450/407/439 446/3471/3780
f 5892/2296/2469 5890/3465/3774 5891/3455/3761
f 4905/805/848 4903/3472/3781 4907/3473/3782
f 6120/3474/3783 6112/3475/3784 6117/2351/2529
f 5906/2541/2782 5905/3476/3785 5907/3477/3786
f 5905/3476/3785 5904/3478/3787 5907/3477/3786
f 2653/1065/1119 2657/1563/3346 2659/1523/3788
f 3734/462/494 3764/2521/2746 3758/3479/3789
f 4597/2925/3185 4604/2924/3184 4610/1434/1535
f 621/3480/3790 616/3481/3791 615/3482/3792
f 1564/3483/3793 1566/3484/3435 1563/3485/3794
f 6095/3486/3795 6094/3487/3796 6093/3488/3797
f 5874/3489/3798 5872/3490/3799 5877/3491/3800
f 4191/3378/3677 4195/3492/3801 4177/3493/3802
f 1536/340/374 1529/339/373 1562/2042/2190
f 4651/3494/3803 4652/2950/3210 4649/2951/3211
f 2614/3495/3804 2612/3496/3805 2615/3497/3806
f 2395/2674/3807 2393/2675/3808 2396/839/1967
f 1263/3498/3809 1285/3499/3810 1272/2997/3257
f 1627/3500/3811 1652/3501/1465 1685/3502/3812
f 5745/3368/3667 5746/3367/3666 5747/3503/3813
f 6200/3504/3814 6187/3505/3815 6180/3506/3816
f 6208/3507/3817 6202/3508/3818 6209/3509/3819
f 5918/536/569 5920/3510/3820 5921/3511/3821
f 6112/3475/3784 6115/3512/3822 6116/3513/3823
f 557/565/598 531/568/601 558/569/602
f 4794/3514/3824 4791/3515/3825 4795/3516/3826
f 5922/3517/3827 5918/536/569 5921/3511/3821
f 4663/3518/3828 4660/3519/3829 4658/3520/3830
f 111/142/142 83/136/136 113/3521/3831
f 1621/437/469 1629/420/452 1622/1696/1823
f 3967/2692/2933 3965/2627/2868 3966/2694/2935
f 646/3522/3832 638/3523/3833 606/3524/3834
f 446/3471/3780 442/399/431 478/1626/1748
f 181/237/239 180/1674/3835 184/238/240
f 2509/3525/3836 2510/1098/1154 2498/3063/3326
f 2890/3526/3837 2892/3527/3838 2889/3196/3839
f 1073/986/1038 1080/3528/3840 1072/994/1046
f 5691/3355/3653 5693/3529/3841 5692/3530/3842
f 6211/1703/1834 6218/3531/3843 6220/1704/1835
f 1312/3532/3844 1311/1156/1217 1310/3533/3845
f 1481/3534/3846 1482/1173/3847 1442/1175/1377
f 157/3535/3848 137/85/85 123/2952/3212
f 1231/1104/1160 1244/643/681 1228/1249/2755
f 1222/1115/1175 1245/644/682 1319/280/1173
f 5939/3536/3849 5940/3537/3850 5943/1637/1754
f 3345/3538/3851 3356/3539/3852 3347/1516/1618
f 5290/2016/2164 5293/3540/3853 5292/3541/3854
f 3294/3542/3855 3295/2777/3036 3283/2776/3035
f 1080/3528/3840 1093/1008/1062 1072/994/1046
f 4104/2714/2985 4097/2051/2199 4087/2266/2986
f 1839/3543/3856 1838/3240/3526 1840/3544/3857
f 4725/3545/3858 4704/3462/3768 4706/3000/3260
f 2644/3546/3859 2646/3547/3860 2645/3548/3861
f 2661/1923/2061 2668/3549/3862 2669/1925/2063
f 1253/275/288 1264/921/972 1265/1200/1260
f 2542/1884/2021 2560/1883/2020 2556/2361/2539
f 4375/3550/3863 4373/1133/3864 4376/1135/3865
f 5937/796/839 5934/798/841 5939/3536/3849
f 4572/2914/3171 4580/2920/3177 4571/2913/3170
f 1386/1117/1325 1385/278/293 1387/1115/1331
f 5953/3551/3866 5956/3552/3867 5951/2592/2833
f 220/3553/3868 173/588/1695 221/589/3869
f 2028/3554/3870 2024/3048/3308 2026/3555/3871
f 48/84/84 62/3217/3501 47/2405/2587
f 5960/3556/3872 5961/3557/3873 5959/3558/3874
f 3731/112/3875 3725/113/2771 3724/1402/1505
f 208/201/203 209/195/197 168/197/199
f 1841/3559/3876 1840/3544/3857 1842/959/1013
f 6344/3560/3877 6347/324/356 6343/326/358
f 6315/2214/2383 6277/1653/1771 6279/3212/3496
f 5955/3383/3682 5954/3382/3681 5959/3558/3874
f 1440/343/3131 1439/1271/3878 1441/3561/3879
f 3883/2635/2878 3860/2586/2827 3852/2588/2829
f 4691/2963/3223 4672/2967/3227 4692/2966/3226
f 6654/3562/3880 6653/3563/3880 6652/3564/3880
f 6631/3565/3881 6634/1242/1307 6633/3566/3882
f 4562/3567/3883 4560/1394/1495 4563/2901/3160
f 187/3568/3884 188/220/222 196/1615/1737
f 4015/3569/3885 4009/3570/3886 4011/3571/3887
f 1471/3398/3888 1400/3572/3889 1465/1273/1364
f 2235/3267/3890 2196/971/1055 2189/1701/1832
f 5965/688/729 5964/1711/1843 5973/689/730
f 1028/1255/1338 1018/915/966 1009/3573/3891
f 2265/2751/3016 2256/2675/2916 2263/838/885
f 4508/716/757 4519/3574/3892 4518/717/758
f 6568/3575/3893 6547/3576/3894 6566/2981/3241
f 638/3523/3833 609/3577/3895 606/3524/3834
f 2950/3578/3896 2946/3579/3897 2947/3580/3898
f 1059/3581/3899 1061/1738/1873 1060/1740/1875
f 2349/1320/1420 2334/576/609 2350/1321/1421
f 4517/2206/2375 4510/3582/3900 4509/3583/3901
f 3077/1607/1728 3053/1438/1539 3078/3323/3620
f 5952/3584/3902 5951/2592/2833 5955/3383/3682
f 3647/1401/3903 3641/1402/2725 3648/112/112
f 5850/3585/3904 5847/3147/3420 5848/3148/3421
f 2594/1744/3905 2590/3586/3906 2595/1746/3907
f 252/820/1736 253/557/590 300/3587/3908
f 4311/2785/3042 4241/2486/2699 4310/2787/3044
f 663/3588/3909 669/1776/1910 664/719/760
f 5425/3589/3910 5423/3590/3911 5426/3591/3912
f 1190/7/3913 1184/8/3914 1180/3592/3915
f 6727/3192/3475 6726/3593/3916 6725/1141/1202
f 6229/3594/3917 6224/3595/3918 6227/1186/1248
f 69/3314/3611 64/126/126 65/39/39
f 6442/3596/3919 6408/3597/3920 6409/3598/3921
f 5389/3599/3922 5386/3600/3923 5387/3601/3924
f 2843/1594/3925 2840/1063/2726 2841/1564/1669
f 6245/3602/3926 6248/509/542 6252/508/541
f 45/65/65 46/64/64 112/3603/3927
f 3773/2531/2767 3756/2499/2762 3755/2504/2769
f 1496/1329/2608 1502/1179/1389 1501/1180/1391
f 6362/3604/3928 6361/3605/3929 6363/3606/3930
f 2007/3607/3931 2023/1610/3932 2027/3608/3933
f 6035/3609/3934 6044/3610/3935 6040/3611/3936
f 6040/3611/3936 6050/3612/3937 6035/3609/3934
f 6037/2352/2530 6043/2354/2532 6036/3613/3938
f 6050/3612/3937 6049/3614/3939 6035/3609/3934
f 6036/3613/3938 6042/3615/3940 6037/2352/2530
f 6041/3616/3941 6035/3609/3934 6049/3614/3939
f 6035/3609/3934 6041/3616/3941 6042/3615/3940
f 6037/2352/2530 6045/2322/2498 6048/2324/2500
f 6045/2322/2498 6037/2352/2530 6042/3615/3940
f 6047/3617/3942 6046/2323/2499 6045/2322/2498
f 6055/3618/3943 6054/3619/3944 6053/3620/3945
f 6054/3619/3944 6055/3618/3943 6051/3621/3946
f 6056/3622/3947 6051/3621/3946 6055/3618/3943
f 6051/3621/3946 6056/3622/3947 6052/3623/3948
f 6057/3624/3949 6052/3623/3948 6056/3622/3947
f 416/3625/3950 415/3626/3951 406/651/691
f 1411/1099/1167 1480/1109/1166 1505/1101/3952
f 6066/3627/3953 6068/3628/3954 6141/3629/3955
f 6142/3630/3956 6141/3629/3955 6068/3628/3954
f 1679/3631/3957 1648/773/815 1615/863/909
f 1358/3632/3958 1350/1847/1984 1351/3633/3959
f 6073/3634/3960 6074/3635/3961 6075/3636/3962
f 6144/3637/3963 6077/3638/3964 6143/3639/3965
f 6145/3640/3966 6143/3639/3965 6077/3638/3964
f 6078/3641/3967 6079/3642/3967 6080/3643/3967
f 6081/3364/3663 6083/3644/3968 6082/3365/3664
f 6083/3644/3968 6081/3364/3663 6086/3645/3969
f 6085/3646/3970 6086/3645/3969 6081/3364/3663
f 1116/3647/3971 1117/3648/3972 1104/2104/2260
f 6092/3649/3973 6090/3650/3974 6089/3651/3975
f 6091/3652/3976 6090/3650/3974 6092/3649/3973
f 2705/3653/3977 2703/1968/2108 2704/3654/3978
f 3567/1680/3979 3547/2316/2490 3566/2434/3980
f 2930/2395/2577 2945/2744/2990 2944/3655/3981
f 2397/2752/3005 2394/2676/3982 2398/3656/3983
f 4176/337/371 4195/3492/3801 4196/2778/3037
f 6219/585/618 6227/1186/1248 6224/3595/3918
f 6265/3657/3984 6258/507/540 6254/176/178
f 6183/690/731 6198/3658/3985 6184/3659/3986
f 6111/3660/3987 6095/3486/3795 6099/3661/3988
f 6212/3662/3989 6211/1703/1834 6210/3663/3990
f 6101/3338/3636 6110/3664/3991 6093/3488/3797
f 6093/3488/3797 6094/3487/3796 6101/3338/3636
f 6094/3487/3796 6096/3086/3354 6101/3338/3636
f 6106/3665/3992 6096/3086/3354 6097/3666/3993
f 6110/3664/3991 6101/3338/3636 6109/3337/3635
f 6105/670/711 6096/3086/3354 6106/3665/3992
f 6101/3338/3636 6096/3086/3354 6100/3085/3353
f 6096/3086/3354 6105/670/711 6103/669/710
f 6123/3667/3994 6121/3668/3995 6122/3669/3996
f 6121/3668/3995 6123/3667/3994 6125/3670/3997
f 6124/3671/3998 6121/3668/3995 6125/3670/3997
f 6121/3668/3995 6124/3671/3998 6122/3669/3996
f 1526/3672/3999 1573/3673/4000 1557/3674/4001
f 4215/1878/2015 4203/2837/3089 4206/1903/2040
f 6126/3675/4002 6139/3676/4003 6135/3677/4004
f 6126/3675/4002 6137/3678/4005 6128/3176/3455
f 1216/1299/4006 1205/1130/1191 1217/1132/1193
f 6133/3331/3629 6138/3331/4007 6134/3332/3630
f 3955/1374/1477 3956/3679/4008 3957/846/893
f 705/493/526 706/3680/4009 717/1027/1078
f 2113/2688/2929 2087/857/903 2091/3681/4010
f 140/1896/2033 139/3682/4011 97/1897/2034
f 6676/2227/2396 6668/2226/2395 6685/3683/4012
f 745/1763/1122 744/3684/4013 743/1609/1730
f 2988/3685/4014 2983/3686/4015 2984/3687/4016
f 6300/1497/1598 6298/3688/4017 6304/3689/4018
f 1858/421/453 1884/3288/3583 1855/3289/3584
f 6000/3690/4019 6011/3691/4020 6001/3692/4021
f 2853/3196/4022 2854/3693/4023 2856/3694/4024
f 6170/61/61 6164/1257/1343 6156/62/62
f 1622/1696/1823 1631/2402/2584 1632/3695/4025
f 51/2406/2588 62/3217/3501 63/41/41
f 2396/839/1967 2401/838/2253 2399/1831/1968
f 6277/1653/1771 6315/2214/2383 6305/1652/1770
f 4798/3696/4026 4792/3697/4027 4799/3698/4028
f 4214/2841/3093 4188/1120/1180 4189/2801/3056
f 1245/644/682 1244/643/681 1247/1099/1155
f 6269/244/248 6271/3699/4029 6272/2279/2451
f 2486/654/3423 2483/3700/4030 2484/3460/3766
f 3042/3701/4031 3050/2476/2683 3039/908/959
f 3272/3702/4032 3284/3703/4033 3273/3704/4034
f 3275/2291/2463 3278/3705/4035 3277/3706/4036
f 3861/194/196 3863/2851/3104 3862/2850/3103
f 3281/2236/2406 3274/3707/4037 3275/2291/2463
f 6180/3506/3816 6179/3708/4038 6200/3504/3814
f 6359/324/4039 6355/325/4040 6356/3709/4041
f 2353/400/687 2350/1321/1421 2342/648/688
f 2768/1929/4042 2770/1928/4043 2767/1930/2086
f 6239/1915/2053 6240/1914/2052 6247/3710/4044
f 6244/1918/2056 6246/3711/4045 6245/3602/3926
f 6268/3126/3399 6267/3125/3398 6266/245/249
f 2431/1820/1955 2423/1822/1957 2425/3252/3539
f 6345/3709/4046 6341/3712/4047 6342/325/357
f 581/3713/4048 538/489/522 582/3714/4049
f 2827/2059/2208 2828/3715/4050 2809/2054/2203
f 6264/3716/4051 6257/3717/4052 6258/507/540
f 1703/3155/4053 1704/3718/4054 1705/3719/4055
f 4344/3720/4056 4343/1736/1869 4342/2517/2738
f 4495/3190/3470 4479/3721/4057 4478/3722/4058
f 2253/817/3772 2240/1031/1082 2249/683/1853
f 4833/3459/3765 4834/3458/3764 4835/1333/1434
f 2194/659/700 2229/3723/4059 2192/3724/4060
f 4241/2486/2699 4243/1290/1384 4240/2773/3032
f 2928/3725/4061 2918/394/426 2919/3726/4062
f 2035/3727/4063 2034/3728/4064 2036/3729/4065
f 1658/3273/3562 1611/737/778 1642/547/580
f 663/3588/3909 659/3730/4066 699/3731/4067
f 4097/2051/2199 4079/13/13 4087/2266/2986
f 2542/1884/2021 2540/3732/4068 2543/1885/2022
f 2997/2001/2314 2991/3733/4069 2999/2147/2315
f 1094/1006/1060 1101/3734/4070 1100/3735/4071
f 2382/925/976 2381/3736/4072 2376/681/722
f 4697/2287/2459 4696/2976/3236 4678/2979/3239
f 6248/509/542 6245/3602/3926 6247/3710/4044
f 6359/324/4039 6353/3560/4073 6354/326/4074
f 1368/1124/1326 1371/1128/1328 1367/1123/1327
f 2352/591/4075 2325/590/1400 2351/592/4076
f 738/1630/900 741/3737/4077 740/850/897
f 2367/3723/4078 2331/659/4079 2329/3738/4080
f 4346/3739/4081 4345/360/394 4344/3720/4056
f 3026/3740/4082 3029/3741/4083 3027/3742/4084
f 6355/325/4040 6353/3560/4073 6357/3743/4085
f 773/3744/4086 780/1665/1785 774/3745/4087
f 6000/3690/4019 6003/1338/1439 6006/3746/4088
f 3973/2697/2938 3963/374/408 3972/3747/4089
f 2468/1048/1098 2469/3427/3733 2470/3400/3700
f 4699/2984/3244 4711/2989/3249 4712/2988/3248
f 3640/1792/2357 3662/1127/1424 3641/1402/2725
f 6310/3748/4090 6276/712/753 6305/1652/1770
f 1393/642/1330 1409/643/4091 1392/1249/1318
f 3272/3702/4032 3274/3707/4037 3279/2238/2408
f 2308/1749/1884 2309/1748/1883 2311/2884/4092
f 6396/3749/4093 6399/3606/4094 6395/3750/4095
f 6398/3751/4096 6395/3750/4095 6399/3606/4094
f 282/1599/1720 288/247/270 271/200/284
f 2648/3752/4097 2650/1752/4098 2649/1753/4099
f 6423/3753/4100 6400/2334/2510 6401/2336/2512
f 6423/3753/4100 6424/3754/4101 6437/3755/4102
f 6030/3756/4103 6025/3757/4104 6031/3758/4105
f 6404/3759/4106 6402/3760/4107 6410/3761/4108
f 6410/3761/4108 6408/3597/3920 6404/3759/4106
f 6443/3762/4109 6406/3763/4110 6408/3597/3920
f 6433/3764/4111 6432/102/4112 6431/3765/4113
f 6417/3766/4114 6418/3767/4115 6438/3768/4116
f 6439/434/466 6438/3768/4116 6418/3767/4115
f 6438/3768/4116 6439/434/466 6440/433/465
f 6420/3769/4117 6444/3770/4118 6419/1861/4119
f 678/3209/3493 718/1001/1053 681/1000/1052
f 6445/3771/4120 6444/3770/4118 6446/3772/4121
f 5505/3247/4122 5503/3773/4123 5506/1353/4124
f 4791/3515/3825 4790/3774/4125 4789/3775/4126
f 1273/1227/1287 1263/3498/3809 1262/1229/1289
f 6669/3776/4127 6677/3777/4128 6685/3683/4012
f 1561/1481/1580 1535/338/372 1545/1598/1719
f 6455/3778/4129 6489/3779/4130 6456/3780/4131
f 3771/1782/4132 3772/2522/2747 3799/3208/4133
f 258/223/322 310/222/292 311/2505/4134
f 1208/1052/1102 1210/1051/1101 1209/1136/1196
f 6414/2520/4135 6435/3781/4136 6434/3016/3276
f 6460/3782/4137 6477/3783/4138 6479/3784/4139
f 3548/2315/2489 3582/1906/2043 3563/1908/2045
f 1250/1170/1232 1249/3197/3480 1248/3785/4140
f 6390/3786/4141 6388/3771/4142 6391/1861/4143
f 5918/536/569 5922/3517/3827 5919/537/570
f 2936/2742/2988 2937/2069/4144 2938/2070/4145
f 672/3787/4146 671/3788/4147 670/3789/4148
f 5677/2307/2481 5681/3790/4149 5695/3791/4150
f 4721/3792/4151 4703/1950/2090 4704/3462/3768
f 6140/3793/4152 6065/3794/4153 6146/3795/4154
f 6505/3796/4155 6504/3797/4156 6492/3798/4157
f 6491/478/510 6492/3798/4157 6504/3797/4156
f 2670/2610/2851 2679/1938/2076 2675/1614/1735
f 2017/3799/4158 2018/3800/4159 2029/3801/4160
f 4503/2436/2621 4507/1260/1346 4497/3320/3617
f 1677/1492/1593 1676/1491/1500 1669/3802/1501
f 489/3803/4161 488/517/550 487/518/551
f 1917/3804/4162 1916/3805/4163 1925/3076/3340
f 92/166/168 104/177/179 99/3806/4164
f 1389/1222/3179 1403/2704/4165 1388/2921/3180
f 2631/3807/4166 2629/3808/4167 2628/3809/4168
f 891/3810/4169 892/3811/4170 890/2183/2351
f 3569/2471/4171 3551/3812/4172 3568/3813/4173
f 5648/3814/4174 5651/3276/3565 5649/3815/4175
f 1642/547/580 1645/549/582 1688/3816/4176
f 5982/3817/4177 5977/3818/4178 5979/3819/4179
f 4242/2561/2800 4260/3820/4180 4244/918/969
f 1108/3821/4181 1110/1672/1793 1109/3822/4182
f 6523/3823/4183 6520/3824/4184 6543/3825/4185
f 6542/3826/4186 6543/3825/4185 6520/3824/4184
f 6543/3825/4185 6542/3826/4186 6541/3827/4187
f 4800/3828/4188 4803/3829/4189 4805/1581/1686
f 2974/2125/2285 2973/2122/2282 3010/2123/2283
f 5433/3830/4190 5431/3831/4191 5434/3832/4192
f 2192/3724/4060 2228/3833/4193 2227/3834/4194
f 6149/3835/4195 6148/3836/4196 6150/3837/4197
f 6555/3838/4198 6569/3839/4199 6558/3297/3594
f 6558/3297/3594 6560/3296/3593 6555/3838/4198
f 6569/3839/4199 6570/3840/4200 6573/3841/4201
f 6573/3841/4201 6558/3297/3594 6569/3839/4199
f 6574/3842/4202 6573/3841/4201 6570/3840/4200
f 4069/2702/2994 4091/2721/2978 4068/252/2977
f 6572/3843/4203 6557/3844/4204 6556/3845/4205
f 6555/3838/4198 6556/3845/4205 6557/3844/4204
f 6569/3839/4199 6555/3838/4198 6571/3846/4206
f 6557/3844/4204 6571/3846/4206 6555/3838/4198
f 6571/3846/4206 6570/3840/4200 6569/3839/4199
f 6575/3847/4207 6580/3848/4208 6576/3849/4209
f 6579/3850/4210 6576/3849/4209 6580/3848/4208
f 4904/3851/4211 4924/3852/4212 4903/3472/3781
f 6576/3849/4209 6578/3853/4213 6575/3847/4207
f 3930/725/766 3962/375/409 3963/374/408
f 6582/249/253 6581/3854/4214 6585/3855/4215
f 2826/2045/2193 2825/2047/2195 2804/3856/4216
f 6589/3857/4217 6588/3858/4218 6586/3453/3759
f 6588/3858/4218 6590/1495/1596 6586/3453/3759
f 363/3088/3356 406/651/691 359/3089/3357
f 1563/3485/3794 1550/3859/4219 1594/3860/4220
f 3698/2523/2750 3700/367/401 3675/3479/4221
f 1392/1249/1318 1378/1114/1304 1362/912/963
f 6627/2300/2473 6626/2299/2472 6629/3861/4222
f 4558/946/998 4536/2910/3169 4538/944/996
f 6713/2538/4223 6711/3862/4224 6714/2539/4225
f 1530/3863/4226 1531/3864/4227 1533/2544/4228
f 4302/3865/4229 4294/3866/4230 4319/3867/4231
f 1079/983/1035 1076/981/1033 1077/865/911
f 4099/2710/2995 4069/2702/2994 4100/3868/4232
f 4694/3869/4233 4688/2086/2237 4695/2977/3237
f 2887/3870/4234 2888/2365/2545 2893/2348/2544
f 5946/3871/4235 5947/1638/1755 5943/1637/1754
f 6288/3872/4236 6295/2096/2248 6282/3873/4237
f 121/3874/4238 120/3875/4239 141/3876/4240
f 6607/3877/4241 6609/168/170 6602/3878/4242
f 3413/3879/4243 3411/832/3434 3414/3880/4244
f 5576/1592/4245 5570/3881/4246 5569/3882/4247
f 6234/3883/4248 6229/3594/3917 6227/1186/1248
f 2342/648/688 2340/939/991 2343/401/686
f 4677/2978/3238 4675/2288/2460 4678/2979/3239
f 746/3884/4249 760/3048/4250 761/3885/4251
f 3606/3420/4252 3536/2392/2574 3505/2391/2573
f 1224/1223/1283 1207/1050/1100 1237/2704/2944
f 474/3886/4253 473/1625/1747 475/3456/3762
f 3683/222/2720 3668/1322/1422 3701/277/4254
f 4846/3887/4255 4847/3888/4256 4849/3889/4257
f 4185/2810/3065 4305/2809/3064 4216/2813/3068
f 5768/3890/4258 5772/3891/4259 5749/3892/4260
f 6484/3893/4261 6456/3780/4131 6489/3779/4130
f 3721/1664/1784 3722/1792/1930 3765/2189/2730
f 5954/3382/3681 5951/2592/2833 5956/3552/3867
f 3737/449/481 3782/3894/4262 3740/450/482
f 3761/1781/2446 3742/1780/2740 3771/1782/4132
f 5478/3895/4263 5481/3896/4264 5482/3897/4265
f 951/3898/4266 929/291/315 930/3899/4267
f 1927/3900/4268 1932/934/986 1928/2377/2557
f 2062/1622/1744 2046/3901/4269 2063/259/261
f 3529/2243/2605 3602/3902/4270 3522/2244/4271
f 6322/1569/1675 6314/1568/1674 6323/2215/2384
f 280/213/310 275/211/309 283/204/305
f 236/2197/4272 237/3903/4273 238/352/4274
f 4280/2088/2239 4189/2801/3056 4254/742/783
f 499/515/548 495/2071/2220 509/3904/4275
f 6263/3905/4276 6255/3906/4277 6262/3907/4278
f 2135/1342/1443 2134/3908/4279 2132/1340/1441
f 4405/3909/4280 4409/3910/4281 4410/3911/4282
f 716/3912/4283 718/1001/1053 717/1027/1078
f 6308/3913/4284 6312/3914/4285 6307/3294/3591
f 6344/3560/3877 6342/325/357 6341/3712/4047
f 6669/3776/4127 6671/3915/4286 6677/3777/4128
f 5944/3916/4287 5939/3536/3849 5945/1639/1756
f 3679/1323/1423 3642/113/113 3641/1402/2725
f 1946/3917/4288 1941/3918/4289 1940/3919/4290
f 6663/3920/4291 6661/3921/4292 6662/3922/4293
f 891/3810/4169 890/2183/2351 896/3923/4294
f 6096/3086/3354 6098/429/461 6097/3666/3993
f 5205/3924/4295 5203/2881/4296 5206/2883/4297
f 2227/3834/4194 2193/1687/1814 2192/3724/4060
f 923/2092/2243 925/3925/4298 924/3926/4299
f 2588/3927/4300 2586/3928/4301 2585/3929/4302
f 902/3461/3767 897/3930/4303 898/3931/4304
f 5378/622/659 5379/621/658 5380/3932/4305
f 6117/2351/2529 6112/3475/3784 6118/2349/2527
f 6538/1621/1743 6519/3933/4306 6517/3934/4307
f 1594/3860/4220 1548/34/34 1593/3119/4308
f 4218/2798/3055 4283/2797/3054 4282/3935/4309
f 1726/1509/1611 1727/3936/4310 1725/891/942
f 6721/3937/4311 6719/329/363 6722/3938/4312
f 5433/3830/4190 5434/3832/4192 5435/3939/4313
f 2577/3940/4314 2576/3941/4314 2575/2490/4314
f 6808/3942/4315 6807/285/300 6809/284/299
f 791/3943/4316 832/3944/4317 831/3945/4318
f 6651/3946/4319 6650/3947/4319 6649/3948/4319
f 32/2258/2428 45/65/65 44/3949/4320
f 6132/3950/4321 6129/3951/4322 6130/3174/3453
f 412/3952/4323 356/3953/4324 414/3954/4325
f 5969/3955/4326 5970/1448/1549 5967/3956/4327
f 1679/3631/3957 1633/3957/4328 1634/3958/4329
f 114/3959/4330 139/3682/4011 120/3875/4239
f 6619/3960/4331 6615/2268/2438 6614/2270/2440
f 147/3961/4332 148/3962/4333 57/3963/4334
f 5858/1189/1251 5855/3964/4335 5859/3965/4336
f 6659/3966/4337 6656/3967/4338 6655/1449/1550
f 3079/3968/4339 3053/1438/1539 3080/1437/1538
f 5063/3969/4340 5071/3970/4341 5050/3971/4342
f 6656/3967/4338 6657/1450/1551 6655/1449/1550
f 188/220/222 185/225/227 176/223/225
f 6668/2226/2395 6665/3972/4343 6686/3973/4344
f 6668/2226/2395 6679/2228/2397 6665/3972/4343
f 6374/3974/4345 6372/3975/4346 6375/3976/4347
f 6664/3977/4348 6667/3978/4349 6678/3979/4350
f 3061/140/140 3083/3434/3740 3075/3336/3634
f 6686/3973/4344 6665/3972/4343 6670/3980/4351
f 6666/3981/4352 6665/3972/4343 6684/3982/4353
f 2878/3983/4354 2880/3984/4355 2877/3985/4356
f 6680/3986/4357 6684/3982/4353 6665/3972/4343
f 6679/2228/2397 6676/2227/2396 6675/3987/4358
f 4045/2703/2943 4027/2702/2942 4046/3114/4359
f 6675/3987/4358 6676/2227/2396 6683/3988/4360
f 3878/2637/2880 3845/2581/2822 3866/2639/2882
f 6669/3776/4127 6664/3977/4348 6673/3989/4361
f 6671/3915/4286 6669/3776/4127 6673/3989/4361
f 6672/3990/4362 6671/3915/4286 6681/3991/4363
f 5819/1369/1472 5817/1368/1471 5818/3992/4364
f 3661/1793/2715 3666/550/583 3664/2502/2717
f 5603/3993/4365 5601/1158/4366 5604/3262/4367
f 6350/3994/4368 6348/2971/3231 6351/2970/3230
f 3833/2578/2819 3832/2563/2802 3831/2562/2801
f 6118/2349/2527 6113/3995/4369 6119/2350/2528
f 4713/2991/3251 4715/3008/3268 4714/3007/3267
f 5559/1020/4370 5557/3996/4371 5560/3997/4372
f 1188/1165/1226 1192/1939/2078 1193/2345/4373
f 955/3998/4374 968/3999/4375 967/3438/3744
f 6186/2320/2494 6185/691/732 6180/3506/3816
f 4719/2993/3253 4700/2986/3246 4701/2994/3254
f 2281/2261/4376 2303/2260/4377 2302/2259/4378
f 893/4000/4379 894/2184/2352 892/3811/4170
f 367/4001/4380 404/804/847 365/371/405
f 337/4002/4381 332/4003/4382 411/4004/4383
f 3669/1278/1713 3702/1277/4384 3668/1322/1422
f 420/379/413 419/381/415 428/3369/3668
f 6707/4005/4385 6708/386/420 6709/239/4386
f 6222/1705/1836 6230/3268/3557 6226/3270/3559
f 6690/4006/4387 6691/4007/4388 6692/217/219
f 6605/167/169 6607/3877/4241 6601/4008/4389
f 3850/2636/2879 3884/2632/2875 3849/2583/2824
f 3995/2512/2731 3969/2672/2913 3928/2654/2895
f 3686/365/399 3702/1277/4384 3669/1278/1713
f 3994/2570/2809 3923/732/773 3927/733/774
f 5934/798/841 5935/797/840 5931/3030/3290
f 6717/4009/4390 6703/4010/4391 6704/2008/2156
f 4901/4011/4392 4902/4012/4393 4898/4013/4394
f 1440/343/3131 1400/3572/3889 1399/633/3132
f 5991/2338/2514 5990/2337/2513 5999/4014/4395
f 6758/4007/4396 6757/4015/4397 6759/217/241
f 1808/4016/4398 1799/1953/2093 1800/1955/2095
f 6712/4017/4399 6715/4018/4400 6711/3862/4224
f 77/4019/4401 80/1589/1694 79/171/173
f 3023/2866/3119 3020/4020/4402 3021/4021/4403
f 6731/2466/4404 6732/4022/4405 6734/2370/2550
f 6697/4023/4406 6699/107/4407 6700/4024/4408
f 4557/1155/1216 4558/946/998 4554/1153/1214
f 6805/2457/4409 6803/2371/4410 6804/2372/4411
f 6790/330/2668 6787/329/2667 6791/331/4412
f 6802/4025/4413 6803/2371/4410 6801/4026/4414
f 6785/4027/4415 6786/4028/4416 6784/4029/4417
f 341/178/180 353/2716/2957 405/4030/4418
f 5301/1208/1268 5311/1196/1256 5303/1198/1258
f 6783/4031/4419 6782/4032/4420 6778/2537/2776
f 1954/2018/2166 1922/2483/2696 1961/2019/2167
f 6282/3873/4237 6280/3213/3497 6288/3872/4236
f 6775/4033/4421 6772/387/4422 6774/4034/4423
f 53/440/472 96/2333/2509 122/441/473
f 2548/1888/2025 2558/3352/3650 2542/1884/2021
f 317/2197/2366 319/353/387 320/2198/2367
f 200/1599/2364 193/255/257 189/200/202
f 5954/3382/3681 5956/3552/3867 5960/3556/3872
f 2792/1413/1517 2790/2048/4424 2793/2025/2173
f 3068/35/35 3052/3073/3336 3054/36/36
f 2204/4035/4425 2217/400/432 2208/402/434
f 2681/593/626 2693/4036/4426 2685/4037/4427
f 637/3408/3710 646/3522/3832 645/3409/3711
f 4516/2205/2374 4515/3166/3442 4511/4038/4428
f 192/240/244 195/215/217 194/211/213
f 6553/1212/1272 6554/409/441 6563/1213/1273
f 6323/2215/2384 6331/1287/1381 6322/1569/1675
f 2456/656/697 2454/4039/4429 2452/4040/4430
f 2566/4041/4431 2538/4042/4432 2547/1243/1311
f 90/4043/4433 100/118/118 103/4044/4434
f 5329/3310/3607 5330/2152/2322 5323/2154/2324
f 2285/4045/4435 2284/4046/4436 2283/4047/4437
f 1623/739/780 1637/4048/4438 1659/4049/4439
f 3438/2233/4440 3439/4050/4441 3423/4051/4442
f 1553/4052/4443 1538/389/423 1574/794/837
f 4869/4053/4444 4868/4054/4445 4871/4055/4446
f 3639/1400/4447 3646/1663/2487 3638/2188/2358
f 1861/2063/2212 1859/423/455 1860/422/454
f 2445/4056/4448 2446/4057/4449 2447/554/587
f 3845/2581/2822 3843/598/632 3846/600/634
f 2365/4058/4450 2329/3738/4080 2330/3106/3377
f 3682/2189/2359 3696/2514/4451 3657/448/2734
f 723/2248/2418 717/1027/1078 718/1001/1053
f 2031/4059/781 2020/346/380 2033/4060/782
f 2063/259/261 2046/3901/4269 2047/260/262
f 2061/271/277 2048/2166/2333 2044/272/278
f 1059/3581/3899 1058/4061/4452 1057/4062/4453
f 2378/1031/1923 2390/817/860 2387/683/724
f 3309/287/1638 3313/288/1460 3321/2328/2504
f 4577/3128/3401 4581/2202/2371 4582/2204/2373
f 6288/3872/4236 6280/3213/3497 6279/3212/3496
f 6741/123/123 6742/122/122 6739/574/607
f 5902/4063/4454 5905/3476/3785 5903/4064/4455
f 4594/2917/3174 4591/2926/3186 4584/750/791
f 4280/2088/2239 4287/2829/3084 4221/2836/3088
f 3531/1906/3412 3495/4065/4456 3493/2472/2679
f 5513/3773/4457 5511/1662/4458 5514/1353/4459
f 446/3471/3780 439/397/429 442/399/431
f 969/4066/4460 948/466/498 970/468/500
f 5281/4067/4461 5257/4068/4462 5280/4069/4463
f 466/311/339 431/491/524 433/483/515
f 1128/1057/1107 1134/4070/4464 1135/4071/4465
f 3722/1792/1930 3723/1400/1503 3724/1402/1505
f 475/3456/3762 443/4072/4466 448/492/525
f 1504/1100/4467 1411/1099/1167 1505/1101/3952
f 2170/1747/4468 2168/1748/3142 2171/4073/4469
f 2112/604/638 2094/4074/4470 2090/605/639
f 2338/1699/4471 2339/1319/1419 2325/590/1400
f 2380/618/655 2358/2891/3150 2355/619/656
f 873/812/855 874/814/857 872/635/672
f 622/3360/3658 628/3359/3657 623/4075/4472
f 757/344/378 742/851/379 756/346/380
f 179/67/67 226/1252/1332 225/4076/4473
f 2940/4077/4474 2930/2395/2577 2944/3655/3981
f 303/1344/4475 264/1343/4476 309/1345/4477
f 6691/4007/4388 6690/4006/4387 6700/4024/4408
f 4630/4078/4478 4629/2943/3203 4631/355/389
f 5943/1637/1754 5945/1639/1756 5939/3536/3849
f 278/215/313 284/214/312 277/1615/2468
f 284/214/312 279/219/321 277/1615/2468
f 2376/681/722 2381/3736/4072 2386/682/723
f 2222/4079/4479 2190/1483/1582 2223/1482/1581
f 6167/2132/2297 6158/2134/2299 6157/3164/3441
f 4596/2340/2516 4607/2928/3188 4595/2927/3187
f 1623/739/780 1659/4049/4439 1641/1769/1903
f 3212/833/1837 3214/834/1837 3213/835/1837
f 4806/4080/4480 4801/1580/1685 4807/1582/1687
f 6349/4081/4481 6352/2972/3232 6348/2971/3231
f 2212/1693/4482 2211/1692/1916 2213/1694/4483
f 2086/855/901 2080/2200/2369 2088/856/902
f 1653/864/910 1692/4082/4484 1691/862/908
f 5211/4083/4485 5214/4084/4486 5213/4085/4487
f 4860/4086/4488 4862/4087/4489 4861/4088/4490
f 641/3136/3409 642/628/665 621/3480/3790
f 956/4089/4491 1000/4090/4492 999/4091/4493
f 4690/2964/3224 4676/1895/2032 4681/1420/1524
f 5821/4092/4494 5805/521/554 5804/4093/4495
f 4797/4094/4496 4789/3775/4126 4790/3774/4125
f 1084/1009/1063 1072/994/1046 1093/1008/1062
f 985/4095/425 987/4096/425 976/4097/425
f 5763/926/978 5764/4098/4497 5766/927/979
f 4814/4099/4498 4810/232/234 4813/234/236
f 5044/937/989 5073/4100/4499 5074/935/987
f 1916/3805/4163 1947/4101/4500 1946/3917/4288
f 113/3521/3831 160/137/137 159/4102/4501
f 1070/2872/3129 1076/981/1033 1071/985/1037
f 369/4103/4502 368/2384/2564 330/2293/2465
f 1006/791/834 1013/1932/2070 1012/349/383
f 4983/1478/1577 4986/2344/2520 4985/1479/1578
f 119/4104/4503 120/3875/4239 121/3874/4238
f 510/516/549 488/517/550 494/511/544
f 4729/3034/3294 4736/2681/2922 4728/3011/3271
f 3707/3078/4504 3708/4105/4505 3674/366/400
f 4257/916/967 4260/3820/4180 4259/4106/4506
f 1799/1953/2093 1808/4016/4398 1807/4107/4507
f 3784/2523/4508 3735/460/492 3734/462/494
f 1145/572/605 1144/571/604 1143/1076/4509
f 2851/4108/4510 2852/2346/2524 2857/2348/2526
f 3382/4109/4511 3378/1444/1545 3369/1443/1544
f 5875/4110/4512 5877/3491/3800 5876/4111/4513
f 1360/949/1295 1359/4112/4514 1394/1235/1296
f 2373/3267/3556 2326/1701/3555 2333/971/1025
f 6192/4113/4515 6199/1558/1663 6193/4114/4516
f 5977/3818/4178 5978/4115/4517 5989/2607/2848
f 161/135/135 84/134/134 162/4116/4518
f 3863/2851/3104 3878/2637/2880 3866/2639/2882
f 2197/576/4519 2198/4117/4520 2214/1698/1826
f 6060/4118/4521 6058/4119/4522 6061/4120/4523
f 2212/1693/4482 2213/1694/4483 2208/402/434
f 4507/1260/1346 4501/46/46 4496/45/45
f 4910/1182/1244 4911/2355/2533 4914/1183/1245
f 3673/2499/2713 3689/2531/4524 3671/2504/2719
f 2000/4121/4525 1993/4122/475 1994/4123/4526
f 6257/3717/4052 6262/3907/4278 6255/3906/4277
f 3372/4124/4527 3364/1536/3708 3371/4125/4528
f 5123/4126/4529 5110/4127/4530 5126/3140/4531
f 5930/4128/4532 5928/3221/3505 5929/3223/3507
f 2332/972/1026 2331/659/4079 2369/658/4533
f 2904/4129/4534 2896/2082/2231 2902/2081/2230
f 5353/4130/4535 5350/4131/4536 5351/4132/4537
f 6632/1240/1305 6635/4133/4538 6636/1241/1306
f 3760/1298/2753 3759/2379/2756 3795/4134/4539
f 3433/2359/2537 3436/2358/2536 3435/4135/4540
f 1957/873/922 1958/872/921 1939/1550/1655
f 4895/2460/2658 4896/4136/4541 4894/2461/2659
f 5321/4137/4542 5322/3309/3606 5324/2153/2323
f 4624/2944/3204 4628/4138/4543 4623/4139/4544
f 6297/4140/4545 6296/4141/4546 6299/4142/4547
f 2542/1884/2021 2544/1245/1313 2541/4143/4548
f 4169/2708/2949 4154/2763/3019 4170/2764/3020
f 1606/4144/4549 1607/4145/4550 1568/4146/4551
f 1568/4146/4551 1530/3863/4226 1606/4144/4549
f 909/4147/4552 911/4148/4553 910/4149/4554
f 64/126/126 66/125/125 67/130/130
f 2129/4150/4555 2126/4151/4556 2127/4152/4557
f 440/398/430 441/4153/4558 443/4072/4466
f 2547/1243/1311 2542/1884/2021 2558/3352/3650
f 2498/3063/3326 2502/1851/1990 2501/1850/1989
f 2359/4154/4559 2327/1483/3573 2326/1701/3555
f 1559/1397/1499 1601/1396/1498 1558/1224/1284
f 7/4155/4560 16/2741/2984 8/4156/4561
f 5438/3293/4562 5436/4157/4563 5439/4158/4563
f 2089/606/640 2090/605/639 2084/1457/1558
f 1247/1099/1155 1242/1103/1159 1339/1100/1156
f 4601/747/788 4573/4159/4564 4600/358/392
f 1527/1390/1491 1581/1398/1501 1538/389/423
f 637/3408/3710 604/4160/4565 646/3522/3832
f 6588/3858/4218 6592/1493/1594 6590/1495/1596
f 6179/3708/4038 6197/4161/4566 6196/4162/4567
f 5312/4163/4568 5313/1143/1204 5315/4164/4569
f 4367/2865/4570 4356/4165/4571 4357/4166/4572
f 2805/4167/4573 2807/2052/2201 2806/4168/4574
f 1787/4169/4575 1786/3259/3546 1764/4170/4576
f 1788/4171/4577 1790/2075/2224 1789/1539/1642
f 5900/3416/3719 5897/3054/3316 5901/4172/4578
f 5448/4173/4579 5444/4174/4580 5445/4175/4581
f 5441/4176/4582 5440/4177/4583 5453/753/4584
f 5428/4178/4585 5427/4179/4586 5445/4175/4581
f 2118/4180/4587 2124/4181/4588 2115/4182/4589
f 1156/1060/1112 1157/1075/4590 1155/1032/1110
f 1871/4183/425 1868/4184/425 1867/4185/425
f 1897/1634/1753 1899/1636/1753 1893/4186/1753
f 2424/4187/4591 2428/4188/4592 2426/3253/3540
f 1949/871/920 1960/3441/3747 1959/2441/2628
f 3965/2627/2868 3957/846/893 3943/845/892
f 5909/2252/2422 5908/4189/4593 5905/3476/3785
f 195/215/217 196/1615/1737 202/214/216
f 5245/4190/4594 5244/4191/4595 5246/4192/4596
f 919/2091/2242 959/2440/2627 925/3925/4298
f 2062/1622/1744 2040/1771/1907 2041/1623/1745
f 2055/4193/4597 2060/4194/4598 2058/4195/4599
f 5830/4196/4600 5832/4197/4601 5831/4198/4602
f 476/2720/2963 478/1626/1748 473/1625/1747
f 2757/2006/2154 2756/2002/2149 2755/2001/2148
f 6824/4199/4603 6823/4200/4604 6821/4201/4605
f 365/371/405 344/803/846 370/369/403
f 2100/4202/425 2104/4203/425 2109/4204/425
f 2174/1755/3351 2176/1754/4606 2175/3084/3352
f 1597/4205/4607 1569/1480/1579 1561/1481/1580
f 1832/4206/4608 1822/720/761 1831/4207/4609
f 6252/508/541 6257/3717/4052 6255/3906/4277
f 5299/2015/2163 5293/3540/3853 5300/4208/4610
f 6334/4209/4611 6333/1743/1878 6326/4210/4612
f 6333/1743/1878 6325/1742/1877 6326/4210/4612
f 2492/763/4613 2494/4211/4614 2493/1841/1978
f 2189/1701/1832 2190/1483/1582 2221/1702/1833
f 6248/509/542 6247/3710/4044 6240/1914/2052
f 4223/332/366 4290/334/368 4263/2791/3048
f 3200/833/1114 3202/834/1114 3201/835/3724
f 1162/145/145 1160/1062/1115 1161/1058/1116
f 4499/104/104 4502/1259/1345 4507/1260/1346
f 6204/4212/4615 6203/4213/4616 6205/1069/1123
f 97/1897/2034 114/3959/4330 96/2333/2509
f 662/730/771 670/3789/4148 686/1346/1447
f 2637/1744/1879 2632/4214/4617 2633/1745/1880
f 1064/992/1044 1084/1009/1063 1085/609/643
f 2269/4215/4618 2271/4216/4619 2270/4217/4620
f 5637/751/4621 5635/4218/4621 5638/753/4621
f 1168/3228/3512 1158/3234/3518 1170/4219/4622
f 2201/1770/1904 2200/577/4623 2199/578/1905
f 2040/1771/1907 2034/3728/4064 2042/1772/1908
f 5082/4220/4624 5084/4221/4625 5079/4222/4626
f 4653/354/388 4652/2950/3210 4651/3494/3803
f 1142/1038/1089 1139/4223/4627 1140/570/603
f 1713/4224/4628 1718/766/807 1714/4225/4629
f 1850/4226/4630 1836/4227/4631 1849/3246/4632
f 1011/950/1004 1046/4228/4633 1039/4229/4634
f 3065/3324/3621 3078/3323/3620 3079/3968/4339
f 6767/4230/4635 6758/4007/4396 6766/107/107
f 93/3385/3684 95/3241/3527 94/4231/4636
f 6243/1916/2054 6242/4232/4637 6241/1917/2055
f 4683/2969/3229 4673/2968/3228 4684/2974/3234
f 4724/2999/3259 4725/3545/3858 4706/3000/3260
f 2784/4233/4638 2781/1946/3460 2782/1929/2067
f 6496/3019/3279 6495/3021/3281 6507/4234/4639
f 370/369/403 381/2383/2563 371/4235/4640
f 370/369/403 342/2066/2215 368/2384/2564
f 3208/833/2234 3210/834/2234 3209/835/2234
f 5904/3478/3787 5905/3476/3785 5902/4063/4454
f 5275/639/4641 5273/4236/4642 5271/4237/4643
f 1001/4238/4644 1002/4239/4645 954/3437/3743
f 3483/4240/4646 3508/4241/4647 3482/3226/3510
f 5299/2015/2163 5291/4242/4648 5290/2016/2164
f 1017/951/1005 1047/4243/4649 1019/952/1006
f 2345/1778/4650 2344/1692/1819 2356/4244/4651
f 5939/3536/3849 5934/798/841 5936/4245/4652
f 1234/2875/4653 1275/343/377 1276/1271/1361
f 6695/4246/4654 6696/954/4655 6697/4023/4406
f 522/4247/4656 562/829/877 574/4248/4657
f 7/4155/4560 14/2493/2707 15/4249/4658
f 5956/3552/3867 5958/4250/4659 5960/3556/3872
f 4239/2772/3031 4301/2786/3043 4241/2486/2699
f 668/729/770 700/4251/4660 672/3787/4146
f 4510/3582/3900 4511/4038/4428 4519/3574/3892
f 5938/4252/4661 5937/796/839 5941/4253/4662
f 5430/4254/4663 5431/3831/4191 5432/4255/4664
f 782/1689/1816 787/4256/4665 791/3943/4316
f 2996/1971/2302 2995/1969/4666 2994/2135/2300
f 6166/4257/4667 6165/2099/2251 6167/2132/2297
f 6157/3164/3441 6168/4258/4668 6167/2132/2297
f 1557/3674/4001 1528/1391/1492 1526/3672/3999
f 4842/4259/4669 4841/4260/4670 4844/4261/4671
f 332/4003/4382 333/4262/4672 355/4263/4673
f 913/4264/4674 914/4265/4675 963/4266/4676
f 3035/3072/3335 3056/4267/4677 3054/36/36
f 5942/4268/4678 5946/3871/4235 5943/1637/1754
f 988/1466/1566 994/4269/4679 993/4270/4680
f 4174/2769/3026 4173/1357/1458 4177/3493/3802
f 478/1626/1748 442/399/431 445/1760/1896
f 6222/1705/1836 6210/3663/3990 6211/1703/1834
f 2795/2027/2175 2833/2026/2174 2794/2028/2176
f 6788/4271/4681 6806/4272/4682 6805/2457/4409
f 6753/4201/4683 6755/4200/4684 6756/4199/4685
f 2526/2216/2385 2535/1867/2004 2518/1059/1109
f 5647/4273/4686 5631/4274/4687 5618/4275/4688
f 4885/3060/3323 4886/3059/3322 4887/4276/4689
f 5644/4277/4690 5646/4278/4691 5620/1431/1532
f 5646/4278/4691 5647/4273/4686 5620/1431/1532
f 3475/3218/3502 3504/2397/2579 3476/2396/2578
f 4233/4279/4692 4231/4280/4693 4234/4281/4694
f 5564/3996/4695 5562/3773/4696 5561/2794/4697
f 6738/4282/4698 6722/3938/4312 6737/2457/2651
f 1409/643/4091 1396/1104/1310 1392/1249/1318
f 3114/4283/4699 3115/4284/4700 3113/4285/4701
f 6534/4286/4702 6533/4287/4703 6532/4288/4704
f 5996/4289/4705 5992/1646/1763 5998/1648/1765
f 4741/3026/3286 4735/3029/3289 4726/3010/3270
f 971/2247/2417 929/291/315 952/2245/2415
f 3365/3418/3721 3369/1443/1544 3377/1445/1546
f 3821/2556/2795 3822/2558/2797 3823/2554/2793
f 5925/3222/3506 5928/3221/3505 5926/4290/4706
f 4148/4291/4707 4143/4292/4708 4151/4293/4709
f 3133/4294/4710 3134/4295/4711 3131/4296/4712
f 6795/4297/4713 6794/4298/4714 6796/2174/2342
f 2218/2438/2623 2208/402/434 2213/1694/4483
f 5897/3054/3316 5899/4299/4715 5901/4172/4578
f 2450/4300/4716 2451/4301/4717 2447/554/587
f 5921/3511/3821 5927/4302/4718 5923/4303/4719
f 5675/4304/4720 5672/4305/4721 5674/4306/4722
f 2661/1923/2061 2663/4307/4723 2662/1924/2062
f 1673/4308/4724 1609/4309/4725 1617/4310/4726
f 1714/4225/4629 1715/4311/4727 1713/4224/4628
f 5874/3489/3798 5873/4312/4728 5872/3490/3799
f 2095/2919/3176 2094/4074/4470 2112/604/638
f 1364/1116/1321 1387/1115/1331 1393/642/1330
f 1943/445/4729 1945/4313/4730 1944/447/4731
f 6036/3613/3938 6043/2354/2532 6044/3610/3935
f 3286/4314/4732 3277/3706/4036 3278/3705/4035
f 5577/1524/4733 5578/4315/4734 5573/4316/4735
f 6276/712/753 6291/4317/4736 6287/4318/4737
f 1526/3672/3999 1554/4319/4738 1573/3673/4000
f 5582/4320/4739 5579/4321/4740 5576/1592/4245
f 5575/4322/4741 5574/4323/4742 5571/4324/4743
f 2238/2367/2547 2249/683/1853 2251/2368/2548
f 5518/4325/4744 5516/430/4745 5515/432/4746
f 6715/4018/4400 6716/4326/4747 6717/4009/4390
f 1952/2020/2168 1961/2019/2167 1960/3441/3747
f 3562/4327/4748 3574/2244/2414 3559/4328/4749
f 3562/4327/4748 3554/4329/4750 3603/2242/2412
f 1240/1147/1208 1237/2704/2944 1230/1146/1207
f 2707/1970/2110 2706/1969/2109 2705/3653/3977
f 4763/1775/4751 4761/2310/4752 4764/2309/4753
f 2014/1066/1120 2022/852/898 2013/2448/2642
f 1644/1461/1902 1686/1464/1564 1643/1463/1563
f 2218/2438/2623 2219/2891/4754 2242/618/2624
f 1905/4330/4755 1903/821/3718 1902/4331/4756
f 1674/775/2786 1627/3500/3811 1675/4332/4757
f 6607/3877/4241 6602/3878/4242 6601/4008/4389
f 5737/4333/4758 5738/4334/4759 5741/4335/4760
f 6408/3597/3920 6406/3763/4110 6404/3759/4106
f 1403/2704/4165 1491/4336/4761 1490/4337/4762
f 1237/2704/2944 1240/1147/1208 1325/4337/4763
f 3515/2471/2678 3514/3813/4764 3493/2472/2679
f 1194/4112/4765 1196/949/1003 1195/1086/1141
f 3765/2189/2730 3750/2501/2761 3742/1780/2740
f 3561/2447/2637 3585/4338/4766 3538/3218/4767
f 792/4339/4768 784/4340/4769 793/4341/4768
f 3517/2459/4770 3497/2418/2600 3498/4342/4771
f 3770/365/1604 3786/1277/1370 3785/367/4772
f 1089/1012/1066 1098/1013/1067 1097/4343/4773
f 934/902/953 932/893/944 931/897/948
f 1220/1128/1189 1205/1130/1191 1204/1124/1184
f 3764/2521/2746 3763/1297/2752 3768/2487/2700
f 3758/3479/3789 3768/2487/2700 3769/2004/2568
f 3771/1782/4132 3742/1780/2740 3750/2501/2761
f 1614/436/468 1654/3317/3614 1646/2852/3105
f 3787/277/4774 3786/1277/1370 3752/1126/1186
f 3751/1278/1371 3753/1596/2770 3746/1595/2765
f 6773/312/4775 6768/313/4776 6772/387/4422
f 4216/2813/3068 4186/1119/1179 4185/2810/3065
f 4030/304/2968 4028/2766/4777 4031/4344/4778
f 6745/2465/4779 6748/661/702 6747/660/701
f 2869/2348/4780 2864/4345/4781 2870/4346/4782
f 522/4247/4656 563/4347/4783 517/4348/4784
f 1343/4349/4785 1342/4350/4786 1281/1506/1608
f 2331/659/4079 2368/4351/4787 2369/658/4533
f 114/3959/4330 116/4352/4788 117/1021/1075
f 2800/2035/2183 2819/2046/4789 2820/4353/4790
f 3932/2659/2900 3980/4354/4791 3982/4355/4792
f 3970/2670/2911 3940/2669/2910 3969/2672/2913
f 354/2067/2216 344/803/846 345/4356/4793
f 5914/4357/4794 5915/2254/2424 5916/3191/3471
f 63/41/41 137/85/85 155/2846/3098
f 5853/4358/4795 5850/3585/3904 5849/3405/3705
f 6637/4359/4796 6638/4360/4797 6641/2409/2591
f 6647/756/797 6645/755/796 6648/4361/4798
f 4087/2266/2986 4081/1667/2959 4088/2745/2992
f 3724/1402/1505 3725/113/2771 3762/1125/1185
f 577/1316/1416 526/561/594 532/566/599
f 519/4362/4799 518/3038/3298 520/4363/4800
f 4114/4364/4801 4112/4365/4801 4111/4366/4801
f 294/183/303 293/203/518 283/204/305
f 2384/1350/4802 2357/2790/3047 2388/2789/3046
f 2188/590/623 2203/1319/1825 2202/1699/1827
f 2634/2771/3028 2632/4367/4617 2636/1752/3029
f 3953/2574/2813 3954/4368/4803 3955/1374/1477
f 148/3962/4333 146/59/59 50/60/60
f 6036/3613/3938 6035/3609/3934 6042/3615/3940
f 2009/1068/1122 2008/4369/4804 2007/3607/3931
f 2769/1946/2085 2771/4233/4805 2768/1929/4042
f 4174/2769/3026 4175/1590/1696 4237/2788/3045
f 6590/1495/1596 6591/1494/1595 6586/3453/3759
f 6476/4370/4806 6475/4371/4807 6463/4372/4808
f 6475/4371/4807 6462/3340/3638 6463/4372/4808
f 3061/140/140 3075/3336/3634 3077/1607/1728
f 3479/4373/4809 3481/4374/4810 3480/4375/4811
f 777/4376/4812 770/663/704 785/1566/1672
f 3387/2360/4813 3405/2359/4814 3404/4377/4815
f 4448/976/1753 4446/4378/1753 4449/4379/1753
f 1554/4319/4738 1525/388/422 1555/4380/4816
f 4352/4381/425 4353/4382/425 4349/4383/425
f 4424/2480/4817 4427/4384/4818 4426/4385/4819
f 4808/2274/2445 4806/4080/4480 4807/1582/1687
f 4331/3440/3746 4346/3739/4081 4347/4386/4820
f 1014/1934/2072 1015/4387/4821 1043/4388/4822
f 4569/2838/3090 4586/4389/4823 4587/2839/3091
f 3522/2244/4271 3506/4390/4824 3502/4328/4825
f 4208/4391/4826 4202/1440/1541 4207/1442/1543
f 2931/4392/4827 2943/4393/4828 2933/2394/2576
f 4596/2340/2516 4606/4394/4829 4607/2928/3188
f 6575/3847/4207 6578/3853/4213 6577/4395/4830
f 4607/2928/3188 4590/4396/4831 4591/2926/3186
f 3875/2640/2883 3877/4397/4832 3876/192/194
f 1024/2312/2484 1034/2311/2483 1050/4398/4833
f 1044/947/999 1027/4399/4834 1026/913/964
f 4550/2908/3167 4561/2906/3165 4562/3567/3883
f 2114/2690/2931 2092/2689/2930 2093/2918/3175
f 2435/1827/1963 2436/1826/1962 2434/1824/1960
f 25/80/80 22/4400/4835 23/83/83
f 71/157/157 106/3204/3487 98/165/167
f 5925/3222/3506 5926/4290/4706 5924/4401/4836
f 3264/4402/4837 3265/4403/4837 3266/4404/4837
f 5943/1637/1754 5940/3537/3850 5942/4268/4678
f 5921/3511/3821 5928/3221/3505 5927/4302/4718
f 4760/1715/4838 4758/2308/4838 4757/1713/4838
f 1016/1470/1570 1045/1679/1804 1007/781/824
f 3293/4405/4839 3282/2290/2462 3291/4406/4840
f 70/127/127 69/3314/3611 71/157/157
f 447/4407/4841 449/408/440 446/3471/3780
f 6396/3749/4093 6394/4408/4842 6397/4409/4843
f 1183/821/868 1181/4330/4844 1180/3592/3915
f 3054/36/36 3040/4410/4845 3069/37/37
f 1856/1530/1632 1865/4411/4846 1855/3289/3584
f 1408/1103/1308 1379/74/650 1396/1104/1310
f 6537/3051/3313 6536/4412/4847 6535/3052/3314
f 4851/4413/4848 4850/4414/4849 4853/4415/4850
f 5709/4416/4851 5710/2652/2893 5711/4417/4852
f 4860/4086/4488 4859/4418/4853 4862/4087/4489
f 3843/598/632 3844/2580/2821 3847/2606/2847
f 6490/4419/4854 6503/4420/4855 6496/3019/3279
f 3035/3072/3335 3054/36/36 3052/3073/3336
f 1885/1544/1647 1883/1268/1355 1863/1270/1357
f 5719/4421/4856 5716/4422/4857 5717/4423/4858
f 3377/1445/1546 3378/1444/1545 3381/3079/3344
f 5045/2845/3097 5056/2844/3096 5057/3090/3358
f 5459/4424/4859 5457/4425/4860 5460/4426/4861
f 5157/4427/4862 5155/3172/4863 5158/4428/4864
f 961/4429/4865 921/4430/4866 915/4431/4867
f 5972/687/728 5973/689/730 5976/4432/4868
f 1405/3397/4869 1404/4433/4870 1399/633/3132
f 6033/4434/4871 6025/3757/4104 6032/4435/4872
f 5769/4436/4873 5770/1584/1689 5771/1583/1688
f 3400/4437/4874 3392/4438/4875 3390/4439/4876
f 3709/2003/2150 3680/1297/1394 3681/2521/4877
f 2209/1779/1915 2186/4440/4878 2220/1348/1449
f 6545/4441/4879 6565/4442/4880 6544/4443/4879
f 3051/1363/1466 3068/35/35 3069/37/37
f 4693/2289/2461 4676/1895/2032 4690/2964/3224
f 5150/4444/4881 5147/87/4882 5148/4445/4883
f 4951/4446/4884 4950/4447/4885 4948/4448/4886
f 3329/287/306 3327/1535/2476 3326/1536/2475
f 4255/743/784 4249/4449/4887 4254/742/783
f 4418/4450/4888 4416/2865/3122 4419/4166/4889
f 2392/1349/4890 2357/2790/3047 2384/1350/4802
f 4943/4451/4891 4963/4452/4892 4942/4453/4893
f 4958/4454/4894 4959/4455/4894 4936/4456/4895
f 5053/4457/4896 5055/4458/4897 5070/4459/4898
f 2660/1522/4899 2653/1065/1119 2659/1523/3788
f 4658/3520/3830 4661/4460/4900 4662/4461/4901
f 1847/765/806 1850/4226/4630 1849/3246/4632
f 5339/1238/1302 5332/2/2 5338/4462/4902
f 2197/576/4519 2214/1698/1826 2204/4035/4425
f 5286/4463/4903 5284/4464/4904 5283/4465/4905
f 5136/975/4906 5127/4466/4907 5130/4467/4908
f 5296/4468/2643 5294/4469/2643 5297/4470/2643
f 6202/3508/3818 6201/4471/4909 6203/4213/4616
f 5263/4472/4910 5276/4191/4911 5266/4473/4912
f 1286/1221/1281 1287/4474/4913 1280/12/12
f 4319/3867/4231 4293/701/742 4295/4475/4914
f 5400/4476/4915 5398/4477/4916 5399/4478/4917
f 5749/3892/4260 5769/4436/4873 5773/4479/4918
f 5308/4480/2643 5306/4481/2643 5309/4482/2643
f 2766/1947/2087 2770/1928/4043 2772/1949/2089
f 933/906/957 996/905/956 940/4483/4919
f 3076/2475/2682 3084/4484/4920 3038/4485/4921
f 5463/3181/3457 5462/4486/4922 5461/3182/3458
f 5251/4487/1135 5249/4488/4923 5248/4489/4924
f 5341/4490/4925 5342/2853/3106 5344/4491/4926
f 1099/1011/1065 1092/1010/1064 1102/3243/3529
f 6126/3675/4002 6135/3677/4004 6136/4492/4927
f 4281/2822/3077 4285/2828/3083 4287/2829/3084
f 664/719/760 679/4493/4928 663/3588/3909
f 1213/74/74 1242/1103/1159 1231/1104/1160
f 6229/3594/3917 6236/4494/4929 6230/3268/3557
f 5916/3191/3471 5911/2253/2423 5913/3257/3544
f 45/65/65 57/3963/4334 44/3949/4320
f 2982/4495/4930 2984/3687/4016 2983/3686/4015
f 662/730/771 689/4496/4931 702/731/772
f 67/130/130 82/129/129 81/141/141
f 4027/2702/2942 4061/2723/2966 4053/2721/2964
f 5895/2298/2471 5897/3054/3316 5892/2296/2469
f 5909/2252/2422 5906/2541/2782 5911/2253/2423
f 2264/2101/4932 2265/2751/3016 2263/838/885
f 6089/3651/3975 6090/3650/3974 6088/4497/4933
f 5753/4498/4934 5754/4499/4935 5755/4500/4936
f 2348/1301/1399 2324/1300/1398 2337/578/611
f 4776/4501/4937 4775/1775/4938 4778/4502/4939
f 6340/4503/4940 6336/2971/4941 6338/4504/4942
f 5472/3266/3553 5470/3265/3552 5468/4505/4943
f 2393/2675/3808 2402/2751/3004 2401/838/2253
f 1285/3499/3810 1281/1506/1608 1272/2997/3257
f 4091/2721/2978 4098/2172/2340 4068/252/2977
f 5525/4506/4944 5523/3284/4945 5526/3283/4946
f 3580/2423/4947 3577/1982/2495 3581/4507/4948
f 1401/1147/1342 1395/1146/1341 1403/2704/4165
f 1412/3344/3642 1415/1302/1401 1414/1945/2084
f 3044/2073/2222 3062/1608/1729 3063/1138/1199
f 4168/4508/4949 4167/4293/4950 4163/4509/4951
f 4489/4510/4952 4493/4511/4953 4495/3190/3470
f 2479/964/1018 2477/1049/1099 2478/4512/4954
f 1218/3188/4955 1206/1131/1192 1207/1050/1100
f 4739/3033/3293 4752/2948/3208 4738/2682/2923
f 4820/4513/4956 4818/4514/4957 4819/4515/4958
f 5732/3333/3631 5733/3334/3632 5708/4516/4959
f 6037/2352/2530 6048/2324/2500 6039/3138/3411
f 47/2405/2587 20/29/29 49/4517/4960
f 1917/3804/4162 1953/4518/4961 1916/3805/4163
f 5926/4290/4706 5921/3511/3821 5924/4401/4836
f 1882/4519/4962 1858/421/453 1859/423/455
f 2810/2056/2205 2827/2059/2208 2809/2054/2203
f 2474/4520/4963 2475/4521/4964 2476/966/1020
f 6191/4522/4965 6198/3658/3985 6197/4161/4566
f 368/2384/2564 369/4103/4502 376/2385/2565
f 6686/3973/4344 6667/3978/4349 6668/2226/2395
f 1157/1075/4590 1158/3234/3518 1153/3230/3514
f 2242/618/2624 2219/2891/4754 2220/1348/1449
f 1402/1148/1336 1384/1129/1329 1401/1147/1342
f 2349/1320/1420 2335/4523/4966 2334/576/609
f 2346/1694/1821 2347/1693/1820 2342/648/688
f 5708/4516/4959 5709/4416/4851 5714/4524/4967
f 4274/4525/4968 4273/4526/4969 4270/2209/2378
f 5714/4524/4967 5732/3333/3631 5708/4516/4959
f 5770/1584/1689 5772/3891/4259 5734/1585/1690
f 5734/1585/1690 5772/3891/4259 5730/4527/4970
f 5749/3892/4260 5773/4479/4918 5767/4528/4971
f 4715/3008/3268 4722/4529/4972 4723/3001/3261
f 4731/3013/3273 4728/3011/3271 4732/2683/2924
f 1236/1148/1209 1324/1150/1211 1240/1147/1208
f 5686/3311/3608 5683/3313/3610 5684/4530/4973
f 4309/2807/3062 4185/2810/3065 4187/1118/1178
f 5648/3814/4174 5655/4531/4974 5654/4532/4975
f 2617/3495/4976 2623/4533/4977 2622/4534/4978
f 2447/554/587 2441/1266/1352 2440/555/588
f 335/4535/4979 337/4002/4381 339/4536/4980
f 2043/273/279 2044/272/278 2038/3342/3640
f 4820/4513/4956 4821/4537/4981 4817/270/276
f 5041/936/988 5058/4538/4982 5044/937/989
f 3282/2290/2462 3288/4539/4983 3291/4406/4840
f 5611/3591/4984 5609/4540/4985 5612/4541/4986
f 3062/1608/1729 3077/1607/1728 3078/3323/3620
f 5761/3304/3601 5778/4542/4987 5777/3305/3602
f 753/4543/4988 754/4544/4989 765/4545/4990
f 5723/4546/4991 5760/3451/3757 5742/3450/3756
f 5643/753/4992 5627/4547/4993 5626/4548/4994
f 5634/4549/4995 5633/4550/4996 5632/4551/4997
f 608/4552/4998 613/4553/4999 609/3577/3895
f 5633/4550/4996 5629/2265/2435 5632/4551/4997
f 1568/4146/4551 1531/3864/4227 1530/3863/4226
f 2461/958/5000 2460/3170/3448 2462/960/5001
f 165/328/362 216/1417/1521 164/243/247
f 791/3943/4316 790/4554/5002 856/4555/5003
f 1987/814/1716 1984/812/1715 1983/635/1718
f 1948/4556/5004 1950/1178/1240 1945/4313/4730
f 6329/1570/1676 6322/1569/1675 6330/1286/1380
f 1923/3322/3619 1918/3321/3618 1926/4557/5005
f 5782/3379/3678 5780/4558/5006 5779/3380/3679
f 1519/3187/3464 1400/3572/3889 1442/1175/1377
f 5846/3422/3726 5843/4559/5007 5845/3421/3725
f 1442/1175/1377 1440/343/3131 1447/4560/5008
f 5944/3916/4287 5937/796/839 5939/3536/3849
f 21/1733/1866 43/82/82 48/84/84
f 5454/4561/5009 5456/4562/5010 5433/3830/4190
f 2909/4563/5011 2908/4564/5012 2910/1992/2133
f 6220/1704/1835 6216/4565/5013 6224/3595/3918
f 1926/4557/5005 1930/4566/5014 1933/4567/5015
f 5807/1361/1464 5815/4568/5016 5808/1359/1462
f 49/4517/4960 18/24/24 17/23/23
f 5188/2882/5017 5242/4569/5018 5243/1858/5019
f 3660/1296/1393 3652/462/2691 3681/2521/4877
f 2651/4570/5020 2647/4571/5020 2648/3752/4097
f 115/4572/5021 114/3959/4330 119/4104/4503
f 5876/4111/4513 5872/3490/3799 5873/4312/4728
f 1148/1036/1087 1141/3279/5022 1142/1038/1089
f 2385/1030/5023 2379/4573/5024 2378/1031/1923
f 6431/3765/4113 6432/102/4112 6416/4574/5025
f 3250/4575/5026 3251/4576/5027 3249/4577/5028
f 3561/2447/2637 3538/3218/4767 3539/2396/2638
f 440/398/430 443/4072/4466 444/1627/1749
f 443/4072/4466 475/3456/3762 444/1627/1749
f 2848/4578/5029 2849/4579/5030 2850/4580/5031
f 5231/4581/5032 5232/1858/5033 5230/4582/5034
f 5767/4528/4971 5750/4583/5035 5749/3892/4260
f 277/1615/2468 270/296/320 268/3568/5036
f 6219/585/618 6215/1819/1954 6213/3153/3427
f 6215/1819/1954 6214/4584/5037 6213/3153/3427
f 6225/3407/3707 6233/4585/5038 6232/4586/5039
f 76/164/166 78/1285/1379 77/4019/4401
f 3374/943/995 3372/4124/4527 3371/4125/4528
f 860/4587/5040 858/4588/5041 861/4589/5042
f 6480/3468/3777 6488/1844/1981 6457/3469/3778
f 5927/4302/4718 5928/3221/3505 5930/4128/4532
f 1018/915/966 1017/951/1005 1010/3152/3426
f 853/4590/5043 851/647/5044 850/646/5045
f 3498/4342/4771 3506/4390/4824 3602/3902/4270
f 603/999/1051 601/1047/1097 605/1046/1096
f 3054/36/36 3056/4267/4677 3041/4591/5046
f 478/1626/1748 476/2720/2963 477/1803/1939
f 477/1803/1939 446/3471/3780 478/1626/1748
f 6162/601/635 6161/4592/3660 6159/2100/2252
f 5205/3924/4295 5279/4593/5047 5204/4594/5048
f 4017/4595/5049 4018/4596/5050 4019/4597/5051
f 1344/4598/5052 1279/1220/1280 1341/4599/5053
f 4266/3448/3754 4272/4600/5054 4271/4601/5055
f 5290/2016/2164 5300/4208/4610 5293/3540/3853
f 5528/1018/5056 5527/1020/5057 5532/525/5058
f 4298/4602/5059 4296/4603/5060 4299/4604/5061
f 4481/777/819 4478/3722/4058 4479/3721/4057
f 2732/2128/5062 2729/1991/2132 2730/1990/2131
f 2599/3941/5063 2598/4605/5064 2596/4606/5065
f 258/223/322 267/225/330 270/296/320
f 490/529/562 489/3803/4161 491/530/563
f 4974/3109/3381 4981/3133/5066 4973/3113/3385
f 1247/1099/1155 1340/1101/1157 1316/1109/1168
f 4619/2938/3198 4620/2932/3192 4615/2939/3199
f 4129/4607/5067 4130/4608/5068 4132/4609/5069
f 3639/1400/4447 3640/1792/2357 3641/1402/2725
f 6325/1742/1877 6324/4610/5070 6316/3377/3676
f 6324/4610/5070 6315/2214/2383 6316/3377/3676
f 6641/2409/2591 6639/4611/5071 6637/4359/4796
f 1251/1716/1846 1248/3785/4140 1249/3197/3480
f 1249/3197/3480 1253/275/288 1251/1716/1846
f 2243/26/26 2238/2367/2547 2244/4612/5072
f 4508/716/757 4514/3115/3388 4519/3574/3892
f 5805/521/554 5806/520/553 5804/4093/4495
f 4250/2783/3040 4252/2241/2411 4249/4449/4887
f 3077/1607/1728 3051/1363/1466 3053/1438/1539
f 2874/4613/5073 2871/4614/5074 2873/4615/5075
f 2594/1744/3905 2589/4616/5076 2590/3586/3906
f 5940/3537/3850 5939/3536/3849 5936/4245/4652
f 631/626/663 644/1707/1839 643/627/664
f 4323/1543/1646 4321/4617/5077 4324/4618/5078
f 2759/2113/5079 2758/2137/5080 2753/2888/3146
f 250/206/2817 246/207/272 248/327/2815
f 2391/2403/5081 2384/1350/4802 2383/2404/5082
f 4049/2712/2953 4051/2722/2965 4050/2267/2437
f 5688/4619/5083 5687/4620/5084 5678/4621/5085
f 2524/1875/2012 2533/1873/2010 2519/679/720
f 4181/335/369 4246/624/661 4180/336/370
f 4308/2805/3060 4187/1118/1178 4188/1120/1180
f 3035/3072/3335 3034/4622/5086 3036/3036/3296
f 3047/4623/5087 3043/2072/2221 3048/4624/5088
f 1865/4411/4846 1856/1530/1632 1851/1529/1631
f 5982/3817/4177 5978/4115/4517 5977/3818/4178
f 969/4066/4460 947/290/314 948/466/498
f 35/31/31 36/4625/5089 34/30/30
f 6224/3595/3918 6230/3268/3557 6220/1704/1835
f 6482/4626/5090 6489/3779/4130 6483/3070/3333
f 1041/3099/3367 1014/1934/2072 1040/1933/2071
f 3446/4627/5091 3445/3006/3266 3450/824/872
f 5473/4628/5092 5471/3264/3551 5472/3266/3553
f 1437/1140/1201 1436/787/830 1448/4629/5093
f 3244/4630/2331 3240/4631/2331 3243/4632/2331
f 2200/577/4623 2197/576/4519 2199/578/1905
f 6799/2466/5094 6801/4026/4414 6800/4633/5095
f 1576/1382/1483 1525/388/422 1575/1383/1484
f 4190/625/662 4184/2802/3057 4182/1054/1104
f 2113/2688/2929 2086/855/901 2087/857/903
f 1858/421/453 1882/4519/4962 1884/3288/3583
f 2435/1827/1963 2431/1820/1955 2437/4634/5096
f 991/1467/1567 988/1466/1566 993/4270/4680
f 3447/4635/5097 3459/293/317 3467/823/871
f 2408/1385/1514 2410/3325/3623 2409/1409/1512
f 6599/4636/5098 6596/2428/2613 6598/4637/5099
f 3389/4638/5100 3388/4639/5101 3399/4640/5102
f 6295/2096/2248 6302/2097/2249 6296/4141/4546
f 6302/2097/2249 6303/4641/5103 6296/4141/4546
f 2186/4440/4878 2206/940/5104 2205/939/3585
f 503/534/567 502/4642/5105 504/532/565
f 6420/3769/4117 6447/4643/5106 6444/3770/4118
f 96/2333/2509 93/3385/3684 97/1897/2034
f 5793/1758/1894 5792/4644/5107 5794/4645/5108
f 3484/4646/5109 3482/3226/3510 3519/3417/3720
f 6414/2520/4135 6415/4647/5110 6435/3781/4136
f 6526/4648/5111 6512/2470/2677 6521/4649/5112
f 5049/4650/5113 5063/3969/4340 5050/3971/4342
f 639/4651/5114 646/3522/3832 606/3524/3834
f 635/1706/1838 645/3409/3711 644/1707/1839
f 2610/1579/5115 2608/4652/5116 2611/4653/5117
f 3075/3336/3634 3049/909/960 3051/1363/1466
f 608/4552/4998 616/3481/3791 613/4553/4999
f 6639/4611/5071 6641/2409/2591 6642/4654/5118
f 6687/4655/5119 6689/4656/5119 6688/4657/5119
f 163/230/918 186/242/246 164/243/247
f 4036/14/1140 4037/13/1787 4035/15/1138
f 37/3154/3428 51/2406/2588 52/43/43
f 6070/4658/5120 6069/4659/5121 6072/4660/5122
f 3780/2879/5123 3720/50/50 3777/2880/5124
f 4030/304/2968 4057/4661/5125 4032/305/1810
f 90/4043/4433 80/1589/1694 100/118/118
f 764/4662/3870 760/3048/4250 762/4663/3871
f 3543/4664/5126 3564/1512/2645 3542/2463/2665
f 3263/4665/5127 3261/4666/5127 3262/4667/5127
f 6775/4033/4421 6774/4034/4423 6776/216/5128
f 889/4121/5129 882/4122/3770 888/4668/5130
f 3450/824/872 3445/3006/3266 3454/4669/5131
f 1032/1468/1568 1034/2311/2483 1033/3446/3752
f 778/1565/1671 789/4670/5132 779/4671/5133
f 4851/4413/4848 4853/4415/4850 4852/4672/5134
f 5100/4126/5135 5111/4673/5136 5112/4674/5136
f 245/243/273 298/1416/3449 297/1417/5137
f 2910/1992/2133 2914/4675/5138 2915/1993/2134
f 5891/3455/3761 5890/3465/3774 5889/4676/5139
f 716/3912/4283 719/4677/5140 718/1001/1053
f 122/441/473 132/1022/1076 59/4678/5141
f 3071/2220/2389 3048/4624/5088 3043/2072/2221
f 2259/2676/2917 2260/2752/3015 2261/3656/5142
f 3467/823/871 3471/2062/2211 3470/2061/2210
f 212/203/205 198/213/215 205/486/519
f 6663/3920/4291 6660/4679/5143 6661/3921/4292
f 1017/951/1005 1036/1724/1855 1037/4680/5144
f 970/468/500 946/292/316 929/291/315
f 848/4555/5145 846/4681/5146 849/4682/5147
f 3055/1439/1540 3069/37/37 3070/4683/5148
f 1740/4684/5149 1731/1504/1606 1729/1508/1610
f 4581/2202/2371 4570/2916/3173 4571/2913/3170
f 5883/4685/5150 5882/4686/5151 5881/4687/5152
f 4069/2702/2994 4082/2701/2974 4083/2703/3386
f 1427/1313/1413 1416/1304/1403 1428/1305/1404
f 5958/4250/4659 5962/4688/5153 5960/3556/3872
f 3075/3336/3634 3058/907/958 3049/909/960
f 3430/2235/5154 3426/3307/5155 3425/2234/5156
f 2430/4689/5157 2428/4188/4592 2427/4690/5158
f 3509/1512/1614 3486/4664/5159 3485/2463/5160
f 6532/4288/4704 6514/2257/2427 6513/2256/2426
f 6096/3086/3354 6094/3487/3796 6102/427/459
f 3632/4691/5161 3627/4692/5162 3630/4693/5163
f 244/230/232 245/243/273 269/242/336
f 5909/2252/2422 5915/2254/2424 5914/4357/4794
f 2002/854/900 2005/4694/4077 2004/850/897
f 5988/4695/5164 5984/1719/1849 5985/1721/1851
f 5920/3510/3820 5918/536/569 5917/538/571
f 1088/1014/1068 1097/4343/4773 1096/1016/1070
f 4794/3514/3824 4790/3774/4125 4791/3515/3825
f 1731/1504/1606 1727/3936/4310 1729/1508/1610
f 4912/1184/1246 4913/4696/5165 4915/3082/3348
f 893/4000/4379 895/2182/2350 894/2184/2352
f 176/223/225 182/1343/1444 230/2505/5166
f 1610/1380/1481 1661/1452/1553 1660/1381/1482
f 6771/314/5167 6769/4697/5168 6768/313/4776
f 6404/3759/4106 6407/465/5169 6403/4698/5170
f 3931/2177/2345 3963/374/408 3964/2628/2869
f 572/4699/5171 570/848/895 571/4700/5172
f 6636/1241/1306 6633/3566/3882 6634/1242/1307
f 6785/4027/4415 6770/4701/5173 6786/4028/4416
f 5331/1/1 5338/4462/4902 5332/2/2
f 905/4/4 904/4702/5174 907/5/5
f 1912/7/7 1902/4331/4756 1906/8/8
f 1288/10/10 1290/2706/2947 1257/11/11
f 5799/4703/5175 5800/4704/5176 5790/1113/1172
f 5795/1678/1801 5790/1113/1172 5800/4704/5176
f 5793/1758/1894 5795/1678/1801 5801/4705/5177
f 5802/4706/5178 5793/1758/1894 5801/4705/5177
f 5783/1112/1171 5793/1758/1894 5802/4706/5178
f 5802/4706/5178 5796/4707/5179 5783/1112/1171
f 5795/1678/1801 5800/4704/5176 5801/4705/5177
f 6250/16/16 6240/1914/2052 6238/17/17
f 2237/25/25 2238/2367/2547 2243/26/26
f 1550/3859/4219 1549/32/32 1548/34/34
f 617/3225/3509 612/1603/1724 619/4708/5180
f 6727/3192/3475 6728/2174/3474 6726/3593/3916
f 677/4709/5181 695/875/924 697/874/923
f 109/38/38 69/3314/3611 65/39/39
f 5965/688/729 5963/1712/1844 5964/1711/1843
f 6261/175/177 6265/3657/3984 6254/176/178
f 2922/2094/2245 2927/4710/5182 2925/4711/5183
f 1213/74/74 1211/1090/1145 1314/75/75
f 5143/86/86 5142/4712/5184 5141/87/87
f 6506/90/90 6508/1804/1940 6501/91/91
f 6383/101/101 6382/3764/5185 6381/102/102
f 6325/1742/1877 6317/4713/5186 6326/4210/4612
f 3678/1781/1918 3676/2379/2559 3714/2276/5187
f 3676/2379/2559 3712/4714/5188 3714/2276/5187
f 3714/2276/5187 3713/2275/3491 3678/1781/1918
f 4505/44/44 4498/4715/5189 4499/104/104
f 3648/112/112 3641/1402/2725 3642/113/113
f 425/383/417 424/380/414 420/379/413
f 990/4716/5190 969/4066/4460 970/468/500
f 1452/131/131 1421/153/153 1420/132/132
f 1221/278/1188 1236/1148/1209 1219/1129/1190
f 1163/144/144 1160/1062/1115 1162/145/145
f 595/147/147 577/1316/1416 578/148/148
f 2495/150/150 2496/1842/1979 2481/151/151
f 1421/153/153 1452/131/131 1451/154/154
f 87/156/156 70/127/127 71/157/157
f 5742/3450/3756 5777/3305/3602 5778/4542/4987
f 265/69/163 262/1674/1796 256/161/161
f 262/1674/1796 266/238/354 251/558/591
f 256/161/161 262/1674/1796 251/558/591
f 266/238/354 254/559/592 251/558/591
f 6605/167/169 6602/3878/4242 6609/168/170
f 6259/174/176 6260/4717/5191 6261/175/177
f 341/178/180 405/4030/4418 346/179/181
f 213/183/185 212/203/205 211/181/183
f 2740/1994/2136 2764/2775/3034 2739/1996/2138
f 1313/189/191 1307/3398/3697 1327/190/192
f 3876/192/194 3877/4397/4832 3864/193/195
f 6795/4297/4713 6793/1141/5192 6794/4298/4714
f 167/206/208 166/327/361 207/207/209
f 534/208/210 580/4718/5193 579/209/211
f 4810/232/234 4818/4514/4957 4820/4513/4956
f 4817/270/276 4810/232/234 4820/4513/4956
f 2724/226/228 2763/4719/5194 2719/227/229
f 197/219/221 240/613/647 202/214/216
f 240/613/647 204/229/231 202/214/216
f 227/1253/1333 181/237/239 232/236/238
f 5731/4720/5195 5707/4721/5196 5708/4516/4959
f 2583/256/258 2582/4722/5197 2581/257/259
f 3851/262/264 3898/2591/2832 3902/263/265
f 3901/2595/2836 3854/2589/2830 3900/264/266
f 3854/2589/2830 3851/262/264 3900/264/266
f 375/265/267 374/2325/2501 373/266/268
f 5897/3054/3316 5895/2298/2471 5899/4299/4715
f 4232/3436/3742 4235/3435/3741 4231/4280/4693
f 708/1026/1077 720/1028/1079 707/4723/5198
f 312/221/290 323/614/648 322/277/291
f 1479/644/1165 1387/1115/1331 1484/280/295
f 1387/1115/1331 1385/278/293 1484/280/295
f 3329/287/306 3337/2328/3520 3332/288/307
f 6734/2370/2550 6732/4022/4405 6735/2371/2551
f 679/4493/4928 661/4724/5199 663/3588/3909
f 947/290/314 930/3899/4267 929/291/315
f 1380/4725/5200 1368/1124/1326 1369/1122/1324
f 380/300/326 379/4726/5201 328/301/327
f 4092/303/331 4071/4344/4778 4072/304/332
f 4793/4727/5202 4799/3698/4028 4792/3697/4027
f 267/225/330 260/68/162 256/161/161
f 461/309/337 468/484/516 467/310/338
f 6706/312/340 6705/387/421 6701/313/341
f 6278/315/343 6287/4318/4737 6293/316/344
f 1458/321/349 1427/1313/1413 1429/322/350
f 6347/324/356 6345/3709/4046 6342/325/357
f 271/200/284 272/254/359 276/255/360
f 4223/332/366 4222/2835/3087 4289/333/367
f 3035/3072/3335 3081/3035/3295 3057/4728/5203
f 1023/347/381 1033/3446/3752 1025/348/382
f 340/350/384 331/302/328 329/351/385
f 620/4729/5204 614/117/117 618/4730/5205
f 4653/354/388 4630/4078/4478 4631/355/389
f 4603/357/391 4601/747/788 4600/358/392
f 1453/133/133 1420/132/132 1413/363/397
f 3674/366/400 3675/3479/4221 3700/367/401
f 3700/367/401 3702/1277/4384 3686/365/399
f 328/301/327 330/2293/2465 325/368/402
f 370/369/403 371/4235/4640 408/370/404
f 417/372/406 367/4001/4380 365/371/405
f 484/2781/3038 492/522/555 511/541/574
f 3971/373/407 3972/3747/4089 3963/374/408
f 5065/376/410 5076/4731/5206 5067/377/411
f 6708/386/420 6707/4005/4385 6705/387/421
f 1525/388/422 1526/3672/3999 1538/389/423
f 5024/4732/5207 5022/4733/5208 5023/4734/5209
f 5022/4733/5208 5020/4735/425 5021/392/425
f 5020/4735/425 5019/393/425 5021/392/425
f 5019/393/425 5017/4736/425 5018/391/425
f 5017/4736/425 5015/4737/5210 5016/4738/5211
f 5015/4737/5210 5011/4739/5212 5012/4740/5213
f 5014/4741/5214 5040/4742/5215 5039/4743/5216
f 5040/4742/5215 5004/4744/5217 5039/4743/5216
f 5039/4743/5216 5004/4744/5217 5005/4745/5218
f 5011/4739/5212 5014/4741/5214 5012/4740/5213
f 5006/3120/5219 5024/4732/5207 4993/3124/3397
f 5001/4746/5220 5003/4747/5221 5002/4748/5222
f 5003/4747/5221 4995/4749/5223 5002/4748/5222
f 5000/3131/3404 4998/3130/3403 5001/4746/5220
f 5026/4750/5224 4994/4751/5225 4995/4749/5223
f 4994/4751/5225 5002/4748/5222 4995/4749/5223
f 5002/4748/5222 5000/3131/3404 5001/4746/5220
f 5035/638/5226 5038/637/5227 5036/4752/5228
f 5038/637/5227 5037/4753/5229 5036/4752/5228
f 5026/4750/5224 4995/4749/5223 5025/4754/5230
f 4993/3124/3397 4991/3123/3396 5006/3120/5219
f 4991/3123/3396 5026/4750/5224 5006/3120/5219
f 5026/4750/5224 5025/4754/5230 5006/3120/5219
f 5023/4734/5209 4993/3124/3397 5024/4732/5207
f 5004/4744/5217 5035/638/5226 5036/4752/5228
f 5004/4744/5217 5036/4752/5228 5005/4745/5218
f 5039/4743/5216 5013/4755/5231 5014/4741/5214
f 5013/4755/5231 5012/4740/5213 5014/4741/5214
f 5021/392/425 5023/4734/5209 5022/4733/5208
f 5015/4737/5210 5012/4740/5213 5016/4738/5211
f 5016/4738/5211 5018/391/425 5017/4736/425
f 2918/394/426 2917/4756/5232 2929/395/427
f 439/397/429 428/3369/3668 440/398/430
f 5182/4757/5233 5185/4758/5234 5184/4759/5235
f 5185/4758/5234 5187/4760/5236 5186/414/446
f 5240/412/444 5239/4761/5237 5238/413/445
f 5185/4758/5234 5186/414/446 5184/4759/5235
f 5187/4760/5236 5240/412/444 5186/414/446
f 5181/3104/5238 5183/4762/5239 5182/4757/5233
f 5184/4759/5235 5181/3104/5238 5182/4757/5233
f 4392/424/456 4391/2863/5240 4390/425/457
f 5521/430/462 5520/3248/5241 5519/431/463
f 241/277/291 242/614/648 231/221/223
f 6249/18/18 6253/1722/1852 6254/176/178
f 122/441/473 59/4678/5141 58/439/471
f 1998/442/474 1997/3463/5242 1991/443/475
f 625/445/477 624/4763/5243 627/446/478
f 3739/448/480 3738/2479/2741 3737/449/481
f 5009/451/483 5010/3133/3406 5033/452/484
f 995/457/489 960/4764/5244 964/458/490
f 3735/460/492 3737/449/481 3736/461/493
f 6367/465/497 6366/4765/5245 6370/4766/5246
f 6366/4765/5245 6371/4767/5247 6370/4766/5246
f 6370/4766/5246 6369/463/495 6367/465/497
f 5377/4768/5248 5375/3395/3694 5374/3394/3693
f 334/4769/5249 332/4003/4382 335/4535/4979
f 2287/472/504 2286/2467/5250 2289/473/505
f 1218/3188/4955 1207/1050/1100 1208/1052/1102
f 6491/478/510 6504/3797/4156 6510/479/511
f 434/481/513 435/4770/5251 436/482/514
f 280/213/310 283/204/305 293/203/518
f 6522/3207/3490 6518/4771/5252 6525/3205/3488
f 539/487/520 584/4772/5253 583/488/521
f 705/493/526 670/3789/4148 704/494/527
f 670/3789/4148 671/3788/4147 704/494/527
f 710/495/528 706/3680/4009 705/493/526
f 2907/496/529 2906/3107/3379 2898/497/530
f 430/490/523 419/381/415 438/4773/5254
f 1447/4560/5008 1440/343/3131 1441/3561/3879
f 6258/507/540 6257/3717/4052 6252/508/541
f 5467/4774/5255 5466/4775/5255 5465/4776/5255
f 385/4777/5256 330/2293/2465 368/2384/2564
f 385/4777/5256 368/2384/2564 391/4778/5257
f 389/4779/5258 385/4777/5256 390/4780/5259
f 385/4777/5256 391/4778/5257 390/4780/5259
f 398/4781/5260 389/4779/5258 390/4780/5259
f 398/4781/5260 390/4780/5259 397/4782/5260
f 395/4783/5261 398/4781/5260 397/4782/5260
f 395/4783/5261 397/4782/5260 396/512/545
f 388/513/546 387/3003/3263 386/514/547
f 395/4783/5261 396/512/545 386/514/547
f 5547/523/556 5546/3284/5262 5545/524/557
f 3603/2242/2412 3554/4329/4750 3555/4784/5263
f 3554/4329/4750 3553/2458/2655 3555/4784/5263
f 1642/547/580 1611/737/778 1612/548/581
f 448/492/525 431/491/524 464/477/509
f 3666/550/583 3665/2500/2714 3716/551/584
f 461/309/337 436/482/514 437/553/586
f 6783/4031/4419 6785/4027/4415 6784/4029/4417
f 2448/556/589 2449/4785/5264 2450/4300/4716
f 2450/4300/4716 2447/554/587 2448/556/589
f 253/557/590 252/820/1736 251/558/591
f 1413/363/397 1414/1945/2084 1454/560/593
f 6583/248/252 6581/3854/4214 6582/249/253
f 1140/570/603 1139/4223/4627 1144/571/604
f 1938/4729/5265 1933/4567/5015 1936/4786/5266
f 4288/2830/3085 4289/333/367 4222/2835/3087
f 3493/2472/2679 3495/4065/4456 3494/2473/2680
f 2334/576/609 2335/4523/4966 2336/577/610
f 5220/581/614 5219/4787/5267 5223/579/612
f 5219/4787/5267 5222/1081/5268 5223/579/612
f 594/582/615 593/4788/5269 527/583/616
f 6227/1186/1248 6219/585/618 6228/587/620
f 6228/587/620 6231/1187/1249 6227/1186/1248
f 2370/1683/5270 2371/970/1024 2332/972/1026
f 1286/1221/1281 1279/1220/1280 1344/4598/5052
f 2188/590/623 2186/4440/4878 2216/591/624
f 4380/596/629 4362/1651/1769 4363/425/630
f 1701/790/833 1702/789/832 1704/3718/4054
f 3843/598/632 3913/837/884 3914/599/633
f 4604/2924/3184 4603/357/391 4602/1435/1536
f 578/148/148 597/2760/3013 594/582/615
f 1087/607/641 1067/980/1032 1066/608/642
f 137/85/85 63/41/41 62/3217/3501
f 5104/610/644 5102/4789/5271 5101/611/645
f 240/613/647 197/219/221 231/221/223
f 1477/75/649 1377/1090/1299 1379/74/650
f 3409/2233/5272 3395/4051/5273 3410/4790/5274
f 1105/615/652 1106/2103/2259 1113/616/653
f 6668/2226/2395 6667/3978/4349 6664/3977/4348
f 4246/624/661 4255/743/784 4190/625/662
f 5051/629/666 5052/4791/5275 5069/630/667
f 172/820/866 169/558/865 173/588/1695
f 1235/632/669 1278/1175/1237 1275/343/377
f 4977/636/673 4976/4792/5276 4990/637/674
f 5261/639/676 5260/4793/5277 5259/413/677
f 1232/633/670 1233/4794/5278 1238/4795/5279
f 2546/1882/2019 2547/1243/1311 2539/4796/5280
f 2547/1243/1311 2538/4042/4432 2539/4796/5280
f 1229/642/680 1228/1249/2755 1244/643/681
f 783/645/683 782/1689/1816 854/646/684
f 6091/3652/3976 6088/4497/4933 6090/3650/3974
f 6026/3373/3672 6027/3372/3671 6025/3757/4104
f 407/649/689 418/4797/5281 383/650/690
f 2458/654/695 2457/4798/5282 2455/655/696
f 236/2197/4272 238/352/4274 210/182/184
f 210/182/184 238/352/4274 214/202/204
f 238/352/4274 235/199/201 214/202/204
f 210/182/184 211/181/183 236/2197/4272
f 211/181/183 243/2196/5283 236/2197/4272
f 781/662/703 786/1209/1269 770/663/704
f 246/207/272 247/328/2692 248/327/2815
f 472/415/447 453/417/449 454/503/536
f 67/130/130 66/125/125 68/128/128
f 867/544/577 865/822/870 866/815/858
f 535/684/725 536/1726/1857 542/685/726
f 6183/690/731 6184/3659/3986 6185/691/732
f 301/3553/5284 302/589/622 255/588/621
f 383/650/690 382/4799/5285 406/651/691
f 382/4799/5285 357/693/734 406/651/691
f 2723/1984/2125 2722/1986/2127 2724/226/228
f 2722/1986/2127 2763/4719/5194 2724/226/228
f 5028/695/736 5030/2455/2649 5027/4800/5286
f 5030/2455/2649 5029/3132/3405 5027/4800/5286
f 4997/696/737 4998/3130/3403 4996/697/738
f 4998/3130/3403 4999/3129/3402 4996/697/738
f 5028/695/736 5027/4800/5286 4997/696/737
f 4300/700/741 4295/4475/4914 4293/701/742
f 1746/1003/1057 1757/1518/1620 1751/4801/5287
f 5936/4245/4652 5933/3031/3291 5932/4802/5288
f 4513/715/756 4512/4803/5289 4508/716/757
f 682/667/708 693/4804/5290 680/718/759
f 1018/915/966 1048/948/1000 1026/913/964
f 3924/723/764 3925/2653/2894 3929/724/765
f 4798/3696/4026 4797/4094/4496 4790/3774/4125
f 668/729/770 672/3787/4146 662/730/771
f 3924/723/764 3926/861/907 3927/733/774
f 1611/737/778 1610/1380/1481 1624/738/779
f 6160/4805/5291 6159/2100/2252 6165/2099/2251
f 767/740/781 757/344/378 756/346/380
f 2910/1992/2133 2908/4564/5012 2914/4675/5138
f 4254/742/783 4189/2801/3056 4190/625/662
f 550/281/296 551/882/933 554/744/785
f 4611/745/786 4592/4806/5292 4576/746/787
f 4583/748/789 4586/4389/4823 4585/749/790
f 5452/751/792 5451/4807/5293 5450/752/793
f 4640/2958/3218 4635/2957/3217 4639/758/799
f 4635/2957/3217 4638/2229/2398 4639/758/799
f 4638/2229/2398 4637/2231/2400 4639/758/799
f 4617/757/798 4640/2958/3218 4639/758/799
f 4615/2939/3199 4612/2929/3189 4616/759/800
f 4612/2929/3189 4617/757/798 4616/759/800
f 4614/2945/3205 4615/2939/3199 4616/759/800
f 2015/760/801 2018/3800/4159 2019/761/802
f 1846/763/804 1845/4808/5294 1848/764/805
f 1723/4809/5295 1721/768/809 1717/767/808
f 1766/770/812 1764/4170/4576 1767/771/813
f 1649/774/816 1628/4810/5296 1618/775/817
f 1616/4811/5297 1615/863/909 1618/775/817
f 1615/863/909 1648/773/815 1618/775/817
f 4482/776/818 4480/4812/5298 4481/777/819
f 279/219/321 284/214/312 321/613/821
f 284/214/312 285/212/311 286/229/231
f 2641/782/825 2640/4813/5299 2639/783/826
f 3449/3004/3264 3445/3006/3266 3446/4627/5091
f 1697/788/831 1698/1386/1487 1702/789/832
f 1006/791/834 1024/2312/2484 1022/792/835
f 4358/800/843 4361/4814/5300 4359/801/844
f 4361/4814/5300 4360/4815/5301 4359/801/844
f 4360/4815/5301 4357/4166/4572 4356/4165/4571
f 4360/4815/5301 4356/4165/4571 4359/801/844
f 4366/4816/5302 4367/2865/4570 4368/4817/5303
f 4367/2865/4570 4369/799/842 4368/4817/5303
f 4359/801/844 4368/4817/5303 4369/799/842
f 403/802/845 345/4356/4793 344/803/846
f 4905/805/848 4907/3473/3782 4906/806/849
f 4541/808/851 4560/1394/1495 4565/809/852
f 616/3481/3791 640/4818/5304 613/4553/4999
f 2376/681/722 2387/683/724 2390/817/860
f 280/213/310 287/486/519 286/229/231
f 171/557/864 170/559/5305 169/558/865
f 1186/99/867 1182/4819/5306 1183/821/868
f 3467/823/871 3446/4627/5091 3450/824/872
f 527/583/616 593/4788/5269 598/828/876
f 3277/3706/4036 3286/4314/4732 3287/4820/5307
f 1973/297/1698 1986/299/1710 1975/298/1699
f 3196/833/881 3195/4821/881 3198/834/881
f 3843/598/632 3847/2606/2847 3915/836/883
f 2263/838/885 2256/2675/2916 2257/839/886
f 2159/841/888 2158/4822/5308 2157/842/889
f 3958/844/891 3942/1106/1162 3943/845/892
f 2191/1484/1583 2225/1688/1815 2224/4823/5309
f 1094/1006/1060 1100/3735/4071 1103/3244/3530
f 568/847/894 571/4700/5172 570/848/895
f 740/850/897 741/3737/4077 742/851/379
f 2022/852/898 2001/4824/5310 2003/853/899
f 4076/858/904 4075/1085/2200 4074/305/333
f 526/561/594 555/563/596 566/567/600
f 50/60/60 30/1108/1164 57/3963/4334
f 630/698/739 634/998/1050 632/699/740
f 1077/865/911 1076/981/1033 1068/866/912
f 3359/4825/5311 3363/4826/5312 3360/4827/5313
f 3363/4826/5312 3358/4828/5314 3360/4827/5313
f 751/760/926 754/4544/4989 755/877/927
f 1804/878/929 1803/4829/5315 1758/879/930
f 550/281/296 549/4830/5316 548/881/932
f 3621/884/935 3622/4831/5317 3625/885/936
f 3623/4832/5318 3624/4833/5319 3622/4831/5317
f 3620/4834/5320 3621/884/935 3618/883/934
f 3625/885/936 3622/4831/5317 3624/4833/5319
f 3625/885/936 3619/4835/5321 3618/883/934
f 1741/889/940 1745/1263/1349 1744/1262/1348
f 1725/891/942 1727/3936/4310 1724/1498/1599
f 1727/3936/4310 1728/1499/1600 1724/1498/1599
f 1741/889/940 1744/1262/1348 1742/890/941
f 1724/1498/1599 1741/889/940 1725/891/942
f 5420/4836/5322 5421/4837/5322 5422/4838/5322
f 1752/1004/1058 1750/4839/5323 1743/1005/1059
f 4874/900/951 4875/4840/5324 4872/898/949
f 4876/4841/5325 4872/898/949 4875/4840/5324
f 3058/907/958 3042/3701/4031 3039/908/959
f 1361/910/961 1360/949/1295 1363/911/962
f 1026/913/964 1027/4399/4834 1035/914/965
f 4257/916/967 4256/1655/1773 4238/917/968
f 1293/274/287 1295/3214/3498 1264/921/972
f 1131/922/973 1123/1033/1084 1125/923/974
f 2382/925/976 2376/681/722 2375/25/861
f 2274/929/981 2273/4842/5326 2272/930/982
f 2463/2922/3182 2466/3245/3531 2465/2923/3183
f 2224/4823/5309 2223/1482/1581 2191/1484/1583
f 1166/653/694 1165/652/693 1160/1062/1115
f 6244/1918/2056 6255/3906/4277 6256/4843/5327
f 6244/1918/2056 6256/4843/5327 6251/4844/5328
f 5352/4845/5329 5350/4131/4536 5353/4130/4535
f 81/141/141 82/129/129 84/134/134
f 3380/941/993 3379/4846/5330 3373/942/994
f 2508/4847/5331 2509/3525/3836 2498/3063/3326
f 1199/910/1001 1198/912/1146 1197/911/1002
f 6762/953/1007 6764/106/106 6765/108/108
f 545/957/1011 544/4848/5332 534/208/210
f 1843/958/1012 1841/3559/3876 1842/959/1013
f 3532/961/1015 3482/3226/3510 3507/962/1016
f 2294/968/1022 2292/4849/5333 2293/969/1023
f 2293/969/1023 2292/4849/5333 2279/4850/5334
f 2292/4849/5333 2278/4851/5335 2279/4850/5334
f 614/117/117 611/116/116 618/4730/5205
f 455/3271/3560 452/416/448 470/4852/5336
f 5139/973/1027 5138/3171/5337 5137/974/1028
f 4443/976/1030 4442/4853/1030 4445/977/1030
f 6338/4504/4942 6336/2971/4941 6339/4854/5338
f 3948/995/1047 3946/860/906 3947/996/1048
f 634/998/1050 602/4855/5339 603/999/1051
f 1150/1035/1086 1149/1084/5340 1148/1036/1087
f 1746/1003/1057 1751/4801/5287 1752/1004/1058
f 5539/1018/1072 5538/1662/5341 5537/1019/1073
f 1087/607/641 1095/1017/1071 1074/982/1034
f 117/1021/1075 124/97/97 132/1022/1076
f 4475/1023/425 4474/2162/425 4477/1024/425
f 708/1026/1077 705/493/526 717/1027/1078
f 2241/1029/1080 2197/576/4519 2248/1030/1081
f 1375/1051/3178 1388/2921/3180 1373/1050/1680
f 2992/2143/2310 2991/3733/4069 2993/4856/5342
f 3011/4857/5343 2990/2142/2309 2992/2143/2310
f 2992/2143/2310 2993/4856/5342 3011/4857/5343
f 6204/4212/4615 6202/3508/3818 6203/4213/4616
f 6793/1141/5192 6792/1142/5344 6794/4298/4714
f 1172/1039/1090 1171/1084/1090 1174/1040/1091
f 5480/1042/1092 5490/1552/1657 5488/1043/1093
f 2479/964/1018 2476/966/1020 2468/1048/1098
f 4178/1053/1103 4180/336/370 4182/1054/1104
f 5358/4858/5345 5360/4859/5346 5359/4860/5347
f 1131/922/973 1146/1838/1975 1123/1033/1084
f 1146/1838/1975 1147/1061/1113 1123/1033/1084
f 3160/833/1114 3159/4821/1114 3162/834/1114
f 2656/1063/1117 2655/1564/1707 2654/1064/1118
f 2014/1066/1120 2013/2448/2642 2012/1067/1121
f 1761/1072/1126 1780/2525/2754 1781/1073/1127
f 1123/1033/1084 1124/1032/1083 1126/1075/1129
f 1166/653/694 1159/1272/1362 1179/1076/1130
f 4926/4861/5348 4929/1079/1133 4927/1078/1132
f 4929/1079/1133 4934/4862/5349 4928/1077/1131
f 4927/1078/1132 4943/4451/4891 4942/4453/4893
f 4934/4862/5349 4936/4456/4895 4935/4863/5350
f 4927/1078/1132 4942/4453/4893 4926/4861/5348
f 4934/4862/5349 4935/4863/5350 4928/1077/1131
f 5197/1080/1134 5196/4864/5351 5195/1081/1135
f 1176/1083/1137 1175/3279/3569 1171/1084/1090
f 4035/15/1138 4033/858/5352 4034/1085/1139
f 3485/2463/5160 3487/2373/2553 3509/1512/1614
f 3417/4638/5353 3428/4640/5354 3418/4865/5355
f 3428/4640/5354 3427/4866/5356 3418/4865/5355
f 2753/2888/3146 2758/2137/5080 2752/4867/5357
f 4530/1091/1147 4537/1829/1965 4540/1092/1148
f 3944/1105/1161 3943/845/892 3942/1106/1162
f 2230/4351/5358 2229/3723/4059 2194/659/700
f 5950/4868/5359 5951/2592/2833 5948/2594/2835
f 5786/1111/1170 5792/4644/5107 5783/1112/1171
f 1201/1116/1176 1229/642/680 1222/1115/1175
f 1204/1124/1184 1203/1123/1183 1220/1128/1189
f 4387/1133/1194 4386/426/1194 4389/1134/1194
f 5313/1143/1204 5312/4163/4568 5320/1144/1205
f 5711/4417/4852 5714/4524/4967 5709/4416/4851
f 5767/4528/4971 5751/4869/5360 5750/4583/5035
f 5751/4869/5360 5752/2651/2892 5750/4583/5035
f 1236/1148/1209 1328/1152/1213 1330/1149/1210
f 1402/1148/1336 1385/278/293 1384/1129/1329
f 4554/1153/1214 4555/2909/3168 4559/1154/1215
f 1399/633/3132 1398/4794/5361 1397/2875/3130
f 5608/1158/1219 5607/4870/5362 5606/1159/1220
f 6667/3978/4349 6686/3973/4344 6678/3979/4350
f 1188/1165/1226 1189/3180/3456 1185/100/1227
f 1774/3160/3437 1763/1074/1128 1781/1073/1127
f 2195/657/698 2233/970/1056 2232/1683/1808
f 1282/4871/5363 1277/342/376 1284/341/375
f 1250/1170/1232 1255/1219/1279 1289/1171/1233
f 1951/1176/1238 1919/4872/5364 1920/1177/1239
f 6250/16/16 6254/176/178 6258/507/540
f 1622/1696/1823 1632/3695/4025 1657/4873/5365
f 6235/1185/1247 6234/3883/4248 6227/1186/1248
f 5858/1189/1251 5856/4874/5366 5857/1190/1252
f 1012/349/383 1013/1932/2070 1021/1195/1255
f 5892/2296/2469 5896/3055/3317 5894/3464/3773
f 4185/2810/3065 4186/1119/1179 4187/1118/1178
f 786/1209/1269 781/662/703 775/1210/1270
f 6561/410/442 6549/3413/3715 6553/1212/1272
f 1509/4875/5367 1507/4876/5368 1443/1327/1428
f 2374/1700/3554 2359/4154/4559 2326/1701/3555
f 1226/1222/1282 1225/674/1197 1210/1051/1101
f 1270/1230/1290 1269/3251/3538 1260/1231/1291
f 1433/1839/1976 1432/4877/5369 1422/1318/1418
f 6413/1232/1292 6427/4878/5370 6428/1233/1293
f 1429/322/350 1428/1305/1404 1430/1308/1408
f 2276/4879/5371 2290/4880/5372 2277/4881/5373
f 2290/4880/5372 2288/474/506 2291/1236/1297
f 2290/4880/5372 2291/1236/1297 2277/4881/5373
f 5646/4278/4691 5644/4277/4690 5645/4882/5374
f 1378/1114/1304 1379/74/650 1377/1090/1299
f 1411/1099/1167 1504/1100/4467 1408/1103/1308
f 3238/4883/5375 3235/4884/5376 3237/4885/5377
f 3235/4884/5376 3236/4886/5378 3237/4885/5377
f 2544/1245/1313 2542/1884/2021 2547/1243/1311
f 1138/1037/1088 1146/1838/1975 1131/922/973
f 5842/1246/1315 5840/3392/3691 5839/1247/1316
f 3653/449/2689 3656/450/2735 3697/3894/5379
f 1394/1235/1296 1359/4112/4514 1365/1250/1320
f 1419/1251/1322 1418/4887/5380 1413/363/397
f 3028/4888/5381 3029/3741/4083 3026/3740/4082
f 5358/4858/5345 5359/4860/5347 5361/4889/5382
f 226/1252/1332 180/1674/3835 181/237/239
f 1832/4206/4608 1834/4890/5383 1822/720/761
f 1834/4890/5383 1830/2878/3135 1822/720/761
f 1008/1254/1337 1044/947/999 1048/948/1000
f 6164/1257/1343 6155/3423/3727 6177/1258/1344
f 1749/1261/1347 1746/1003/1057 1744/1262/1348
f 6600/4891/5384 6611/4892/5384 6610/4893/5384
f 1166/653/694 1160/1062/1115 1163/144/144
f 5087/1279/1372 5086/2509/2727 5085/1280/1373
f 1388/2921/3180 1403/2704/4165 1373/1050/1680
f 1483/1282/1375 1470/470/502 1462/1283/1376
f 1572/4894/5385 1571/4895/5386 1537/819/863
f 5760/3451/3757 5723/4546/4991 5724/4896/5387
f 5723/4546/4991 5778/4542/4987 5725/4897/5388
f 5778/4542/4987 5760/3451/3757 5762/4898/5389
f 5778/4542/4987 5762/4898/5389 5725/4897/5388
f 5725/4897/5388 5724/4896/5387 5723/4546/4991
f 92/166/168 88/119/119 75/162/164
f 6330/1286/1380 6322/1569/1675 6331/1287/1381
f 4247/1289/1383 4246/624/661 4243/1290/1384
f 5179/1292/1386 5180/2249/2419 5226/1293/1387
f 3660/1296/1393 3681/2521/4877 3680/1297/1394
f 1382/1299/1397 1381/1132/1359 1370/1130/1358
f 194/211/213 191/205/207 192/240/244
f 192/240/244 191/205/207 193/255/257
f 5454/4561/5009 5433/3830/4190 5435/3939/4313
f 2325/590/1400 2354/938/990 2324/1300/1398
f 2354/938/990 2356/4244/4651 2357/2790/3047
f 2357/2790/3047 2324/1300/1398 2354/938/990
f 5644/4277/4690 5620/1431/1532 5621/1433/1534
f 1456/1312/1412 1416/1304/1403 1427/1313/1413
f 3941/2656/2897 3962/375/409 3935/1315/1415
f 3962/375/409 3929/724/765 3935/1315/1415
f 532/566/599 562/829/877 577/1316/1416
f 2580/4899/5390 2579/4900/5390 2578/4901/5390
f 2339/1319/1419 2338/1699/4471 2349/1320/1420
f 2528/1325/1426 2529/1872/2009 2520/1326/1427
f 1374/1052/3468 1376/1136/1354 1375/1051/3178
f 1299/1328/1429 1298/1283/1864 1331/1329/1430
f 3877/4397/4832 3874/2617/2858 3888/2619/2860
f 3877/4397/4832 3888/2619/2860 3879/2638/2881
f 182/1343/1444 176/223/225 222/1344/1445
f 709/4902/5391 708/1026/1077 707/4723/5198
f 713/1347/1448 688/4903/5392 686/1346/1447
f 709/4902/5391 713/1347/1448 708/1026/1077
f 2220/1348/1449 2187/1300/1906 2255/1349/1450
f 1449/1351/1452 1444/155/155 1450/4904/5393
f 5501/1352/1453 5500/3247/5394 5499/1353/1454
f 3312/1358/1459 3314/4905/5395 3313/288/1460
f 5808/1359/1462 5809/4906/5396 5810/1360/1463
f 1652/1362/1465 1651/4810/5397 1649/774/816
f 5641/1364/1467 5640/4907/1467 5639/1365/1468
f 5291/4242/4648 5300/4208/4610 5290/2016/2164
f 3977/1373/1476 3989/2679/2920 3955/1374/1477
f 3848/2582/2823 3853/2584/2825 3844/2580/2821
f 1625/1379/1480 1624/738/779 1610/1380/1481
f 1540/1384/1485 1608/4908/5398 1576/1382/1483
f 1700/1385/1486 1699/1409/1587 1698/1386/1487
f 4541/808/851 4545/2899/3158 4564/1393/1494
f 1592/1390/1500 1591/1392/1493 1581/1398/1501
f 1591/1392/1493 1580/33/1500 1581/1398/1501
f 6454/4909/5399 6453/4910/5400 6451/1405/1508
f 6453/4910/5400 6450/1403/1506 6451/1405/1508
f 5397/4911/5401 5395/2225/2394 5394/2224/2393
f 4439/1406/1509 4438/2780/1509 4441/976/1509
f 528/4912/5402 592/4913/5403 533/584/617
f 1546/1414/1518 1544/1424/1528 1537/819/863
f 217/1416/1520 163/230/918 164/243/247
f 725/1418/1522 720/1028/1079 717/1027/1078
f 4471/1425/1091 4470/1024/1091 4473/1426/1091
f 1738/1428/1529 1755/1521/1623 1748/1429/1530
f 3866/2639/2882 3845/2581/2822 3882/2608/2849
f 1122/1034/1085 1147/1061/1113 1130/1056/1106
f 4610/1434/1535 4604/2924/3184 4602/1435/1536
f 4202/1440/1541 4200/2817/3072 4204/1441/1542
f 2226/4914/5404 2225/1688/1815 2193/1687/1814
f 6726/3593/3916 6724/1142/1203 6725/1141/1202
f 4810/232/234 4811/269/275 4812/233/235
f 1624/738/779 1625/1379/1480 1662/1454/1555
f 3709/2003/2150 3675/3479/4221 3685/2004/2151
f 3675/3479/4221 3674/366/400 3685/2004/2151
f 422/4915/5405 419/381/415 423/382/416
f 926/1465/1565 989/4916/5406 988/1466/1566
f 6320/4917/5407 6321/1676/1799 6314/1568/1674
f 4971/3121/3394 4966/2420/2602 4977/636/673
f 4966/2420/2602 4969/2178/2346 4977/636/673
f 4969/2178/2346 4968/2180/2348 4977/636/673
f 4985/1479/1578 4971/3121/3394 4975/1477/1576
f 4977/636/673 4975/1477/1576 4971/3121/3394
f 4979/3112/3384 4976/4792/5276 4968/2180/2348
f 4976/4792/5276 4977/636/673 4968/2180/2348
f 4972/2533/2774 4973/3113/3385 4979/3112/3384
f 4968/2180/2348 4972/2533/2774 4979/3112/3384
f 1569/1480/1579 1534/2282/2454 1529/339/373
f 28/77/77 22/4400/4835 24/81/81
f 108/143/143 110/40/40 65/39/39
f 1531/3864/4227 1589/2545/2787 1533/2544/4228
f 4046/3114/4359 4027/2702/2942 4063/3868/5408
f 539/487/520 540/2412/2594 546/1485/1584
f 6682/4918/5409 6673/3989/4361 6664/3977/4348
f 6664/3977/4348 6678/3979/4350 6682/4918/5409
f 1622/1696/1823 1620/438/470 1621/437/469
f 1987/814/1716 1986/299/1710 1985/813/1714
f 4975/1477/1576 4977/636/673 4989/638/675
f 1724/1498/1599 1732/1430/1531 1748/1429/1530
f 6645/755/796 6646/4919/5410 6648/4361/4798
f 1735/1507/1609 1734/4920/5411 1729/1508/1610
f 1726/1509/1611 1733/1511/1613 1735/1507/1609
f 1760/880/931 1761/1072/1126 1763/1074/1128
f 6551/3412/3714 6548/3467/3776 6549/3413/3715
f 1743/1005/1059 1750/4839/5323 1733/1511/1613
f 1803/4829/5315 1802/4921/5412 1758/879/930
f 3509/1512/1614 3487/2373/2553 3488/1513/1615
f 1749/1261/1347 1756/4922/5413 1757/1518/1620
f 1234/2875/4653 1233/4794/5278 1232/633/670
f 3933/2661/2902 3932/2659/2900 3934/1314/1414
f 3932/2659/2900 3935/1315/1415 3934/1314/1414
f 1284/341/375 1275/343/377 1278/1175/1237
f 2839/1065/1624 2840/1063/2726 2846/1522/1625
f 1777/1527/1628 1776/4923/5414 1775/89/89
f 1725/891/942 1742/890/941 1743/1005/1059
f 1806/1532/1634 1797/1167/1229 1798/1533/1635
f 4344/3720/4056 4345/360/394 4343/1736/1869
f 3311/1535/1637 3310/289/1461 3309/287/1638
f 1813/1537/1640 1821/4924/5415 1810/1538/1641
f 2505/1540/1643 2513/4925/5416 2497/1097/1153
f 2513/4925/5416 2512/4926/5417 2497/1097/1153
f 2497/1097/1153 2506/1096/1152 2505/1540/1643
f 1557/3674/4001 1603/4927/5418 1560/4928/5419
f 1825/1528/1630 1822/720/761 1824/722/763
f 1862/1269/1356 1861/2063/2212 1863/1270/1357
f 1791/2074/2223 1819/1863/2000 1789/1539/1642
f 6791/331/4412 6787/329/2667 6792/1142/5344
f 1926/4557/5005 1918/3321/3618 1930/4566/5014
f 512/542/575 492/522/555 490/529/562
f 6128/3176/3455 6127/3175/3454 6126/3675/4002
f 2278/4851/5335 2300/4929/5420 2279/4850/5334
f 2300/4929/5420 2298/1548/1652 2301/1549/1654
f 2300/4929/5420 2301/1549/1654 2279/4850/5334
f 5487/1551/1656 5488/1043/1093 5490/1552/1657
f 180/1674/3835 179/67/67 183/69/69
f 5167/1556/1661 5166/4930/5421 5164/1554/1659
f 5166/4930/5421 5168/3172/5422 5164/1554/1659
f 5168/3172/5422 5165/973/4531 5164/1554/1659
f 6183/690/731 6181/692/733 6182/1557/1662
f 6181/692/733 6189/2319/2493 6182/1557/1662
f 6189/2319/2493 6190/4931/5423 6182/1557/1662
f 1402/1148/1336 1401/1147/1342 1489/1150/5424
f 5096/1559/1664 5095/4932/5425 5097/1560/1665
f 224/1562/1667 223/2497/2711 178/68/68
f 2844/1563/1668 2843/1594/3925 2841/1564/1669
f 778/1565/1671 777/4376/4812 785/1566/1672
f 6329/1570/1676 6320/4917/5407 6314/1568/1674
f 2886/1571/1677 2884/4933/5426 2883/1572/1678
f 5348/1574/1681 5347/4934/1681 5346/1575/1681
f 2620/1577/1682 2619/4935/5427 2618/1578/1683
f 1225/674/1197 1209/1136/1196 1210/1051/1101
f 1827/2876/3133 1829/763/5428 1828/2877/3134
f 2906/3107/3379 2900/2084/2233 2898/497/530
f 4117/1586/1691 4116/4936/5429 4115/1587/1692
f 80/1589/1694 78/1285/1379 88/119/119
f 6731/2466/4404 6733/4633/5430 6732/4022/4405
f 1250/1170/1232 1248/3785/4140 1254/4937/5431
f 6036/3613/3938 6044/3610/3935 6035/3609/3934
f 1622/1696/1823 1657/4873/5365 1656/1695/1822
f 5288/4938/5432 5289/4939/5432 5287/4940/5432
f 6334/4209/4611 6326/4210/4612 6327/4941/5433
f 4175/1590/1696 4174/2769/3026 4178/1053/1103
f 2656/1063/1117 2660/1522/4899 2658/1594/1706
f 669/1776/1910 682/667/708 664/719/760
f 3669/1278/1713 3668/1322/1422 3663/1595/1711
f 3668/1322/1422 3662/1127/1424 3663/1595/1711
f 1535/338/372 1537/819/863 1544/1424/1528
f 276/255/360 274/240/335 282/1599/1720
f 921/4430/4866 920/3376/3675 922/4942/5434
f 380/300/326 331/302/328 340/350/384
f 1636/4943/5435 1617/4310/4726 1609/4309/4725
f 6555/3838/4198 6560/3296/3593 6556/3845/4205
f 5827/1604/1725 5826/3329/3627 5825/1605/1726
f 1599/4944/5436 1544/1424/1528 1570/1423/1527
f 743/1609/1730 744/3684/4013 759/1610/1731
f 1541/1389/1490 1540/1384/1485 1575/1383/1484
f 2669/1925/2063 2668/3549/3862 2680/1612/1733
f 2671/1613/1734 2670/2610/2851 2675/1614/1735
f 2669/1925/2063 2680/1612/1733 2675/1614/1735
f 1010/3152/3426 1038/3151/3425 1009/3573/3891
f 3717/4945/5437 3688/2532/5438 3689/2531/4524
f 1120/1616/1738 1119/4946/5439 1118/1617/1739
f 1734/4920/5411 1740/4684/5149 1729/1508/1610
f 758/1628/898 737/4947/5310 739/1629/899
f 1666/2401/2583 1629/420/452 1684/419/451
f 4666/1631/1750 4665/4948/5440 4664/1632/1751
f 2066/4949/1753 2067/4950/1753 2069/4951/1753
f 2069/4951/1753 2070/4952/1753 2065/4953/1753
f 2066/4949/1753 2069/4951/1753 2065/4953/1753
f 2079/4954/1753 2078/4955/1753 2077/1636/1753
f 2079/4954/1753 2077/1636/1753 2068/1635/1753
f 2077/1636/1753 2073/4956/1753 2071/4186/1753
f 2071/4186/1753 2072/4957/1753 2075/1634/1753
f 2075/1634/1753 2072/4957/1753 2074/4958/1753
f 2076/4959/1753 2068/1635/1753 2075/1634/1753
f 2064/4960/1753 2065/4953/1753 2068/1635/1753
f 2068/1635/1753 2065/4953/1753 2070/4952/1753
f 2070/4952/1753 2079/4954/1753 2068/1635/1753
f 2075/1634/1753 2077/1636/1753 2071/4186/1753
f 4140/4961/5441 4141/1641/1758 4137/4962/5442
f 4142/4963/5443 4136/1642/1759 4141/1641/1758
f 4135/1640/1757 4137/4962/5442 4141/1641/1758
f 4138/4964/5444 4139/4965/5445 4140/4961/5441
f 4137/4962/5442 4138/4964/5444 4140/4961/5441
f 4085/2711/2991 4101/2713/2987 4087/2266/2986
f 6632/1240/1305 6634/1242/1307 6630/4966/5446
f 4364/426/1768 4363/425/630 4362/1651/1769
f 5738/4334/4759 5740/4967/5447 5741/4335/4760
f 5740/4967/5447 5739/4968/5448 5741/4335/4760
f 3649/114/114 3642/113/113 3643/1660/1778
f 5535/1661/1780 5534/1737/5449 5533/1662/1781
f 52/43/43 61/188/190 37/3154/3428
f 3720/50/50 3728/52/52 3729/1663/1783
f 780/1665/1785 772/4969/5450 776/1211/1271
f 1969/4970/5451 1968/4971/5452 1967/4972/5453
f 1969/4970/5451 1966/1669/1790 1970/4973/5454
f 1967/4972/5453 1966/1669/1790 1969/4970/5451
f 1964/1670/1791 1963/4974/5455 1962/1668/1789
f 1962/1668/1789 1972/4975/5456 1971/4976/5457
f 1971/4976/5457 1970/4973/5454 1966/1669/1790
f 1971/4976/5457 1966/1669/1790 1962/1668/1789
f 1965/4977/5458 1964/1670/1791 1966/1669/1790
f 163/230/918 217/1416/1520 174/231/919
f 1107/1671/1792 1104/2104/2260 1110/1672/1793
f 6244/1918/2056 6252/508/541 6255/3906/4277
f 261/67/1648 306/4076/5459 307/1252/1795
f 263/237/352 262/1674/1796 307/1252/1795
f 6313/1675/1798 6305/1652/1770 6314/1568/1674
f 5791/1677/1800 5786/1111/1170 5790/1113/1172
f 4624/2944/3204 4625/4978/5460 4614/2945/3205
f 1200/1250/1802 1194/4112/4765 1195/1086/1141
f 6515/21/21 6524/20/20 6516/3053/3315
f 3459/293/317 3462/2389/2570 3458/294/318
f 5382/4979/5461 5383/4980/5462 5385/4981/5463
f 2297/841/1803 2296/843/5464 2299/842/1653
f 3513/1680/1805 3512/2434/2619 3489/1681/1806
f 4034/1085/1139 4033/858/5352 4029/859/1809
f 5319/1684/1811 5318/4982/1681 5317/1685/1812
f 803/1691/1818 843/4983/5465 842/4984/5466
f 842/4984/5466 784/4340/4769 803/1691/1818
f 784/4340/4769 782/1689/1816 803/1691/1818
f 782/1689/1816 806/4985/5467 804/1690/1817
f 804/1690/1817 806/4985/5467 805/4986/5468
f 2344/1692/1819 2345/1778/4650 2347/1693/1820
f 1007/781/824 1004/780/823 1032/1468/1568
f 6538/1621/1743 6539/1620/1742 6519/3933/4306
f 4599/1697/1824 4611/745/786 4601/747/788
f 3348/1517/1619 3347/1516/1618 3350/2068/2217
f 3347/1516/1618 3349/4987/5469 3350/2068/2217
f 1238/4795/5279 1239/3397/3696 1232/633/670
f 1239/3397/3696 1235/632/669 1232/633/670
f 2203/1319/1825 2204/4035/4425 2214/1698/1826
f 4593/4988/5470 4578/2915/3172 4575/1768/1901
f 3172/833/1837 3171/4821/1837 3174/834/1837
f 5474/1708/1840 5473/4628/5092 5475/1709/1841
f 4774/1713/1845 4773/3117/1845 4772/1714/1845
f 102/1898/2035 97/1897/2034 93/3385/3684
f 6316/3377/3676 6317/4713/5186 6325/1742/1877
f 1090/1718/1848 1092/1010/1064 1089/1012/1066
f 1017/951/1005 1018/915/966 1035/914/965
f 5869/1834/1971 5867/4989/5471 5868/1408/1511
f 5867/4989/5471 5866/4990/5472 5868/1408/1511
f 537/210/212 588/4991/5473 589/1725/1856
f 4/1727/1858 3/3110/3382 11/1728/1859
f 1298/1283/1864 1305/470/1828 1318/1282/1865
f 23/83/83 22/4400/4835 21/1733/1866
f 4667/1734/1867 4665/4948/5440 4666/1631/1750
f 5509/1353/1870 5508/1662/5474 5507/1737/1871
f 1061/1738/1873 1063/3280/3570 1062/1739/1874
f 6332/1741/1876 6324/4610/5070 6325/1742/1877
f 2004/850/897 2005/4694/4077 2006/345/379
f 6411/4992/5475 6410/3761/4108 6402/3760/4107
f 6405/4993/5476 6436/4767/5477 6411/4992/5475
f 6411/4992/5475 6402/3760/4107 6405/4993/5476
f 2307/1747/1882 2306/4073/5478 2309/1748/1883
f 2591/1751/1887 2589/4994/5076 2593/1752/1888
f 44/3949/4320 57/3963/4334 30/1108/1164
f 6799/2466/5094 6802/4025/4413 6801/4026/4414
f 2313/1754/1890 2312/4995/5479 2315/1755/1891
f 5784/1757/1893 5795/1678/1801 5793/1758/1894
f 445/1760/1896 442/399/431 444/1627/1749
f 442/399/431 440/398/430 444/1627/1749
f 2186/4440/4878 2205/939/3585 2216/591/624
f 1828/2877/3134 1823/721/762 1830/2878/3135
f 750/1761/1120 749/2448/2642 748/1762/1121
f 4574/1767/1900 4573/4159/4564 4576/746/787
f 6531/2468/2675 6530/4996/5480 6511/2469/2676
f 5868/1408/1511 5866/4990/5472 5860/990/1042
f 4784/1773/1909 4783/2303/1909 4782/1774/1909
f 2257/839/886 2266/1832/5481 2262/840/887
f 4343/1736/1869 4345/360/394 4326/362/396
f 554/744/785 551/882/933 553/1784/1921
f 2912/1790/1928 2909/4563/5011 2910/1992/2133
f 3722/1792/1930 3724/1402/1505 3747/1127/1187
f 5409/4997/5482 5410/4998/5482 5411/4999/5482
f 5479/5000/5483 5484/1798/1934 5485/1797/1933
f 2862/1800/1936 2860/5001/5484 2859/1801/1937
f 6230/3268/3557 6236/4494/4929 6237/3269/3558
f 2627/1807/1943 2626/5002/5485 2625/1808/1944
f 1304/1811/1947 1306/469/1829 1305/470/1828
f 527/583/616 526/561/594 528/4912/5402
f 528/4912/5402 533/584/617 527/583/616
f 900/1812/1948 898/3931/4304 899/1813/1949
f 2530/5003/5486 2526/2216/2385 2527/1869/2006
f 2322/1816/1022 2320/5004/5487 2321/1817/1952
f 2321/1817/1952 2320/5004/5487 2318/5005/5488
f 2320/5004/5487 2319/5006/5489 2318/5005/5488
f 2443/1750/1886 2440/555/588 2442/1267/1353
f 6219/585/618 6216/4565/5013 6217/1818/1953
f 1708/1488/5490 1711/5007/5491 1709/5008/5492
f 1711/5007/5491 1710/5009/5493 1709/5008/5492
f 5356/5010/5494 5355/5011/5495 5354/5012/5496
f 3423/4051/4442 3439/4050/4441 3440/832/880
f 3439/4050/4441 3441/5013/5497 3440/832/880
f 3424/1306/1958 3423/4051/4442 3440/832/880
f 373/266/268 340/350/384 341/178/180
f 4539/2897/3156 4536/2910/3169 4529/2892/3151
f 3346/1835/1972 3344/1515/1617 3357/1836/1973
f 1146/1838/1975 1138/1037/1088 1142/1038/1089
f 1433/1839/1976 1422/1318/1418 1423/1324/1425
f 2493/1841/1978 2494/4211/4614 2496/1842/1979
f 3851/262/264 3852/2588/2829 3858/2587/2828
f 6458/1843/1980 6457/3469/3778 6488/1844/1981
f 1357/1846/1983 1351/3633/3959 1350/1847/1984
f 2489/958/1986 2487/3149/3422 2488/1849/1987
f 10/1854/1993 2/5014/5498 1/1855/1994
f 5237/1857/1996 5236/5015/1996 5235/1858/1996
f 4650/5016/5499 4647/5017/5500 4648/5018/5501
f 125/94/94 128/5019/5502 132/1022/1076
f 132/1022/1076 124/97/97 125/94/94
f 6386/1860/1997 6385/3771/5503 6384/1861/1998
f 3216/833/882 3215/4821/881 3218/834/882
f 3192/833/1837 3191/4821/1837 3194/834/1837
f 1045/1679/1804 1008/1254/1337 1029/5020/5504
f 1008/1254/1337 1028/1255/1338 1029/5020/5504
f 3946/860/906 3944/1105/1161 3945/1107/1163
f 1355/1876/2013 1354/1956/2096 1235/632/669
f 1235/632/669 1300/1162/1223 1356/1877/2014
f 4215/1878/2015 4221/2836/3088 4219/1879/2016
f 724/1881/2018 697/874/923 720/1028/1079
f 6008/5021/5505 6000/3690/4019 6007/5022/5506
f 6296/4141/4546 6282/3873/4237 6295/2096/2248
f 2891/5023/5507 2889/3196/3839 2892/3527/3838
f 3755/2504/2769 3754/2503/2764 3753/1596/2770
f 2522/1889/2026 2521/1942/2081 2516/1865/2002
f 676/5024/5508 675/1045/1095 673/5025/5509
f 673/5025/5509 675/1045/1095 674/671/712
f 675/1045/1095 692/5026/5510 691/5027/5511
f 691/5027/5511 690/5028/5512 669/1776/1910
f 675/1045/1095 691/5027/5511 669/1776/1910
f 669/1776/1910 674/671/712 675/1045/1095
f 4209/5029/5513 4210/1902/2039 4205/1904/2041
f 4210/1902/2039 4211/2842/3094 4206/1903/2040
f 4206/1903/2040 4203/2837/3089 4205/1904/2041
f 4203/2837/3089 4202/1440/1541 4205/1904/2041
f 5301/1208/1268 5302/1207/1267 5305/1197/1257
f 3582/1906/2043 3551/3812/4172 3552/1907/2044
f 1492/190/2048 1471/3398/3888 1467/1911/2049
f 5968/5030/5514 5966/1447/1548 5974/1913/2051
f 4746/1919/2057 4745/3023/3283 4743/1920/2058
f 6176/5031/5515 6169/2887/3145 6175/2886/3144
f 2785/1928/2066 2784/4233/4638 2782/1929/2067
f 1013/1932/2070 1005/793/836 1040/1933/2071
f 1187/98/869 1184/8/3914 1191/9/2077
f 2676/1936/2074 2665/1931/2069 2669/1925/2063
f 2521/1942/2081 2522/1889/2026 2570/1943/2082
f 3176/833/882 3175/4821/881 3178/834/882
f 1414/1945/2084 1416/1304/1403 1455/1717/1847
f 6516/3053/3315 6535/3052/3314 6515/21/21
f 2769/1946/2085 2768/1929/4042 2767/1930/2086
f 2773/1948/2088 2769/1946/2085 2766/1947/2087
f 2679/1938/2076 2661/1923/2061 2664/1922/2060
f 1799/1953/2093 1758/879/930 1801/1954/2094
f 2500/1853/1992 2568/5032/5516 2499/1852/1991
f 2568/5032/5516 2569/5033/5517 2499/1852/1991
f 1500/1295/1392 1465/1273/1364 1521/5034/5518
f 1465/1273/1364 1400/3572/3889 1521/5034/5518
f 1400/3572/3889 1517/5035/5519 1521/5034/5518
f 1500/1295/1392 1521/5034/5518 1518/1957/3465
f 1496/1329/2608 1501/1180/1391 1500/1295/1392
f 1518/1957/3465 1519/3187/3464 1442/1175/1377
f 1496/1329/2608 1500/1295/1392 1518/1957/3465
f 1518/1957/3465 1442/1175/1377 1462/1283/1376
f 1496/1329/2608 1518/1957/3465 1462/1283/1376
f 1352/1957/2097 1356/1877/2014 1334/1166/1228
f 1356/1877/2014 1300/1162/1223 1334/1166/1228
f 1334/1166/1228 1336/1180/1242 1331/1329/1430
f 1352/1957/2097 1334/1166/1228 1331/1329/1430
f 1331/1329/1430 1298/1283/1864 1352/1957/2097
f 1298/1283/1864 1278/1175/1237 1352/1957/2097
f 1278/1175/1237 1235/632/669 1354/1956/2096
f 3336/1958/2098 3335/3050/5520 3334/1959/2099
f 3524/1981/2122 3525/2422/2604 3527/1982/2123
f 1448/4629/5093 1445/1336/1437 1508/5036/5521
f 1445/1336/1437 1443/1327/1428 1506/5037/5522
f 1443/1327/1428 1507/4876/5368 1506/5037/5522
f 1445/1336/1437 1506/5037/5522 1508/5036/5521
f 6704/2008/2156 6703/4010/4391 6702/314/342
f 6466/2009/2157 6467/5038/5523 6473/2010/2158
f 5405/5039/5524 5403/1765/1898 5402/1764/1897
f 1604/2041/2189 1536/340/374 1562/2042/2190
f 4097/2051/2199 4103/2725/5525 4075/1085/2200
f 5658/5040/5526 5657/5041/5527 5656/5042/5528
f 5656/5042/5528 5657/5041/5527 5650/3274/3563
f 5657/5041/5527 5659/5043/5529 5650/3274/3563
f 5660/3346/3644 5650/3274/3563 5659/5043/5529
f 251/558/591 255/588/621 256/161/161
f 1541/1389/1490 1575/1383/1484 1525/388/422
f 3474/2060/2209 3447/4635/5097 3470/2061/2210
f 505/533/566 504/532/565 507/2064/2213
f 3124/5044/5530 3126/5045/5531 3127/5046/5532
f 3125/5047/5533 3124/5044/5530 3127/5046/5532
f 349/2065/2214 343/3216/3500 342/2066/2215
f 3350/2068/2217 3349/4987/5469 3351/2069/2218
f 499/515/548 494/511/544 495/2071/2220
f 494/511/544 497/510/543 496/320/348
f 1791/2074/2223 1789/1539/1642 1790/2075/2224
f 2895/2077/2226 2904/4129/4534 2905/2078/2227
f 610/1601/1722 600/3193/3476 599/1602/1723
f 6030/3756/4103 6026/3373/3672 6025/3757/4104
f 3168/833/2234 3167/4821/2234 3170/834/2234
f 4685/2085/2236 4686/2975/3235 4688/2086/2237
f 918/2090/2241 917/2439/5534 919/2091/2242
f 6295/2096/2248 6294/827/875 6301/826/874
f 2912/1790/1928 2910/1992/2133 2911/1791/1929
f 994/4269/4679 988/1466/1566 916/3439/3745
f 2780/1947/2255 2781/1946/3460 2787/1948/2256
f 1106/2103/2259 1105/615/652 1104/2104/2260
f 411/4004/4383 332/4003/4382 410/5048/5535
f 4385/1651/2294 4384/2862/5536 4383/2131/2295
f 4827/888/939 4826/5049/5537 4824/2144/2311
f 559/5050/5538 567/3163/3440 587/5051/5539
f 560/5052/5540 561/5053/5541 529/3162/3439
f 559/5050/5538 587/5051/5539 530/5054/5542
f 587/5051/5539 560/5052/5540 530/5054/5542
f 560/5052/5540 529/3162/3439 530/5054/5542
f 4320/2149/2319 4227/1355/1456 4229/2150/2320
f 4521/2155/2325 4520/2858/3111 4523/2156/2326
f 4880/2160/2330 4881/5055/5543 4882/5056/5544
f 4882/5056/5544 4883/2158/2328 4880/2160/2330
f 4459/2161/2331 4458/1426/2331 4461/1024/2331
f 3635/5057/5545 3636/5058/5546 3634/5059/5547
f 3633/5060/5548 3635/5057/5545 3634/5059/5547
f 2049/261/263 2047/260/262 2048/2166/2333
f 3121/5061/5549 3120/5062/5550 3122/5063/5551
f 3122/5063/5551 3123/5064/5552 3121/5061/5549
f 3368/5065/5553 3370/2168/2335 3366/2167/2334
f 3370/2168/2335 3382/4109/4511 3369/1443/1544
f 3918/2169/2336 3914/599/633 3913/837/884
f 4108/2171/2338 4067/2731/2973 4105/253/2339
f 6798/2173/2341 6795/4297/4713 6796/2174/2342
f 3959/2176/2344 3946/860/906 3924/723/764
f 4969/2178/2346 4970/2419/2601 4967/2179/2347
f 1009/3573/3891 1018/915/966 1010/3152/3426
f 895/2182/2350 896/3923/4294 890/2183/2351
f 1516/2186/2354 1515/5066/5554 1514/1847/2355
f 3545/5067/5555 3594/5068/5556 3544/2373/2647
f 2129/4150/4555 2127/4152/4557 2130/5069/5557
f 3052/3073/3336 3068/35/35 3039/908/959
f 4251/2193/2361 4250/2783/3040 4313/2194/2362
f 2081/2199/2368 2088/856/902 2080/2200/2369
f 4508/716/757 4512/4803/5289 4516/2205/2374
f 471/2207/2376 476/2720/2963 473/1625/1747
f 4275/5070/5558 4278/2208/2377 4277/2210/2379
f 4278/2208/2377 4274/4525/4968 4270/2209/2378
f 4270/2209/2378 4279/2821/3076 4277/2210/2379
f 4277/2210/2379 4276/5071/5559 4275/5070/5558
f 4005/2213/2382 4004/5072/5560 4006/5073/5561
f 4006/5073/5561 4007/2211/2380 4005/2213/2382
f 6015/1644/1761 6016/1643/1760 6014/110/110
f 5362/5074/5562 5363/5075/5563 5365/5076/5564
f 655/5077/5565 654/5078/5566 653/2218/2387
f 653/2218/2387 652/5079/5567 651/5080/5568
f 653/2218/2387 651/5080/5568 650/5081/5569
f 648/5082/2331 647/5083/2331 658/5084/2331
f 657/2217/2386 655/5077/5565 653/2218/2387
f 657/2217/2386 656/5085/5570 655/5077/5565
f 650/5081/5569 649/2219/2388 653/2218/2387
f 648/5082/2331 658/5084/2331 649/2219/2388
f 649/2219/2388 658/5084/2331 657/2217/2386
f 4644/2954/3214 4642/2230/2399 4638/2229/2398
f 4642/2230/2399 4648/5018/5501 4637/2231/2400
f 1073/986/1038 1071/985/1037 1083/2232/2401
f 438/4773/5254 419/381/415 422/4915/5405
f 5697/5086/5571 5678/5087/5085 5703/4620/5572
f 3332/288/307 3331/4905/5573 3330/1358/2405
f 3281/2236/2406 3283/2776/3035 3280/2237/2407
f 464/477/509 466/311/339 465/2946/3206
f 4173/1357/1458 4226/1356/1457 4192/1654/1772
f 4226/1356/1457 4292/2239/2409 4192/1654/1772
f 3603/2242/2412 3576/5088/5574 3579/2243/2413
f 723/2248/2418 718/1001/1053 697/874/923
f 5180/2249/2419 5179/1292/1386 5169/2250/2420
f 3228/833/1837 3227/4821/1837 3230/834/1837
f 6093/3488/3797 6099/3661/3988 6095/3486/3795
f 3256/5089/5575 3257/5090/5575 3255/5091/5575
f 2138/5092/5576 2164/2259/2429 2163/2261/2431
f 2164/2259/2429 2166/5093/5577 2165/2260/2430
f 2166/5093/5577 2167/5094/5578 2165/2260/2430
f 2672/2262/2432 2678/1937/2075 2679/1938/2076
f 4039/1667/1788 4037/13/1787 4048/2266/2436
f 6615/2268/2438 6617/5095/5579 6616/2269/2439
f 1572/4894/5385 1537/819/863 1536/340/374
f 3152/833/2234 3151/4821/2234 3154/834/2234
f 3866/2639/2882 3881/2621/2862 3868/2622/2863
f 4579/2203/2372 4580/2920/3177 4588/2271/2441
f 3220/833/2443 3219/4821/2443 3222/834/2443
f 3224/833/2234 3223/4821/2234 3226/834/2234
f 3164/833/2443 3163/4821/2443 3166/834/2443
f 3188/833/2235 3187/4821/2234 3190/834/2235
f 3204/833/2443 3203/4821/2443 3206/834/2443
f 4250/2783/3040 4249/4449/4887 4245/1291/1385
f 4249/4449/4887 4247/1289/1383 4245/1291/1385
f 3796/4714/5580 3759/2379/2756 3798/2276/2448
f 3759/2379/2756 3761/1781/2446 3798/2276/2448
f 766/5096/5581 768/5097/5582 765/4545/4990
f 768/5097/5582 753/4543/4988 765/4545/4990
f 1475/2277/2449 1474/3533/5583 1476/1156/1334
f 3526/1983/2124 3501/5098/5584 3499/2278/2450
f 1318/1282/1865 1317/1173/1235 1278/1175/1237
f 6272/2279/2451 6271/3699/4029 6273/2280/2452
f 1605/2043/2191 1562/2042/2190 1534/2282/2454
f 3325/2284/2456 3324/2871/5585 3322/2285/2457
f 1799/1953/2093 1806/1532/1634 1782/1534/1636
f 4697/2287/2459 4678/2979/3239 4675/2288/2460
f 225/4076/4473 224/1562/1667 179/67/67
f 3282/2290/2462 3281/2236/2406 3275/2291/2463
f 369/4103/4502 330/2293/2465 377/2295/2467
f 330/2293/2465 328/301/327 379/4726/5201
f 378/2294/2466 330/2293/2465 379/4726/5201
f 1429/322/350 1427/1313/1413 1428/1305/1404
f 1571/4895/5386 1547/1415/1519 1537/819/863
f 3254/5099/5586 3252/5100/5586 3253/5101/5586
f 3336/1958/2098 3333/1960/2100 3326/1536/2475
f 6532/4288/4704 6533/4287/4703 6514/2257/2427
f 4755/1773/2477 4754/5102/2477 4753/2302/2477
f 1435/2304/2478 1434/1840/1977 1423/1324/1425
f 5677/2307/2481 5672/4305/4721 5676/2305/2479
f 5672/4305/4721 5684/4530/4973 5680/5103/5587
f 5676/2305/2479 5672/4305/4721 5680/5103/5587
f 5684/4530/4973 5688/4619/5083 5680/5103/5587
f 5688/4619/5083 5678/4621/5085 5679/5104/5588
f 5688/4619/5083 5679/5104/5588 5680/5103/5587
f 4788/2308/2482 4787/5105/2482 4786/2309/2482
f 3721/1664/1784 3723/1400/1503 3722/1792/1930
f 3637/50/2486 3638/2188/2358 3646/1663/2487
f 3547/2316/2490 3550/1682/5589 3549/2317/2491
f 686/1346/1447 688/4903/5392 687/2318/2492
f 2236/1700/1831 2235/3267/3890 2189/1701/1832
f 427/5106/5590 426/384/418 421/385/419
f 1225/674/1197 1297/676/5591 1227/675/1195
f 6189/2319/2493 6181/692/733 6185/691/732
f 3290/5107/5592 3288/4539/4983 3276/2292/2464
f 3541/2399/2640 3561/2447/2637 3540/2398/2639
f 3577/1982/2495 3576/5088/5574 3575/2321/2496
f 273/205/304 275/211/309 274/240/335
f 273/205/304 274/240/335 276/255/360
f 5778/4542/4987 5723/4546/4991 5742/3450/3756
f 1934/933/985 1956/4818/5593 1932/934/986
f 1394/1235/1296 1393/642/1330 1392/1249/1318
f 374/2325/2501 409/1600/1721 340/350/384
f 406/651/691 415/3626/3951 407/649/689
f 1805/2326/2502 1804/878/929 1760/880/931
f 1753/1519/1621 1754/5108/5594 1749/1261/1347
f 3319/2327/2503 3309/287/1638 3321/2328/2504
f 19/28/28 18/24/24 20/29/29
f 5093/2330/2506 5092/3092/3360 5091/2331/2507
f 96/2333/2509 114/3959/4330 117/1021/1075
f 6400/2334/2510 6425/5109/5595 6426/2335/2511
f 4696/2976/3236 4694/3869/4233 4695/2977/3237
f 4596/2340/2516 4610/1434/1535 4609/1436/1537
f 1758/879/930 1759/48/48 1761/1072/1126
f 4987/2343/2519 4971/3121/3394 4985/1479/1578
f 4/1727/1858 12/1729/1860 9/1856/1995
f 3487/2373/2553 3520/2400/2582 3505/2391/2573
f 3520/2400/2582 3504/2397/2579 3505/2391/2573
f 3505/2391/2573 3521/2390/2572 3487/2373/2553
f 3521/2390/2572 3502/4328/4825 3487/2373/2553
f 3502/4328/4825 3506/4390/4824 3503/2452/2644
f 3503/2452/2644 3487/2373/2553 3502/4328/4825
f 5401/5110/5596 5399/4478/4917 5398/4477/4916
f 6447/4643/5106 6446/3772/4121 6444/3770/4118
f 1914/1939/2521 1909/98/98 1910/1165/2522
f 2472/3399/3699 2471/5111/5597 2470/3400/3700
f 42/78/78 50/60/60 56/57/57
f 3442/3879/5598 3440/832/880 3441/5013/5497
f 490/529/562 503/534/567 512/542/575
f 1337/1179/1241 1332/1330/1431 1331/1329/1430
f 4911/2355/2533 4910/1182/1244 4909/2356/2534
f 3416/2360/2538 3434/5112/5599 3436/2358/2536
f 2548/1888/2025 2542/1884/2021 2556/2361/2539
f 3386/2284/2541 3385/2871/5600 3383/2363/2542
f 5671/5113/5601 5670/5114/5601 5669/5115/5601
f 41/3254/3541 30/1108/1164 29/72/72
f 3443/3880/5602 3444/830/878 3440/832/880
f 3422/831/879 3432/1307/5603 3424/1306/1958
f 2319/5006/5489 2316/5116/5604 2318/5005/5488
f 2316/5116/5604 2314/1756/1892 2317/2375/2555
f 2316/5116/5604 2317/2375/2555 2318/5005/5488
f 3442/3879/5598 3443/3880/5602 3440/832/880
f 1921/2376/2556 1927/3900/4268 1928/2377/2557
f 4625/4978/5460 4627/5117/5605 4619/2938/3198
f 865/822/870 864/298/324 862/811/854
f 3490/2442/2629 3489/1681/1806 3587/2443/2630
f 3459/293/317 3447/4635/5097 3456/2388/2569
f 6499/5118/5606 6509/5119/5607 6503/4420/4855
f 1150/1035/1086 1138/1037/1088 1137/1083/1314
f 2931/4392/4827 2933/2394/2576 2932/2393/2575
f 2933/2394/2576 2945/2744/2990 2930/2395/2577
f 2246/1350/1451 2255/1349/1450 2254/2403/2585
f 3544/2373/2647 3546/2453/2646 3545/5067/5555
f 35/31/31 20/29/29 47/2405/2587
f 5614/2263/2433 5629/2265/2435 5615/5120/5608
f 172/820/866 219/3587/5609 171/557/864
f 541/2410/2592 590/5121/5473 591/2411/2593
f 6177/1258/1344 6155/3423/3727 6163/2414/2596
f 4970/2419/2601 4969/2178/2346 4966/2420/2602
f 1461/1328/2607 1497/1330/5610 1496/1329/2608
f 4637/2231/2400 4648/5018/5501 4649/2951/3211
f 3358/4828/5314 3362/5122/5611 3361/5123/5612
f 3360/4827/5313 3358/4828/5314 3361/5123/5612
f 432/5124/5613 433/483/515 431/491/524
f 1624/738/779 1638/1456/1557 1637/4048/4438
f 3050/2476/2683 3059/5125/5614 3060/2474/2681
f 4505/44/44 4506/105/105 4503/2436/2621
f 1395/1146/1341 1384/1129/1329 1370/1130/1358
f 1559/1397/1499 1558/1224/1284 1556/795/838
f 958/2439/2626 957/5126/5615 959/2440/2627
f 1719/2446/2633 1722/5127/5616 1715/4311/4727
f 1715/4311/4727 1716/2444/2631 1719/2446/2633
f 6783/4031/4419 6784/4029/4417 6782/4032/4420
f 3156/833/1837 3155/4821/1837 3158/834/1837
f 5202/5128/5617 5199/580/5618 5200/5129/5619
f 5199/580/5618 5201/5130/5620 5200/5129/5619
f 750/1761/1120 737/4947/5310 758/1628/898
f 5327/2449/2643 5326/5131/2643 5325/2450/2643
f 3564/1512/2645 3565/1514/2653 3546/2453/2646
f 5032/2456/2650 5034/453/485 5031/2454/2648
f 5034/453/485 5033/452/484 5031/2454/2648
f 6735/2371/2551 6738/4282/4698 6737/2457/2651
f 3571/2459/2657 3555/4784/5263 3553/2458/2655
f 6789/2464/2666 6788/4271/4681 6787/329/2667
f 3528/2423/2606 3530/4507/5621 3527/1982/2123
f 6813/2465/2669 6815/660/5622 6816/661/2670
f 2147/472/2672 2146/474/5623 2145/473/2673
f 2926/5132/5624 2922/2094/2245 2925/4711/5183
f 4557/1155/1216 4559/1154/1215 4535/5133/5625
f 4708/1952/2092 4701/2994/3254 4698/2985/3245
f 1312/3532/3844 1329/1151/1212 1236/1148/1209
f 3640/1792/2357 3639/1400/4447 3638/2188/2358
f 3060/2474/2681 3084/4484/4920 3076/2475/2682
f 6758/4007/4396 6767/4230/4635 6757/4015/4397
f 5392/5134/5626 5391/5135/5627 5390/5136/5628
f 2332/972/1026 2369/658/4533 2370/1683/5270
f 3637/50/2486 3692/2880/3137 3691/2478/2686
f 3657/448/2734 3696/2514/4451 3656/450/2735
f 6621/5137/5629 6622/5138/5629 6620/5139/5629
f 3654/461/2687 3653/449/2689 3651/460/2690
f 6018/5140/5630 6016/1643/1760 6017/1645/1762
f 5977/3818/4178 5983/5141/5631 5981/5142/5632
f 6808/3942/4315 6817/575/5633 6807/285/300
f 3718/2386/3432 3710/2005/2152 3685/2004/2151
f 4398/2870/5634 4401/2482/2695 4399/2481/2694
f 4401/2482/2695 4402/2825/5635 4400/2480/2693
f 4402/2825/5635 4403/4384/5636 4400/2480/2693
f 2958/2114/2271 2956/2110/2267 2957/2111/2268
f 2605/5143/5637 2606/5144/5638 2601/2489/2703
f 2606/5144/5638 2598/4605/5064 2601/2489/2703
f 2602/2488/2702 2605/5143/5637 2601/2489/2703
f 2600/2490/2704 2604/5145/5639 2603/4900/5640
f 2603/4900/5640 2602/2488/2702 2600/2490/2704
f 6/2491/2705 5/2740/2983 13/2492/2706
f 3690/552/585 3716/551/584 3704/2494/2708
f 6811/121/810 6809/284/299 6810/286/301
f 3664/2502/2717 3666/550/583 3693/2496/2710
f 3672/2503/2718 3673/2499/2713 3671/2504/2719
f 3663/1595/1711 3661/1793/2715 3664/2502/2717
f 4857/2508/2724 4858/5146/5641 4854/2506/2722
f 4855/5147/5642 4854/2506/2722 4858/5146/5641
f 1216/1299/4006 1215/4725/5643 1204/1124/1184
f 2842/1064/1670 2841/1564/1669 2840/1063/2726
f 5086/2509/2727 5087/1279/1372 5090/2510/2728
f 1261/1505/1607 1262/1229/1289 1263/3498/3809
f 3995/2512/2731 3928/2654/2895 3923/732/773
f 3781/2514/2733 3778/2478/3443 3765/2189/2730
f 4514/3115/3388 4517/2206/2375 4509/3583/3901
f 3653/449/2689 3655/2479/2688 3657/448/2734
f 6379/2518/2742 6378/5148/5644 6377/2519/2743
f 3734/462/494 3736/461/493 3743/1296/2745
f 3772/2522/2747 3748/2500/2760 3749/550/2748
f 3698/2523/2750 3652/462/2691 3651/460/2690
f 3763/1297/2752 3764/2521/2746 3743/1296/2745
f 686/1346/1447 670/3789/4148 705/493/526
f 1759/48/48 1779/47/47 1780/2525/2754
f 1228/1249/2755 1229/642/680 1195/1086/1141
f 2932/2393/2575 2940/4077/4474 2939/5149/5645
f 6404/3759/4106 6403/4698/5170 6402/3760/4107
f 1090/1718/1848 1091/1007/1061 1094/1006/1060
f 3544/2373/2647 3572/2400/2641 3542/2463/2665
f 4967/2179/2347 4988/3108/3380 4972/2533/2774
f 42/78/78 26/70/70 50/60/60
f 6778/2537/2776 6781/5150/5646 6780/2538/2777
f 1815/5151/5647 1764/4170/4576 1816/3258/3545
f 3726/2540/2779 3725/113/2771 3732/114/2780
f 4060/2051/2784 4048/2266/2436 4037/13/1787
f 1542/2543/2785 1543/3159/3436 1590/2544/2786
f 3816/5152/2331 3814/5153/2331 3818/5154/2331
f 3814/5153/2331 3813/5155/2331 3815/5156/2331
f 3815/5156/2331 3809/2546/2331 3818/5154/2331
f 3809/2546/2331 3808/5157/2331 3807/2547/2331
f 3807/2547/2331 3812/5158/2331 3810/2548/2331
f 3812/5158/2331 3811/5159/2331 3810/2548/2331
f 3810/2548/2331 3818/5154/2331 3809/2546/2331
f 3818/5154/2331 3817/5160/2331 3816/5152/2331
f 3814/5153/2331 3815/5156/2331 3818/5154/2331
f 1145/572/605 1147/1061/1113 1146/1838/1975
f 4244/918/969 4238/917/968 4240/2773/3032
f 4240/2773/3032 4243/1290/1384 4244/918/969
f 3999/2569/2808 3998/2673/2914 3993/2513/2732
f 3848/2582/2823 3844/2580/2821 3845/2581/2822
f 2249/683/1853 2250/1723/1854 2251/2368/2548
f 3939/2657/2898 3935/1315/1415 3932/2659/2900
f 3853/2584/2825 3852/2588/2829 3851/262/264
f 3889/2605/2846 3844/2580/2821 3856/2585/2826
f 5984/1719/1849 5977/3818/4178 5989/2607/2848
f 1044/947/999 1016/1470/1570 1030/1469/1569
f 21/1733/1866 49/4517/4960 17/23/23
f 535/684/725 534/208/210 537/210/212
f 246/207/272 249/197/5648 289/201/285
f 288/247/270 246/207/272 289/201/285
f 249/197/5648 290/195/280 289/201/285
f 2670/2610/2851 2668/3549/3862 2661/1923/2061
f 403/802/845 404/804/847 366/2613/2854
f 3874/2617/2858 3909/2980/3240 3897/2618/2859
f 3966/2694/2935 3965/2627/2868 3964/2628/2869
f 3788/2494/2871 3772/2522/2747 3776/552/2749
f 3884/2632/2875 3885/2629/2870 3893/2631/2874
f 3884/2632/2875 3892/2633/2876 3891/2634/2877
f 3879/2638/2881 3864/193/195 3877/4397/4832
f 3874/2617/2858 3877/4397/4832 3875/2640/2883
f 3872/2616/2857 3874/2617/2858 3873/2641/2884
f 2683/2803/3058 2684/526/559 2691/528/561
f 3868/2622/2863 3867/2644/2887 3865/2645/2888
f 3925/2653/2894 3934/1314/1414 3929/724/765
f 6156/62/62 6177/1258/1344 6173/5161/5649
f 2258/2674/2915 2257/839/886 2256/2675/2916
f 3988/2678/2919 3953/2574/2813 3955/1374/1477
f 5909/2252/2422 5905/3476/3785 5906/2541/2782
f 3959/2176/2344 3943/845/892 3944/1105/1161
f 4736/2681/2922 4739/3033/3293 4738/2682/2923
f 1924/2378/2558 1922/2483/2696 1921/2376/2556
f 6478/5162/5650 6475/4371/4807 6476/4370/4806
f 2113/2688/2929 2091/3681/4010 2092/2689/2930
f 5484/1798/1934 5483/5163/5651 5492/2691/2932
f 4191/3378/3677 4192/1654/1772 4193/1656/1774
f 4043/2701/2941 4044/2890/3149 4027/2702/2942
f 1226/1222/1282 1224/1223/1283 1237/2704/2944
f 1290/2706/2947 1289/1171/1233 1255/1219/1279
f 4488/3189/3469 4479/3721/4057 4495/3190/3470
f 5372/5164/5652 5370/2013/2161 5373/2012/2160
f 4062/2710/2951 4063/3868/5408 4027/2702/2942
f 4171/1732/1863 4155/1731/1862 4153/2707/2948
f 4840/2718/2961 4837/5165/5653 4836/2719/2962
f 4838/2717/2960 4839/5166/5654 4840/2718/2961
f 533/584/617 592/4913/5403 596/149/149
f 4034/1085/1139 4032/305/1810 4058/2724/2969
f 4092/2730/331 4096/2724/3369 4102/5167/5655
f 4102/5167/5655 4096/2724/3369 4103/2725/5525
f 4121/2736/2980 4120/5168/2980 4119/2737/2980
f 63/41/41 52/43/43 51/2406/2588
f 5/2740/2983 8/4156/4561 16/2741/2984
f 2945/2744/2990 2933/2394/2576 2936/2742/2988
f 2933/2394/2576 2935/5169/5656 2936/2742/2988
f 4086/2712/2981 4087/2266/2986 4088/2745/2992
f 4069/2702/2994 4090/2709/2993 4091/2721/2978
f 4100/3868/4232 4069/2702/2994 4084/3114/3387
f 260/68/162 304/2497/2946 305/1562/2996
f 4075/1085/2200 4076/858/904 4077/15/15
f 4220/2748/3001 4286/2792/3049 4284/2749/3002
f 1764/4170/4576 1815/5151/5647 1767/771/813
f 1462/1283/1376 1468/1811/3338 1461/1328/2607
f 1711/5007/5491 1708/1488/5490 1704/3718/4054
f 1708/1488/5490 1706/1489/5657 1705/3719/4055
f 1705/3719/4055 1704/3718/4054 1708/1488/5490
f 4181/335/369 4196/2778/3037 4261/2756/3009
f 4341/2515/2736 4343/1736/1869 4323/1543/1646
f 4411/5170/5658 4409/3910/4281 4412/2759/3012
f 4406/5171/5659 4407/5172/5660 4414/2757/3010
f 4415/2758/3011 4411/5170/5658 4412/2759/3012
f 4406/5171/5659 4414/2757/3010 4412/2759/3012
f 1368/1124/1326 1380/4725/5200 1382/1299/1397
f 2559/1894/2031 2554/1893/2030 2553/1900/2037
f 562/829/877 598/828/876 597/2760/3013
f 1736/1503/1605 1730/1500/1601 1731/1504/1606
f 4072/304/332 4071/4344/4778 4070/2766/3022
f 6448/2768/3024 6452/5173/5661 6451/1405/1508
f 3148/833/2443 3147/4821/2443 3150/834/2443
f 3578/1983/2497 3575/2321/2496 3556/2278/2664
f 6194/5174/5662 6195/5175/5663 6192/4113/4515
f 6192/4113/4515 6193/4114/4516 6194/5174/5662
f 3936/2655/2896 3925/2653/2894 3969/2672/2913
f 1299/1328/1429 1304/1811/1947 1298/1283/1864
f 4193/1656/1774 4256/1655/1773 4258/5176/5664
f 2746/2774/3033 2747/5177/5665 2764/2775/3034
f 494/511/544 500/318/346 497/510/543
f 5937/796/839 5944/3916/4287 5941/4253/4662
f 4315/2847/3099 4316/5178/5666 4253/2240/2410
f 4451/1406/1091 4450/5179/1091 4453/2779/1091
f 1178/571/692 1177/4223/5667 1156/1060/1112
f 1177/4223/5667 1169/3233/3517 1156/1060/1112
f 5364/5180/5626 5363/5075/5563 5362/5074/5562
f 4598/2782/3039 4597/2925/3185 4596/2340/2516
f 3039/908/959 3050/2476/2683 3052/3073/3336
f 4536/2910/3169 4557/1155/1216 4535/5133/5625
f 4535/5133/5625 4534/1830/1966 4536/2910/3169
f 4534/1830/1966 4537/1829/1965 4536/2910/3169
f 1221/278/1188 1223/1117/1177 1222/1115/1175
f 4220/2748/3001 4197/2815/3070 4263/2791/3048
f 4575/1768/1901 4576/746/787 4592/4806/5292
f 2400/2101/2254 2401/838/2253 2402/2751/3004
f 5568/2794/3051 5567/3773/5668 5566/2795/3052
f 4217/2750/3003 4284/2749/3002 4283/2797/3054
f 3069/37/37 3040/4410/4845 3070/4683/5148
f 4467/2799/1753 4466/1426/1753 4469/2161/1753
f 133/56/56 129/55/55 130/54/54
f 2548/1888/2025 2550/1891/2028 2549/3447/3753
f 123/2952/3212 137/85/85 43/82/82
f 2146/474/5623 2150/4880/5669 2149/1236/5670
f 2150/4880/5669 2140/4879/5671 2139/5181/5672
f 2146/474/5623 2149/1236/5670 2145/473/2673
f 2149/1236/5670 2150/4880/5669 2139/5181/5672
f 1178/571/692 1154/1034/1111 1165/652/693
f 1833/5182/5673 1834/4890/5383 1832/4206/4608
f 4420/2825/3080 4423/2482/3567 4422/2826/3081
f 5432/4255/4664 5433/3830/4190 5446/5183/5674
f 5433/3830/4190 5456/4562/5010 5446/5183/5674
f 5446/5183/5674 5447/5184/5675 5432/4255/4664
f 2715/2831/3086 2721/1980/2121 2714/1978/2119
f 4333/5185/1753 4332/5186/1753 4334/5187/1753
f 4332/5186/1753 4335/5188/1753 4339/2832/1753
f 4334/5187/1753 4332/5186/1753 4339/2832/1753
f 4335/5188/1753 4336/2833/1753 4339/2832/1753
f 4336/2833/1753 4337/5189/1753 4338/2834/1753
f 4589/2272/2442 4588/2271/2441 4569/2838/3090
f 5194/5190/5676 5193/5191/5677 5191/5192/5678
f 5193/5191/5677 5192/5193/5679 5191/5192/5678
f 1292/2848/3100 1249/3197/3480 1250/1170/1232
f 89/172/174 79/171/173 80/1589/1694
f 1402/1148/1336 1489/1150/5424 1495/1149/3101
f 3866/2639/2882 3865/2645/2888 3862/2850/3103
f 1646/2852/3105 1630/418/450 1621/437/469
f 5342/2853/3106 5341/4490/4925 5349/2854/3107
f 1982/1597/1717 1980/546/1705 1983/635/1718
f 4520/2858/3111 4521/2155/2325 4524/2859/3112
f 1435/2304/2478 1424/786/829 1425/1284/1378
f 204/229/231 205/486/519 198/213/215
f 4397/2480/3116 4396/799/5680 4395/2865/3117
f 3025/2868/3121 3024/5194/5681 3023/2866/3119
f 3024/5194/5681 3018/3401/3701 3023/2866/3119
f 3343/2284/3126 3341/2286/5682 3340/2285/3127
f 1070/2872/3129 1071/985/1037 1073/986/1038
f 4457/2873/425 4456/1406/425 4455/978/425
f 1397/2875/3130 1439/1271/3878 1440/343/3131
f 3110/5195/5683 3111/5196/5684 3108/5197/5685
f 3109/5198/5686 3108/5197/5685 3111/5196/5684
f 3637/50/2486 3644/51/2685 3695/2879/3136
f 2867/5199/5687 2865/3196/3479 2868/3195/3478
f 2520/1326/1427 2532/1870/2007 2527/1869/2006
f 5269/2881/3138 5268/4569/5688 5267/2882/3139
f 2169/2885/3143 2173/5200/5689 2172/2884/3141
f 2172/2884/3141 2173/5200/5689 2163/2261/2431
f 2173/5200/5689 2138/5092/5576 2163/2261/2431
f 6169/2887/3145 6164/1257/1343 6170/61/61
f 1494/1256/1339 1475/2277/2449 1402/1148/1336
f 3879/2638/2881 3888/2619/2860 3887/2623/2864
f 2753/2888/3146 2752/4867/5357 2748/2889/3147
f 6553/1212/1272 6549/3413/3715 6550/5201/5690
f 247/328/2692 245/243/273 297/1417/5137
f 257/231/233 256/161/161 255/588/621
f 4631/355/389 4616/759/800 4639/758/799
f 274/240/335 281/241/271 282/1599/1720
f 4528/2893/3152 4527/5202/5691 4526/1501/1602
f 4527/5202/5691 4543/919/970 4526/1501/1602
f 4543/919/970 4541/808/851 4526/1501/1602
f 4463/2911/1030 4462/2161/1030 4465/2162/1030
f 4571/2913/3170 4570/2916/3173 4569/2838/3090
f 1920/1177/1239 1919/4872/5364 1918/3321/3618
f 4578/2915/3172 4593/4988/5470 4570/2916/3173
f 4568/2902/3161 4549/2900/3159 4546/810/853
f 1375/1051/3178 1390/674/715 1389/1222/3179
f 3534/2433/2618 3532/961/1015 3533/963/1017
f 1909/98/98 1914/1939/2521 1913/9/9
f 1611/737/778 1623/739/780 1613/1491/1592
f 1623/739/780 1643/1463/1563 1669/3802/1501
f 1623/739/780 1669/3802/1501 1613/1491/1592
f 4091/2721/2978 4090/2709/2993 4086/2712/2981
f 4740/2947/3207 4738/2682/2923 4752/2948/3208
f 43/82/82 42/78/78 56/57/57
f 4633/2933/3193 4634/2936/3196 4656/2940/3200
f 3119/5203/5692 3117/5204/5693 3116/5205/5694
f 3118/5206/5695 3119/5203/5692 3116/5205/5694
f 4182/1054/1104 4184/2802/3057 4179/1055/1105
f 4184/2802/3057 4216/2813/3068 4179/1055/1105
f 6085/3646/3970 6081/3364/3663 6087/5207/5696
f 3874/2617/2858 3872/2616/2857 3908/2615/2856
f 5833/5208/5697 5834/5209/5698 5836/5210/5699
f 5834/5209/5698 5835/5211/5700 5836/5210/5699
f 6566/2981/3241 6547/3576/3894 6546/2982/3242
f 3769/2004/2568 3794/2005/2701 3801/2386/2566
f 2574/5212/5701 2573/5213/5701 2572/4606/5701
f 330/2293/2465 385/4777/5256 384/5214/5702
f 330/2293/2465 384/5214/5702 394/5215/5703
f 325/368/402 330/2293/2465 393/5216/5704
f 402/5217/5705 391/4778/5257 368/2384/2564
f 401/5218/5706 402/5217/5705 368/2384/2564
f 330/2293/2465 394/5215/5703 393/5216/5704
f 401/5218/5706 368/2384/2564 400/5219/5707
f 368/2384/2564 342/2066/2215 400/5219/5707
f 325/368/402 393/5216/5704 392/5220/5708
f 325/368/402 392/5220/5708 327/5221/5709
f 399/5222/5710 400/5219/5707 342/2066/2215
f 326/3002/3262 386/514/547 387/3003/3263
f 387/3003/3263 399/5222/5710 342/2066/2215
f 342/2066/2215 325/368/402 326/3002/3262
f 325/368/402 327/5221/5709 326/3002/3262
f 3449/3004/3264 3448/5223/5711 3455/3005/3265
f 6280/3213/3497 6282/3873/4237 6281/3211/3495
f 2352/591/4075 2340/939/991 2354/938/990
f 915/4431/4867 914/4265/4675 912/3375/3674
f 914/4265/4675 913/4264/4674 912/3375/3674
f 6434/3016/3276 6435/3781/4136 6429/3017/3277
f 6496/3019/3279 6503/4420/4855 6502/3020/3280
f 4752/2948/3208 4739/3033/3293 4751/3024/3284
f 518/3038/3298 521/3040/3300 523/5224/5712
f 4751/3024/3284 4739/3033/3293 4750/3028/3288
f 4736/2681/2922 4737/3032/3292 4739/3033/3293
f 6512/2470/2677 6511/2469/2676 6521/4649/5112
f 4640/2958/3218 4617/757/798 4633/2933/3193
f 6006/3746/4088 6004/1337/1438 6009/5225/5713
f 6004/1337/1438 6010/5226/5714 6009/5225/5713
f 6630/4966/5446 6634/1242/1307 6631/3565/3881
f 3081/3035/3295 3035/3072/3335 3036/3036/3296
f 518/3038/3298 519/4362/4799 515/3039/3299
f 1769/5227/5715 1768/772/814 1767/771/813
f 1767/771/813 1770/3043/3303 1771/3042/3302
f 1769/5227/5715 1767/771/813 1771/3042/3302
f 2780/1947/2255 2786/1949/2257 2785/1928/2066
f 2010/3047/3307 2011/5228/5716 2024/3048/3308
f 2039/5229/5717 2037/3343/3641 2038/3342/3640
f 6240/1914/2052 6250/16/16 6248/509/542
f 3316/1958/3310 3315/1960/3318 3318/1959/3311
f 2746/2774/3033 2749/1969/3148 2747/5177/5665
f 2749/1969/3148 2748/2889/3147 2747/5177/5665
f 5736/5230/5718 5714/4524/4967 5715/5231/5718
f 5960/3556/3872 5959/3558/3874 5954/3382/3681
f 5952/3584/3902 5949/2593/2834 5951/2592/2833
f 2879/5232/5719 2877/3985/4356 2880/3984/4355
f 1743/1005/1059 1742/890/941 1744/1262/1348
f 3316/1958/3310 3311/1535/1637 3308/1536/1639
f 927/3056/3319 926/1465/1565 991/1467/1567
f 5051/629/666 5068/631/668 5066/378/412
f 2511/3062/3325 2514/5233/5720 2508/4847/5331
f 2508/4847/5331 2498/3063/3326 2511/3062/3325
f 2504/5234/5721 2503/3061/3324 2498/3063/3326
f 5171/3064/3327 5170/2251/2421 5169/2250/2420
f 1364/1116/1321 1365/1250/1320 1366/1121/1323
f 3233/5235/5722 3234/3068/3331 3231/3067/3330
f 6485/3069/3332 6482/4626/5090 6483/3070/3333
f 1202/1121/1181 1200/1250/1802 1201/1116/1176
f 1470/470/502 1469/469/501 1468/1811/3338
f 3773/2531/2767 3755/2504/2769 3774/2532/2768
f 3755/2504/2769 3770/365/1604 3774/2532/2768
f 3757/366/3342 3769/2004/2568 3793/4105/5723
f 3769/2004/2568 3802/2387/2567 3793/4105/5723
f 3792/3078/3343 3800/2530/2766 3774/2532/2768
f 3757/366/3342 3793/4105/5723 3792/3078/3343
f 3774/2532/2768 3770/365/1604 3792/3078/3343
f 1596/5236/5724 1561/1481/1580 1545/1598/1719
f 3850/2636/2879 3879/2638/2881 3885/2629/2870
f 2655/1564/1707 2658/1594/1706 2657/1563/3346
f 4913/4696/5165 4919/3083/3349 4915/3082/3348
f 5216/5237/5725 5224/5193/5726 5215/5238/5727
f 5224/5193/5726 5225/4787/5728 5215/5238/5727
f 5218/2883/5729 5217/2882/5730 5215/5238/5727
f 5217/2882/5730 5216/5237/5725 5215/5238/5727
f 2175/3084/3352 2179/5116/5731 2178/2375/3350
f 2178/2375/3350 2179/5116/5731 2180/5005/5732
f 2179/5116/5731 2181/5239/5733 2180/5005/5732
f 360/3227/3511 361/5240/5734 359/3089/3357
f 361/5240/5734 362/5241/5735 359/3089/3357
f 362/5241/5735 364/3087/3355 359/3089/3357
f 5088/1281/1374 5085/1280/1373 5092/3092/3360
f 4253/2240/2410 4316/5178/5666 4317/5242/5736
f 331/302/328 328/301/327 329/351/385
f 6316/3377/3676 6306/3295/3592 6307/3294/3591
f 920/3376/3675 921/4430/4866 962/3374/3673
f 921/4430/4866 961/4429/4865 962/3374/3673
f 3612/3094/3362 3617/5243/5737 3616/5244/5738
f 3617/5243/5737 3615/5245/5739 3616/5244/5738
f 3616/5244/5738 3613/3095/3363 3612/3094/3362
f 4429/3096/3364 4428/5246/5740 4431/3097/3365
f 4075/1085/2200 4103/2725/5525 4096/2724/3369
f 5209/3104/3373 5208/5247/5741 5207/581/3374
f 2906/3107/3379 2904/4129/4534 2902/2081/2230
f 175/161/917 178/68/68 185/225/227
f 3482/3226/3510 3484/4646/5109 3483/4240/4646
f 3/3110/3382 2/5014/5498 10/1854/1993
f 4768/5248/5742 4770/5249/5743 4769/3118/3391
f 4770/5249/5743 4767/5250/5744 4769/3118/3391
f 4767/5250/5744 4766/3117/3390 4769/3118/3391
f 1588/3119/3392 1548/34/34 1565/33/33
f 1532/1372/1475 1524/1371/1474 1588/3119/3392
f 1524/1371/1474 1594/3860/4220 1588/3119/3392
f 484/2781/3038 485/319/347 493/506/539
f 4870/5251/5745 4871/4055/4446 4868/4054/4445
f 208/201/203 206/247/251 189/200/202
f 4574/1767/1900 4575/1768/1901 4578/2915/3172
f 5912/3256/3543 5911/2253/2423 5910/2542/2783
f 3405/2359/4814 3407/4135/5746 3404/4377/4815
f 1418/4887/5380 1412/3344/3642 1413/363/397
f 2360/4079/5747 2361/1482/3574 2327/1483/3573
f 1641/1769/1903 1644/1461/1902 1643/1463/1563
f 1250/1170/1232 1254/4937/5431 1256/1217/1277
f 275/211/309 278/215/313 274/240/335
f 278/215/313 269/242/336 274/240/335
f 3490/2442/2629 3495/4065/4456 3531/1906/3412
f 5105/3139/3414 5107/5252/3414 5108/3140/3414
f 2922/2094/2245 2921/2093/2244 2927/4710/5182
f 3412/5013/5748 3411/832/3434 3413/3879/4243
f 807/5253/5749 839/5254/5750 809/5255/5751
f 809/5255/5751 808/5256/5752 807/5253/5749
f 808/5256/5752 811/5257/5753 810/5258/5754
f 807/5253/5749 808/5256/5752 810/5258/5754
f 811/5257/5753 812/5259/5755 810/5258/5754
f 812/5259/5755 814/5260/5756 810/5258/5754
f 810/5258/5754 814/5260/5756 813/5261/5757
f 814/5260/5756 815/5262/5758 813/5261/5757
f 815/5262/5758 816/5263/5759 794/5264/5760
f 816/5263/5759 797/5265/5761 794/5264/5760
f 797/5265/5761 796/5266/5762 794/5264/5760
f 794/5264/5760 796/5266/5762 795/5267/5763
f 796/5266/5762 798/5268/5764 795/5267/5763
f 798/5268/5764 800/5269/5765 799/5270/5766
f 795/5267/5763 798/5268/5764 799/5270/5766
f 800/5269/5765 801/5271/5767 799/5270/5766
f 801/5271/5767 802/5272/5768 799/5270/5766
f 815/5262/5758 794/5264/5760 813/5261/5757
f 2487/3149/3422 2485/4798/5769 2486/654/3423
f 4194/5273/5770 4191/3378/3677 4193/1656/1774
f 5924/4401/4836 5921/3511/3821 5920/3510/3820
f 4715/3008/3268 4723/3001/3261 4705/2998/3258
f 1011/950/1004 1039/4229/4634 1038/3151/3425
f 136/185/187 36/4625/5089 37/3154/3428
f 2413/3155/3429 2416/3719/5771 2417/1777/1912
f 5798/3156/3430 5799/4703/5175 5790/1113/1172
f 5783/1112/1171 5796/4707/5179 5797/5274/5772
f 5797/5274/5772 5798/3156/3430 5783/1112/1171
f 3411/832/3434 3415/830/3433 3414/3880/4244
f 252/820/1736 301/3553/5284 255/588/621
f 3043/2072/2221 3047/4623/5087 3066/138/138
f 1542/2543/2785 1600/5275/5773 1566/3158/3435
f 1529/339/373 1534/2282/2454 1562/2042/2190
f 1762/1510/1612 1763/1074/1128 1774/3160/3437
f 531/568/601 525/562/595 529/3162/3439
f 1653/864/910 1615/863/909 1616/4811/5297
f 3575/2321/2496 3601/2426/2662 3556/2278/2664
f 1393/642/1330 1394/1235/1296 1364/1116/1321
f 1442/1175/1377 1482/1173/3847 1483/1282/1375
f 6157/3164/3441 6158/2134/2299 6163/2414/2596
f 3779/2496/2758 3749/550/2748 3745/2502/2763
f 2330/3106/3377 2363/1688/3376 2364/4914/5774
f 4518/717/758 4511/4038/4428 4515/3166/3442
f 4298/4602/5059 4300/700/741 4297/702/743
f 3778/2478/3443 3777/2880/5124 3720/50/50
f 5121/4674/5775 5120/5276/5776 5113/3168/3446
f 5120/5276/5776 5122/610/3444 5113/3168/3446
f 5122/610/3444 5119/3141/5777 5114/3167/3445
f 5119/3141/5777 5118/5277/5778 5114/3167/3445
f 5115/5278/5779 5121/4674/5775 5113/3168/3446
f 2459/3169/3447 2457/4798/5282 2458/654/695
f 5162/3171/3450 5161/973/5780 5160/3172/3451
f 6130/3174/3453 6129/3951/4322 6127/3175/3454
f 5337/3177/1811 5336/5279/1681 5335/3178/1812
f 1910/1165/2522 1909/98/98 1907/100/100
f 2783/1930/2068 2782/1929/2067 2781/1946/3460
f 4909/2356/2534 4923/5280/5781 4922/2357/2535
f 5554/3184/3461 5553/3284/3581 5552/3185/3462
f 4487/1472/1572 4485/1471/1571 4488/3189/3469
f 2181/5239/5733 2182/5004/5782 2180/5005/5732
f 2182/5004/5782 2184/1816/5577 2183/1817/5783
f 2184/1816/5577 2185/1815/5578 2183/1817/5783
f 2182/5004/5782 2183/1817/5783 2180/5005/5732
f 4511/4038/4428 4518/717/758 4519/3574/3892
f 5710/2652/2893 5752/2651/2892 5751/4869/5360
f 5751/4869/5360 5711/4417/4852 5710/2652/2893
f 1236/1148/1209 1221/278/1188 1321/1157/1218
f 6730/2173/3473 6729/2175/5784 6728/2174/3474
f 4317/5242/5736 4318/2089/2240 4253/2240/2410
f 48/84/84 49/4517/4960 21/1733/1866
f 600/3193/3476 633/727/768 636/726/767
f 1291/276/289 1253/275/288 1249/3197/3480
f 6006/3746/4088 6003/1338/1439 6004/1337/1438
f 6471/1215/1275 6487/1214/1274 6468/3198/3481
f 3307/5281/5785 3303/5282/5786 3305/3201/3484
f 3305/3201/3484 3303/5282/5786 3302/5283/5787
f 3302/5283/5787 3304/3202/3485 3305/3201/3484
f 3687/1782/1919 3678/1781/1918 3715/3208/3492
f 3715/3208/3492 3716/551/584 3687/1782/1919
f 678/3209/3493 677/4709/5181 697/874/923
f 3136/5284/5788 3135/5285/5789 3137/5286/5790
f 3138/5287/5791 3136/5284/5788 3137/5286/5790
f 3499/2278/2450 3597/2426/2611 3524/1981/2122
f 1443/1327/1428 1424/786/829 1423/1324/1425
f 1295/3214/3498 1296/1206/1266 1266/1202/1262
f 6680/3986/4357 6665/3972/4343 6679/2228/2397
f 4281/2822/3077 4280/2088/2239 4270/2209/2378
f 3607/4338/5792 3606/3420/4252 3504/2397/2579
f 3606/3420/4252 3505/2391/2573 3504/2397/2579
f 3504/2397/2579 3475/3218/3502 3607/4338/5792
f 3607/4338/5792 3475/3218/3502 3609/3220/3504
f 2916/3224/3508 2913/1789/1927 2911/1791/1929
f 5811/2856/3109 5813/3410/3712 5812/2857/3110
f 3523/2432/2617 3519/3417/3720 3482/3226/3510
f 3345/3538/3851 3347/1516/1618 3346/1835/1972
f 3347/1516/1618 3344/1515/1617 3346/1835/1972
f 541/2410/2592 540/2412/2594 539/487/520
f 2362/4823/5793 2363/1688/3376 2328/1484/3378
f 359/3089/3357 406/651/691 358/694/735
f 1550/3859/4219 1595/5288/5794 1549/32/32
f 1168/3228/3512 1167/5289/5795 1152/3229/3513
f 5724/4896/5387 5762/4898/5389 5760/3451/3757
f 325/368/402 343/3216/3500 350/3231/3515
f 329/351/385 325/368/402 352/2715/2956
f 351/3232/3516 352/2715/2956 325/368/402
f 1169/3233/3517 1170/4219/4622 1158/3234/3518
f 4498/4715/5189 4505/44/44 4501/46/46
f 5999/4014/4395 5990/2337/2513 5997/5290/5796
f 1404/4433/4870 1398/4794/5361 1399/633/3132
f 3339/2327/3519 3338/2329/5797 3337/2328/3520
f 2497/1097/1153 2498/3063/3326 2510/1098/1154
f 1051/5291/5798 1028/1255/1338 1009/3573/3891
f 4893/3235/3521 4889/5292/5799 4891/3236/3522
f 4891/3236/3522 4889/5292/5799 4890/5293/5800
f 1837/3238/3524 1836/4227/4631 1835/3239/3525
f 96/2333/2509 53/440/472 54/2754/3007
f 884/403/5801 878/405/5802 879/404/5803
f 1578/1387/1488 1541/1389/1490 1539/390/424
f 1258/641/679 1268/5294/5804 1270/1230/1290
f 1102/3243/3529 1092/1010/1064 1094/1006/1060
f 1784/1909/2046 1776/4923/5414 1777/1527/1628
f 5496/1352/5805 5498/3248/3535 5497/3247/3534
f 5498/3248/3535 5495/430/5806 5493/2795/3533
f 5495/430/5806 5494/5295/5807 5493/2795/3533
f 1021/1195/1255 1013/1932/2070 1014/1934/2072
f 568/847/894 573/849/896 576/3250/3537
f 1271/3210/3494 1261/1505/1607 1260/1231/1291
f 2425/3252/3539 2424/4187/4591 2426/3253/3540
f 5851/5296/5808 5836/5210/5699 5835/5211/5700
f 2839/1065/1624 2845/1523/1626 2844/1563/1668
f 4183/2812/3067 4175/1590/1696 4179/1055/1105
f 3145/5297/5809 3146/4285/5810 3143/4283/5811
f 3144/4284/5812 3143/4283/5811 3146/4285/5810
f 1816/3258/3545 1764/4170/4576 1786/3259/3546
f 5599/3261/3548 5598/3993/5813 5597/3262/3549
f 1230/1146/1207 1207/1050/1100 1205/1130/1191
f 1313/189/191 1309/191/193 1308/5298/5814
f 1640/3272/3561 1610/1380/1481 1611/737/778
f 5650/3274/3563 5660/3346/3644 5665/3275/3564
f 3744/1793/1931 3745/2502/2763 3749/550/2748
f 1948/4556/5004 1951/1176/1238 1950/1178/1240
f 4423/2482/3567 4433/2870/3125 4432/3278/3568
f 1169/3233/3517 1177/4223/5667 1175/3279/3569
f 5792/4644/5107 5786/1111/1170 5789/5299/5815
f 5786/1111/1170 5787/5300/5816 5788/5301/5817
f 5788/5301/5817 5789/5299/5815 5786/1111/1170
f 5789/5299/5815 5803/5302/5818 5792/4644/5107
f 1054/3281/3571 1053/5303/5819 1062/1739/1874
f 1053/5303/5819 1052/5304/5820 1062/1739/1874
f 312/221/290 279/219/321 321/613/821
f 103/4044/4434 100/118/118 143/3282/3572
f 1268/5294/5804 1258/641/679 1259/1218/1278
f 5544/523/3575 5543/5305/5821 5542/3283/3576
f 508/539/572 484/2781/3038 511/541/574
f 2205/939/3585 2206/940/5104 2208/402/434
f 5620/1431/1532 5618/4275/4688 5616/3290/3586
f 5588/1592/3587 5587/1524/3587 5586/1526/3587
f 5624/3291/3588 5623/5306/5822 5622/3292/3589
f 6279/3212/3496 6281/3211/3495 6307/3294/3591
f 4268/2823/3078 4266/3448/3754 4267/2824/3079
f 4266/3448/3754 4265/2820/3075 4267/2824/3079
f 4022/3301/3598 4021/5307/5823 4023/3299/3596
f 4023/3299/3596 4024/5308/5824 4025/5309/5825
f 4023/3299/3596 4025/5309/5825 4026/3300/3597
f 1553/4052/4443 1552/3242/3528 1539/390/424
f 936/896/947 941/5310/5826 931/897/948
f 941/5310/5826 943/3302/3599 931/897/948
f 943/3302/3599 944/5311/5827 934/902/953
f 944/5311/5827 935/903/954 934/902/953
f 1640/3272/3561 1639/5312/5828 1610/1380/1481
f 5995/5313/5829 5990/2337/2513 5993/2339/2515
f 2466/3245/3531 2452/4040/4430 2453/3306/3603
f 6226/3270/3559 6237/3269/3558 6233/4585/5038
f 3401/2235/2404 3396/2234/2403 3397/3307/3604
f 5322/3309/3606 5321/4137/4542 5329/3310/3607
f 4825/2145/2312 4824/2144/2311 4823/1335/1436
f 3890/2603/2844 3889/2605/2846 3859/2602/2843
f 271/200/284 296/198/282 295/202/286
f 272/254/359 271/200/284 295/202/286
f 107/2382/2562 71/157/157 69/3314/3611
f 5046/2843/3095 5047/5314/5830 5061/3315/3612
f 1654/3317/3614 1683/5315/5831 1682/3318/3615
f 3064/1139/1200 3063/1138/1199 3078/3323/3620
f 2407/788/3622 2411/790/1911 2412/789/1913
f 971/2247/2417 953/2246/2416 950/3327/3625
f 950/3327/3625 951/3898/4266 992/3326/3624
f 951/3898/4266 930/3899/4267 992/3326/3624
f 5827/1604/1725 5828/5316/5832 5829/3328/3626
f 6131/3330/3628 6132/3950/4321 6133/3331/3629
f 2855/5317/5833 2853/3196/4022 2856/3694/4024
f 5683/3313/3610 5688/4619/5083 5684/4530/4973
f 1758/879/930 1799/1953/2093 1759/48/48
f 6100/3085/3353 6108/5318/5834 6109/3337/3635
f 6464/3339/3637 6463/4372/4808 6462/3340/3638
f 624/4763/5243 630/698/739 627/446/478
f 6596/2428/2613 6595/2427/2612 6598/4637/5099
f 4916/5319/5835 4908/807/850 4917/5320/5836
f 4908/807/850 4906/806/849 4917/5320/5836
f 5652/3345/3643 5653/5321/5837 5665/3275/3564
f 2777/5322/5838 2776/3347/3645 2774/3349/3647
f 2547/1243/1311 2558/3352/3650 2566/4041/4431
f 2558/3352/3650 2559/1894/2031 2563/3350/3648
f 2565/3351/3649 2566/4041/4431 2558/3352/3650
f 2559/1894/2031 2562/1899/2036 2563/3350/3648
f 5696/5323/5839 5678/5087/5085 5697/5086/5571
f 5697/5086/5571 5698/870/916 5699/3354/3652
f 5698/870/916 5691/3355/3653 5699/3354/3652
f 5699/3354/3652 5696/5323/5839 5697/5086/5571
f 5695/3791/4150 5681/3790/4149 5700/3353/3651
f 5691/3355/3653 5695/3791/4150 5700/3353/3651
f 6802/4025/4413 6804/2372/4411 6803/2371/4410
f 5596/3356/3654 5594/5324/5840 5593/3357/3655
f 1212/1114/1174 1231/1104/1160 1228/1249/2755
f 5809/4906/5396 5811/2856/3109 5810/1360/1463
f 348/3419/3722 347/180/182 346/179/181
f 6084/3363/3662 6087/5207/5696 6081/3364/3663
f 421/385/419 420/379/413 428/3369/3668
f 913/4264/4674 920/3376/3675 912/3375/3674
f 1242/1103/1159 1243/76/76 1338/1095/1151
f 1025/348/382 1034/2311/2483 1006/791/834
f 4191/3378/3677 4177/3493/3802 4173/1357/1458
f 5975/5325/5841 5972/687/728 5976/4432/4868
f 4956/5326/5842 4955/5327/5843 4957/5328/5844
f 4957/5328/5844 4952/5329/5845 4956/5326/5842
f 4952/5329/5845 4944/5330/5846 4945/5331/5847
f 4953/5332/5848 4952/5329/5845 4945/5331/5847
f 4953/5332/5848 4956/5326/5842 4952/5329/5845
f 4944/5330/5846 4946/5333/5849 4945/5331/5847
f 93/3385/3684 94/4231/4636 101/3386/3685
f 5368/5334/5850 5367/5335/5851 5366/5336/5852
f 4505/44/44 4500/3146/3419 4496/45/45
f 2682/594/627 2681/593/626 2684/526/559
f 2681/593/626 2685/4037/4427 2684/526/559
f 6392/3387/3686 6364/5337/5853 6365/3388/3687
f 5837/3391/3690 5839/1247/1316 5840/3392/3691
f 1029/5020/5504 1028/1255/1338 1051/5291/5798
f 2234/5338/5854 2233/970/1056 2196/971/1055
f 5825/1605/1726 5832/4197/4601 5824/1606/1727
f 116/4352/4788 118/3425/3729 117/1021/1075
f 3558/2770/3027 3556/2278/2664 3557/2424/2661
f 1307/3398/3697 1313/189/191 1300/1162/1223
f 1300/1162/1223 1235/632/669 1307/3398/3697
f 3034/4622/5086 3033/3074/3337 3076/2475/2682
f 243/2196/5283 239/2198/5855 236/2197/4272
f 3018/3401/3701 3025/2868/3121 3019/3402/3702
f 6221/3406/3706 6222/1705/1836 6226/3270/3559
f 3366/2167/2334 3365/3418/3721 3364/1536/3708
f 2476/966/1020 2475/4521/4964 2469/3427/3733
f 885/2793/5856 879/404/5803 878/405/5802
f 6300/1497/1598 6301/826/874 6292/317/345
f 3280/2237/2407 3295/2777/3036 3292/5339/5857
f 1044/947/999 1008/1254/1337 1045/1679/1804
f 6561/410/442 6554/409/441 6551/3412/3714
f 715/5340/5858 714/5341/5859 698/3415/3717
f 714/5341/5859 726/5342/5860 698/3415/3717
f 698/3415/3717 694/5343/5861 693/4804/5290
f 685/666/707 684/5344/5862 682/667/708
f 684/5344/5862 683/3414/3716 682/667/708
f 683/3414/3716 715/5340/5858 698/3415/3717
f 698/3415/3717 693/4804/5290 682/667/708
f 6681/3991/4363 6671/3915/4286 6673/3989/4361
f 1903/821/3718 1904/4819/5863 1908/99/99
f 3479/4373/4809 3519/3417/3720 3518/2431/2616
f 4132/4609/5069 4130/4608/5068 4131/5345/5864
f 3376/3080/3345 3375/5346/5865 3365/3418/3721
f 372/267/269 373/266/268 347/180/182
f 3583/2392/2635 3584/5347/5866 3610/3420/3723
f 3180/833/1114 3179/4821/1114 3182/834/1114
f 3184/833/2443 3183/4821/2443 3186/834/2443
f 5845/3421/3725 5837/3391/3690 5838/3393/3692
f 124/97/97 117/1021/1075 118/3425/3729
f 3883/2635/2878 3848/2582/2823 3849/2583/2824
f 2689/2069/3730 2686/5348/5867 2687/3426/3731
f 6140/3793/4152 6062/5349/5868 6065/3794/4153
f 2774/3349/3647 2779/5123/5869 2777/5322/5838
f 2779/5123/5869 2778/5122/5870 2777/5322/5838
f 2262/840/887 2264/2101/4932 2263/838/885
f 5173/3430/3736 5177/5015/5871 5176/3428/3734
f 5177/5015/5871 5178/1857/5872 5176/3428/3734
f 5176/3428/3734 5175/5350/5873 5174/3429/3735
f 4034/1085/1139 4059/2725/2970 4060/2051/2784
f 1011/950/1004 1019/952/1006 1020/5351/5874
f 5886/3384/3683 5888/3143/3416 5887/3145/3418
f 3847/2606/2847 3889/2605/2846 3915/836/883
f 4203/2837/3089 4201/1880/2017 4202/1440/1541
f 4201/1880/2017 4197/2815/3070 4200/2817/3072
f 4715/3008/3268 4716/5352/5875 4717/5353/5876
f 4320/2149/2319 4230/2151/2321 4235/3435/3741
f 954/3437/3743 955/3998/4374 967/3438/3744
f 4328/361/395 4345/360/394 4331/3440/3746
f 4591/2926/3186 4590/4396/4831 4583/748/789
f 5043/3442/3748 5062/5354/5877 5048/3443/3749
f 1485/279/294 1385/278/293 1486/1157/1335
f 2548/1888/2025 2549/3447/3753 2559/1894/2031
f 4266/3448/3754 4271/4601/5055 4269/3449/3755
f 419/381/415 430/490/523 441/4153/4558
f 430/490/523 448/492/525 441/4153/4558
f 6339/4854/5338 6336/2971/4941 6337/5355/5878
f 157/3535/3848 156/5356/5879 137/85/85
f 156/5356/5879 155/2846/3098 137/85/85
f 1447/4560/5008 1441/3561/3879 1446/4871/5880
f 4832/3457/3763 4831/5357/5881 4834/3458/3764
f 2484/3460/3766 2483/3700/4030 2482/152/152
f 901/1814/1950 903/5358/5882 902/3461/3767
f 4705/2998/3258 4706/3000/3260 4704/3462/3768
f 887/442/3769 881/444/5883 880/443/3770
f 1906/8/8 1903/821/3718 1909/98/98
f 2253/817/3772 2249/683/1853 2238/2367/2547
f 2238/2367/2547 2247/2369/2549 2244/4612/5072
f 410/5048/5535 332/4003/4382 412/3952/4323
f 5663/5359/5884 5651/3276/3565 5661/5360/5885
f 5662/5361/5886 5663/5359/5884 5661/5360/5885
f 5651/3276/3565 5665/3275/3564 5664/5362/5887
f 5664/5362/5887 5661/5360/5885 5651/3276/3565
f 4905/805/848 4904/3851/4211 4903/3472/3781
f 6120/3474/3783 6115/3512/3822 6112/3475/3784
f 2653/1065/1119 2654/1064/1118 2657/1563/3346
f 3785/367/4772 3784/2523/4508 3758/3479/3789
f 3784/2523/4508 3734/462/494 3758/3479/3789
f 4597/2925/3185 4598/2782/3039 4604/2924/3184
f 1564/3483/3793 1567/3159/5888 1566/3484/3435
f 6640/2407/2589 6641/2409/2591 6638/4360/4797
f 4191/3378/3677 4194/5273/5770 4195/3492/3801
f 4648/5018/5501 4647/5017/5500 4649/2951/3211
f 4647/5017/5500 4646/5363/5889 4649/2951/3211
f 4646/5363/5889 4651/3494/3803 4649/2951/3211
f 6118/2349/2527 6112/3475/3784 6114/5364/5890
f 2614/3495/3804 2613/1578/5891 2612/3496/3805
f 2395/2674/3807 2394/2676/3982 2393/2675/3808
f 1263/3498/3809 1273/1227/1287 1285/3499/3810
f 1627/3500/3811 1628/4810/5296 1652/3501/1465
f 2126/4151/4556 2129/4150/4555 2128/3908/5892
f 3639/1400/4447 3641/1402/2725 3647/1401/3903
f 1448/4629/5093 1436/787/830 1445/1336/1437
f 6200/3504/3814 6188/5365/5893 6187/3505/3815
f 6208/3507/3817 6201/4471/4909 6202/3508/3818
f 1655/2733/1574 1647/5366/5894 1690/5367/5895
f 4816/3457/5896 4811/269/275 4815/268/274
f 1854/5368/5897 1853/1274/1367 1864/1276/1369
f 557/565/598 525/562/595 531/568/601
f 5698/870/916 5697/5086/5571 5701/868/914
f 111/142/142 81/141/141 83/136/136
f 1621/437/469 1630/418/450 1629/420/452
f 3967/2692/2933 3968/1375/1478 3965/2627/2868
f 646/3522/3832 604/4160/4565 638/3523/3833
f 1935/3077/3341 1925/3076/3340 1937/4708/5898
f 6102/427/459 6094/3487/3796 6095/3486/3795
f 1073/986/1038 1081/988/1040 1080/3528/3840
f 3711/4134/5899 3712/4714/5188 3676/2379/2559
f 3676/2379/2559 3677/1298/1395 3711/4134/5899
f 5706/5369/5900 5705/5370/5901 5693/3529/3841
f 5705/5370/5901 5692/3530/3842 5693/3529/3841
f 5692/3530/3842 5694/5371/5902 5695/3791/4150
f 5695/3791/4150 5691/3355/3653 5692/3530/3842
f 1523/3632/5903 1522/2187/2356 1514/1847/2355
f 1312/3532/3844 1236/1148/1209 1311/1156/1217
f 56/57/57 130/54/54 123/2952/3212
f 130/54/54 157/3535/3848 123/2952/3212
f 1231/1104/1160 1246/1102/1158 1244/643/681
f 1320/279/3472 1221/278/1188 1319/280/1173
f 1221/278/1188 1222/1115/1175 1319/280/1173
f 3345/3538/3851 3354/5372/5904 3356/3539/3852
f 1080/3528/3840 1101/3734/4070 1093/1008/1062
f 1263/3498/3809 1272/2997/3257 1261/1505/1607
f 1839/3543/3856 1837/3238/3524 1838/3240/3526
f 4725/3545/3858 4721/3792/4151 4704/3462/3768
f 2644/3546/3859 2643/5373/5905 2646/3547/3860
f 2194/659/700 2231/658/699 2230/4351/5358
f 1267/1201/1261 1265/1200/1260 1266/1202/1262
f 4375/3550/3863 4374/5374/5906 4373/1133/3864
f 3497/2418/2600 3496/5375/5907 3498/4342/4771
f 4572/2914/3171 4588/2271/2441 4580/2920/3177
f 3500/2424/2609 3499/2278/2450 3501/5098/5584
f 875/813/856 876/299/325 874/814/857
f 2028/3554/3870 2025/3049/3309 2024/3048/3308
f 3731/112/3875 3732/114/2780 3725/113/2771
f 168/197/199 207/207/209 208/201/203
f 208/201/203 207/207/209 206/247/251
f 1841/3559/3876 1839/3543/3856 1840/3544/3857
f 5416/5376/5908 5415/5377/5909 5414/5378/5910
f 5412/5379/5911 5414/5378/5910 5413/5380/5912
f 5416/5376/5908 5414/5378/5910 5412/5379/5911
f 6299/4142/4547 6296/4141/4546 6303/4641/5103
f 6344/3560/3877 6346/5381/5913 6347/324/356
f 6324/4610/5070 6323/2215/2384 6315/2214/2383
f 6279/3212/3496 6306/3295/3592 6315/2214/2383
f 6288/3872/4236 6279/3212/3496 6278/315/343
f 6278/315/343 6279/3212/3496 6277/1653/1771
f 6292/317/345 6294/827/875 6288/3872/4236
f 6278/315/343 6292/317/345 6288/3872/4236
f 1261/1505/1607 1279/1220/1280 1260/1231/1291
f 2567/5382/5914 2506/1096/1152 2510/1098/1154
f 3852/2588/2829 3853/2584/2825 3848/2582/2823
f 3848/2582/2823 3883/2635/2878 3852/2588/2829
f 4691/2963/3223 4671/1422/1526 4672/2967/3227
f 1437/1140/1201 1425/1284/1378 1426/785/828
f 4239/2772/3031 4292/2239/2409 4294/3866/4230
f 4562/3567/3883 4561/2906/3165 4560/1394/1495
f 196/1615/1737 195/215/217 187/3568/3884
f 195/215/217 186/242/246 187/3568/3884
f 6332/1741/1876 6331/1287/1381 6323/2215/2384
f 4012/5383/5915 4013/5384/5916 4014/5385/5917
f 4015/3569/3885 4010/5386/5918 4009/3570/3886
f 4014/5385/5917 4011/3571/3887 4012/5383/5915
f 4014/5385/5917 4015/3569/3885 4011/3571/3887
f 1465/1273/1364 1467/1911/2049 1471/3398/3888
f 1471/3398/3888 1405/3397/4869 1400/3572/3889
f 1264/921/972 1266/1202/1262 1265/1200/1260
f 1028/1255/1338 1048/948/1000 1018/915/966
f 2265/2751/3016 2260/2752/3015 2256/2675/2916
f 638/3523/3833 608/4552/4998 609/3577/3895
f 2947/3580/3898 2951/5387/5919 2950/3578/3896
f 3726/2540/2779 3767/2505/2773 3725/113/2771
f 1059/3581/3899 1055/5388/5920 1061/1738/1873
f 2385/1030/5023 2377/620/657 2355/619/656
f 2342/648/688 2350/1321/1421 2334/576/609
f 2385/1030/5023 2342/648/688 2334/576/609
f 2385/1030/5023 2355/619/656 2342/648/688
f 1699/1409/1587 1700/1385/1486 1696/1410/1588
f 4517/2206/2375 4511/4038/4428 4510/3582/3900
f 5848/3148/3421 5849/3405/3705 5850/3585/3904
f 3278/3705/4035 3289/5389/5921 3286/4314/4732
f 663/3588/3909 667/672/713 669/1776/1910
f 6422/5390/5922 6421/5391/5923 6424/3754/4101
f 6421/5391/5923 6437/3755/4102 6424/3754/4101
f 5425/3589/3910 5424/5392/5924 5423/3590/3911
f 1190/7/3913 1191/9/2077 1184/8/3914
f 6442/3596/3919 6443/3762/4109 6408/3597/3920
f 2813/2050/2198 2832/5393/5925 2812/2049/2197
f 2843/1594/3925 2846/1522/1625 2840/1063/2726
f 1403/2704/4165 1406/5394/5926 1491/4336/4761
f 2222/4079/4479 2221/1702/1833 2190/1483/1582
f 4603/357/391 4605/359/393 4602/1435/1536
f 3773/2531/2767 3775/2526/2759 3756/2499/2762
f 1496/1329/2608 1497/1330/5610 1502/1179/1389
f 6362/3604/3928 6360/5395/5927 6361/3605/3929
f 2007/3607/3931 2008/4369/4804 2023/1610/3932
f 6757/4015/4397 6760/239/242 6759/217/241
f 2904/4129/4534 2895/2077/2226 2896/2082/2231
f 1615/863/909 1609/4309/4725 1679/3631/3957
f 1679/3631/3957 1634/3958/4329 1648/773/815
f 1114/5396/5928 1110/1672/1793 1117/3648/3972
f 1110/1672/1793 1104/2104/2260 1117/3648/3972
f 1104/2104/2260 1115/5397/5929 1116/3647/3971
f 2705/3653/3977 2702/1967/2107 2703/1968/2108
f 3567/1680/3979 3550/1682/5589 3547/2316/2490
f 2397/2752/3005 2393/2675/3808 2394/2676/3982
f 4176/337/371 4177/3493/3802 4195/3492/3801
f 6183/690/731 6192/4113/4515 6198/3658/3985
f 6212/3662/3989 6218/3531/3843 6211/1703/1834
f 3088/5204/5930 3086/5203/5931 3087/5205/5932
f 3085/5206/5933 3087/5205/5932 3086/5203/5931
f 4066/2714/2955 4048/2266/2436 4060/2051/2784
f 6664/3977/4348 6669/3776/4127 6668/2226/2395
f 5861/5398/5934 5870/991/1043 5860/990/1042
f 4214/2841/3093 4215/1878/2015 4206/1903/2040
f 5876/4111/4513 5873/4312/4728 5875/4110/4512
f 3907/2612/2853 3872/2616/2857 3880/2611/2852
f 5468/4505/4943 5470/3265/3552 5476/5399/5935
f 669/1776/1910 667/672/713 674/671/712
f 1216/1299/4006 1204/1124/1184 1205/1130/1191
f 3955/1374/1477 3954/4368/4803 3956/3679/4008
f 140/1896/2033 138/5400/5936 139/3682/4011
f 745/1763/1122 748/1762/1121 744/3684/4013
f 1731/1504/1606 1739/5401/5937 1737/2761/3014
f 4127/2529/1651 4128/2528/1650 4134/5402/5938
f 6300/1497/1598 6293/316/344 6298/3688/4017
f 2196/971/1055 2235/3267/3890 2234/5338/5854
f 6000/3690/4019 6006/3746/4088 6011/3691/4020
f 1545/1598/1719 1544/1424/1528 1599/4944/5436
f 3956/3679/4008 3958/844/891 3957/846/893
f 4834/3458/3764 4822/1334/1435 4835/1333/1434
f 3968/1375/1478 3955/1374/1477 3957/846/893
f 3968/1375/1478 3957/846/893 3965/2627/2868
f 1622/1696/1823 1629/420/452 1631/2402/2584
f 3345/3538/3851 3355/5403/5939 3354/5372/5904
f 5382/4979/5461 5384/5404/5940 5383/4980/5462
f 51/2406/2588 47/2405/2587 62/3217/3501
f 2396/839/1967 2393/2675/3808 2401/838/2253
f 2366/5405/5941 2367/3723/4078 2329/3738/4080
f 4798/3696/4026 4790/3774/4125 4792/3697/4027
f 1244/643/681 1246/1102/1158 1247/1099/1155
f 6244/1918/2056 6245/3602/3926 6252/508/541
f 6269/244/248 6270/246/250 6271/3699/4029
f 6269/244/248 6268/3126/3399 6266/245/249
f 2486/654/3423 2485/4798/5769 2483/3700/4030
f 3042/3701/4031 3059/5125/5614 3050/2476/2683
f 3272/3702/4032 3285/5406/5942 3284/3703/4033
f 3091/5062/5943 3092/5061/5944 3090/5064/5945
f 3090/5064/5945 3089/5063/5946 3091/5062/5943
f 6278/315/343 6277/1653/1771 6276/712/753
f 3275/2291/2463 3274/3707/4037 3278/3705/4035
f 3861/194/196 3864/193/195 3863/2851/3104
f 3281/2236/2406 3279/2238/2408 3274/3707/4037
f 6180/3506/3816 6191/4522/4965 6179/3708/4038
f 6311/5407/5947 6285/713/754 6276/712/753
f 6359/324/4039 6354/326/4074 6355/325/4040
f 2331/659/4079 2367/3723/4078 2368/4351/4787
f 2768/1929/4042 2771/4233/4805 2770/1928/4043
f 1129/145/5948 1128/1057/1107 1135/4071/4465
f 6244/1918/2056 6241/1917/2055 6246/3711/4045
f 1646/2852/3105 1682/3318/3615 1681/5408/5949
f 581/3713/4048 541/2410/2592 538/489/522
f 2827/2059/2208 2815/2058/2207 2828/3715/4050
f 6677/3777/4128 6671/3915/4286 6674/5409/5950
f 6357/3743/4085 6353/3560/4073 6358/5410/5951
f 1703/3155/4053 1701/790/833 1704/3718/4054
f 2253/817/3772 2241/1029/1080 2240/1031/1082
f 6356/3709/4041 6355/325/4040 6357/3743/4085
f 4241/2486/2699 4245/1291/1385 4243/1290/1384
f 5616/3290/3586 5618/4275/4688 5617/5411/5952
f 2928/3725/4061 2917/4756/5232 2918/394/426
f 2035/3727/4063 2042/1772/1908 2034/3728/4064
f 6288/3872/4236 6294/827/875 6295/2096/2248
f 699/3731/4067 666/5412/5953 663/3588/3909
f 666/5412/5953 665/673/714 667/672/713
f 663/3588/3909 666/5412/5953 667/672/713
f 663/3588/3909 661/4724/5199 659/3730/4066
f 661/4724/5199 660/5413/5954 659/3730/4066
f 659/3730/4066 727/5414/5955 712/5415/5956
f 712/5415/5956 711/5416/5957 659/3730/4066
f 711/5416/5957 699/3731/4067 659/3730/4066
f 5254/5417/5958 5253/5418/5959 5252/5419/5960
f 5253/5418/5959 5255/5420/5961 5252/5419/5960
f 4097/2051/2199 4078/14/14 4079/13/13
f 2542/1884/2021 2541/4143/4548 2540/3732/4068
f 1094/1006/1060 1093/1008/1062 1101/3734/4070
f 6245/3602/3926 6246/3711/4045 6247/3710/4044
f 6359/324/4039 6358/5410/5951 6353/3560/4073
f 6346/5381/5913 6344/3560/3877 6341/3712/4047
f 2352/591/4075 2354/938/990 2325/590/1400
f 738/1630/900 739/1629/899 741/3737/4077
f 3745/2502/2763 3744/1793/1931 3746/1595/2765
f 6355/325/4040 6354/326/4074 6353/3560/4073
f 6014/110/110 6019/109/109 6015/1644/1761
f 773/3744/4086 772/4969/5450 780/1665/1785
f 6000/3690/4019 6008/5021/5505 6003/1338/1439
f 3973/2697/2938 3964/2628/2869 3963/374/408
f 3640/1792/2357 3661/1793/2715 3662/1127/1424
f 6310/3748/4090 6311/5407/5947 6276/712/753
f 1393/642/1330 1479/644/1165 1409/643/4091
f 3272/3702/4032 3273/3704/4034 3274/3707/4037
f 586/5421/5962 587/5051/5539 567/3163/3440
f 529/3162/3439 561/5053/5541 586/5421/5962
f 567/3163/3440 529/3162/3439 586/5421/5962
f 2280/5092/5963 2310/5200/5964 2281/2261/4376
f 2310/5200/5964 2308/1749/1884 2311/2884/4092
f 2310/5200/5964 2311/2884/4092 2281/2261/4376
f 2648/3752/4097 2652/5422/5965 2650/1752/4098
f 55/2755/3008 53/440/472 58/439/471
f 1754/5108/5594 1756/4922/5413 1749/1261/1347
f 5505/3247/4122 5504/2795/5966 5503/3773/4123
f 6012/5423/5967 6003/1338/1439 6013/5424/5968
f 6003/1338/1439 6008/5021/5505 6002/5425/5969
f 6013/5424/5968 6003/1338/1439 6002/5425/5969
f 1561/1481/1580 1529/339/373 1535/338/372
f 3761/1781/2446 3771/1782/4132 3799/3208/4133
f 3799/3208/4133 3797/2275/2447 3761/1781/2446
f 6164/1257/1343 6171/3424/3728 6155/3423/3727
f 264/1343/4476 258/223/322 311/2505/4134
f 2193/1687/1814 2227/3834/4194 2226/4914/5404
f 1025/348/382 1033/3446/3752 1034/2311/2483
f 6460/3782/4137 6461/5426/5970 6477/3783/4138
f 3548/2315/2489 3549/2317/2491 3582/1906/2043
f 6390/3786/4141 6389/5427/5971 6388/3771/4142
f 2936/2742/2988 2935/5169/5656 2937/2069/4144
f 1205/1130/1191 1219/1129/1190 1230/1146/1207
f 6724/1142/1203 6719/329/363 6723/331/365
f 5677/2307/2481 5682/2306/2480 5681/3790/4149
f 2209/1779/1915 2210/1778/1914 2186/4440/4878
f 4721/3792/4151 4718/1951/2091 4703/1950/2090
f 4058/2724/2969 4057/2730/5125 4065/5167/5972
f 4065/5167/5972 4059/2725/2970 4058/2724/2969
f 2017/3799/4158 2019/761/802 2018/3800/4159
f 4503/2436/2621 4506/105/105 4507/1260/1346
f 1668/1463/1500 1667/1462/1500 1669/3802/1501
f 1667/1462/1500 1677/1492/1593 1669/3802/1501
f 489/3803/4161 490/529/562 488/517/550
f 142/120/120 88/119/119 99/3806/4164
f 88/119/119 92/166/168 99/3806/4164
f 1389/1222/3179 1406/5394/5926 1403/2704/4165
f 2631/3807/4166 2630/5428/5973 2629/3808/4167
f 891/3810/4169 893/4000/4379 892/3811/4170
f 3569/2471/4171 3552/1907/2044 3551/3812/4172
f 6265/3657/3984 6264/3716/4051 6258/507/540
f 5648/3814/4174 5650/3274/3563 5651/3276/3565
f 2152/4851/5974 2153/4849/5975 2151/4850/5976
f 2153/4849/5975 2155/968/5577 2154/969/5977
f 2155/968/5577 2156/967/5578 2154/969/5977
f 2153/4849/5975 2154/969/5977 2151/4850/5976
f 5981/5142/5632 5979/3819/4179 5977/3818/4178
f 4242/2561/2800 4261/2756/3009 4260/3820/4180
f 1108/3821/4181 1111/1673/1794 1110/1672/1793
f 2329/3738/4080 2365/4058/4450 2366/5405/5941
f 4804/5429/5978 4805/1581/1686 4803/3829/4189
f 4805/1581/1686 4801/1580/1685 4800/3828/4188
f 4802/5430/5979 4803/3829/4189 4800/3828/4188
f 1681/5408/5949 1630/418/450 1646/2852/3105
f 2422/5431/5980 2417/1777/1912 2421/5432/5981
f 1509/4875/5367 1443/1327/1428 1449/1351/1452
f 2974/2125/2285 2975/2124/2284 2973/2122/2282
f 5433/3830/4190 5432/4255/4664 5431/3831/4191
f 6149/3835/4195 6147/5433/5982 6148/3836/4196
f 4904/3851/4211 4925/5434/5983 4924/3852/4212
f 3930/725/766 3929/724/765 3962/375/409
f 2804/3856/4216 2803/5435/5984 2802/1657/5985
f 2802/1657/5985 2826/2045/2193 2804/3856/4216
f 2192/3724/4060 2229/3723/4059 2228/3833/4193
f 363/3088/3356 416/3625/3950 406/651/691
f 1524/1371/1474 1530/3863/4226 1594/3860/4220
f 1530/3863/4226 1563/3485/3794 1594/3860/4220
f 3681/2521/4877 3652/462/2691 3675/3479/4221
f 3652/462/2691 3698/2523/2750 3675/3479/4221
f 1392/1249/1318 1396/1104/1310 1378/1114/1304
f 5823/5436/5986 5819/1369/1472 5818/3992/4364
f 4877/5437/5987 4879/5438/5987 4878/5439/5987
f 6713/2538/4223 6712/4017/4399 6711/3862/4224
f 1533/2544/4228 1543/3159/3436 1564/3483/3793
f 1564/3483/3793 1563/3485/3794 1533/2544/4228
f 1563/3485/3794 1530/3863/4226 1533/2544/4228
f 4302/3865/4229 4239/2772/3031 4294/3866/4230
f 4537/1829/1965 4530/1091/1147 4536/2910/3169
f 470/4852/5336 452/416/448 463/475/507
f 4694/3869/4233 4689/5440/5988 4688/2086/2237
f 2327/1483/3573 2359/4154/4559 2360/4079/5747
f 2140/4879/5671 2141/5441/5989 2139/5181/5672
f 2141/5441/5989 2143/4046/5990 2142/4047/5991
f 2143/4046/5990 2144/4045/5992 2142/4047/5991
f 2141/5441/5989 2142/4047/5991 2139/5181/5672
f 5578/4315/4734 5577/1524/4733 5581/5442/5993
f 5577/1524/4733 5576/1592/4245 5569/3882/4247
f 5581/5442/5993 5577/1524/4733 5569/3882/4247
f 5576/1592/4245 5579/4321/4740 5580/5443/5994
f 5576/1592/4245 5580/5443/5994 5570/3881/4246
f 6234/3883/4248 6236/4494/4929 6229/3594/3917
f 3033/3074/3337 3052/3073/3336 3050/2476/2683
f 2342/648/688 2341/940/992 2340/939/991
f 4677/2978/3238 4688/2086/2237 4675/2288/2460
f 746/3884/4249 747/5444/5995 760/3048/4250
f 2735/5445/5996 2734/1995/2137 2733/5446/5997
f 3606/3420/4252 3537/5347/5998 3536/2392/2574
f 5713/5447/5999 5712/2650/2891 5707/4721/5196
f 5712/2650/2891 5708/4516/4959 5707/4721/5196
f 474/3886/4253 472/415/447 473/1625/1747
f 3668/1322/1422 3702/1277/4384 3701/277/4254
f 5877/3491/3800 5875/4110/4512 5874/3489/3798
f 4847/3888/4256 4848/5448/6000 4849/3889/4257
f 4846/3887/4255 4845/5449/6001 4847/3888/4256
f 4973/3113/3385 4981/3133/5066 4980/3111/3383
f 5749/3892/4260 5748/5450/6002 5768/3890/4258
f 5768/3890/4258 5735/5451/6003 5772/3891/4259
f 6489/3779/4130 6482/4626/5090 6484/3893/4261
f 2372/5338/6004 2373/3267/3556 2333/971/1025
f 3755/2504/2769 3756/2499/2762 3754/2503/2764
f 5486/2960/3220 5491/1553/1658 5482/3897/4265
f 5491/1553/1658 5478/3895/4263 5482/3897/4265
f 74/160/160 72/158/158 98/165/167
f 5331/1/1 5340/3/3 5333/1239/1303
f 951/3898/4266 952/2245/2415 929/291/315
f 5960/3556/3872 5962/4688/5153 5961/3557/3873
f 1927/3900/4268 1931/932/984 1932/934/986
f 2062/1622/1744 2045/1624/1746 2046/3901/4269
f 3529/2243/2605 3525/2422/2604 3602/3902/4270
f 236/2197/4272 239/2198/5855 237/3903/4273
f 4625/4978/5460 4626/5452/6005 4627/5117/5605
f 2333/971/1025 2371/970/1024 2372/5338/6004
f 4280/2088/2239 4214/2841/3093 4189/2801/3056
f 198/213/215 201/204/206 194/211/213
f 6263/3905/4276 6256/4843/5327 6255/3906/4277
f 4404/5453/6006 4407/5172/5660 4405/3909/4280
f 4407/5172/5660 4406/5171/5659 4405/3909/4280
f 4409/3910/4281 4411/5170/5658 4413/5454/6007
f 4409/3910/4281 4413/5454/6007 4408/5455/6008
f 4409/3910/4281 4408/5455/6008 4410/3911/4282
f 4410/3911/4282 4404/5453/6006 4405/3909/4280
f 6317/4713/5186 6307/3294/3591 6319/5456/6009
f 6319/5456/6009 6307/3294/3591 6312/3914/4285
f 6307/3294/3591 6281/3211/3495 6308/3913/4284
f 6308/3913/4284 6281/3211/3495 6309/5457/6010
f 6281/3211/3495 6282/3873/4237 6284/5458/6011
f 6282/3873/4237 6296/4141/4546 6290/5459/6012
f 6296/4141/4546 6297/4140/4545 6290/5459/6012
f 6327/4941/5433 6326/4210/4612 6328/5460/6013
f 6326/4210/4612 6317/4713/5186 6328/5460/6013
f 6282/3873/4237 6290/5459/6012 6289/5461/6014
f 6282/3873/4237 6289/5461/6014 6284/5458/6011
f 6318/5462/6015 6328/5460/6013 6317/4713/5186
f 6319/5456/6009 6318/5462/6015 6317/4713/5186
f 6281/3211/3495 6284/5458/6011 6283/5463/6016
f 6283/5463/6016 6309/5457/6010 6281/3211/3495
f 6344/3560/3877 6343/326/358 6342/325/357
f 6007/5022/5506 6000/3690/4019 6001/3692/4021
f 1635/5464/6017 1680/5465/6018 1634/3958/4329
f 1184/8/3914 1183/821/868 1180/3592/3915
f 5910/2542/2783 5906/2541/2782 5907/3477/3786
f 1451/154/154 1450/4904/5393 1444/155/155
f 1946/3917/4288 1947/4101/4500 1941/3918/4289
f 3099/5466/6019 3097/5467/6019 3098/5468/6019
f 200/1599/2364 199/241/245 192/240/244
f 3050/2476/2683 3076/2475/2682 3033/3074/3337
f 6096/3086/3354 6102/427/459 6098/429/461
f 5205/3924/4295 5204/4594/5048 5203/2881/4296
f 3421/4438/6020 3429/4437/6021 3419/4439/6022
f 3429/4437/6021 3420/5469/6023 3419/4439/6022
f 923/2092/2243 919/2091/2242 925/3925/4298
f 5417/5470/6024 5419/5471/6024 5418/5472/6024
f 2588/3927/4300 2587/5473/6025 2586/3928/4301
f 902/3461/3767 903/5358/5882 897/3930/4303
f 6778/2537/2776 6782/4032/4420 6781/5150/5646
f 1594/3860/4220 1550/3859/4219 1548/34/34
f 4291/5474/6026 4282/3935/4309 4283/2797/3054
f 4282/3935/4309 4225/5475/6027 4218/2798/3055
f 4225/5475/6027 4224/5476/6028 4218/2798/3055
f 5898/5477/6029 5899/4299/4715 5895/2298/2471
f 1726/1509/1611 1729/1508/1610 1727/3936/4310
f 6721/3937/4311 6720/330/364 6719/329/363
f 831/3945/4318 841/5478/6030 840/5479/6031
f 840/5479/6031 791/3943/4316 831/3945/4318
f 791/3943/4316 787/4256/4665 832/3944/4317
f 787/4256/4665 834/5480/6032 832/3944/4317
f 832/3944/4317 834/5480/6032 833/5481/6033
f 4069/2702/2994 4068/252/2977 4067/2731/2973
f 1206/1131/1192 1205/1130/1191 1207/1050/1100
f 3484/4646/5109 3519/3417/3720 3479/4373/4809
f 3485/2463/5160 3520/2400/2582 3487/2373/2553
f 6132/3950/4321 6131/3330/3628 6129/3951/4322
f 412/3952/4323 332/4003/4382 356/3953/4324
f 5966/1447/1548 5967/3956/4327 5970/1448/1549
f 1679/3631/3957 1678/4308/4308 1633/3957/4328
f 114/3959/4330 97/1897/2034 139/3682/4011
f 6619/3960/4331 6618/5482/6034 6615/2268/2438
f 50/60/60 57/3963/4334 148/3962/4333
f 147/3961/4332 57/3963/4334 149/5483/6035
f 57/3963/4334 60/5484/6036 149/5483/6035
f 5858/1189/1251 5854/1191/1253 5855/3964/4335
f 3079/3968/4339 3078/3323/3620 3053/1438/1539
f 5063/3969/4340 5054/5485/6037 5071/3970/4341
f 188/220/222 187/3568/3884 185/225/227
f 185/225/227 177/224/226 176/223/225
f 4542/1502/1603 4541/808/851 4546/810/853
f 6374/3974/4345 6373/5486/6038 6372/3975/4346
f 3061/140/140 3067/139/139 3083/3434/3740
f 4251/2193/2361 4253/2240/2410 4252/2241/2411
f 6710/5487/6039 6707/4005/4385 6709/239/4386
f 1660/1381/1482 1626/1453/1554 1625/1379/1480
f 3878/2637/2880 3850/2636/2879 3845/2581/2822
f 1618/775/817 1675/4332/4757 1616/4811/5297
f 5817/1368/1471 5808/5488/1462 5818/3992/4364
f 3776/552/2749 3791/2495/2757 3790/956/2967
f 6063/5489/6040 6062/5349/5868 6140/3793/4152
f 6140/3793/4152 6064/5490/6041 6063/5489/6040
f 1443/1327/1428 1445/1336/1437 1424/786/829
f 3661/1793/2715 3665/2500/2714 3666/550/583
f 5603/3993/4365 5602/4870/6042 5601/1158/4366
f 6350/3994/4368 6349/4081/4481 6348/2971/3231
f 3833/2578/2819 3831/2562/2801 3842/2567/2806
f 3842/2567/2806 3834/2571/2810 3833/2578/2819
f 6118/2349/2527 6114/5364/5890 6113/3995/4369
f 4713/2991/3251 4716/5352/5875 4715/3008/3268
f 5559/1020/4370 5558/1019/6043 5557/3996/4371
f 6671/3915/4286 6672/3990/4362 6674/5409/5950
f 314/236/355 263/237/352 308/1253/1797
f 1188/1165/1226 1187/98/869 1192/1939/2078
f 1794/5491/6044 1791/2074/2223 1796/5492/6045
f 1793/5493/6046 1791/2074/2223 1792/2076/2225
f 1793/5493/6046 1796/5492/6045 1791/2074/2223
f 1796/5492/6045 1795/5494/6047 1794/5491/6044
f 955/3998/4374 956/4089/4491 968/3999/4375
f 6184/3659/3986 6191/4522/4965 6185/691/732
f 6191/4522/4965 6180/3506/3816 6185/691/732
f 6180/3506/3816 6187/3505/3815 6186/2320/2494
f 4719/2993/3253 4720/2992/3252 4700/2986/3246
f 4642/2230/2399 4650/5016/5499 4648/5018/5501
f 3448/5223/5711 3457/295/319 3461/5495/6048
f 3457/295/319 3460/1399/1502 3461/5495/6048
f 2302/2259/4378 2280/5092/5963 2281/2261/4376
f 2305/5094/1021 2304/5093/1022 2303/2260/4377
f 2304/5093/1022 2302/2259/4378 2303/2260/4377
f 367/4001/4380 366/2613/2854 404/804/847
f 337/4002/4381 335/4535/4979 332/4003/4382
f 6222/1705/1836 6220/1704/1835 6230/3268/3557
f 6605/167/169 6608/169/171 6607/3877/4241
f 3850/2636/2879 3885/2629/2870 3884/2632/2875
f 3995/2512/2731 3970/2670/2911 3969/2672/2913
f 3994/2570/2809 3993/2513/2732 3923/732/773
f 6743/121/121 6744/769/6049 6742/122/122
f 454/503/536 458/502/535 460/5496/6050
f 6776/216/5128 6774/4034/4423 6777/5487/6051
f 6717/4009/4390 6718/4028/6052 6703/4010/4391
f 4901/4011/4392 4899/5497/6053 4900/5498/6054
f 4898/4013/4394 4899/5497/6053 4901/4011/4392
f 1440/343/3131 1442/1175/1377 1400/3572/3889
f 6712/4017/4399 6716/4326/4747 6715/4018/4400
f 77/4019/4401 78/1285/1379 80/1589/1694
f 3023/2866/3119 3017/3403/3703 3020/4020/4402
f 6805/2457/4409 6806/4272/4682 6803/2371/4410
f 603/999/1051 602/4855/5339 601/1047/1097
f 6817/575/5633 6808/3942/4315 6816/661/2670
f 341/178/180 329/351/385 353/2716/2957
f 2354/938/990 2345/1778/4650 2356/4244/4651
f 5301/1208/1268 5310/5499/6055 5311/1196/1256
f 1954/2018/2166 1921/2376/2556 1922/2483/2696
f 6775/4033/4421 6773/312/4775 6772/387/4422
f 2548/1888/2025 2559/1894/2031 2558/3352/3650
f 317/2197/2366 318/352/386 319/353/387
f 200/1599/2364 192/240/244 193/255/257
f 1521/5034/5518 1520/3137/3466 1518/1957/3465
f 3740/450/482 3781/2514/2733 3739/448/480
f 2792/1413/1517 2791/2055/6056 2790/2048/4424
f 2681/593/626 2694/5500/6057 2693/4036/4426
f 6014/110/110 6022/5501/6058 6021/5502/6059
f 6021/5502/6059 6023/5503/6060 6014/110/110
f 6023/5503/6060 6024/5504/6061 6020/111/111
f 6020/111/111 6014/110/110 6023/5503/6060
f 835/5505/6062 844/5506/6063 837/5507/6064
f 837/5507/6064 836/5508/6065 835/5505/6062
f 836/5508/6065 838/5509/6066 835/5505/6062
f 838/5509/6066 820/5510/5228 817/5511/5225
f 820/5510/5228 819/5512/6067 818/5513/6068
f 819/5512/6067 821/5514/6069 818/5513/6068
f 820/5510/5228 818/5513/6068 817/5511/5225
f 821/5514/6069 823/5515/6070 822/5516/6071
f 823/5515/6070 824/5517/6072 822/5516/6071
f 824/5517/6072 826/5518/6073 825/5519/6074
f 826/5518/6073 827/5520/6075 825/5519/6074
f 827/5520/6075 829/5521/6076 825/5519/6074
f 825/5519/6074 829/5521/6076 828/5522/6077
f 829/5521/6076 845/5523/6078 828/5522/6077
f 845/5523/6078 830/5524/6079 828/5522/6077
f 817/5511/5225 835/5505/6062 838/5509/6066
f 824/5517/6072 825/5519/6074 822/5516/6071
f 822/5516/6071 818/5513/6068 821/5514/6069
f 192/240/244 186/242/246 195/215/217
f 2456/656/697 2455/655/696 2454/4039/4429
f 71/157/157 98/165/167 72/158/158
f 2284/4046/4436 2282/5441/6080 2283/4047/4437
f 2283/4047/4437 2282/5441/6080 2277/4881/5373
f 2282/5441/6080 2276/4879/5371 2277/4881/5373
f 1623/739/780 1624/738/779 1637/4048/4438
f 1553/4052/4443 1539/390/424 1538/389/423
f 3412/5013/5748 3410/4790/5274 3411/832/3434
f 3410/4790/5274 3395/4051/5273 3411/832/3434
f 3394/1306/1406 3393/831/1405 3411/832/3434
f 3394/1306/1406 3411/832/3434 3395/4051/5273
f 238/352/4274 237/3903/4273 235/199/201
f 259/224/329 258/223/322 303/1344/4475
f 1472/5298/6081 1473/1912/2050 1467/1911/2049
f 3846/600/634 3882/2608/2849 3845/2581/2822
f 3682/2189/2359 3691/2478/2686 3696/2514/4451
f 723/2248/2418 722/1419/1523 717/1027/1078
f 2031/4059/781 2021/344/378 2020/346/380
f 1056/5525/6082 1055/5388/5920 1057/4062/4453
f 1055/5388/5920 1059/3581/3899 1057/4062/4453
f 6717/4009/4390 6716/4326/4747 6718/4028/6052
f 2378/1031/1923 2379/4573/5024 2390/817/860
f 3309/287/1638 3310/289/1461 3313/288/1460
f 4254/742/783 4249/4449/4887 4252/2241/2411
f 4577/3128/3401 4578/2915/3172 4581/2202/2371
f 166/327/361 167/206/208 218/2576/6083
f 4594/2917/3174 4595/2927/3187 4591/2926/3186
f 4215/1878/2015 4214/2841/3093 4221/2836/3088
f 4214/2841/3093 4280/2088/2239 4221/2836/3088
f 4280/2088/2239 4281/2822/3077 4287/2829/3084
f 4287/2829/3084 4288/2830/3085 4221/2836/3088
f 4288/2830/3085 4222/2835/3087 4221/2836/3088
f 5513/3773/4457 5512/1019/6084 5511/1662/4458
f 6220/1704/1835 6218/3531/3843 6216/4565/5013
f 6218/3531/3843 6217/1818/1953 6216/4565/5013
f 472/415/447 462/680/721 471/2207/2376
f 472/415/447 474/3886/4253 452/416/448
f 5257/4068/4462 5256/4793/6085 5258/5526/6086
f 5256/4793/6085 5204/4594/5048 5258/5526/6086
f 5204/4594/5048 5279/4593/5047 5258/5526/6086
f 5280/4069/4463 5278/5527/6087 5205/3924/4295
f 5280/4069/4463 5205/3924/4295 5282/5247/6088
f 5257/4068/4462 5258/5526/6086 5280/4069/4463
f 5282/5247/6088 5281/4067/4461 5280/4069/4463
f 436/482/514 461/309/337 433/483/515
f 461/309/337 466/311/339 433/483/515
f 466/311/339 464/477/509 431/491/524
f 1128/1057/1107 1130/1056/1106 1134/4070/4464
f 6697/4023/4406 6698/108/6089 6699/107/4407
f 443/4072/4466 441/4153/4558 448/492/525
f 448/492/525 480/476/508 475/3456/3762
f 480/476/508 474/3886/4253 475/3456/3762
f 1655/2733/1574 1619/2732/2975 1647/5366/5894
f 1619/2732/2975 1614/436/468 1647/5366/5894
f 6005/1339/1440 6003/1338/1439 6012/5423/5967
f 2170/1747/4468 2169/2885/3143 2168/1748/3142
f 1241/2705/2945 1237/2704/2944 1326/4336/6090
f 179/67/67 180/1674/3835 226/1252/1332
f 2940/4077/4474 2932/2393/2575 2930/2395/2577
f 303/1344/4475 258/223/322 264/1343/4476
f 4630/4078/4478 4628/4138/4543 4629/2943/3203
f 174/231/919 221/589/3869 173/588/1695
f 4517/2206/2375 4516/2205/2374 4511/4038/4428
f 4594/2917/3174 4585/749/790 4569/2838/3090
f 4569/2838/3090 4570/2916/3173 4594/2917/3174
f 4570/2916/3173 4593/4988/5470 4594/2917/3174
f 4593/4988/5470 4575/1768/1901 4594/2917/3174
f 4575/1768/1901 4592/4806/5292 4594/2917/3174
f 4592/4806/5292 4611/745/786 4595/2927/3187
f 4611/745/786 4599/1697/1824 4595/2927/3187
f 4599/1697/1824 4596/2340/2516 4595/2927/3187
f 4592/4806/5292 4595/2927/3187 4594/2917/3174
f 3212/833/1837 3211/4821/1837 3214/834/1837
f 2212/1693/4482 2210/1778/1914 2211/1692/1916
f 5211/4083/4485 5212/5528/6091 5214/4084/4486
f 999/4091/4493 971/2247/2417 968/3999/4375
f 971/2247/2417 992/3326/3624 968/3999/4375
f 968/3999/4375 956/4089/4491 999/4091/4493
f 956/4089/4491 960/4764/5244 995/457/489
f 956/4089/4491 995/457/489 1000/4090/4492
f 4864/5529/6092 4863/5530/6093 4867/5531/6094
f 4863/5530/6093 4866/5532/6095 4867/5531/6094
f 4865/5533/6096 4866/5532/6095 4863/5530/6093
f 1084/1009/1063 1064/992/1044 1072/994/1046
f 973/5534/425 972/5535/425 976/4097/425
f 974/5536/425 973/5534/425 975/5537/425
f 976/4097/425 984/5538/425 983/5539/425
f 983/5539/425 982/5540/425 980/5541/425
f 976/4097/425 983/5539/425 985/4095/425
f 980/5541/425 979/5542/425 985/4095/425
f 981/5543/425 985/4095/425 979/5542/425
f 980/5541/425 985/4095/425 983/5539/425
f 986/5544/425 987/4096/425 985/4095/425
f 977/5545/425 987/4096/425 978/5546/425
f 975/5537/425 973/5534/425 977/5545/425
f 973/5534/425 976/4097/425 977/5545/425
f 987/4096/425 977/5545/425 976/4097/425
f 6793/1141/5192 6791/331/4412 6792/1142/5344
f 1620/438/470 1689/5547/6097 1647/5366/5894
f 1689/5547/6097 1690/5367/5895 1647/5366/5894
f 4675/2288/2460 4688/2086/2237 4674/2973/3233
f 4674/2973/3233 4670/1421/1525 4676/1895/2032
f 4675/2288/2460 4674/2973/3233 4676/1895/2032
f 1916/3805/4163 1953/4518/4961 1947/4101/4500
f 4702/2987/3247 4715/3008/3268 4704/3462/3768
f 4704/3462/3768 4703/1950/2090 4702/2987/3247
f 4703/1950/2090 4698/2985/3245 4702/2987/3247
f 113/3521/3831 83/136/136 160/137/137
f 1070/2872/3129 1065/979/1031 1076/981/1033
f 1006/791/834 1005/793/836 1013/1932/2070
f 6066/3627/3953 6141/3629/3955 6067/5548/6098
f 261/67/1648 305/1562/2996 306/4076/5459
f 4983/1478/1577 4984/3116/3389 4986/2344/2520
f 119/4104/4503 114/3959/4330 120/3875/4239
f 432/5124/5613 434/481/513 433/483/515
f 3686/365/399 3671/2504/2719 3688/2532/5438
f 3671/2504/2719 3689/2531/4524 3688/2532/5438
f 3688/2532/5438 3717/4945/5437 3707/3078/4504
f 3719/3157/3431 3685/2004/2151 3708/4105/4505
f 3685/2004/2151 3674/366/400 3708/4105/4505
f 3674/366/400 3686/365/399 3707/3078/4504
f 3686/365/399 3688/2532/5438 3707/3078/4504
f 4257/916/967 4244/918/969 4260/3820/4180
f 3784/2523/4508 3783/2524/6099 3735/460/492
f 5980/5549/6100 5979/3819/4179 5981/5142/5632
f 1143/1076/4509 1134/4070/4464 1147/1061/1113
f 1134/4070/4464 1130/1056/1106 1147/1061/1113
f 1147/1061/1113 1145/572/605 1143/1076/4509
f 1204/1124/1184 1215/4725/5643 1214/1122/1182
f 6192/4113/4515 6183/690/731 6199/1558/1663
f 1939/1550/1655 1958/872/921 1934/933/985
f 3863/2851/3104 3864/193/195 3878/2637/2880
f 3559/4328/4749 3573/2390/2634 3544/2373/2647
f 3573/2390/2634 3560/2391/2636 3544/2373/2647
f 3560/2391/2636 3561/2447/2637 3572/2400/2641
f 3560/2391/2636 3572/2400/2641 3544/2373/2647
f 3562/4327/4748 3559/4328/4749 3594/5068/5556
f 3594/5068/5556 3559/4328/4749 3544/2373/2647
f 6060/4118/4521 6059/5550/6101 6058/4119/4522
f 3673/2499/2713 3706/2498/2712 3689/2531/4524
f 2000/4121/4525 1999/4668/6102 1993/4122/475
f 6257/3717/4052 6264/3716/4051 6262/3907/4278
f 3372/4124/4527 3367/1535/3709 3364/1536/3708
f 5109/5551/6103 5117/5552/6104 5126/3140/4531
f 5126/3140/4531 5125/1559/6105 5124/5553/6106
f 5124/5553/6106 5123/4126/4529 5126/3140/4531
f 5123/4126/4529 5116/5554/6107 5110/4127/4530
f 5110/4127/4530 5109/5551/6103 5126/3140/4531
f 3093/5045/6108 3095/5044/6109 3094/5046/6110
f 3096/5047/6111 3094/5046/6110 3095/5044/6109
f 3796/4714/5580 3795/4134/4539 3759/2379/2756
f 5968/5030/5514 5967/3956/4327 5966/1447/1548
f 4623/4139/4544 4626/5452/6005 4624/2944/3204
f 4626/5452/6005 4625/4978/5460 4624/2944/3204
f 4624/2944/3204 4629/2943/3203 4628/4138/4543
f 4169/2708/2949 4153/2707/2948 4154/2763/3019
f 909/4147/4552 908/5555/6112 911/4148/4553
f 440/398/430 428/3369/3668 441/4153/4558
f 5354/5012/5496 5355/5011/5495 5357/5556/6113
f 2085/5557/6114 2083/1458/1559 2084/1457/1558
f 2498/3063/3326 2497/1097/1153 2502/1851/1990
f 4843/5558/6115 4844/4261/4671 4841/4260/4670
f 7/4155/4560 15/4249/4658 16/2741/2984
f 5438/3293/4562 5437/3291/4562 5436/4157/4563
f 5928/3221/3505 5921/3511/3821 5926/4290/4706
f 4601/747/788 4576/746/787 4573/4159/4564
f 1581/1398/1501 1559/1397/1499 1538/389/423
f 1538/389/423 1526/3672/3999 1527/1390/1491
f 1526/3672/3999 1528/1391/1492 1527/1390/1491
f 6179/3708/4038 6191/4522/4965 6197/4161/4566
f 4367/2865/4570 4366/4816/5302 4356/4165/4571
f 2838/5559/6116 2805/4167/4573 2806/4168/4574
f 2805/4167/4573 2808/2053/2202 2807/2052/2201
f 1766/770/812 1765/5560/6117 1764/4170/4576
f 1765/5560/6117 1785/5561/6118 1787/4169/4575
f 1764/4170/4576 1765/5560/6117 1787/4169/4575
f 1810/1538/1641 1811/5562/6119 1789/1539/1642
f 1811/5562/6119 1809/5563/6120 1788/4171/4577
f 1789/1539/1642 1811/5562/6119 1788/4171/4577
f 5453/753/4584 5440/4177/4583 5442/5564/6121
f 5442/5564/6121 5445/4175/4581 5427/4179/4586
f 5445/4175/4581 5444/4174/4580 5428/4178/4585
f 5453/753/4584 5442/5564/6121 5427/4179/4586
f 5444/4174/4580 5443/5565/6122 5428/4178/4585
f 2118/4180/4587 2125/4955/6123 2124/4181/4588
f 2117/5566/6124 2118/4180/4587 2115/4182/4589
f 2124/4181/4588 2120/4956/6125 2119/4186/6126
f 2124/4181/4588 2121/5567/6127 2122/5568/6128
f 2119/4186/6126 2121/5567/6127 2124/4181/4588
f 2115/4182/4589 2122/5568/6128 2123/4959/6129
f 2122/5568/6128 2115/4182/4589 2124/4181/4588
f 2115/4182/4589 2116/5569/6130 2117/5566/6124
f 1156/1060/1112 1158/3234/3518 1157/1075/4590
f 1870/4202/425 1878/5570/425 1877/5571/425
f 1866/5572/425 1870/4202/425 1867/4185/425
f 1877/5571/425 1876/5573/425 1874/4203/425
f 1874/4203/425 1873/4193/425 1877/5571/425
f 1875/5574/425 1879/4204/425 1873/4193/425
f 1880/5575/425 1881/5576/425 1879/4204/425
f 1879/4204/425 1881/5576/425 1870/4202/425
f 1872/5577/425 1871/4183/425 1867/4185/425
f 1868/4184/425 1871/4183/425 1869/5578/425
f 1867/4185/425 1870/4202/425 1872/5577/425
f 1870/4202/425 1877/5571/425 1879/4204/425
f 1873/4193/425 1879/4204/425 1877/5571/425
f 1881/5576/425 1872/5577/425 1870/4202/425
f 4579/2203/2372 4581/2202/2371 4580/2920/3177
f 1893/4186/1753 1894/4957/1753 1897/1634/1753
f 1897/1634/1753 1894/4957/1753 1896/4958/1753
f 1898/4959/1753 1890/1635/1753 1897/1634/1753
f 1886/4960/1753 1887/4953/1753 1890/1635/1753
f 1890/1635/1753 1887/4953/1753 1892/4952/1753
f 1888/4949/1753 1889/4950/1753 1891/4951/1753
f 1891/4951/1753 1892/4952/1753 1887/4953/1753
f 1888/4949/1753 1891/4951/1753 1887/4953/1753
f 1901/4954/1753 1900/4955/1753 1899/1636/1753
f 1901/4954/1753 1899/1636/1753 1890/1635/1753
f 1899/1636/1753 1895/4956/1753 1893/4186/1753
f 1897/1634/1753 1890/1635/1753 1899/1636/1753
f 1890/1635/1753 1892/4952/1753 1901/4954/1753
f 2424/4187/4591 2427/4690/5158 2428/4188/4592
f 1902/4331/4756 1903/821/3718 1906/8/8
f 5246/4192/4596 5247/5579/6131 5245/4190/4594
f 2054/5580/6132 2052/5581/6133 2051/5582/6134
f 2051/5582/6134 2050/5583/6135 2053/5584/6136
f 2051/5582/6134 2053/5584/6136 2054/5580/6132
f 2053/5584/6136 2059/5570/6137 2058/4195/4599
f 2057/5585/6138 2055/4193/4597 2058/4195/4599
f 2056/5574/6139 2060/4194/4598 2055/4193/4597
f 2060/4194/4598 2054/5580/6132 2053/5584/6136
f 2053/5584/6136 2058/4195/4599 2060/4194/4598
f 5830/4196/4600 5824/1606/1727 5832/4197/4601
f 2757/2006/2154 2760/1974/2153 2756/2002/2149
f 6818/5586/6140 6819/5587/6141 6820/5588/6142
f 6820/5588/6142 6819/5587/6141 6821/4201/4605
f 6819/5587/6141 6824/4199/4603 6821/4201/4605
f 6823/4200/4604 6822/5589/6143 6821/4201/4605
f 4126/1547/1651 4124/1546/1650 4125/5590/5938
f 365/371/405 404/804/847 344/803/846
f 1806/1532/1634 1799/1953/2093 1807/4107/4507
f 2099/5578/425 2098/4184/425 2097/4185/425
f 2097/4185/425 2096/5572/425 2100/4202/425
f 2099/5578/425 2097/4185/425 2101/4183/425
f 2100/4202/425 2108/5570/425 2107/5571/425
f 2100/4202/425 2107/5571/425 2104/4203/425
f 2107/5571/425 2106/5573/425 2104/4203/425
f 2104/4203/425 2103/4193/425 2109/4204/425
f 2109/4204/425 2103/4193/425 2105/5574/425
f 2110/5575/425 2111/5576/425 2109/4204/425
f 2102/5577/425 2101/4183/425 2111/5576/425
f 2111/5576/425 2101/4183/425 2100/4202/425
f 2109/4204/425 2111/5576/425 2100/4202/425
f 2097/4185/425 2100/4202/425 2101/4183/425
f 173/588/1695 220/3553/3868 172/820/866
f 5456/4562/5010 5454/4561/5009 5455/5591/6144
f 2174/1755/3351 2177/4995/6145 2176/1754/4606
f 1597/4205/4607 1598/5592/6146 1569/1480/1579
f 5388/5593/6147 5386/3600/3923 5389/3599/3922
f 5936/4245/4652 5934/798/841 5933/3031/3291
f 2492/763/4613 2491/4808/6148 2494/4211/4614
f 6669/3776/4127 6685/3683/4012 6668/2226/2395
f 6323/2215/2384 6324/4610/5070 6332/1741/1876
f 4201/1880/2017 4219/1879/2016 4223/332/366
f 4263/2791/3048 4197/2815/3070 4223/332/366
f 4197/2815/3070 4201/1880/2017 4223/332/366
f 4267/2824/3079 4263/2791/3048 4290/334/368
f 4290/334/368 4285/2828/3083 4267/2824/3079
f 3200/833/1114 3199/4821/1114 3202/834/1114
f 4325/1542/1645 4322/5594/6149 4323/1543/1646
f 4484/1473/1573 4486/5595/6150 4485/1471/1571
f 662/730/771 672/3787/4146 670/3789/4148
f 1596/5236/5724 1597/4205/4607 1561/1481/1580
f 1084/1009/1063 1091/1007/1061 1090/1718/1848
f 1090/1718/1848 1086/1015/1069 1084/1009/1063
f 1086/1015/1069 1085/609/643 1084/1009/1063
f 1085/609/643 1066/608/642 1064/992/1044
f 1066/608/642 1065/979/1031 1064/992/1044
f 1065/979/1031 1070/2872/3129 1064/992/1044
f 1070/2872/3129 1069/993/1045 1064/992/1044
f 4660/3519/3829 4659/5596/6151 4658/3520/3830
f 2269/4215/4618 2268/5597/6152 2271/4216/4619
f 5637/751/4621 5636/5598/4621 5635/4218/4621
f 1168/3228/3512 1153/3230/3514 1158/3234/3518
f 4188/1120/1180 4186/1119/1179 4184/2802/3057
f 5079/4222/4626 5078/5599/6153 5082/4220/4624
f 5078/5599/6153 5077/5600/6154 5082/4220/4624
f 5077/5600/6154 5081/5601/6155 5083/5602/6156
f 5081/5601/6155 5080/5603/6157 5083/5602/6156
f 5083/5602/6156 5082/4220/4624 5077/5600/6154
f 4653/354/388 4654/356/390 4652/2950/3210
f 6205/1069/1123 6203/4213/4616 6206/1070/1124
f 2447/554/587 2446/4057/4449 2441/1266/1352
f 1142/1038/1089 1141/3279/5022 1139/4223/4627
f 1713/4224/4628 1717/767/808 1718/766/807
f 1011/950/1004 1020/5351/5874 1046/4228/4633
f 5390/5136/5628 5391/5135/5627 5393/5604/5564
f 93/3385/3684 96/2333/2509 95/3241/3527
f 6009/5225/5713 6011/3691/4020 6006/3746/4088
f 2784/4233/4638 2787/1948/2256 2781/1946/3460
f 370/369/403 368/2384/2564 381/2383/2563
f 370/369/403 344/803/846 342/2066/2215
f 3208/833/2234 3207/4821/2234 3210/834/2234
f 150/5605/6158 55/2755/3008 58/439/471
f 5274/5418/6159 5273/4236/4642 5275/639/4641
f 5273/4236/4642 5272/5606/6160 5271/4237/4643
f 916/3439/3745 988/1466/1566 989/4916/5406
f 924/3926/4299 925/3925/4298 1003/5607/6161
f 925/3925/4298 954/3437/3743 1003/5607/6161
f 916/3439/3745 989/4916/5406 1001/4238/4644
f 1002/4239/4645 1003/5607/6161 954/3437/3743
f 916/3439/3745 1001/4238/4644 954/3437/3743
f 3508/4241/4647 3507/962/1016 3482/3226/3510
f 1017/951/1005 1037/4680/5144 1047/4243/4649
f 1129/145/5948 1127/1058/1108 1128/1057/1107
f 1234/2875/4653 1232/633/670 1275/343/377
f 522/4247/4656 527/583/616 562/829/877
f 1201/1116/1176 1195/1086/1141 1229/642/680
f 7/4155/4560 6/2491/2705 14/2493/2707
f 4239/2772/3031 4302/3865/4229 4301/2786/3043
f 6700/4024/4408 6699/107/4407 6691/4007/4388
f 2364/4914/5774 2365/4058/4450 2330/3106/3377
f 2158/4822/5308 2162/4929/6162 2161/1549/6163
f 2162/4929/6162 2152/4851/5974 2151/4850/5976
f 2158/4822/5308 2161/1549/6163 2157/842/889
f 2161/1549/6163 2162/4929/6162 2151/4850/5976
f 5430/4254/4663 5429/5608/6164 5431/3831/4191
f 782/1689/1816 784/4340/4769 787/4256/4665
f 1557/3674/4001 1560/4928/5419 1528/1391/1492
f 355/4263/4673 356/3953/4324 332/4003/4382
f 332/4003/4382 334/4769/5249 333/4262/4672
f 914/4265/4675 995/457/489 965/5609/6165
f 995/457/489 966/459/491 965/5609/6165
f 964/458/490 960/4764/5244 913/4264/4674
f 963/4266/4676 964/458/490 913/4264/4674
f 914/4265/4675 965/5609/6165 963/4266/4676
f 3035/3072/3335 3057/4728/5203 3056/4267/4677
f 4176/337/371 4178/1053/1103 4177/3493/3802
f 4178/1053/1103 4174/2769/3026 4177/3493/3802
f 2950/3578/3896 2949/5122/6166 2946/3579/3897
f 2949/5122/6166 2948/5123/6167 2946/3579/3897
f 4342/2517/2738 4343/1736/1869 4341/2515/2736
f 1422/1318/1418 1432/4877/5369 1431/1317/1417
f 730/705/746 735/711/752 731/710/751
f 6251/4844/5328 6243/1916/2054 6244/1918/2056
f 1783/1910/2047 1777/1527/1628 1782/1534/1636
f 6222/1705/1836 6221/3406/3706 6210/3663/3990
f 6788/4271/4681 6789/2464/2666 6806/4272/4682
f 6756/4199/4685 6751/5610/6168 6753/4201/4683
f 6751/5610/6168 6750/5611/6169 6752/5612/6170
f 6752/5612/6170 6753/4201/4683 6751/5610/6168
f 6753/4201/4683 6754/5589/6171 6755/4200/4684
f 2215/592/625 2203/1319/1825 2188/590/623
f 5618/4275/4688 5620/1431/1532 5647/4273/4686
f 5631/4274/4687 5617/5411/5952 5618/4275/4688
f 1708/1488/5490 1707/1490/6172 1706/1489/5657
f 6314/1568/1674 6305/1652/1770 6315/2214/2383
f 4233/4279/4692 4232/3436/3742 4231/4280/4693
f 5564/3996/4695 5563/1019/6173 5562/3773/4696
f 6738/4282/4698 6721/3937/4311 6722/3938/4312
f 1409/643/4091 1410/1102/1309 1396/1104/1310
f 3113/4285/4701 3112/5297/6174 3114/4283/4699
f 3365/3418/3721 3366/2167/2334 3369/1443/1544
f 3823/2554/2793 3819/2550/2789 3821/2556/2795
f 3819/2550/2789 3820/2552/2791 3821/2556/2795
f 4145/5613/6175 4146/5614/6176 4148/4291/4707
f 4146/5614/6176 4143/4292/4708 4148/4291/4707
f 4143/4292/4708 4144/5615/6177 4151/4293/4709
f 4151/4293/4709 4152/4508/6178 4147/4509/6179
f 4152/4508/6178 4150/5616/6180 4149/5617/6181
f 4147/4509/6179 4152/4508/6178 4149/5617/6181
f 4147/4509/6179 4148/4291/4707 4151/4293/4709
f 3132/5618/6182 3131/4296/4712 3134/4295/4711
f 5922/3517/3827 5921/3511/3821 5923/4303/4719
f 5673/5619/6183 5674/4306/4722 5677/2307/2481
f 5674/4306/4722 5689/5620/6184 5675/4304/4720
f 5677/2307/2481 5674/4306/4722 5672/4305/4721
f 5689/5620/6184 5690/5621/6185 5675/4304/4720
f 2661/1923/2061 2667/1926/2064 2663/4307/4723
f 1617/4310/4726 1650/1462/6186 1673/4308/4724
f 1650/1462/6186 1633/3957/4328 1673/4308/4724
f 1673/4308/4724 1679/3631/3957 1609/4309/4725
f 1714/4225/4629 1716/2444/2631 1715/4311/4727
f 453/417/449 456/500/533 459/501/534
f 2095/2919/3176 2093/2918/3175 2094/4074/4470
f 1364/1116/1321 1386/1117/1325 1387/1115/1331
f 1943/445/4729 1942/5622/6187 1945/4313/4730
f 4530/1091/1147 4532/1093/1149 4531/2895/3154
f 3300/3201/6188 3299/3200/6189 3298/3202/6190
f 3298/3202/6190 3297/5283/6191 3300/3201/6188
f 3300/3201/6188 3297/5283/6191 3296/5282/6192
f 3296/5282/6192 3301/5281/6193 3300/3201/6188
f 3642/113/113 3684/2505/2721 3643/1660/1778
f 3667/2501/2716 3640/1792/2357 3682/2189/2359
f 3658/1780/1917 3667/2501/2716 3682/2189/2359
f 3682/2189/2359 3657/448/2734 3658/1780/1917
f 3657/448/2734 3655/2479/2688 3659/2380/2560
f 3658/1780/1917 3657/448/2734 3659/2380/2560
f 1422/1318/1418 1421/153/153 1444/155/155
f 6276/712/753 6286/714/755 6291/4317/4736
f 1526/3672/3999 1525/388/422 1554/4319/4738
f 5573/4316/4735 5572/5623/6194 5571/4324/4743
f 5572/5623/6194 5575/4322/4741 5571/4324/4743
f 5582/4320/4739 5576/1592/4245 5574/4323/4742
f 5571/4324/4743 5577/1524/4733 5573/4316/4735
f 5575/4322/4741 5582/4320/4739 5574/4323/4742
f 31/3255/3542 33/66/66 32/2258/2428
f 6501/91/91 6508/1804/1940 6498/1806/1942
f 3467/823/871 3473/1237/1298 3472/5624/6195
f 6298/3688/4017 6293/316/344 6287/4318/4737
f 5518/4325/4744 5517/5295/6196 5516/430/4745
f 2931/4392/4827 2942/5403/6197 2941/5625/6198
f 3562/4327/4748 3603/2242/2412 3574/2244/2414
f 1207/1050/1100 1230/1146/1207 1237/2704/2944
f 2704/3654/3978 2707/1970/2110 2705/3653/3977
f 4763/1775/4751 4762/1774/6199 4761/2310/4752
f 2014/1066/1120 2001/4824/5310 2022/852/898
f 1905/4330/4755 1904/4819/5863 1903/821/3718
f 1674/775/2786 1628/4810/5296 1627/3500/3811
f 1802/4921/5412 1801/1954/2094 1758/879/930
f 22/4400/4835 28/77/77 43/82/82
f 1490/4337/4762 1401/1147/1342 1403/2704/4165
f 1325/4337/4763 1326/4336/6090 1237/2704/2944
f 56/57/57 50/60/60 144/58/58
f 3738/2479/2741 3739/448/480 3741/2380/2739
f 3739/448/480 3765/2189/2730 3742/1780/2740
f 3742/1780/2740 3741/2380/2739 3739/448/480
f 3765/2189/2730 3722/1792/1930 3750/2501/2761
f 3560/2391/2636 3610/3420/3723 3561/2447/2637
f 3610/3420/3723 3585/4338/4766 3561/2447/2637
f 3586/3220/6200 3611/3219/6201 3538/3218/4767
f 3585/4338/4766 3586/3220/6200 3538/3218/4767
f 3716/551/584 3665/2500/2714 3687/1782/1919
f 3665/2500/2714 3667/2501/2716 3687/1782/1919
f 3667/2501/2716 3658/1780/1917 3687/1782/1919
f 3694/2495/2709 3690/552/585 3705/956/1010
f 4921/5626/6202 4920/5627/6203 4918/3081/3347
f 4918/3081/3347 4919/3083/3349 4921/5626/6202
f 792/4339/4768 787/4256/4665 784/4340/4769
f 3517/2459/4770 3516/2416/2598 3497/2418/2600
f 3785/367/4772 3758/3479/3789 3757/366/3342
f 3757/366/3342 3770/365/1604 3785/367/4772
f 934/902/953 933/906/957 932/893/944
f 190/254/256 214/202/204 189/200/202
f 214/202/204 215/198/200 189/200/202
f 6544/4443/4879 6565/4442/4880 6564/5628/6204
f 3758/3479/3789 3764/2521/2746 3768/2487/2700
f 3757/366/3342 3758/3479/3789 3769/2004/2568
f 3750/2501/2761 3748/2500/2760 3771/1782/4132
f 3748/2500/2760 3772/2522/2747 3771/1782/4132
f 1614/436/468 1619/2732/2975 1654/3317/3614
f 3766/222/2772 3787/277/4774 3752/1126/1186
f 3747/1127/1187 3752/1126/1186 3746/1595/2765
f 3752/1126/1186 3751/1278/1371 3746/1595/2765
f 3803/5629/2331 3804/5630/2331 3805/5631/2331
f 3805/5631/2331 3806/5632/2331 3803/5629/2331
f 6773/312/4775 6771/314/5167 6768/313/4776
f 4216/2813/3068 4184/2802/3057 4186/1119/1179
f 4030/304/2968 4029/859/1809 4028/2766/4777
f 6745/2465/4779 6746/2466/6205 6748/661/702
f 2869/2348/4780 2863/5633/6206 2864/4345/4781
f 522/4247/4656 574/4248/4657 563/4347/4783
f 1281/1506/1608 1285/3499/3810 1343/4349/4785
f 1341/4599/5053 1279/1220/1280 1342/4350/4786
f 1279/1220/1280 1281/1506/1608 1342/4350/4786
f 114/3959/4330 115/4572/5021 116/4352/4788
f 2686/5348/5867 2681/593/626 2687/3426/3731
f 2681/593/626 2688/595/628 2687/3426/3731
f 629/728/769 633/727/768 628/3359/3657
f 2800/2035/2183 2801/2034/2182 2819/2046/4789
f 3437/2233/6207 3430/2235/5154 3425/2234/5156
f 5667/5634/6208 5666/5635/6208 5668/5636/6208
f 3978/2660/2901 3932/2659/2900 3982/4355/4792
f 3932/2659/2900 3933/2661/2902 3980/4354/4791
f 3933/2661/2902 3981/2663/2904 3980/4354/4791
f 3940/2669/2910 3936/2655/2896 3969/2672/2913
f 2548/1888/2025 2557/2362/2540 2561/1886/2023
f 354/2067/2216 342/2066/2215 344/803/846
f 318/352/386 317/2197/2366 292/182/302
f 318/352/386 292/182/302 295/202/286
f 295/202/286 316/199/283 318/352/386
f 324/2196/2365 291/181/6209 317/2197/2366
f 291/181/6209 292/182/302 317/2197/2366
f 4087/2266/2986 4079/13/13 4081/1667/2959
f 1620/438/470 1647/5366/5894 1614/436/468
f 6029/5637/6210 6027/3372/3671 6028/3371/3670
f 577/1316/1416 528/4912/5402 526/561/594
f 4114/4364/4801 4113/5638/4801 4112/4365/4801
f 6074/3635/3961 6073/3634/3960 6076/5639/6211
f 3953/2574/2813 3952/2686/2927 3954/4368/4803
f 2009/1068/1122 2012/1067/1121 2008/4369/4804
f 2769/1946/2085 2773/1948/2088 2771/4233/4805
f 4237/2788/3045 4236/2415/2597 4174/2769/3026
f 4236/2415/2597 4227/1355/1456 4174/2769/3026
f 480/476/508 463/475/507 474/3886/4253
f 463/475/507 452/416/448 474/3886/4253
f 3479/4373/4809 3518/2431/2616 3481/4374/4810
f 777/4376/4812 771/664/705 770/663/704
f 3406/5112/6212 3387/2360/4813 3404/4377/4815
f 689/4496/4931 662/730/771 687/2318/2492
f 4448/976/1753 4447/2780/1753 4446/4378/1753
f 4355/5640/425 4350/5641/425 4354/5642/425
f 4350/5641/425 4349/4383/425 4354/5642/425
f 4354/5642/425 4349/4383/425 4353/4382/425
f 4349/4383/425 4348/5643/425 4352/4381/425
f 4348/5643/425 4351/5644/425 4352/4381/425
f 293/203/518 294/183/303 291/181/6209
f 294/183/303 292/182/302 291/181/6209
f 4426/4385/4819 4436/5645/6213 4425/799/6214
f 4436/5645/6213 4435/800/6215 4425/799/6214
f 4425/799/6214 4424/2480/4817 4426/4385/4819
f 4331/3440/3746 4345/360/394 4346/3739/4081
f 3490/2442/2629 3492/2317/3413 3489/1681/1806
f 3492/2317/3413 3491/1682/1807 3489/1681/1806
f 263/237/352 266/238/354 262/1674/1796
f 4569/2838/3090 4585/749/790 4586/4389/4823
f 3522/2244/4271 3602/3902/4270 3506/4390/4824
f 3258/5646/6216 3259/5647/6216 3260/5648/6216
f 4323/1543/1646 4324/4618/5078 4341/2515/2736
f 4208/4391/4826 4205/1904/2041 4202/1440/1541
f 2931/4392/4827 2941/5625/6198 2943/4393/4828
f 4596/2340/2516 4608/2341/2517 4606/4394/4829
f 4607/2928/3188 4606/4394/4829 4590/4396/4831
f 2454/4039/4429 2453/3306/3603 2452/4040/4430
f 4421/2827/3082 4434/4384/6217 4420/2825/3080
f 3129/5467/6218 3130/5466/6218 3128/5468/6218
f 4562/3567/3883 4553/5649/6219 4550/2908/3167
f 4553/5649/6219 4552/2905/3164 4550/2908/3167
f 4552/2905/3164 4551/945/997 4550/2908/3167
f 4539/2897/3156 4548/2898/3157 4538/944/996
f 4548/2898/3157 4567/2903/3162 4538/944/996
f 2434/1824/1960 2433/1823/1959 2431/1820/1955
f 2433/1823/1959 2432/1821/1956 2431/1820/1955
f 2431/1820/1955 2435/1827/1963 2434/1824/1960
f 25/80/80 24/81/81 22/4400/4835
f 71/157/157 107/2382/2562 106/3204/3487
f 6601/4008/4389 6603/5650/6220 6605/167/169
f 3477/2398/2580 3504/2397/2579 3478/2399/2581
f 4760/1715/4838 4759/5105/4838 4758/2308/4838
f 1016/1470/1570 1044/947/999 1045/1679/1804
f 721/5651/6221 720/1028/1079 697/874/923
f 70/127/127 64/126/126 69/3314/3611
f 6748/661/702 6740/573/606 6749/575/608
f 481/455/487 479/5652/6222 477/1803/1939
f 479/5652/6222 447/4407/4841 477/1803/1939
f 446/3471/3780 477/1803/1939 447/4407/4841
f 6396/3749/4093 6395/3750/4095 6394/4408/4842
f 1183/821/868 1182/4819/5306 1181/4330/4844
f 3054/36/36 3041/4591/5046 3040/4410/4845
f 1408/1103/1308 1407/76/651 1379/74/650
f 6490/4419/4854 6499/5118/5606 6503/4420/4855
f 5756/5653/6223 5757/5654/6224 5754/4499/4935
f 5757/5654/6224 5755/4500/4936 5754/4499/4935
f 5459/4424/4859 5458/5655/6225 5457/4425/4860
f 4635/2957/3217 4636/2956/3216 4638/2229/2398
f 5157/4427/4862 5156/3173/6226 5155/3172/4863
f 921/4430/4866 914/4265/4675 915/4431/4867
f 1400/3572/3889 1405/3397/4869 1399/633/3132
f 6031/3758/4105 6025/3757/4104 6034/5656/6227
f 6034/5656/6227 6025/3757/4104 6033/4434/4871
f 5771/1583/1688 5773/4479/4918 5769/4436/4873
f 4723/3001/3261 4722/4529/4972 4724/2999/3259
f 3391/5469/6228 3400/4437/4874 3390/4439/4876
f 6522/3207/3490 6517/3934/4307 6518/4771/5252
f 4689/5440/5988 4687/2087/2238 4688/2086/2237
f 3681/2521/4877 3675/3479/4221 3709/2003/2150
f 2201/1770/1904 2187/1300/1906 2188/590/623
f 2187/1300/1906 2220/1348/1449 2186/4440/4878
f 2188/590/623 2187/1300/1906 2186/4440/4878
f 4693/2289/2461 4675/2288/2460 4676/1895/2032
f 5153/5657/6229 5152/5658/6230 5151/4427/6231
f 5151/4427/6231 5154/4428/5727 5153/5657/6229
f 5154/4428/5727 5147/87/4882 5150/4444/4881
f 5147/87/4882 5146/4712/4881 5148/4445/4883
f 5146/4712/4881 5145/5659/6232 5148/4445/4883
f 5145/5659/6232 5149/5660/6233 5148/4445/4883
f 5150/4444/4881 5153/5657/6229 5154/4428/5727
f 516/5661/6234 521/3040/3300 524/5662/6235
f 521/3040/3300 515/3039/3299 524/5662/6235
f 4949/5663/6236 4951/4446/4884 4948/4448/4886
f 4951/4446/4884 4954/5664/6237 4950/4447/4885
f 4948/4448/4886 4947/5665/6238 4949/5663/6236
f 3329/287/306 3328/289/308 3327/1535/2476
f 4255/743/784 4247/1289/1383 4249/4449/4887
f 4418/4450/4888 4417/2869/3123 4416/2865/3122
f 6517/3934/4307 6519/3933/4306 6518/4771/5252
f 2392/1349/4890 2324/1300/1398 2357/2790/3047
f 4791/3515/3825 4789/3775/4126 4796/5666/6239
f 3101/4295/6240 3100/4294/6241 3102/4296/6242
f 3102/4296/6242 3103/5667/6243 3101/4295/6240
f 5053/4457/4896 5072/5668/6244 5055/4458/4897
f 2660/1522/4899 2656/1063/1117 2653/1065/1119
f 1836/4227/4631 1850/4226/4630 1835/3239/3525
f 3576/5088/5574 3580/2423/4947 3579/2243/2413
f 1373/1050/1680 1374/1052/3468 1375/1051/3178
f 2136/5669/6245 2137/5670/6245 2131/5671/6245
f 4658/3520/3830 4659/5596/6151 4661/4460/4900
f 1847/765/806 1848/764/805 1850/4226/4630
f 2204/4035/4425 2208/402/434 2197/576/4519
f 2218/2438/2623 2239/620/2625 2248/1030/1081
f 2208/402/434 2218/2438/2623 2248/1030/1081
f 2208/402/434 2248/1030/1081 2197/576/4519
f 5286/4463/4903 5285/5672/6246 5284/4464/4904
f 5136/975/4906 5129/974/6247 5127/4466/4907
f 5129/974/6247 5128/5673/6248 5127/4466/4907
f 5135/5674/6249 5134/5675/6250 5133/5676/6251
f 5134/5675/6250 5136/975/4906 5130/4467/4908
f 5133/5676/6251 5134/5675/6250 5130/4467/4908
f 5132/5677/6252 5131/5678/6248 5133/5676/6251
f 5131/5678/6248 5135/5674/6249 5133/5676/6251
f 1942/5622/6187 1948/4556/5004 1945/4313/4730
f 5296/4468/2643 5295/5679/2643 5294/4469/2643
f 4708/1952/2092 4698/2985/3245 4703/1950/2090
f 5263/4472/4910 5277/4237/6253 5276/4191/4911
f 5266/4473/4912 5265/4569/6254 5263/4472/4910
f 5265/4569/6254 5264/2881/6255 5263/4472/4910
f 4319/3867/4231 4294/3866/4230 4293/701/742
f 5308/4480/2643 5307/5680/2643 5306/4481/2643
f 2766/1947/2087 2767/1930/2086 2770/1928/4043
f 940/4483/4919 939/5681/6256 932/893/944
f 939/5681/6256 938/5682/6257 932/893/944
f 938/5682/6257 937/894/945 932/893/944
f 932/893/944 933/906/957 940/4483/4919
f 5251/4487/1135 5250/5606/1136 5249/4488/4923
f 4281/2822/3077 4267/2824/3079 4285/2828/3083
f 664/719/760 680/718/759 679/4493/4928
f 1213/74/74 1243/76/76 1242/1103/1159
f 6605/167/169 6604/5683/6258 6602/3878/4242
f 45/65/65 60/5484/6036 57/3963/4334
f 5775/5684/6259 5776/5685/6259 5774/5686/6259
f 4779/2309/6260 4778/4502/4939 4775/1775/4938
f 4778/4502/4939 4780/5687/6261 4776/4501/4937
f 4780/5687/6261 4777/5688/6262 4776/4501/4937
f 6340/4503/4940 6337/5355/5878 6336/2971/4941
f 2417/1777/1912 2416/3719/5771 2414/1488/1589
f 2416/3719/5771 2415/1489/1590 2414/1488/1589
f 2414/1488/1589 2421/5432/5981 2417/1777/1912
f 3730/1401/1504 3731/112/3875 3724/1402/1505
f 2393/2675/3808 2397/2752/3005 2402/2751/3004
f 5525/4506/4944 5524/3185/6263 5523/3284/4945
f 3580/2423/4947 3576/5088/5574 3577/1982/2495
f 4615/2939/3199 4613/2930/3190 4612/2929/3189
f 1395/1146/1341 1373/1050/1680 1403/2704/4165
f 1187/98/869 1185/100/1227 1186/99/867
f 1711/5007/5491 1704/3718/4054 1712/5431/6264
f 2471/5111/5597 2468/1048/1098 2470/3400/3700
f 4160/5615/6177 4159/4292/6265 4167/4293/4950
f 4159/4292/6265 4162/5614/6266 4164/4291/6267
f 4162/5614/6266 4161/5613/6268 4164/4291/6267
f 4163/4509/4951 4165/5617/6269 4168/4508/4949
f 4165/5617/6269 4166/5616/6180 4168/4508/4949
f 4159/4292/6265 4164/4291/6267 4167/4293/4950
f 4164/4291/6267 4163/4509/4951 4167/4293/4950
f 4491/5689/6270 4492/5690/6271 4490/5691/6272
f 4490/5691/6272 4492/5690/6271 4489/4510/4952
f 4493/4511/4953 4494/5692/6273 4495/3190/3470
f 4495/3190/3470 4478/3722/4058 4489/4510/4952
f 4492/5690/6271 4493/4511/4953 4489/4510/4952
f 48/84/84 47/2405/2587 49/4517/4960
f 6191/4522/4965 6184/3659/3986 6198/3658/3985
f 1152/3229/3513 1151/3150/425 1153/3230/3514
f 1151/3150/425 1157/1075/4590 1153/3230/3514
f 4273/4526/4969 4266/3448/3754 4268/2823/3078
f 4273/4526/4969 4268/2823/3078 4270/2209/2378
f 4828/887/938 4826/5049/5537 4827/888/939
f 4715/3008/3268 4717/5353/5876 4722/4529/4972
f 5735/5451/6003 5731/4720/5195 5730/4527/4970
f 5731/4720/5195 5708/4516/4959 5730/4527/4970
f 5730/4527/4970 5772/3891/4259 5735/5451/6003
f 4731/3013/3273 4730/3012/3272 4728/3011/3271
f 4309/2807/3062 4306/2808/3063 4185/2810/3065
f 5648/3814/4174 5649/3815/4175 5655/4531/4974
f 2617/3495/4976 2616/5693/6274 2623/4533/4977
f 4560/1394/1495 4561/2906/3165 4565/809/852
f 6642/4654/5118 6641/2409/2591 6643/2408/2590
f 339/4536/4980 338/5694/6275 335/4535/4979
f 338/5694/6275 336/5695/6276 335/4535/4979
f 336/5695/6276 334/4769/5249 335/4535/4979
f 607/115/115 601/1047/1097 611/116/116
f 5041/936/988 5042/5696/6277 5058/4538/4982
f 5748/5450/6002 5749/3892/4260 5752/2651/2892
f 5752/2651/2892 5712/2650/2891 5713/5447/5999
f 5752/2651/2892 5713/5447/5999 5748/5450/6002
f 3282/2290/2462 3276/2292/2464 3288/4539/4983
f 5611/3591/4984 5610/3589/6278 5609/4540/4985
f 4966/2420/2602 4978/3120/3393 4965/2421/2603
f 753/4543/4988 755/877/927 754/4544/4989
f 5643/753/4992 5626/4548/4994 5628/5697/6279
f 5628/5697/6279 5632/4551/4997 5613/2264/2434
f 5643/753/4992 5628/5697/6279 5613/2264/2434
f 5629/2265/2435 5630/5698/6280 5615/5120/5608
f 5629/2265/2435 5613/2264/2434 5632/4551/4997
f 2461/958/5000 2459/3169/3447 2460/3170/3448
f 4830/5699/6281 4828/887/938 4829/886/937
f 854/646/684 782/1689/1816 856/4555/5003
f 782/1689/1816 791/3943/4316 856/4555/5003
f 790/4554/5002 783/645/683 857/5700/6282
f 783/645/683 855/647/685 857/5700/6282
f 790/4554/5002 857/5700/6282 856/4555/5003
f 1519/3187/3464 1517/5035/5519 1400/3572/3889
f 5846/3422/3726 5844/5701/6283 5843/4559/5007
f 1481/3534/3846 1442/1175/1377 1447/4560/5008
f 21/1733/1866 22/4400/4835 43/82/82
f 1929/3075/3339 1917/3804/4162 1925/3076/3340
f 5807/1361/1464 5816/1248/6284 5815/4568/5016
f 49/4517/4960 20/29/29 18/24/24
f 5241/5702/6285 5243/1858/5019 5242/4569/5018
f 5190/5015/6286 5189/5703/6287 5188/2882/5017
f 5190/5015/6286 5188/2882/5017 5243/1858/5019
f 3660/1296/1393 3654/461/2687 3652/462/2691
f 5958/4250/4659 5956/3552/3867 5957/5704/6288
f 1148/1036/1087 1149/1084/5340 1141/3279/5022
f 5366/5336/5852 5367/5335/5851 5369/5705/6289
f 2385/1030/5023 2334/576/609 2379/4573/5024
f 3246/5706/6290 3247/5707/6291 3249/4577/5028
f 3249/4577/5028 3247/5707/6291 3248/5708/6292
f 3245/5709/6293 3246/5706/6290 3251/4576/5027
f 3251/4576/5027 3246/5706/6290 3249/4577/5028
f 2848/4578/5029 2847/5710/6294 2849/4579/5030
f 5230/4582/5034 5229/5711/6295 5231/4581/5032
f 5229/5711/6295 5228/5712/6296 5231/4581/5032
f 5231/4581/5032 5233/1859/5033 5232/1858/5033
f 269/242/336 278/215/313 268/3568/5036
f 278/215/313 277/1615/2468 268/3568/5036
f 6225/3407/3707 6226/3270/3559 6233/4585/5038
f 76/164/166 75/162/164 78/1285/1379
f 173/588/1695 175/161/917 174/231/919
f 3374/943/995 3373/942/994 3372/4124/4527
f 184/238/240 180/1674/3835 169/558/865
f 180/1674/3835 183/69/69 175/161/917
f 184/238/240 169/558/865 170/559/5305
f 183/69/69 178/68/68 175/161/917
f 169/558/865 180/1674/3835 175/161/917
f 860/4587/5040 859/5713/6297 858/4588/5041
f 2734/1995/2137 2735/5445/5996 2741/1965/2135
f 853/4590/5043 852/5714/6298 851/647/5044
f 3140/5196/6299 3139/5195/6300 3141/5197/6301
f 3142/5198/6302 3140/5196/6299 3141/5197/6301
f 3498/4342/4771 3496/5375/5907 3506/4390/4824
f 493/506/539 494/511/544 488/517/550
f 6159/2100/2252 6160/4805/5291 6162/601/635
f 5205/3924/4295 5278/5527/6087 5279/4593/5047
f 4020/5715/6303 4016/5716/6304 4019/4597/5051
f 4019/4597/5051 4016/5716/6304 4017/4595/5049
f 4266/3448/3754 4273/4526/4969 4272/4600/5054
f 1933/4567/5015 1930/4566/5014 1936/4786/5266
f 5531/5305/6305 5530/523/6306 5527/1020/5057
f 5530/523/6306 5532/525/5058 5527/1020/5057
f 5532/525/5058 5529/1661/6307 5528/1018/5056
f 4298/4602/5059 4297/702/743 4296/4603/5060
f 4481/777/819 4480/4812/5298 4478/3722/4058
f 2328/1484/3378 2361/1482/3574 2362/4823/5793
f 2732/2128/5062 2731/2127/6308 2729/1991/2132
f 2598/4605/5064 2606/5144/5638 2597/5717/6309
f 2596/4606/5065 2607/5718/6310 2599/3941/5063
f 2607/5718/6310 2604/5145/5639 2599/3941/5063
f 2598/4605/5064 2597/5717/6309 2596/4606/5065
f 2604/5145/5639 2600/2490/2704 2599/3941/5063
f 3670/1596/1712 3672/2503/2718 3671/2504/2719
f 267/225/330 268/3568/5036 270/296/320
f 258/223/322 259/224/329 267/225/330
f 4615/2939/3199 4614/2945/3205 4619/2938/3198
f 4614/2945/3205 4625/4978/5460 4619/2938/3198
f 6071/5719/6311 6069/4659/5121 6070/4658/5120
f 5806/520/553 5807/5720/1464 5804/4093/4495
f 4250/2783/3040 4251/2193/2361 4252/2241/2411
f 2816/5721/6312 2815/2058/2207 2814/2057/2206
f 5834/5209/5698 5833/5208/5697 5840/3392/3691
f 2874/4613/5073 2872/5722/6313 2871/4614/5074
f 4323/1543/1646 4322/5594/6149 4321/4617/5077
f 30/1108/1164 31/3255/3542 32/2258/2428
f 2759/2113/5079 2761/5723/6314 2758/2137/5080
f 250/206/2817 249/197/5648 246/207/272
f 2391/2403/5081 2392/1349/4890 2384/1350/4802
f 4048/2266/2436 4049/2712/2953 4050/2267/2437
f 4181/335/369 4242/2561/2800 4246/624/661
f 3035/3072/3335 3033/3074/3337 3034/4622/5086
f 1280/12/12 1287/4474/4913 1288/10/10
f 5982/3817/4177 5986/5724/6315 5978/4115/4517
f 969/4066/4460 930/3899/4267 947/290/314
f 1187/98/869 1183/821/868 1184/8/3914
f 6316/3377/3676 6307/3294/3591 6317/4713/5186
f 35/31/31 37/3154/3428 36/4625/5089
f 32/2258/2428 44/3949/4320 30/1108/1164
f 6224/3595/3918 6229/3594/3917 6230/3268/3557
f 6224/3595/3918 6216/4565/5013 6219/585/618
f 1041/3099/3367 1015/4387/4821 1014/1934/2072
f 1373/1050/1680 1395/1146/1341 1370/1130/1358
f 98/165/167 106/3204/3487 104/177/179
f 106/3204/3487 105/5725/6316 104/177/179
f 6401/2336/2512 6424/3754/4101 6423/3753/4100
f 1383/3188/3467 1373/1050/1680 1372/1131/1360
f 5473/4628/5092 5474/1708/1840 5471/3264/3551
f 3240/4631/2331 3241/5726/2331 3243/4632/2331
f 3241/5726/2331 3242/5727/2331 3243/4632/2331
f 3244/4630/2331 3239/5728/2331 3240/4631/2331
f 439/397/429 429/3370/3669 428/3369/3668
f 419/381/415 441/4153/4558 428/3369/3668
f 2200/577/4623 2198/4117/4520 2197/576/4519
f 1576/1382/1483 1555/4380/4816 1525/388/422
f 4190/625/662 4189/2801/3056 4184/2802/3057
f 6474/5729/6317 6487/1214/1274 6470/1216/1276
f 3457/295/319 3448/5223/5711 3449/3004/3264
f 3449/3004/3264 3446/4627/5091 3457/295/319
f 3446/4627/5091 3467/823/871 3457/295/319
f 3467/823/871 3470/2061/2210 3447/4635/5097
f 3457/295/319 3467/823/871 3459/293/317
f 2408/1385/1514 2407/788/3622 2410/3325/3623
f 3388/4639/5101 3398/4866/6318 3399/4640/5102
f 898/3931/4304 897/3930/4303 899/1813/1949
f 503/534/567 501/531/564 502/4642/5105
f 3269/5730/2331 3270/5731/2331 3268/5732/2331
f 3268/5732/2331 3270/5731/2331 3267/5733/2331
f 3271/5734/2331 3267/5733/2331 3270/5731/2331
f 5793/1758/1894 5783/1112/1171 5792/4644/5107
f 3023/2866/3119 3018/3401/3701 3017/3403/3703
f 290/195/280 249/197/5648 315/196/281
f 5049/4650/5113 5064/5735/6319 5063/3969/4340
f 1197/911/1002 1198/912/1146 1228/1249/2755
f 2325/590/1400 2339/1319/1419 2351/592/4076
f 2610/1579/5115 2609/4534/6320 2608/4652/5116
f 608/4552/4998 615/3482/3792 616/3481/3791
f 6305/1652/1770 6313/1675/1798 6310/3748/4090
f 163/230/918 185/225/227 187/3568/3884
f 187/3568/3884 186/242/246 163/230/918
f 186/242/246 199/241/245 164/243/247
f 6278/315/343 6276/712/753 6287/4318/4737
f 2419/5009/6321 2421/5432/5981 2420/5008/6322
f 2421/5432/5981 2414/1488/1589 2420/5008/6322
f 37/3154/3428 35/31/31 51/2406/2588
f 3780/2879/5123 3727/51/51 3720/50/50
f 4030/304/2968 4031/4344/4778 4057/4661/5125
f 90/4043/4433 89/172/174 80/1589/1694
f 764/4662/3870 761/3885/4251 760/3048/4250
f 889/4121/5129 883/4123/6323 882/4122/3770
f 3454/4669/5131 3468/5736/6324 3452/5737/6325
f 3468/5736/6324 3465/5738/6326 3453/5739/6327
f 3465/5738/6326 3464/5740/6327 3463/5741/6328
f 3465/5738/6326 3463/5741/6328 3453/5739/6327
f 3451/5742/6329 3454/4669/5131 3445/3006/3266
f 3468/5736/6324 3453/5739/6327 3452/5737/6325
f 3445/3006/3266 3466/5743/6330 3451/5742/6329
f 3452/5737/6325 3450/824/872 3454/4669/5131
f 1032/1468/1568 1004/780/823 1034/2311/2483
f 778/1565/1671 788/1567/1673 789/4670/5132
f 4497/3320/3617 4507/1260/1346 4496/45/45
f 4327/1810/1946 4325/1542/1645 4326/362/396
f 5100/4126/5135 5099/5744/5135 5111/4673/5136
f 245/243/273 244/230/232 298/1416/3449
f 3071/2220/2389 3074/5745/6331 3048/4624/5088
f 2259/2676/2917 2256/2675/2916 2260/2752/3015
f 6666/3981/4352 6670/3980/4351 6665/3972/4343
f 3467/823/871 3472/5624/6195 3471/2062/2211
f 6764/106/106 6767/4230/4635 6766/107/107
f 212/203/205 201/204/206 198/213/215
f 4257/916/967 4259/4106/4506 4256/1655/1773
f 4259/4106/4506 4258/5176/5664 4256/1655/1773
f 6693/216/218 6690/4006/4387 6692/217/219
f 5060/3316/3613 5056/2844/3096 5046/2843/3095
f 970/468/500 949/467/499 946/292/316
f 848/4555/5145 847/5700/6332 846/4681/5146
f 30/1108/1164 50/60/60 26/70/70
f 3106/5285/6333 3107/5284/6334 3104/5286/6335
f 3105/5287/6336 3104/5286/6335 3107/5284/6334
f 4964/5746/6337 4940/5747/6338 4941/5748/6339
f 4941/5748/6339 4940/5747/6338 4932/5749/6340
f 4930/5750/6341 4933/5751/6342 4932/5749/6340
f 4931/5752/6343 4930/5750/6341 4932/5749/6340
f 4939/5753/6344 4930/5750/6341 4938/5754/6345
f 4937/5755/6346 4939/5753/6344 4938/5754/6345
f 4933/5751/6342 4941/5748/6339 4932/5749/6340
f 4931/5752/6343 4938/5754/6345 4930/5750/6341
f 435/4770/5251 437/553/586 436/482/514
f 3055/1439/1540 3053/1438/1539 3069/37/37
f 1740/4684/5149 1739/5401/5937 1731/1504/1606
f 1411/1099/1167 1410/1102/1309 1409/643/4091
f 1479/644/1165 1411/1099/1167 1409/643/4091
f 5884/5756/6347 5883/4685/5150 5881/4687/5152
f 4069/2702/2994 4067/2731/2973 4082/2701/2974
f 5719/4421/4856 5717/4423/4858 5718/5757/6348
f 2032/5758/6349 2017/3799/4158 2030/5759/6350
f 2017/3799/4158 2029/3801/4160 2030/5759/6350
f 1650/1462/6186 1635/5464/6017 1633/3957/4328
f 1635/5464/6017 1634/3958/4329 1633/3957/4328
f 621/3480/3790 642/628/665 616/3481/3791
f 5935/797/840 5937/796/839 5938/4252/4661
f 3075/3336/3634 3082/3433/3739 3058/907/958
f 4670/1421/1525 4672/2967/3227 4671/1422/1526
f 1010/3152/3426 1017/951/1005 1011/950/1004
f 3430/2235/5154 3431/3308/6351 3426/3307/5155
f 2430/4689/5157 2429/5760/6352 2428/4188/4592
f 3627/4692/5162 3632/4691/5161 3626/5761/6353
f 3627/4692/5162 3628/5762/6354 3629/5763/6355
f 3629/5763/6355 3630/4693/5163 3627/4692/5162
f 3630/4693/5163 3631/5764/6356 3632/4691/5161
f 281/241/271 269/242/336 245/243/273
f 269/242/336 268/3568/5036 244/230/232
f 268/3568/5036 267/225/330 244/230/232
f 6697/4023/4406 6696/954/4655 6698/108/6089
f 2002/854/900 2003/853/899 2005/4694/4077
f 1088/1014/1068 1089/1012/1066 1097/4343/4773
f 1731/1504/1606 1728/1499/1600 1727/3936/4310
f 4912/1184/1246 4914/1183/1245 4913/4696/5165
f 229/222/224 176/223/225 230/2505/5166
f 1610/1380/1481 1639/5312/5828 1661/1452/1553
f 6771/314/5167 6770/4701/5173 6769/4697/5168
f 6404/3759/4106 6406/3763/4110 6407/465/5169
f 6815/660/5622 6817/575/5633 6816/661/2670
f 3931/2177/2345 3930/725/766 3963/374/408
f 6785/4027/4415 6769/4697/5168 6770/4701/5173
